corpus,target_id,document_id,symbol,is_meeting,stratum,mode,eligible,status,error,candidate_count,graded_count,grounded_count,audit_clear_count,mean_candidate_score,best_score,best_faithfulness,best_quality,best_audit_status,best_question,best_answer,audit_clear_best_score,generation_skip_reason
un,2011/a/res/65/212#13,2011/a/res/65/212,A/RES/65/212,False,resolution,lookup,True,completed,,3,3,3,1,35,35,15,20,repair,"On 21 December 2010, what concern did the General Assembly express in its resolution on migrant protection about organized crime entities profiting from crimes against migrants?","Expresses its concern about the increase in the activities of transnational and national organized crime entities and others who profit from crimes against migrants, especially women and children, without regard for dangerous and inhumane conditions and in flagrant violation of domestic laws and international law and contrary to international standards;",35,
un,2011/a/res/65/212#13,2011/a/res/65/212,A/RES/65/212,False,resolution,practitioner,True,completed,,3,3,3,2,31.666666666666668,35,15,20,clear,What immigration programmes did the General Assembly welcome and what did it encourage States to consider adopting on 21 December 2010?,"Welcomes immigration programmes, adopted by some countries, that allow migrants to integrate fully into the host countries, facilitate family reunification and promote a harmonious, tolerant and respectful environment, and encourages States to consider the possibility of adopting these types of programmes;",35,
un,2011/a/res/65/212#13,2011/a/res/65/212,A/RES/65/212,False,resolution,semantic,True,completed,,2,2,2,2,34,34,14,20,clear,"In the General Assembly's resolution adopted on 21 December 2010, what concerns does it identify about crimes against migrants and impunity?","Emphasizes the importance of protecting persons in vulnerable situations, and in this regard: (a) Expresses its concern about the increase in the activities of transnational and national organized crime entities and others who profit from crimes against migrants, especially women and children, without regard for dangerous and inhumane conditions and in flagrant violation of domestic laws and international law and contrary to international standards; (b) Also expresses its concern about the high level of impunity enjoyed by traffickers and their accomplices as well as other members of organized crime entities and, in this context, the denial of rights and justice to migrants who have suffered from abuse;",34,
un,2006/a/res/61/183#3,2006/a/res/61/183,A/RES/61/183,False,resolution,lookup,True,completed,,3,3,3,1,35.333333333333336,36,15,21,repair,"According to the General Assembly resolution adopted on 20 December 2006 on international cooperation against the world drug problem, what does it urge States and States parties to do regarding the three drug-control conventions?","Urges States that have not done so to consider ratifying or acceding to, and States parties to implement all the provisions of, the Single Convention on Narcotic Drugs of 1961 as amended by the 1972 Protocol, the Convention on Psychotropic Substances of 1971 and the United Nations Convention against Illicit Traffic in Narcotic Drugs and Psychotropic Substances of 1988;",34,
un,2006/a/res/61/183#3,2006/a/res/61/183,A/RES/61/183,False,resolution,practitioner,True,completed,,3,3,3,3,32.333333333333336,34,15,19,minor_issues,"In the General Assembly resolution adopted on 20 December 2006, what balance was reaffirmed for addressing the world drug problem?","Also reaffirms that there shall be a balanced approach between demand reduction and supply reduction, each reinforcing the other, in an integrated approach to solving the drug problem;",34,
un,2006/a/res/61/183#3,2006/a/res/61/183,A/RES/61/183,False,resolution,semantic,True,completed,,3,3,3,3,33.333333333333336,36,15,21,clear,How does the General Assembly resolution adopted on 20 December 2006 frame the relationship between demand reduction and supply reduction?,"Also reaffirms that there shall be a balanced approach between demand reduction and supply reduction, each reinforcing the other, in an integrated approach to solving the drug problem;",36,
un,2013/a/res/67/199#12,2013/a/res/67/199,A/RES/67/199,False,resolution,lookup,True,completed,,3,3,3,0,28.666666666666668,29,15,14,blocking,"In the General Assembly resolution adopted on 21 December 2012, what does it emphasize about debt sustainability and acknowledge about sovereign debt crises?","Also emphasizes that debt sustainability is essential for underpinning growth, underlining in this regard the importance of debt sustainability and effective debt management to the efforts to achieve national development goals, including the Millennium Development Goals, and acknowledges that sovereign debt crises tend to be costly and disruptive, including for employment and productive investments, and tend to be followed by cuts in public spending, including on health and education, affecting, in particular, the poor and vulnerable;",,
un,2013/a/res/67/199#12,2013/a/res/67/199,A/RES/67/199,False,resolution,practitioner,True,completed,,3,3,3,2,29.333333333333332,33,15,18,repair,"In the resolution adopted on 21 December 2012, what is said to be essential for underpinning growth, and what consequences are associated with sovereign debt crises?","Also emphasizes that debt sustainability is essential for underpinning growth, underlining in this regard the importance of debt sustainability and effective debt management to the efforts to achieve national development goals, including the Millennium Development Goals, and acknowledges that sovereign debt crises tend to be costly and disruptive, including for employment and productive investments, and tend to be followed by cuts in public spending, including on health and education, affecting, in particular, the poor and vulnerable;",29,
un,2013/a/res/67/199#12,2013/a/res/67/199,A/RES/67/199,False,resolution,semantic,True,completed,,3,3,3,3,32.666666666666664,34,14,20,minor_issues,"Why does the General Assembly’s 21 December 2012 resolution say that debt sustainability is essential for underpinning growth, and who is especially affected by debt crises?","Also emphasizes that debt sustainability is essential for underpinning growth, underlining in this regard the importance of debt sustainability and effective debt management to the efforts to achieve national development goals, including the Millennium Development Goals, and acknowledges that sovereign debt crises tend to be costly and disruptive, including for employment and productive investments, and tend to be followed by cuts in public spending, including on health and education, affecting, in particular, the poor and vulnerable;",34,
un,2011/a/res/65/263#2,2011/a/res/65/263,A/RES/65/263,False,resolution,lookup,True,completed,,3,3,3,3,32.666666666666664,37,15,22,clear,"In the General Assembly's resolution adopted on 14 January 2011 concerning cooperation with the International Organization of la Francophonie, what report did it consider?",the report of the Secretary-General on the implementation of resolution 63/236,37,
un,2011/a/res/65/263#2,2011/a/res/65/263,A/RES/65/263,False,resolution,practitioner,True,completed,,3,3,3,0,27,30,14,16,repair,What commitment of the International Organization of la Francophonie was noted with satisfaction regarding multilateral cooperation in 2011?,"Noting with satisfaction the commitment of the International Organization of la Francophonie to multilateral cooperation for peace, democratic governance and the rule of law, economic governance and solidarity, the environment, sustainable development, and climate change,",,
un,2011/a/res/65/263#2,2011/a/res/65/263,A/RES/65/263,False,resolution,semantic,True,completed,,3,3,3,0,32.333333333333336,35,15,20,repair,"In the General Assembly resolution adopted on 14 January 2011, what areas did the Francophonie’s multilateral commitment cover?","Noting with satisfaction the commitment of the International Organization of la Francophonie to multilateral cooperation for peace, democratic governance and the rule of law, economic governance and solidarity, the environment, sustainable development, and climate change,",,
un,2013/a/res/68/143#7,2013/a/res/68/143,A/RES/68/143,False,resolution,lookup,True,completed,,3,3,3,2,35.333333333333336,38,15,23,clear,What role does paragraph 12 of the General Assembly’s 2013 resolution on assistance to refugees in Africa assign to early registration and documentation?,"reiterates in this context the central role that early and effective registration and documentation can play, guided by protection considerations, in enhancing protection and supporting efforts to find durable solutions",38,
un,2013/a/res/68/143#7,2013/a/res/68/143,A/RES/68/143,False,resolution,practitioner,True,completed,,3,3,3,2,32,34,15,19,repair,What protection and durable-solutions functions does early and effective registration and documentation serve under the 2013 African refugee-assistance framework?,"reiterates in this context the central role that early and effective registration and documentation can play, guided by protection considerations, in enhancing protection and supporting efforts to find durable solutions",31,
un,2013/a/res/68/143#7,2013/a/res/68/143,A/RES/68/143,False,resolution,semantic,True,completed,,2,2,2,2,30,31,15,16,minor_issues,"For refugees, returnees and displaced persons in Africa, what response is sought from the international community and relevant United Nations actors, including through concrete action to meet the protection and assistance needs?","Calls upon the international community, including States and the Office of the High Commissioner and other relevant United Nations organizations, within their respective mandates, to take concrete action to meet the protection and assistance needs of refugees, returnees and displaced persons and to contribute generously to projects and programmes aimed at alleviating their plight, facilitating durable solutions for refugees and displaced persons and supporting vulnerable local host communities;",31,
un,2014/a/res/68/254#2,2014/a/res/68/254,A/RES/68/254,False,resolution,lookup,True,completed,,3,3,3,1,33.666666666666664,36,13,23,repair,"According to the General Assembly resolution adopted in 2013 on administration of justice at the United Nations, what assessment proposal must the Secretary-General submit for the sixty-ninth session?","Recalls paragraph 20 of the report of the Advisory Committee, and requests the Secretary-General to submit to the General Assembly for consideration at its sixty-ninth session a revised proposal for conducting an interim independent assessment of the system of administration of justice, to be carried out in a cost-efficient manner by independent experts, including experts familiar with internal labour dispute mechanisms;",33,
un,2014/a/res/68/254#2,2014/a/res/68/254,A/RES/68/254,False,resolution,practitioner,True,completed,,3,3,3,2,31.333333333333332,34,15,19,minor_issues,What did the General Assembly request for the sixty-ninth session regarding an interim assessment of the United Nations system of administration of justice?,"Recalls paragraph 20 of the report of the Advisory Committee, and requests the Secretary-General to submit to the General Assembly for consideration at its sixty-ninth session a revised proposal for conducting an interim independent assessment of the system of administration of justice, to be carried out in a cost-efficient manner by independent experts, including experts familiar with internal labour dispute mechanisms;",34,
un,2014/a/res/68/254#2,2014/a/res/68/254,A/RES/68/254,False,resolution,semantic,True,completed,,3,3,3,0,32.333333333333336,35,15,20,repair,What progress did the Assembly acknowledge in the administration-of-justice system regarding its caseload?,"Notes with appreciation the achievements produced since the inception of the system of administration of justice, regarding both the disposal of the backlog and the addressing of new cases;",,
un,2001/a/res/55/114#5,2001/a/res/55/114,A/RES/55/114,False,resolution,lookup,True,completed,,3,3,3,3,34.666666666666664,35,15,20,clear,"In the General Assembly's 2000 resolution on the situation of human rights in the Islamic Republic of Iran, what did it call upon the Government to ensure regarding capital punishment?",To ensure that capital punishment will not be imposed for crimes other than the most serious and will not be pronounced in disregard of the provisions of the International Covenant on Civil and Political Rights2 and United Nations safeguards and to provide the Special Representative with relevant statistics on this matter;,35,
un,2001/a/res/55/114#5,2001/a/res/55/114,A/RES/55/114,False,resolution,practitioner,True,completed,,3,3,3,0,32,33,15,18,blocking,What action did resolution 55/114 request regarding the investigation of suspicious deaths and killings of Iranian intellectuals and political activists?,To accelerate the process of the investigation into the suspicious deaths and killings of intellectuals and political activists and to bring the alleged perpetrators to justice;,,
un,2001/a/res/55/114#5,2001/a/res/55/114,A/RES/55/114,False,resolution,semantic,True,completed,,3,3,3,2,31,33,15,18,minor_issues,What did the General Assembly ask the Islamic Republic of Iran to do regarding capital punishment and international safeguards?,To ensure that capital punishment will not be imposed for crimes other than the most serious and will not be pronounced in disregard of the provisions of the International Covenant on Civil and Political Rights2 and United Nations safeguards and to provide the Special Representative with relevant statistics on this matter;,33,
un,2007/a/res/62/137#12,2007/a/res/62/137,A/RES/62/137,False,resolution,lookup,True,completed,,2,2,2,2,34.5,35,15,20,minor_issues,"According to paragraph 12 of the General Assembly resolution adopted on 18 December 2007 concerning follow-up to the Beijing process, which 2007 and 2008 events were specifically cited in connection with gender perspectives?","including the commemorative high-level plenary meeting devoted to the follow-up to the outcome of the special session of the General Assembly on children in 2007, the thirteenth session of the Conference of the Parties to the United Nations Framework Convention on Climate Change, and the third session of the Conference of the Parties serving as the Meeting of the Parties to the Kyoto Protocol, in Bali, Indonesia, in 2007, the Follow-up International Conference on Financing for Development to Review the Implementation of the Monterey Consensus in Doha in 2008, and the Third High-level Forum on Aid Effectiveness in Accra in 2008;",35,
un,2007/a/res/62/137#12,2007/a/res/62/137,A/RES/62/137,False,resolution,practitioner,True,completed,,2,2,2,2,30.5,31,15,16,minor_issues,"For the 2007–2008 United Nations events, what gender-perspective treatment was urged in preparation, implementation and follow-up?","Urges Governments and all entities of the United Nations system, including United Nations agencies, funds and programmes, and all relevant actors of civil society, to ensure the integration of gender perspectives in the implementation of and follow-up to all United Nations summits, conferences and special sessions and to give attention to gender perspectives in preparation for such events, including the commemorative high-level plenary meeting devoted to the follow-up to the outcome of the special session of the General Assembly on children in 2007, the thirteenth session of the Conference of the Parties to the United Nations Framework Convention on Climate Change, and the third session of the Conference of the Parties serving as the Meeting of the Parties to the Kyoto Protocol, in Bali, Indonesia, in 2007, the Follow-up International Conference on Financing for Development to Review the Implementation of the Monterey Consensus in Doha in 2008, and the Third High-level Forum on Aid Effectiveness in Accra in 2008;",31,
un,2007/a/res/62/137#12,2007/a/res/62/137,A/RES/62/137,False,resolution,semantic,True,completed,,3,3,3,2,34,35,15,20,clear,"In the General Assembly's 18 December 2007 resolution, what was urged for gender perspectives in preparing for and following up United Nations events?","Urges Governments and all entities of the United Nations system, including United Nations agencies, funds and programmes, and all relevant actors of civil society, to ensure the integration of gender perspectives in the implementation of and follow-up to all United Nations summits, conferences and special sessions and to give attention to gender perspectives in preparation for such events, including the commemorative high-level plenary meeting devoted to the follow-up to the outcome of the special session of the General Assembly on children in 2007, the thirteenth session of the Conference of the Parties to the United Nations Framework Convention on Climate Change, and the third session of the Conference of the Parties serving as the Meeting of the Parties to the Kyoto Protocol, in Bali, Indonesia, in 2007, the Follow-up International Conference on Financing for Development to Review the Implementation of the Monterey Consensus in Doha in 2008, and the Third High-level Forum on Aid Effectiveness in Accra in 2008;",35,
un,2005/a/res/60/226#3,2005/a/res/60/226,A/RES/60/226,False,resolution,lookup,True,completed,,2,2,2,0,33,33,14,19,repair,"According to the General Assembly's resolution adopted on 23 December 2005 on transparency in armaments, what was the Secretary-General requested to prepare with experts convened in 2006, and for what decision?","Requests the Secretary-General, with the assistance of a group of governmental experts to be convened in 2006, within available resources, on the basis of equitable geographical representation, to prepare a report on the continuing operation of the Register and its further development, taking into account the work of the Conference on Disarmament, the views expressed by Member States and the reports of the Secretary-General on the continuing operation of the Register and its further development, with a view to taking a decision at its sixty-first session;",,
un,2005/a/res/60/226#3,2005/a/res/60/226,A/RES/60/226,False,resolution,practitioner,True,completed,,2,2,2,0,30.5,32,15,17,repair,What views did the 23 December 2005 resolution recall requesting Member States to provide to the Secretary-General?,Recalls its request to Member States to provide the Secretary-General with their views on the continuing operation of the Register and its further development and on transparency measures related to weapons of mass destruction;,,
un,2005/a/res/60/226#3,2005/a/res/60/226,A/RES/60/226,False,resolution,semantic,True,completed,,2,2,2,2,31.5,32,15,17,minor_issues,What assignment did the General Assembly give the Secretary-General and governmental experts in 2006 to guide a decision at its sixty-first session?,"Requests the Secretary-General, with the assistance of a group of governmental experts to be convened in 2006, within available resources, on the basis of equitable geographical representation, to prepare a report on the continuing operation of the Register and its further development, taking into account the work of the Conference on Disarmament, the views expressed by Member States and the reports of the Secretary-General on the continuing operation of the Register and its further development, with a view to taking a decision at its sixty-first session;",32,
un,2013/a/res/68/18#1,2013/a/res/68/18,A/RES/68/18,False,resolution,lookup,True,completed,,3,3,3,2,34.666666666666664,37,14,23,clear,What exceptional preparatory timing did the General Assembly's 2013 resolution provide Equatorial Guinea before its graduation process?,"Takes note of the endorsement by the Economic and Social Council of the recommendation of the Committee for Development Policy that Equatorial Guinea be graduated from the least developed country category, and decides to provide Equatorial Guinea, on an exceptional basis, with an additional preparatory period of six months before the start of the three-year preparatory period leading to graduation;",37,
un,2013/a/res/68/18#1,2013/a/res/68/18,A/RES/68/18,False,resolution,practitioner,True,completed,,3,3,3,3,32.666666666666664,33,14,19,minor_issues,What preparatory timetable applies to Equatorial Guinea before graduation from the least developed country category?,"Takes note of the endorsement by the Economic and Social Council of the recommendation of the Committee for Development Policy that Equatorial Guinea be graduated from the least developed country category, and decides to provide Equatorial Guinea, on an exceptional basis, with an additional preparatory period of six months before the start of the three-year preparatory period leading to graduation;",33,
un,2013/a/res/68/18#1,2013/a/res/68/18,A/RES/68/18,False,resolution,semantic,True,completed,,3,3,3,2,31.666666666666668,34,14,20,minor_issues,What exceptional preparation period does the resolution provide Vanuatu before the three-year preparatory period leading to graduation?,"Takes note of the endorsement by the Council of the recommendation of the Committee that Vanuatu be graduated from the least developed country category, and decides to provide Vanuatu, on an exceptional basis, with an additional preparatory period of one year before the start of the three-year preparatory period leading to graduation;",34,
un,2001/s/res/1376_2001_#2,2001/s/res/1376_2001_,S/RES/1376(2001),False,resolution,lookup,True,completed,,3,3,3,3,34,36,15,21,clear,What did the Security Council's resolution adopted on 9 November 2001 demand regarding illegal exploitation of the natural resources of the Democratic Republic of the Congo?,"Reiterates its condemnation of all illegal exploitation of the natural resources of the Democratic Republic of the Congo, demands that such exploitation cease and stresses that the natural resources of the Democratic Republic of the Congo should not be exploited to finance the conflict in that country;",36,
un,2001/s/res/1376_2001_#2,2001/s/res/1376_2001_,S/RES/1376(2001),False,resolution,practitioner,True,completed,,3,3,3,0,32,33,15,18,blocking,"On 9 November 2001, how does Resolution 1376 (2001) address illegal exploitation of the DRC’s natural resources?","Reiterates its condemnation of all illegal exploitation of the natural resources of the Democratic Republic of the Congo, demands that such exploitation cease and stresses that the natural resources of the Democratic Republic of the Congo should not be exploited to finance the conflict in that country;",,
un,2001/s/res/1376_2001_#2,2001/s/res/1376_2001_,S/RES/1376(2001),False,resolution,semantic,True,completed,,3,3,3,1,35.666666666666664,36,15,21,repair,"When addressing the DRC’s serious humanitarian situation in its 9 November 2001 resolution, what support did the Security Council seek?","Expresses its serious concern with regard to the humanitarian situation in the DRC and calls on the international community to increase, without delay, its support for humanitarian activities;",35,
un,2008/s/res/1806_2008_#8,2008/s/res/1806_2008_,S/RES/1806(2008),False,resolution,lookup,True,completed,,3,3,3,3,34.333333333333336,38,14,24,clear,"According to the Security Council’s 2008 resolution on Afghanistan, what did it request the Secretary-General to do after the planned Paris conference in June 2008?","requests the Secretary-General to report to the Security Council on its outcome and to include in this report, if necessary, further recommendations concerning UNAMA's mandate",38,
un,2008/s/res/1806_2008_#8,2008/s/res/1806_2008_,S/RES/1806(2008),False,resolution,practitioner,True,completed,,3,3,3,1,32,35,15,20,repair,"Following the 5 February 2008 Tokyo meeting, what conference proposal, hosting offer and reporting follow-up were specified?","Notes with interest the intention, expressed by JCMB members at the Political Directors Meeting on Afghanistan held in Tokyo on 5 February 2008, to prepare an international conference to review progress on the implementation of the Afghanistan Compact, welcomes the offer of France to host such conference in Paris in June 2008, and requests the Secretary-General to report to the Security Council on its outcome and to include in this report, if necessary, further recommendations concerning UNAMA's mandate;",31,
un,2008/s/res/1806_2008_#8,2008/s/res/1806_2008_,S/RES/1806(2008),False,resolution,semantic,True,completed,,3,3,3,3,34.333333333333336,37,15,22,clear,"Following the Political Directors Meeting in Tokyo on 5 February 2008, what does the resolution say about the proposed conference and follow-up reporting?","Notes with interest the intention, expressed by JCMB members at the Political Directors Meeting on Afghanistan held in Tokyo on 5 February 2008, to prepare an international conference to review progress on the implementation of the Afghanistan Compact, welcomes the offer of France to host such conference in Paris in June 2008, and requests the Secretary-General to report to the Security Council on its outcome and to include in this report, if necessary, further recommendations concerning UNAMA's mandate;",37,
un,2003/s/res/1466_2003_#3,2003/s/res/1466_2003_,S/RES/1466(2003),False,resolution,lookup,True,completed,,3,3,3,1,31.666666666666668,34,15,19,repair,What specific flight arrangement did the Security Council’s 2003 resolution call for to facilitate UNMEE’s work and reduce costs?,"including by establishing a direct high-altitude flight route for UNMEE between Asmara and Addis Ababa, which would relieve the unnecessary additional cost to UNMEE",29,
un,2003/s/res/1466_2003_#3,2003/s/res/1466_2003_,S/RES/1466(2003),False,resolution,practitioner,True,completed,,3,3,3,0,32,33,15,18,blocking,How did Resolution 1466 (2003) address incursions across the southern boundary of the Temporary Security Zone and anti-tank mines in that zone?,"Expresses concern regarding recent incidents of incursions across the southern boundary of the Temporary Security Zone and calls on both parties to ensure an immediate end to such incidents and to cooperate fully with UNMEE investigations in this regard, and expresses further concern about the placement by unknown entities of anti-tank mines in the Temporary Security Zone;",,
un,2003/s/res/1466_2003_#3,2003/s/res/1466_2003_,S/RES/1466(2003),False,resolution,semantic,True,completed,,3,3,3,3,34.666666666666664,36,15,21,clear,"In Resolution 1466 (2003), how did the Security Council respond to southern-boundary incursions and anti-tank mines in the Temporary Security Zone?","Expresses concern regarding recent incidents of incursions across the southern boundary of the Temporary Security Zone and calls on both parties to ensure an immediate end to such incidents and to cooperate fully with UNMEE investigations in this regard, and expresses further concern about the placement by unknown entities of anti-tank mines in the Temporary Security Zone;",36,
un,2008/s/res/1845_2008_#3,2008/s/res/1845_2008_,S/RES/1845(2008),False,resolution,lookup,True,completed,,3,3,3,2,31.666666666666668,35,15,20,clear,"According to the Security Council's 2008 resolution on the EU military presence in Bosnia and Herzegovina, what did the 14 May 2007 conclusions reiterate?","Taking note of the conclusions of EU Foreign Ministers and Ministers of Defence at their joint meeting on 14 May 2007, which reiterate that the EU would retain a military presence in the country as long as necessary, in order to continue contributing to the maintenance of a safe and secure environment,",35,
un,2008/s/res/1845_2008_#3,2008/s/res/1845_2008_,S/RES/1845(2008),False,resolution,practitioner,True,completed,,3,3,3,2,33.333333333333336,35,15,20,clear,What role did the EU and NATO recognize EUFOR would have under the military aspects of the Peace Agreement in their 19 November 2004 letters?,in which both organizations recognize that the EUFOR will have the main peace stabilization role under the military aspects of the Peace Agreement,35,
un,2008/s/res/1845_2008_#3,2008/s/res/1845_2008_,S/RES/1845(2008),False,resolution,semantic,True,completed,,3,3,3,2,32.333333333333336,34,14,20,repair,How did the 19 November 2004 EU-NATO letters characterize EUFOR's role under the military aspects of the Peace Agreement?,"Recalling the letters between the European Union and NATO sent to the Security Council on 19 November 2004 on how those organizations will cooperate together in Bosnia and Herzegovina in which both organizations recognize that the EUFOR will have the main peace stabilization role under the military aspects of the Peace Agreement (S/2004/916; S/2004/915),",33,
un,2004/s/res/1565_2004_#11,2004/s/res/1565_2004_,S/RES/1565(2004),False,resolution,lookup,True,completed,,2,2,2,0,27,29,14,15,repair,"According to the Security Council’s resolution adopted on 1 October 2004, the resolution addressing violence against civilians in the Democratic Republic of the Congo, what does it strongly condemn and demand concerning those responsible?","Strongly condemns violence and other violations of international humanitarian law and human rights, in particular those perpetrated against civilians, in the Democratic Republic of the Congo, and demands that all parties and Governments concerned in the region, including the Government of National Unity and Transition, take without delay all necessary steps to bring to justice those responsible for these violations and to ensure respect for human rights and international humanitarian law, as appropriate with relevant international assistance, as well as to guarantee the security and well-being of the civilian population;",,
un,2004/s/res/1565_2004_#11,2004/s/res/1565_2004_,S/RES/1565(2004),False,resolution,practitioner,True,completed,,2,2,2,0,32,33,15,18,blocking,"On 1 October 2004, what cooperation, access, and compliance-reporting duties did Resolution 1565 impose concerning MONUC operations in the Democratic Republic of the Congo?","Demands that all parties cooperate fully with the operations of MONUC and that they ensure the safety of as well as unhindered and immediate access for United Nations and associated personnel in carrying out their mandate, throughout the territory of the Democratic Republic of the Congo, demands in particular that all parties provide full access to MONUC military observers, including in all ports, airports, airfields, military bases and border crossings, and requests the Secretary-General to report without delay any failure to comply with these demands;",,
un,2004/s/res/1565_2004_#11,2004/s/res/1565_2004_,S/RES/1565(2004),False,resolution,semantic,True,completed,,2,2,2,2,32,32,14,18,minor_issues,"In Resolution 1565 (adopted 1 October 2004), what must parties and Governments concerned in the region do to bring to justice those responsible for these violations?","demands that all parties and Governments concerned in the region, including the Government of National Unity and Transition, take without delay all necessary steps to bring to justice those responsible for these violations and to ensure respect for human rights and international humanitarian law, as appropriate with relevant international assistance, as well as to guarantee the security and well-being of the civilian population;",32,
un,2002/a/res/56/188#8,2002/a/res/56/188,A/RES/56/188,False,resolution,lookup,True,completed,,3,3,3,2,32.333333333333336,33,15,18,clear,"According to the 2001 General Assembly resolution on women in development, what laws and reforms does it urge States to design, revise and undertake?","Urges States to design and revise laws that ensure that women are accorded full and equal rights to own land and other property, including through inheritance, and to undertake administrative reforms and other necessary measures to give women the same right as men to credit, capital and appropriate technologies and access to markets and information;",33,
un,2002/a/res/56/188#8,2002/a/res/56/188,A/RES/56/188,False,resolution,practitioner,True,completed,,3,3,3,0,29,32,11,21,blocking,"In the General Assembly’s women-in-development measures for 2002, what should States do to secure women’s full and equal rights to own land and other property?","Urges States to design and revise laws that ensure that women are accorded full and equal rights to own land and other property, including through inheritance, and to undertake administrative reforms and other necessary measures to give women the same right as men to credit, capital and appropriate technologies and access to markets and information;",,
un,2002/a/res/56/188#8,2002/a/res/56/188,A/RES/56/188,False,resolution,semantic,True,completed,,2,2,2,0,32.5,33,15,18,repair,"For women’s economic empowerment, what legal and administrative changes does the resolution urge States to pursue?","Urges States to design and revise laws that ensure that women are accorded full and equal rights to own land and other property, including through inheritance, and to undertake administrative reforms and other necessary measures to give women the same right as men to credit, capital and appropriate technologies and access to markets and information;",,
un,2005/a/res/60/47#0,2005/a/res/60/47,A/RES/60/47,False,resolution,lookup,True,completed,,3,3,3,0,32.666666666666664,33,15,18,repair,"According to the General Assembly's resolution adopted on 8 December 2005 on the question of Antarctica, what did it reaffirm about the management and use of Antarctica?","Reaffirming that the management and use of Antarctica should be conducted in accordance with the purposes and principles of the Charter of the United Nations and in the interest of maintaining international peace and security and of promoting international cooperation for the benefit of mankind as a whole,",,
un,2005/a/res/60/47#0,2005/a/res/60/47,A/RES/60/47,False,resolution,practitioner,True,completed,,3,3,3,3,31.333333333333332,32,15,17,minor_issues,What information was the Secretary-General requested to include in a report recalled by the General Assembly on 8 December 2005?,"the information provided by the Antarctic Treaty Consultative Parties on their consultative meetings, on their activities in Antarctica and on developments in relation to Antarctica",32,
un,2005/a/res/60/47#0,2005/a/res/60/47,A/RES/60/47,False,resolution,semantic,True,completed,,2,2,2,2,33.5,34,15,19,clear,How should the management and use of Antarctica be conducted under the General Assembly’s 8 December 2005 position?,"Reaffirming that the management and use of Antarctica should be conducted in accordance with the purposes and principles of the Charter of the United Nations and in the interest of maintaining international peace and security and of promoting international cooperation for the benefit of mankind as a whole,",34,
un,2011/s/res/1988_2011_#19,2011/s/res/1988_2011_,S/RES/1988(2011),False,resolution,lookup,True,completed,,3,3,3,1,33,34,15,19,clear,"Under the Security Council's 2011 resolution establishing the Taliban sanctions Committee, what periodic reporting duty does the Committee have regarding implementation and noncompliance?","To make periodic reports to the Council on information submitted to the Committee regarding the implementation of the resolution, including regarding noncompliance with the measures imposed by the resolution;",34,
un,2011/s/res/1988_2011_#19,2011/s/res/1988_2011_,S/RES/1988(2011),False,resolution,practitioner,True,completed,,3,3,3,0,33.666666666666664,35,15,20,blocking,"Under the Taliban sanctions regime established by Resolution 1988 (2011), what must the Committee do to maintain and review the List?","(c) To update regularly the List referred to in paragraph 1;
(d) To make accessible on the Committee's website narrative summaries of reasons for listing for all entries on the List;
(e) To review the names on the List;",,
un,2011/s/res/1988_2011_#19,2011/s/res/1988_2011_,S/RES/1988(2011),False,resolution,semantic,True,completed,,3,3,3,2,31.333333333333332,34,15,19,repair,"What procedural safeguards must the Committee ensure for listing, removal, and humanitarian exemptions under resolution 1988 (2011)?",To ensure that fair and clear procedures exist for placing individuals and entities on the List and for removing them as well as for granting humanitarian exemptions;,31,
un,2004/a/res/59/61#0,2004/a/res/59/61,A/RES/59/61,False,resolution,lookup,True,completed,,3,3,3,2,31,33,15,18,minor_issues,"In the General Assembly resolution on developments in information and telecommunications in the context of international security, adopted on 3 December 2004, what did it recall about scientific and technological developments?","Recalling also its resolutions on the role of science and technology in the context of international security, in which, inter alia, it recognized that scientific and technological developments could have both civilian and military applications and that progress in science and technology for civilian applications needed to be maintained and encouraged,",33,
un,2004/a/res/59/61#0,2004/a/res/59/61,A/RES/59/61,False,resolution,practitioner,True,completed,,3,3,3,2,29.666666666666668,32,15,17,minor_issues,What opportunities did the General Assembly affirm on 3 December 2004 from advances in information technologies and telecommunications?,"Affirming that it sees in this process the broadest positive opportunities for the further development of civilization, the expansion of opportunities for cooperation for the common good of all States, the enhancement of the creative potential of humankind and additional improvements in the circulation of information in the global community,",32,
un,2004/a/res/59/61#0,2004/a/res/59/61,A/RES/59/61,False,resolution,semantic,True,completed,,3,3,3,3,30.666666666666668,31,13,18,minor_issues,How did the General Assembly’s 3 December 2004 resolution characterize scientific and technological developments regarding civilian and military applications?,"Recalling also its resolutions on the role of science and technology in the context of international security, in which, inter alia, it recognized that scientific and technological developments could have both civilian and military applications and that progress in science and technology for civilian applications needed to be maintained and encouraged,",31,
un,2013/a/res/67/145#7,2013/a/res/67/145,A/RES/67/145,False,resolution,lookup,True,completed,,3,3,3,3,32.666666666666664,33,15,18,clear,"According to the General Assembly resolution adopted on 20 December 2012 concerning trafficking in women and girls, why are women and girl victims further disadvantaged, and what measures are required?","Acknowledging that women and girl victims of trafficking, on account of their gender, are further disadvantaged and marginalized by a general lack of information on or awareness and recognition of their human rights and by the stigmatization often associated with trafficking, as well as by the obstacles they meet in gaining access to accurate information and recourse mechanisms in cases of violation of their rights, and that special measures are required for their protection and to increase their awareness",33,
un,2013/a/res/67/145#7,2013/a/res/67/145,A/RES/67/145,False,resolution,practitioner,True,completed,,3,3,3,0,32.333333333333336,37,15,22,repair,What did the General Assembly encourage the Commission on the Status of Women to consider at its fifty-seventh session in 2013?,"Encouraging the Commission on the Status of Women at its fiftyseventh session to consider the issue of trafficking in women and girls within the framework of the priority theme for 2013, ""Elimination and prevention of all forms of violence against women and girls"",",,
un,2013/a/res/67/145#7,2013/a/res/67/145,A/RES/67/145,False,resolution,semantic,True,completed,,3,3,3,1,28.666666666666668,34,14,20,clear,"Why are special measures required for women and girl victims of trafficking, according to the 20 December 2012 resolution?","Acknowledging that women and girl victims of trafficking, on account of their gender, are further disadvantaged and marginalized by a general lack of information on or awareness and recognition of their human rights and by the stigmatization often associated with trafficking, as well as by the obstacles they meet in gaining access to accurate information and recourse mechanisms in cases of violation of their rights, and that special measures are required for their protection and to increase their awareness,",34,
un,2003/a/res/58/298#4,2003/a/res/58/298,A/RES/58/298,False,resolution,lookup,True,completed,,3,3,3,2,32.333333333333336,39,15,24,clear,"What did [the General Assembly resolution adopted on 18 June 2004 on the support account for peacekeeping operations] approve as the support account requirements for 1 July 2004 to 30 June 2005, including posts?","Approves the support account requirements in the amount of 121,610,300 United States dollars for the period from 1 July 2004 to 30 June 2005, including 743 continuing and 18 new temporary posts and their related post and non-post requirements;",39,
un,2003/a/res/58/298#4,2003/a/res/58/298,A/RES/58/298,False,resolution,practitioner,True,completed,,3,3,3,1,33,37,15,22,clear,"What support account requirements did the General Assembly approve for 1 July 2004 to 30 June 2005, including how many continuing and new temporary posts?","Approves the support account requirements in the amount of 121,610,300 United States dollars for the period from 1 July 2004 to 30 June 2005, including 743 continuing and 18 new temporary posts and their related post and non-post requirements;",37,
un,2003/a/res/58/298#4,2003/a/res/58/298,A/RES/58/298,False,resolution,semantic,True,completed,,3,3,3,2,32.333333333333336,37,15,22,clear,What support account requirements did the General Assembly approve for peacekeeping operations from 1 July 2004 to 30 June 2005?,"Approves the support account requirements in the amount of 121,610,300 United States dollars for the period from 1 July 2004 to 30 June 2005, including 743 continuing and 18 new temporary posts and their related post and non-post requirements;",37,
un,2003/a/res/57/300#10,2003/a/res/57/300,A/RES/57/300,False,resolution,lookup,True,completed,,3,3,3,3,33.333333333333336,37,15,22,clear,"Under the General Assembly's 2002 resolution on strengthening the United Nations, what condition applied to creating a partnership office?","Decides that the creation of a partnership office as part of the effort to enhance cooperation in the work of the Organization with the private sector, taking into account the outcome of the major United Nations conferences and summits, should be subject to its resolutions 55/215 of 21 December 2000 and 56/76 of 11 December 2001;",37,
un,2003/a/res/57/300#10,2003/a/res/57/300,A/RES/57/300,False,resolution,practitioner,True,completed,,3,3,3,1,31.666666666666668,34,15,19,repair,"For the effort to enhance cooperation with the private sector, what condition governed the creation of a partnership office?","Decides that the creation of a partnership office as part of the effort to enhance cooperation in the work of the Organization with the private sector, taking into account the outcome of the major United Nations conferences and summits, should be subject to its resolutions 55/215 of 21 December 2000 and 56/76 of 11 December 2001;",31,
un,2003/a/res/57/300#10,2003/a/res/57/300,A/RES/57/300,False,resolution,semantic,True,completed,,3,3,3,3,33.666666666666664,34,15,19,minor_issues,"What panel did the Assembly support to review United Nations–civil society relations, and what principles and process would govern its work and recommendations?","Concurs with the intention of the Secretary-General to establish a panel of eminent persons, reflecting a diversity of views, to review the relationship between the United Nations and civil society, stresses that the terms of reference of such a panel should underscore the intergovernmental character of the United Nations, and decides to consider the recommendations of the panel through the respective intergovernmental process;",34,
un,2013/a/res/67/222#6,2013/a/res/67/222,A/RES/67/222,False,resolution,lookup,True,completed,,2,2,2,0,33.5,36,15,21,repair,"In the General Assembly resolution adopted on 21 December 2012 addressing Aid for Trade and export diversification in landlocked developing countries, what does it call upon development partners to implement, and toward what objective?","Calls upon development partners to effectively implement the Aid for Trade initiative, giving adequate consideration to the special needs and requirements of landlocked developing countries, including capacity-building for the formulation of trade policies, participation in trade negotiations and implementation of trade facilitation measures, as well as the diversification of export products through private sector involvement, including the development of small and medium-sized enterprises, with a view to increasing the competitiveness of the products of landlocked developing countries in export markets;",,
un,2013/a/res/67/222#6,2013/a/res/67/222,A/RES/67/222,False,resolution,practitioner,True,completed,,2,2,2,1,32,34,14,20,clear,What does the 21 December 2012 General Assembly text encourage the international community to do to diversify landlocked developing countries’ economic base?,"Recognizes that the economies of many landlocked developing countries are still reliant on a few export commodities, which often have low value addition, and encourages the international community to enhance efforts to support landlocked developing countries in diversifying their economic base, to encourage, on mutually agreed terms, the transfer of technologies related to transit transport systems, including information and communications technology, and to enhance value addition to their exports through the development of their productive capacities;",34,
un,2013/a/res/67/222#6,2013/a/res/67/222,A/RES/67/222,False,resolution,semantic,True,completed,,2,2,2,0,35.5,36,15,21,repair,How does the 21 December 2012 resolution address landlocked developing countries’ reliance on a few export commodities?,"Recognizes that the economies of many landlocked developing countries are still reliant on a few export commodities, which often have low value addition, and encourages the international community to enhance efforts to support landlocked developing countries in diversifying their economic base, to encourage, on mutually agreed terms, the transfer of technologies related to transit transport systems, including information and communications technology, and to enhance value addition to their exports through the development of their productive capacities;",,
un,2003/a/res/57/137#1,2003/a/res/57/137,A/RES/57/137,False,resolution,lookup,True,completed,,3,3,3,0,32.666666666666664,33,15,18,repair,"According to the General Assembly's 2002 resolution on Tokelau, what cooperation and access did New Zealand continue to provide?","Noting with appreciation the continuing exemplary cooperation of New Zealand as the administering Power with regard to the work of the Special Committee relating to Tokelau and its readiness to permit access by United Nations visiting missions to the Territory,",,
un,2003/a/res/57/137#1,2003/a/res/57/137,A/RES/57/137,False,resolution,practitioner,True,completed,,3,3,3,3,33.666666666666664,35,15,20,minor_issues,What did the 30 July 1994 solemn declaration say about New Zealand’s expected help under Tokelau’s special relationship?,"It emphasized the terms of Tokelau's special relationship with New Zealand, including the expectation that the form of help that Tokelau could continue to expect from New Zealand in promoting the well-being of its people, besides its external interests, would be clearly established within the framework of that relationship.",35,
un,2003/a/res/57/137#1,2003/a/res/57/137,A/RES/57/137,False,resolution,semantic,True,completed,,3,3,3,2,32.666666666666664,33,15,18,repair,How did New Zealand support United Nations engagement with Tokelau and the work of the Special Committee?,the continuing exemplary cooperation of New Zealand as the administering Power with regard to the work of the Special Committee relating to Tokelau and its readiness to permit access by United Nations visiting missions to the Territory,33,
un,2014/s/res/2140__2014_#13,2014/s/res/2140__2014_,S/RES/2140(2014),False,resolution,lookup,True,completed,,3,3,3,3,33.666666666666664,36,15,21,clear,"According to the Security Council’s 2014 resolution establishing the Yemen sanctions committee, what reporting schedule did the Committee have to follow?",(e) To report within 60 days to the Security Council on its work and thereafter to report as deemed necessary by the Committee;,36,
un,2014/s/res/2140__2014_#13,2014/s/res/2140__2014_,S/RES/2140(2014),False,resolution,practitioner,True,completed,,3,3,3,3,33.333333333333336,35,15,20,clear,How is the Committee to handle information about alleged violations or non-compliance with the Yemen sanctions measures in 2014?,To examine and take appropriate action on information regarding alleged violations or non-compliance with the measures contained in paragraphs 11 and 15;,35,
un,2014/s/res/2140__2014_#13,2014/s/res/2140__2014_,S/RES/2140(2014),False,resolution,semantic,True,completed,,3,3,3,1,33.666666666666664,35,15,20,repair,"In Resolution 2140 (2014), what information-gathering role does the Yemen sanctions committee have concerning potentially involved individuals and entities?",To seek and review information regarding those individuals and entities who may be engaging in the acts described in paragraph 17 and 18 above;,32,
un,2004/a/c_2/58/sr_24#18,2004/a/c_2/58/sr_24,A/C.2/58/SR.24,True,meeting,lookup,True,completed,,3,3,3,0,27.666666666666668,29,14,15,blocking,What regional and national activities did UNIDO identify under its strategy for smaller countries and LDCs?,"39. Recognizing that regional activities could help smaller countries and LDCs, UNIDO had promoted the establishment of regional calibration centres and regional accreditation authorities.
Under that strategy, it would continue to build the capacities of the countries of Central America, the West African Economic and Monetary Union (WAEMU), the Mekong, the South Africa Development Community (SADC) and the South Asian Association for Regional Cooperation (SAARC).
It would also organize activities in the areas of standards development, conformity assessment and metrology at the national level.",,
un,2004/a/c_2/58/sr_24#18,2004/a/c_2/58/sr_24,A/C.2/58/SR.24,True,meeting,practitioner,True,completed,,3,3,3,1,31,35,14,21,clear,What intersectoral activities did UNIDO's special programmes include to strengthen developing countries' export and market capabilities in 2003?,"Those programmes included a series of intersectoral activities, such as developing competitive manufacturing capacities for products with a high export potential, building the capacity of technical support institutions and associations, upgrading enterprises through technology acquisition, creating an enabling environment through training and the introduction of working methods, and upgrading marketing capabilities.",35,
un,2004/a/c_2/58/sr_24#18,2004/a/c_2/58/sr_24,A/C.2/58/SR.24,True,meeting,semantic,True,completed,,3,3,3,3,30.666666666666668,31,14,17,minor_issues,Why did UNIDO seek to improve developing countries’ supply-side capacities?,"UNIDO had taken that measure, because it believed that developing countries needed to improve their supply-side capacities in order to have an adequate volume and range of goods to sell on global markets, and to meet increasingly stringent conformity requirements.",31,
un,2008/cd/pv_1097#14,2008/cd/pv_1097,CD/PV.1097,True,meeting,lookup,True,completed,,3,3,0,0,24,,,,,,,,
un,2008/cd/pv_1097#14,2008/cd/pv_1097,CD/PV.1097,True,meeting,practitioner,True,completed,,3,3,0,0,28,,,,,,,,
un,2008/cd/pv_1097#14,2008/cd/pv_1097,CD/PV.1097,True,meeting,semantic,True,completed,,3,3,3,1,32.666666666666664,34,14,20,repair,What approach did Ukraine support for breaking the Conference on Disarmament's impasse in 2008?,Ukraine is open to a constructive dialogue aimed at breaking the current impasse and getting the CD back to effective work.,33,
un,2006/a/c_5/60/sr_64#14,2006/a/c_5/60/sr_64,A/C.5/60/SR.64,True,meeting,lookup,True,completed,,3,3,3,0,32.333333333333336,33,15,18,repair,"In the 2006 Fifth Committee meeting record reporting Pakistan’s statement on UNAMA and Afghanistan, what support did Pakistan say UNAMA had provided, and what did it agree?","UNAMA had provided critical support for the implementation of the Bonn Agreement, the convening of the constitutional Loya Jirga, the conduct of provincial and presidential elections and the demobilization and reintegration of soldiers. His delegation agreed that the Mission needed to be strengthened.",,
un,2006/a/c_5/60/sr_64#14,2006/a/c_5/60/sr_64,A/C.5/60/SR.64,True,meeting,practitioner,True,completed,,3,3,3,2,32.666666666666664,33,15,18,repair,"What critical support did Pakistan attribute to UNAMA in 2006, and what did it say about strengthening the Mission?","Mr. Hussain (Pakistan) said that UNAMA had provided critical support for the implementation of the Bonn Agreement, the convening of the constitutional Loya Jirga, the conduct of provincial and presidential elections and the demobilization and reintegration of soldiers.
His delegation agreed that the Mission needed to be strengthened.",33,
un,2006/a/c_5/60/sr_64#14,2006/a/c_5/60/sr_64,A/C.5/60/SR.64,True,meeting,semantic,True,completed,,3,3,3,0,36,37,15,22,repair,"During the Fifth Committee’s 2006 discussion, what achievements did Pakistan cite in support of strengthening UNAMA?","UNAMA had provided critical support for the implementation of the Bonn Agreement, the convening of the constitutional Loya Jirga, the conduct of provincial and presidential elections and the demobilization and reintegration of soldiers. His delegation agreed that the Mission needed to be strengthened.",,
un,2001/cedaw/c/sr_451#4,2001/cedaw/c/sr_451,CEDAW/C/SR.451,True,meeting,lookup,True,completed,,3,3,3,2,33,35,15,20,clear,"On 21 January 2000, what additional information did Ms. Hazelle seek in her summary-record intervention concerning Myanmar's trafficking measures about trafficking in women and children?","She would welcome additional information on the Task Force for Trafficking in Women and Children, set up in August 1998, the incidence of such trafficking, the outcome in particular cases and whether the police were being given training to make them more sensitive to the issue.",35,
un,2001/cedaw/c/sr_451#4,2001/cedaw/c/sr_451,CEDAW/C/SR.451,True,meeting,practitioner,True,completed,,3,3,3,3,32.666666666666664,35,15,20,clear,"At the Committee’s 21 January 2000 review of Myanmar, what additional information was sought about the Task Force for Trafficking in Women and Children?","She would welcome additional information on the Task Force for Trafficking in Women and Children, set up in August 1998, the incidence of such trafficking, the outcome in particular cases and whether the police were being given training to make them more sensitive to the issue.",35,
un,2001/cedaw/c/sr_451#4,2001/cedaw/c/sr_451,CEDAW/C/SR.451,True,meeting,semantic,True,completed,,3,3,3,0,33.333333333333336,35,15,20,repair,"At the 21 January 2000 review, what practical border controls did the Committee ask Myanmar to explain for preventing trafficking?","She wished to know more about any practical measures taken to control trafficking in women along Myanmar's borders with its five neighbours, and, in particular, how the authorities enforced the prohibition on women between the ages of 16 and 25 years crossing the border unless accompanied by a legal guardian, in a situation where so many families were divided.",,
un,2008/a/ac_109/2008/sr_2#1,2008/a/ac_109/2008/sr_2,A/AC.109/2008/SR.2,True,meeting,lookup,True,completed,,3,3,3,0,32.333333333333336,34,15,19,repair,"According to the Special Committee’s 15 April 2008 summary record concerning the Pacific regional seminar, what additional observance would accompany it?","As in the past, the Committee would also celebrate the Week of Solidarity with the Peoples of Non-Self-Governing Territories at the seminar.",,
un,2008/a/ac_109/2008/sr_2#1,2008/a/ac_109/2008/sr_2,A/AC.109/2008/SR.2,True,meeting,practitioner,True,completed,,2,2,2,2,34,34,14,20,clear,"What venue and dates did the Bureau recommend for the Pacific regional seminar, and what did the Committee decide on 15 April 2008?","The Chairman said that the Bureau of the Committee had recommended holding the Pacific regional seminar in Bandung, Indonesia from 14 to 16 May 2008. As in the past, the Committee would also celebrate the Week of Solidarity with the Peoples of Non-Self-Governing Territories at the seminar. If there was no objection, he would take it that the Committee wished to proceed accordingly. It was so decided.",34,
un,2008/a/ac_109/2008/sr_2#1,2008/a/ac_109/2008/sr_2,A/AC.109/2008/SR.2,True,meeting,semantic,True,completed,,2,2,2,2,32,33,14,19,minor_issues,"Which States were designated to represent the Special Committee at the 2008 Pacific seminar, and who would cover their travel costs?","Following consultations with the regional groups, the Bureau, at his recommendation, had agreed ad referendum that the Committee would be represented at the seminar by the Republic of the Congo and Ethiopia, on behalf of the Group of African States; the Syrian Arab Republic and India, on behalf of the Group of Asian States; Cuba and Dominica, on behalf of the Latin American and Caribbean Group of States; and the Russian Federation, on behalf of the Eastern European Group of States. The United Nations would bear the costs of travel for the members of that delegation.",33,
un,2010/ccpr/c/sr_2695#25,2010/ccpr/c/sr_2695,CCPR/C/SR.2695,True,meeting,lookup,True,completed,,2,2,2,0,32,33,15,18,repair,"According to the Human Rights Committee’s 15 March 2010 summary record on revising paragraphs 54 and 57, what did Ms. Keller say about retaining “such as abduction of women and children”?","Ms. Keller said that she endorsed the suggestion to delete paragraph 57 and add a fourth bullet in paragraph 54. However, given that the document was addressed not just to human rights experts, in her view the phrase ""such as abduction of women and children"" should not be deleted. Perhaps it could be included in parentheses, after the word ""servitude"".",,
un,2010/ccpr/c/sr_2695#25,2010/ccpr/c/sr_2695,CCPR/C/SR.2695,True,meeting,practitioner,True,completed,,2,2,2,1,31.5,32,13,19,review,"At the Human Rights Committee’s 15 March 2010 meeting, what did the Chair propose concerning alternative military service and the treatment of the slavery-related guidance?","The Chair said that just a few days earlier, Uzbekistan had referred to alternative military service under article 8.
Therefore, for the purpose of informing States how the issue was to be dealt with, perhaps paragraph 57 should contain a reference to article 18, and the present paragraph 57 should be moved to the section covering article 18.
It appeared that the members of the Committee agreed with that approach, as they did with the new version of paragraph 54.",31,
un,2010/ccpr/c/sr_2695#25,2010/ccpr/c/sr_2695,CCPR/C/SR.2695,True,meeting,semantic,True,completed,,3,3,3,2,29,33,14,19,minor_issues,How did the Chair propose revising paragraph 57 after Uzbekistan referred to alternative military service under article 8?,"The Chair said that just a few days earlier, Uzbekistan had referred to alternative military service under article 8. Therefore, for the purpose of informing States how the issue was to be dealt with, perhaps paragraph 57 should contain a reference to article 18, and the present paragraph 57 should be moved to the section covering article 18.",33,
un,2007/gc_12/c_1/sr_1#10,2007/gc_12/c_1/sr_1,GC.12/C.1/SR.1,True,meeting,lookup,True,completed,,3,3,3,2,33.333333333333336,36,15,21,clear,"At the 4 December 2007 meeting, according to the quoted LDC Ministerial Declaration reproduced in the General Conference Main Committee’s summary record, how were Aid for Trade and the Enhanced Integrated Framework characterized?","The emergence of Aid for Trade, to assist least developed countries in developing their trade-related productive capacity and for meeting other trade-related needs, is a landmark development. The Enhanced Integrated Framework is a promising tool for analysis and identification of needs in the area of trade capacity-building, and for implementation of projects identified.",36,
un,2007/gc_12/c_1/sr_1#10,2007/gc_12/c_1/sr_1,GC.12/C.1/SR.1,True,meeting,practitioner,True,completed,,3,3,3,2,34.333333333333336,36,14,22,clear,"In the LDC Ministerial Declaration adopted in Vienna on 29–30 November 2007, what role was UNIDO asked to play in the Enhanced Integrated Framework?","UNIDO's core mandate is to support industrial development, including in least developed countries.
Aid for Trade and the Enhanced Integrated Framework emphasize development of supply capacity and trade-related infrastructure.
We call upon UNIDO to work closely with countries engaged in the Framework process and, wherever possible, to act as an implementing agency, particularly concentrating in developing industrial capacity and standards and conformity related infrastructure.",36,
un,2007/gc_12/c_1/sr_1#10,2007/gc_12/c_1/sr_1,GC.12/C.1/SR.1,True,meeting,semantic,True,completed,,3,3,3,1,33.666666666666664,36,15,21,clear,"In the 2007 LDC Ministerial Declaration, how are Aid for Trade and the Enhanced Integrated Framework assessed?","The emergence of Aid for Trade, to assist least developed countries in developing their trade-related productive capacity and for meeting other trade-related needs, is a landmark development.
The Enhanced Integrated Framework is a promising tool for analysis and identification of needs in the area of trade capacity-building, and for implementation of projects identified.",36,
un,2006/cedaw/c/sr_724#18,2006/cedaw/c/sr_724,CEDAW/C/SR.724,True,meeting,lookup,True,completed,,3,3,2,2,31,35,15,20,clear,"What maternal mortality rate had Ms. Zou Xiaoqiao heard, and what comments did she invite, in the Committee’s summary record of its 724th meeting on 17 May 2006?","She had heard that the maternal mortality rate was 6 per 1,000 live births. It would be interesting to hear the delegation's comments on that subject.",35,
un,2006/cedaw/c/sr_724#18,2006/cedaw/c/sr_724,CEDAW/C/SR.724,True,meeting,practitioner,True,completed,,3,3,3,3,35,36,15,21,clear,"On 17 May 2006, what clarification did Ms. Zou Xiaoqiao request about women’s land rights and agricultural privatization in Turkmenistan?","Ms. Zou Xiaoqiao said that paragraph 129 of the report indicated neither the conditions that must be satisfied in order for individuals to own or lease land nor whether women and men enjoyed equal rights as lessees.
The State party should indicate what impact the transition from State to private ownership of agricultural land had had on women.",36,
un,2006/cedaw/c/sr_724#18,2006/cedaw/c/sr_724,CEDAW/C/SR.724,True,meeting,semantic,True,completed,,3,3,3,1,32.333333333333336,33,15,18,repair,"On 17 May 2006, what clarification did the Committee seek about women’s land rights during the transition to private ownership?","Ms. Zou Xiaoqiao said that paragraph 129 of the report indicated neither the conditions that must be satisfied in order for individuals to own or lease land nor whether women and men enjoyed equal rights as lessees.
The State party should indicate what impact the transition from State to private ownership of agricultural land had had on women.",32,
un,2005/cd/pv_983#13,2005/cd/pv_983,CD/PV.983,True,meeting,lookup,True,completed,,3,3,3,3,30.666666666666668,31,15,16,minor_issues,"In the 2005 Conference on Disarmament plenary statement by Algeria's representative, Mr. Khelif, why was Ambassador Jazairy unable to participate?","First of all, Mr. President, I would like to apologize on behalf of Ambassador Jazairy, who is unable to take part in this session because of some very urgent lastminute business.",31,
un,2005/cd/pv_983#13,2005/cd/pv_983,CD/PV.983,True,meeting,practitioner,True,completed,,1,1,1,1,33,33,13,20,minor_issues,What did Algeria identify in June 2005 as making the President’s task difficult for the Conference on Disarmament?,Your task is a very difficult one given the present international context and the outcome of the seventh Review Conference which you have described as dismal. This context is very hostile to the disarmament endeavour.,33,
un,2005/cd/pv_983#13,2005/cd/pv_983,CD/PV.983,True,meeting,semantic,True,completed,,2,2,2,2,32.5,35,15,20,minor_issues,"During the 2005 Conference on Disarmament session, why did Algeria regard the President’s task as especially difficult?",Your task is a very difficult one given the present international context and the outcome of the seventh Review Conference which you have described as dismal. This context is very hostile to the disarmament endeavour.,35,
un,1998/gc_7/c_1/sr_5#16,1998/gc_7/c_1/sr_5,GC.7/C.1/SR.5,True,meeting,lookup,True,completed,,3,3,3,1,33.666666666666664,37,15,22,clear,"According to the UNIDO Director of Personnel Services’ 1997 statement on tax reimbursement in a General Conference Committee summary record, what did Staff Regulation 13.1 require for amendments?","Staff Regulation 13.1 specified that the Staff Regulations might “be amended by the General Conference upon recommendation of the Industrial Development Board, without prejudice to the acquired rights of the staff”. So if the Staff Regulations were to be amended, such amendment had to be recommended by the Board and must not prejudice the acquired rights of staff members.",37,
un,1998/gc_7/c_1/sr_5#16,1998/gc_7/c_1/sr_5,GC.7/C.1/SR.5,True,meeting,practitioner,True,completed,,3,3,3,3,32.666666666666664,35,15,20,minor_issues,"Under Staff Regulation 13.1, who could amend the Staff Regulations, through what recommendation, and subject to what protection?","Staff Regulation 13.1 specified that the Staff Regulations might “be amended by the General Conference upon recommendation of the Industrial Development Board, without prejudice to the acquired rights of the staff”. So if the Staff Regulations were to be amended, such amendment had to be recommended by the Board and must not prejudice the acquired rights of staff members.",35,
un,1998/gc_7/c_1/sr_5#16,1998/gc_7/c_1/sr_5,GC.7/C.1/SR.5,True,meeting,semantic,True,completed,,3,3,3,2,31.333333333333332,34,15,19,repair,What formal process and safeguard governed amendment of the Staff Regulations?,"The Staff Regulations were laid down by the Member States by virtue of being adopted by the General Conference. Staff Regulation 13.1 specified that the Staff Regulations might “be amended by the General Conference upon recommendation of the Industrial Development Board, without prejudice to the acquired rights of the staff”. So if the Staff Regulations were to be amended, such amendment had to be recommended by the Board and must not prejudice the acquired rights of staff members.",32,
un,2006/ccw/conf_iii/sr_2#8,2006/ccw/conf_iii/sr_2,CCW/CONF.III/SR.2,True,meeting,lookup,True,completed,,3,3,3,3,31.333333333333332,33,15,18,minor_issues,"According to Japan's statement at the 2006 Third Review Conference, what did Japan urge all States parties to demonstrate concerning a universally applicable compliance mechanism?",Japan urged all States parties to demonstrate the will to compromise and cooperate on a universally applicable mechanism to promote compliance with the Convention and its protocols.,33,
un,2006/ccw/conf_iii/sr_2#8,2006/ccw/conf_iii/sr_2,CCW/CONF.III/SR.2,True,meeting,practitioner,True,completed,,3,3,3,1,32.333333333333336,33,14,19,minor_issues,"During the Third Review Conference, what compliance mechanism did Japan urge States parties to pursue?",Japan urged all States parties to demonstrate the will to compromise and cooperate on a universally applicable mechanism to promote compliance with the Convention and its protocols.,33,
un,2006/ccw/conf_iii/sr_2#8,2006/ccw/conf_iii/sr_2,CCW/CONF.III/SR.2,True,meeting,semantic,True,completed,,3,3,3,3,32.666666666666664,35,15,20,minor_issues,Why did Japan emphasize steady implementation and universalization of the Convention at the Third Review Conference?,"Japan emphasized the importance of promoting the steady implementation and universalization of the Convention, whose merit lay in its ability to respond as the international community's problems evolved.",35,
un,2001/cd/pv_880#1,2001/cd/pv_880,CD/PV.880,True,meeting,lookup,True,completed,,3,3,3,1,33,35,15,20,clear,What did the President’s opening statement at the Conference on Disarmament’s 880th plenary meeting in 2001 ask delegations to do regarding special coordinators’ questionnaires and consultations?,I will take this opportunity to ask delegations to consider the appropriateness of replying to the questionnaires prepared by the special coordinators and I would also ask them to participate as actively as possible in the consultations which are convened in that connection so as to lay the bases necessary for making headway on these matters.,35,
un,2001/cd/pv_880#1,2001/cd/pv_880,CD/PV.880,True,meeting,practitioner,True,completed,,3,3,3,3,33.666666666666664,35,15,20,minor_issues,What did the President ask delegations to do about the special coordinators’ questionnaires and related consultations in 2001?,I will take this opportunity to ask delegations to consider the appropriateness of replying to the questionnaires prepared by the special coordinators and I would also ask them to participate as actively as possible in the consultations which are convened in that connection so as to lay the bases necessary for making headway on these matters.,35,
un,2001/cd/pv_880#1,2001/cd/pv_880,CD/PV.880,True,meeting,semantic,True,completed,,3,3,3,1,35,35,14,21,repair,"During the Conference’s closing weeks in 2001, what institutional role did delegations unanimously seek to preserve despite expected difficulty on substantive issues?","Nonetheless, we have seen unanimous interest in maintaining the Conference on Disarmament, particularly its credibility, and in ensuring that it remains the sole multilateral negotiating forum in the field of disarmament.",35,
un,2010/a/cn_9/sr_917#10,2010/a/cn_9/sr_917,A/CN.9/SR.917,True,meeting,lookup,True,completed,,3,3,3,2,33,34,15,19,minor_issues,"Why did the World Bank consider the United Kingdom’s liability proposals relevant, and what Commission action would assist its legislative work, according to Mr. Mokal’s forty-third-session statement?","In virtually all the jurisdictions in which the World Bank was engaged, the issues touched on by the representative of INSOL International were key. It was essential for legal systems to create incentives for directors and officers to take the right steps at the right time, and the proposals on liability put forward by the United Kingdom were highly relevant. It would assist the World Bank in its own work of suggesting improvements in legislation on liability if the Commission laid down standards on international best practice in that domain.",34,
un,2010/a/cn_9/sr_917#10,2010/a/cn_9/sr_917,A/CN.9/SR.917,True,meeting,practitioner,True,completed,,3,3,3,2,32.666666666666664,36,15,21,clear,"At the Commission’s forty-third session, what reservations did the World Bank express about the Swiss proposal on bank resolutions?","However, the World Bank had reservations about the timing of the proposal, and the appropriateness of the Commission as a forum.",36,
un,2010/a/cn_9/sr_917#10,2010/a/cn_9/sr_917,A/CN.9/SR.917,True,meeting,semantic,True,completed,,2,2,2,0,35,35,15,20,repair,"Why did the World Bank particularly prefer the United Kingdom’s proposals while supporting both, and what Commission contribution would assist its legislative work?","Mr. Mokal (World Bank) said that while the World Bank supported both the United States and United Kingdom proposals, it had a particular preference for the latter in the context of its work in developing and emerging markets. In virtually all the jurisdictions in which the World Bank was engaged, the issues touched on by the representative of INSOL International were key. It was essential for legal systems to create incentives for directors and officers to take the right steps at the right time, and the proposals on liability put forward by the United Kingdom were highly relevant. It would assist the World Bank in its own work of suggesting improvements in legislation on liability if the Commission laid down standards on international best practice in that domain.",,
un,2003/a/58/pv_1#15,2003/a/58/pv_1,A/58/PV.1,True,meeting,lookup,True,completed,,3,3,3,2,31.333333333333332,33,14,19,minor_issues,"During the fifty-eighth session in 2003, in the President of the General Assembly's opening address for Saint Lucia, what did she expect the general-debate pronouncements on Security Council reform to determine?",I expect that the pronouncements made on this issue in the general debate of the fifty-eighth session will determine whether the political will exists to move reform forward.,33,
un,2003/a/58/pv_1#15,2003/a/58/pv_1,A/58/PV.1,True,meeting,practitioner,True,completed,,3,3,3,0,29.333333333333332,31,14,17,blocking,"What position did Saint Lucia express on Security Council reform, and what would determine whether it advances during the fifty-eighth session?","On the issue of Security Council reform, we cannot retreat from taking a decision on this matter. For more than a decade, we have deliberated on this issue and have made very little progress. I expect that the pronouncements made on this issue in the general debate of the fifty-eighth session will determine whether the political will exists to move reform forward.",,
un,2003/a/58/pv_1#15,2003/a/58/pv_1,A/58/PV.1,True,meeting,semantic,True,completed,,3,3,3,1,31.333333333333332,33,14,19,clear,"During the fifty-eighth session, how would the General Assembly’s consideration of the Security Council report feed into the Council’s future deliberations?","The General Assembly will have the opportunity to review these important matters when the report of the Security Council comes before it. As required, I will summarize discussion of the report to inform the future deliberations of the Security Council. I expect that both the report and the summary will reflect the crises and challenges the United Nations faces in the areas of peace and security.",33,
un,2007/cedaw/c/sr_770_b_#18,2007/cedaw/c/sr_770_b_,CEDAW/C/SR(770.B),True,meeting,lookup,True,completed,,3,3,3,3,33.666666666666664,35,15,20,clear,"According to the Colombian delegation's response in the Committee's 25 January 2007 summary record, what measures had been introduced to protect women heads of household?","Affirmative action measures had therefore been introduced to protect such women, including access to credit and to housing subsidies.",35,
un,2007/cedaw/c/sr_770_b_#18,2007/cedaw/c/sr_770_b_,CEDAW/C/SR(770.B),True,meeting,practitioner,True,completed,,3,3,3,2,30.666666666666668,33,12,21,clear,What affirmative-action measures had Colombia introduced by 25 January 2007 for women heads of household living alone?,"The number of women heads of household in Colombia was growing, and they enjoyed special protection under various laws. While 80 per cent of male heads of household had a companion, most female heads of household lived alone, and therefore bore a heavier burden, both in terms of income level and in terms of childcare and household chores. Affirmative action measures had therefore been introduced to protect such women, including access to credit and to housing subsidies.",33,
un,2007/cedaw/c/sr_770_b_#18,2007/cedaw/c/sr_770_b_,CEDAW/C/SR(770.B),True,meeting,semantic,True,completed,,2,2,2,2,35,36,15,21,clear,"During Colombia’s 2007 CEDAW review, why were measures introduced for women heads of household, and what support did they include?","While 80 per cent of male heads of household had a companion, most female heads of household lived alone, and therefore bore a heavier burden, both in terms of income level and in terms of childcare and household chores. Affirmative action measures had therefore been introduced to protect such women, including access to credit and to housing subsidies.",36,
un,2002/a/c_4/57/sr_18#15,2002/a/c_4/57/sr_18,A/C.4/57/SR.18,True,meeting,lookup,True,completed,,3,3,3,0,33.333333333333336,35,15,20,repair,"In the Cuban delegation's 31 October 2002 statement, how did it characterize the Proyecto Varela's alleged support and origins?","The Proyecto Varela supposedly supported by some 11,000 Cubans, was in fact an American-inspired initiative.",,
un,2002/a/c_4/57/sr_18#15,2002/a/c_4/57/sr_18,A/C.4/57/SR.18,True,meeting,practitioner,True,completed,,3,3,3,1,30.666666666666668,33,15,18,repair,"How did the speaker say the Cuban people learned of Proyecto Varela, and what was said about Radio Martí’s coverage of Carter’s Havana speech?","He also recalled that the Cuban people had learnt of the project when Cuban radio and television had broadcast live the speech made by former United States President Carter at the University of Havana, which had not been carried by Radio Martí.",30,
un,2002/a/c_4/57/sr_18#15,2002/a/c_4/57/sr_18,A/C.4/57/SR.18,True,meeting,semantic,True,completed,,3,3,3,0,32,34,15,19,review,How did Cuba characterize Proyecto Varela and describe the constitutional response after its petition in 2002?,"The Proyecto Varela supposedly supported by some 11,000 Cubans, was in fact an American-inspired initiative. Moreover, 8.2 million Cubans had freely decided to ratify their Constitution shortly after the small Proyecto Varela group, sponsored by the United States interests section in Havana, had submitted its petition on constitutional reform, which was currently being reviewed by the appropriate constitutional authorities.",,
un,2007/cedaw/c/sr_778#5,2007/cedaw/c/sr_778,CEDAW/C/SR.778,True,meeting,lookup,True,completed,,3,3,3,2,34.666666666666664,36,15,21,minor_issues,"According to the Sierra Leone delegation's education remarks at the Committee's 17 May 2007 meeting, how were teenage mothers and adults who missed schooling during the 11-year war accommodated?","Teenage mothers were readmitted to school, where they had the opportunity to learn parenting skills along with academic and technical subjects. More opportunities were available for adult students, especially those who had missed the chance to go to school during the 11 years of war.",36,
un,2007/cedaw/c/sr_778#5,2007/cedaw/c/sr_778,CEDAW/C/SR.778,True,meeting,practitioner,True,completed,,3,3,3,2,32.666666666666664,36,15,21,minor_issues,What educational opportunities did Sierra Leone report for teenage mothers and adults who had missed schooling during the 11-year war?,"Teenage mothers were readmitted to school, where they had the opportunity to learn parenting skills along with academic and technical subjects. More opportunities were available for adult students, especially those who had missed the chance to go to school during the 11 years of war.",36,
un,2007/cedaw/c/sr_778#5,2007/cedaw/c/sr_778,CEDAW/C/SR.778,True,meeting,semantic,True,completed,,2,2,2,1,33.5,35,15,20,minor_issues,"What support did Sierra Leone describe for teenage mothers, adults who missed schooling during the 11-year war, and teachers?","Teenage mothers were readmitted to school, where they had the opportunity to learn parenting skills along with academic and technical subjects. More opportunities were available for adult students, especially those who had missed the chance to go to school during the 11 years of war. In-service training for teachers was extensive, as many untrained teachers had entered the field because of the shortage of professional educators.",35,
un,2000/cd/pv_841#11,2000/cd/pv_841,CD/PV.841,True,meeting,lookup,True,completed,,3,3,3,1,31,36,15,21,clear,"On 10 February 2000, according to the United Kingdom representative’s plenary statement to the Conference on Disarmament, what must precede an effective, verifiable global nuclear-weapons ban?","In our view, it remains the case that before there can be an effective and verifiable ban on nuclear weapons globally, there must be confidence that no new fissile material for such weapons can be produced.",36,
un,2000/cd/pv_841#11,2000/cd/pv_841,CD/PV.841,True,meeting,practitioner,True,completed,,2,2,2,1,32,36,14,22,repair,"On 10 February 2000, why did the United Kingdom say an FMCT remained necessary for global nuclear disarmament?","Five years on, that common objective remains unfulfilled. The importance of an FMCT has not diminished in the intervening period. Indeed, events in the closing years of the last century have underlined its necessity.

In our view, it remains the case that before there can be an effective and verifiable ban on nuclear weapons globally, there must be confidence that no new fissile material for such weapons can be produced.

An FMCT would deliver such an assurance, and in so doing, put in place a vital foundation for the achievement of global nuclear disarmament.",28,
un,2000/cd/pv_841#11,2000/cd/pv_841,CD/PV.841,True,meeting,semantic,True,completed,,2,2,2,0,30.5,35,14,21,repair,"In the United Kingdom's 10 February 2000 statement, what was necessary before an effective and verifiable global ban on nuclear weapons?","In our view, it remains the case that before there can be an effective and verifiable ban on nuclear weapons globally, there must be confidence that no new fissile material for such weapons can be produced. An FMCT would deliver such an assurance, and in so doing, put in place a vital foundation for the achievement of global nuclear disarmament.",,
un,1999/cedaw/c/sr_434#16,1999/cedaw/c/sr_434,CEDAW/C/SR.434,True,meeting,lookup,True,completed,,3,3,2,1,31,35,15,20,clear,"In the 15 June 1999 examination of Nepal's initial CEDAW report, what did Ms. Goonesekere ask, according to the Committee's summary record, about a gender management plan?","whether the Government had developed any gender management plan and, if so, how the various institutions would coordinate action under the plan",35,
un,1999/cedaw/c/sr_434#16,1999/cedaw/c/sr_434,CEDAW/C/SR.434,True,meeting,practitioner,True,completed,,3,3,3,2,28.333333333333332,33,13,20,minor_issues,"As of 15 June 1999, what international redress option was identified for Nepalese women after the exhaustion of domestic remedies, and under what condition?","Although no Nepalese woman had yet done so, the option of appealing for international redress under the Optional Protocol to the International Covenant on Civil and Political Rights, after the exhaustion of domestic remedies -- and soon under an Optional Protocol to the Convention -- was a distinct possibility unless the Government acted quickly to remedy the situation of women in the country.",33,
un,1999/cedaw/c/sr_434#16,1999/cedaw/c/sr_434,CEDAW/C/SR.434,True,meeting,semantic,True,completed,,3,3,3,0,31.666666666666668,35,15,20,repair,What international redress might Nepalese women pursue if the Government failed to remedy their situation quickly in June 1999?,"Although no Nepalese woman had yet done so, the option of appealing for international redress under the Optional Protocol to the International Covenant on Civil and Political Rights, after the exhaustion of domestic remedies -- and soon under an Optional Protocol to the Convention -- was a distinct possibility unless the Government acted quickly to remedy the situation of women in the country.",,
un,2009/a/ac_109/2009/sr_7#4,2009/a/ac_109/2009/sr_7,A/AC.109/2009/SR.7,True,meeting,lookup,True,completed,,3,3,3,0,31.333333333333332,34,15,19,review,"According to Mr. Mahiga’s 16 June 2009 statement in the Special Committee’s summary record, what was unacceptable about Western Sahara’s status?","it was unacceptable that, notwithstanding the fact that both the General Assembly and the Security Council had consistently recognized the right to selfdetermination of the Saharawi people, Western Sahara remained the only unresolved case of colonialism in Africa.",,
un,2009/a/ac_109/2009/sr_7#4,2009/a/ac_109/2009/sr_7,A/AC.109/2009/SR.7,True,meeting,practitioner,True,completed,,3,3,3,2,33,36,15,21,minor_issues,"On 16 June 2009, what did the United Republic of Tanzania say about Western Sahara's unresolved colonial status and denial of self-determination?","it was unacceptable that, notwithstanding the fact that both the General Assembly and the Security Council had consistently recognized the right to selfdetermination of the Saharawi people, Western Sahara remained the only unresolved case of colonialism in Africa. Moreover, denial of that right constituted a human rights issue that should be taken up by the relevant organs of the United Nations.",36,
un,2009/a/ac_109/2009/sr_7#4,2009/a/ac_109/2009/sr_7,A/AC.109/2009/SR.7,True,meeting,semantic,True,completed,,3,3,3,1,32.333333333333336,36,15,21,repair,What did Cuba say on 16 June 2009 about Western Sahara’s self-determination struggle and the Committee’s role?,"Mr. Moreno Fernández (Cuba) recalled that the people of Western Sahara had been struggling to exercise their right to self-determination, for more than 40 years. They alone could decide their own future and they should be allowed to do so without interference. Since the conflict in Western Sahara was a question of decolonization the Committee must play a central role in reviewing the issue.",29,
un,2008/s/2008/774#11,2008/s/2008/774,S/2008/774,False,letter,lookup,True,completed,,3,3,3,0,32,34,15,19,repair,"On 11 December 2008, according to the 11 December 2008 letter from Serbia’s Permanent Representative to the United Nations addressed to the Security Council President concerning war-crimes cooperation, how did the four prosecutors’ offices pursue regional cooperation?","It should also be stated that the War Crimes Prosecutor Offices from Serbia, Montenegro, Croatia, and Bosnia and Herzegovina have been maintaining regular contacts and implementing efforts in order to improve regional cooperation. These efforts are based on a formally established means of cooperation through Memoranda of Understanding signed between the Republic of Serbia and the Republic of Croatia, Bosnia and Herzegovina and Montenegro.",,
un,2008/s/2008/774#11,2008/s/2008/774,S/2008/774,False,letter,practitioner,True,completed,,3,3,3,0,34,36,15,21,repair,"What did direct cooperation among the regional prosecutors’ offices include, and what common interest did it reflect in Serbia’s 11 December 2008 report?","Direct form of cooperation between the Regional Prosecutors' Offices, which includes the exchange of evidence, documents and data relevant to the investigation of the war crimes cases, reflects common interest of Serbia, Bosnia and Herzegovina, Croatia and Montenegro for conducting more thorough investigations, identifications and prosecutions of all individuals suspected to be involved in criminal offences against the International humanitarian law.",,
un,2008/s/2008/774#11,2008/s/2008/774,S/2008/774,False,letter,semantic,True,completed,,3,3,3,0,32.333333333333336,34,14,20,repair,"How are the war crimes prosecutor offices of Serbia, Montenegro, Croatia, and Bosnia and Herzegovina improving regional cooperation?","It should also be stated that the War Crimes Prosecutor Offices from Serbia, Montenegro, Croatia, and Bosnia and Herzegovina have been maintaining regular contacts and implementing efforts in order to improve regional cooperation. These efforts are based on a formally established means of cooperation through Memoranda of Understanding signed between the Republic of Serbia and the Republic of Croatia, Bosnia and Herzegovina and Montenegro.",,
un,2012/s/2012/718#7,2012/s/2012/718,S/2012/718,False,letter,lookup,True,completed,,3,3,3,2,30,32,13,19,minor_issues,"In the 17 September 2012 report of the Security Council Working Group on Children and Armed Conflict, what plan was the Government developing to trace children separated from their parents?","In particular, the Government was developing a plan to undertake tracing activities in hospitals, children's homes and police posts through the country;",32,
un,2012/s/2012/718#7,2012/s/2012/718,S/2012/718,False,letter,practitioner,True,completed,,3,3,3,2,31.333333333333332,33,14,19,minor_issues,"In the 17 September 2012 report, what plan was the Government of Sri Lanka developing for tracing separated children?","In particular, the Government was developing a plan to undertake tracing activities in hospitals, children's homes and police posts through the country;",33,
un,2012/s/2012/718#7,2012/s/2012/718,S/2012/718,False,letter,semantic,True,completed,,3,3,3,0,28.333333333333332,31,13,18,review,What progress and unresolved concerns did the 17 September 2012 report identify about separating children from Tamil Makkal Viduthalai Pulikal (TMVP) and Liberation Tigers of Tamil Eelam (LTTE)?,"(b) Progress had been achieved in separating children from Tamil Makkal Viduthalai Pulikal (TMVP) and Liberation Tigers of Tamil Eelam (LTTE) and reintegrating them into society, and in tracing children who had been separated from their parents in the final stages of the conflict.
In particular, the Government was developing a plan to undertake tracing activities in hospitals, children's homes and police posts through the country;
(c) However, additional measures were needed to further such efforts.
Concerns remained regarding the need to establish accountability for the recruitment and use of children by remnants of TMVP.",,
un,1998/s/1998/458#1,1998/s/1998/458,S/1998/458,False,letter,lookup,True,completed,,3,3,3,3,33.666666666666664,36,15,21,minor_issues,"According to the United Kingdom's 2 June 1998 letter transmitting the European Union's statement on Pakistan's nuclear test, what treaty commitments did the European Union reaffirm?","The European Union remains fully committed to the implementation of the Comprehensive Nuclear-Test-Ban Treaty and the Treaty on the Non-Proliferation of Nuclear Weapons, which is the cornerstone of the global nuclear non-proliferation regime and the essential foundation for the pursuit of nuclear disarmament.",36,
un,1998/s/1998/458#1,1998/s/1998/458,S/1998/458,False,letter,practitioner,True,completed,,3,3,3,0,34,36,15,21,repair,"In its 2 June 1998 response, what does the European Union urge Pakistan and other States in the region to refrain from?","We urge Pakistan, along with other States in the region, to refrain from further tests and the deployment of nuclear weapons or ballistic missiles.",,
un,1998/s/1998/458#1,1998/s/1998/458,S/1998/458,False,letter,semantic,True,completed,,3,3,3,2,29.666666666666668,31,15,16,minor_issues,What further conduct did the European Union urge Pakistan and other States in the region to avoid amid concerns about nuclear and missile proliferation?,"We urge Pakistan, along with other States in the region, to refrain from further tests and the deployment of nuclear weapons or ballistic missiles.",31,
un,2004/s/2004/505#15,2004/s/2004/505,S/2004/505,False,letter,lookup,True,completed,,3,3,3,0,32.333333333333336,37,15,22,repair,"In the 18 June 2004 German assessment, who spoke as guests at the 15 April 2004 Council meeting on business’s role in conflict prevention?","Guests speakers in the public meeting were the Secretary-General Kofi Annan, the World Bank President, the President and CEO of Siemens, Heinrich von Pierer, the President of the Economic and Social Council, Ambassador Marjatta Rasi, and the Chairman of the Advisory Groups of the Economic and Social Council for African countries emerging from conflict, Ambassador Dumisani Shadrak Kumalo.",,
un,2004/s/2004/505#15,2004/s/2004/505,S/2004/505,False,letter,practitioner,True,completed,,3,3,3,2,34,35,14,21,minor_issues,"Following the Council’s 28 April 2004 adoption of resolution 1540, what report were all Member States to submit within six months?","38. Under the terms of the resolution, all Member States are to submit, within the next six months, a first report on steps they have taken or intend to take to implement it.",35,
un,2004/s/2004/505#15,2004/s/2004/505,S/2004/505,False,letter,semantic,True,completed,,3,3,2,0,30,33,15,18,repair,What implementation reporting requirement did the resolution impose on all Member States in April 2004?,"Under the terms of the resolution, all Member States are to submit, within the next six months, a first report on steps they have taken or intend to take to implement it.",,
un,2004/s/2004/674#6,2004/s/2004/674,S/2004/674,False,letter,lookup,True,completed,,3,3,3,0,33.333333333333336,35,15,20,review,"In the 18 August 2004 League of Arab States Darfur declaration transmitted to the Security Council, which joint communiqué and action plan did it welcome?","Welcoming the joint communiqué issued on 3 July 2004 by the Government of the Sudan and the Secretary-General of the United Nations, including the establishment of a Joint Implementation Mechanism for the undertakings and commitments contained in the communiqué, and the Darfur Plan of Action signed on 5 August 2004 by the Minister for Foreign Affairs of the Sudan and the Special Representative of the Secretary-General of the United Nations to the Sudan,",,
un,2004/s/2004/674#6,2004/s/2004/674,S/2004/674,False,letter,practitioner,True,completed,,3,3,0,0,26.666666666666668,,,,,,,,
un,2004/s/2004/674#6,2004/s/2004/674,S/2004/674,False,letter,semantic,True,completed,,3,3,3,2,30,34,15,19,minor_issues,"What position did the League reaffirm on Sudan’s sovereignty, territorial integrity and independence, and what did it call on all States to do?","Reaffirming its commitment to respect, and ensure respect for, the sovereignty, territorial integrity and independence of the Sudan, and calling on all States actively to affirm that commitment,",34,
eurlex,http://data.europa.eu/eli/dir/2010/42/art_2/oj,32010L0042,32010L0042,False,no_refs,fact_pattern,True,no_candidates,,0,0,0,0,,,,,,,,,"The article contains only excluded transposition, communication, application, and publication-reference boilerplate."
eurlex,http://data.europa.eu/eli/dir/2010/42/art_2/oj,32010L0042,32010L0042,False,no_refs,lookup,True,no_candidates,,0,0,0,0,,,,,,,,,"The article contains only excluded transposition, communication, application-date and publication-reference boilerplate."
eurlex,http://data.europa.eu/eli/reg/2014/910/art_41/oj,32014R0910,32014R0910,False,no_refs,fact_pattern,True,completed,,3,3,3,0,32.333333333333336,33,15,18,repair,What presumption does a qualified electronic time stamp provide concerning the indicated date and time and the integrity of the bound data?,A qualified electronic time stamp shall enjoy the presumption of the accuracy of the date and the time it indicates and the integrity of the data to which the date and time are bound.,,
eurlex,http://data.europa.eu/eli/reg/2014/910/art_41/oj,32014R0910,32014R0910,False,no_refs,lookup,True,completed,,3,3,3,0,34.666666666666664,38,15,23,review,How is a qualified electronic time stamp issued in one Member State treated in all other Member States?,A qualified electronic time stamp issued in one Member State shall be recognised as a qualified electronic time stamp in all Member States.,,
eurlex,http://data.europa.eu/eli/reg/2011/1043/art_1/oj,32011R1043,32011R1043,False,no_refs,fact_pattern,True,completed,,3,3,3,3,33.666666666666664,34,14,20,minor_issues,"Does the provisional anti-dumping duty apply to an import of oxalic acid in anhydrous form, in aqueous solution, originating in India and falling within CN code ex29171100?","A provisional anti-dumping duty is hereby imposed on imports of oxalic acid, whether in dihydrate (CUS number 0028635-1 and CAS number 6153-56-6) or anhydrous form (CUS number 0021238-4 and CAS number 144-62-7) and whether or not in aqueous solution, currently falling within CN code ex29171100 (TARIC code 2917110091) and originating in the People’s Republic of China and India.",34,
eurlex,http://data.europa.eu/eli/reg/2011/1043/art_1/oj,32011R1043,32011R1043,False,no_refs,lookup,True,completed,,3,3,3,0,35.666666666666664,36,15,21,repair,What provisional anti-dumping duty rate applies to oxalic acid manufactured by Punjab Chemicals and Crop Protection Limited under the regime for imports of oxalic acid originating in the People’s Republic of China and India?,"22,8",,
eurlex,http://data.europa.eu/eli/dir/2011/81/art_2/oj,32011L0081,32011L0081,False,no_refs,fact_pattern,True,no_candidates,,0,0,0,0,,,,,,,,,"The article contains only excluded transposition, application, publication-reference and communication provisions."
eurlex,http://data.europa.eu/eli/dir/2011/81/art_2/oj,32011L0081,32011L0081,False,no_refs,lookup,True,completed,,1,1,1,1,33,33,15,18,minor_issues,What must Member States communicate to the Commission concerning national measures for deltamethrin as an active substance?,the text of the main provisions of national law which they adopt in the field covered by this Directive,33,
eurlex,http://data.europa.eu/eli/dir/2006/28/art_3/oj,32006L0028,32006L0028,False,no_refs,fact_pattern,True,no_candidates,,0,0,0,0,,,,,,,,,"The article contains only transposition, publication, communication and application provisions, which are excluded as boilerplate under the instructions."
eurlex,http://data.europa.eu/eli/dir/2006/28/art_3/oj,32006L0028,32006L0028,False,no_refs,lookup,True,no_candidates,,0,0,0,0,,,,,,,,,"The article contains only excluded transposition, application, publication-reference and communication boilerplate."
eurlex,http://data.europa.eu/eli/reg/2011/1077/art_14/oj,32011R1077,32011R1077,False,no_refs,fact_pattern,True,completed,,3,3,3,0,32.333333333333336,33,15,18,blocking,From which members may the Chairperson and deputy Chairperson of the Management Board of the Agency managing large-scale IT systems be elected?,"The Chairperson and the deputy Chairperson shall be elected only from among those members of the Management Board who are appointed by Member States which are fully bound under Union law by the legislative instruments governing the development, establishment, operation and use of all large-scale IT systems managed by the Agency.",,
eurlex,http://data.europa.eu/eli/reg/2011/1077/art_14/oj,32011R1077,32011R1077,False,no_refs,lookup,True,completed,,3,3,3,3,34.333333333333336,36,15,21,minor_issues,From which members of the Management Board may the Chairperson and the deputy Chairperson be elected?,"The Chairperson and the deputy Chairperson shall be elected only from among those members of the Management Board who are appointed by Member States which are fully bound under Union law by the legislative instruments governing the development, establishment, operation and use of all large-scale IT systems managed by the Agency.",36,
eurlex,http://data.europa.eu/eli/reg/2011/1173/art_13/oj,32011R1173,32011R1173,False,no_refs,fact_pattern,True,no_candidates,,0,0,0,0,,,,,,,,,"The article contains only institutional review and reporting provisions, which are excluded."
eurlex,http://data.europa.eu/eli/reg/2011/1173/art_13/oj,32011R1173,32011R1173,False,no_refs,lookup,True,no_candidates,,0,0,0,0,,,,,,,,,The article contains only excluded institutional review and reporting provisions.
eurlex,http://data.europa.eu/eli/reg/2005/1651/art_4/oj,32005R1651,32005R1651,False,no_refs,fact_pattern,True,completed,,3,3,3,3,35.333333333333336,37,15,22,minor_issues,When may a trader submit a tender in the first partial invitation for the resale of white sugar held by the Hungarian intervention agency?,"shall begin on 20 October 2005 and shall end on 26 October 2005 at 15.00, Brussels time.",37,
eurlex,http://data.europa.eu/eli/reg/2005/1651/art_4/oj,32005R1651,32005R1651,False,no_refs,lookup,True,completed,,3,3,3,3,37,39,15,24,clear,"For the standing invitation to tender for the resale on the Community market of white sugar held by the Hungarian intervention agency, when does the tender-submission period for the first partial invitation to tender end?","26 October 2005 at 15.00, Brussels time.",39,
eurlex,http://data.europa.eu/eli/reg/2010/1031/art_48/oj,32010R1031,32010R1031,False,no_refs,fact_pattern,True,completed,,2,2,2,1,33,33,15,18,minor_issues,"If a clearing or settlement system fails to deliver all or part of auctioned allowances because of circumstances outside its control, what must it do, and what must the successful bidder accept?",the clearing system or settlement system shall deliver the allowances at the earliest opportunity and the successful bidders or their successors in title shall accept delivery at that later date.,33,
eurlex,http://data.europa.eu/eli/reg/2010/1031/art_48/oj,32010R1031,32010R1031,False,no_refs,lookup,True,completed,,2,2,2,0,36,37,15,22,repair,"Under the rules on late delivery of the auctioned allowances, what must the clearing or settlement system and the successful bidders or their successors in title do when delivery is prevented by circumstances outside the system’s control?",the clearing system or settlement system shall deliver the allowances at the earliest opportunity and the successful bidders or their successors in title shall accept delivery at that later date.,,
eurlex,http://data.europa.eu/eli/dir/2006/60/art_2/oj,32006L0060,32006L0060,False,no_refs,fact_pattern,True,no_candidates,,0,0,0,0,,,,,,,,,"The article contains only boilerplate transposition, application, publication-reference, and communication duties, which are excluded."
eurlex,http://data.europa.eu/eli/dir/2006/60/art_2/oj,32006L0060,32006L0060,False,no_refs,lookup,True,no_candidates,,0,0,0,0,,,,,,,,,"The article contains only transposition, application, publication-reference and related communication duties, which are excluded boilerplate."
eurlex,http://data.europa.eu/eli/reg/2014/312/art_16/oj,32014R0312,32014R0312,False,no_refs,fact_pattern,True,completed,,3,3,3,1,33,35,15,20,minor_issues,"When proposed changes to nominations at a gas interconnection point have been approved by the national regulatory authorities, what must the transmission system operators do?",amend accordingly the existing interconnection agreements and the transport contracts or other legally binding agreements and publish those changes.,35,
eurlex,http://data.europa.eu/eli/reg/2014/312/art_16/oj,32014R0312,32014R0312,False,no_refs,lookup,True,completed,,3,3,3,0,35,37,15,22,review,"Where daily and hourly nominations and re-nominations co-exist at an interconnection point, what matters must the stakeholder consultation consider?",(a) financial impact on transmission system operators and network users; (b) impact on cross-border trade; (c) impact on the daily balancing regime at the interconnection point(s).,,
eurlex,http://data.europa.eu/eli/reg/2014/165/art_23/oj,32014R0165,32014R0165,False,no_refs,fact_pattern,True,completed,,3,3,3,2,32.666666666666664,37,15,22,minor_issues,"For a tachograph installed in a road-transport vehicle, how often must an approved workshop carry out a regular inspection?",at least every two years,37,
eurlex,http://data.europa.eu/eli/reg/2014/165/art_23/oj,32014R0165,32014R0165,False,no_refs,lookup,True,completed,,3,3,3,3,35,35,15,20,minor_issues,"For inspections of tachographs, how often must tachographs be subject to regular inspection by approved workshops?",Regular inspections shall be carried out at least every two years.,35,
eurlex,http://data.europa.eu/eli/reg/2011/492/art_17/oj,32011R0492,32011R0492,False,no_refs,fact_pattern,True,completed,,1,1,1,1,31,31,15,16,minor_issues,A national employment authority is handling Union employment vacancies and applications with the aim of balancing vacancies and applications within the Union. What must the Member States do regarding priority for filling those vacancies?,The Member States shall examine with the Commission all the possibilities of giving priority to nationals of Member States when filling employment vacancies in order to achieve a balance between vacancies and applications for employment within the Union. They shall adopt all measures necessary for this purpose.,31,
eurlex,http://data.europa.eu/eli/reg/2011/492/art_17/oj,32011R0492,32011R0492,False,no_refs,lookup,True,completed,,1,1,1,1,39,39,15,24,minor_issues,"Under the rules on freedom of movement for workers within the Union, what must Member States do to help achieve a balance between employment vacancies and applications for employment?",They shall examine with the Commission all the possibilities of giving priority to nationals of Member States when filling employment vacancies in order to achieve a balance between vacancies and applications for employment within the Union. They shall adopt all measures necessary for this purpose.,39,
eurlex,http://data.europa.eu/eli/dir/2005/86/art_2/oj,32005L0086,32005L0086,False,no_refs,fact_pattern,True,no_candidates,,0,0,0,0,,,,,,,,,"The article contains only excluded transposition, publication-reference, and communication duties."
eurlex,http://data.europa.eu/eli/dir/2005/86/art_2/oj,32005L0086,32005L0086,False,no_refs,lookup,True,no_candidates,,0,0,0,0,,,,,,,,,"The article contains only excluded transposition, communication, publication-reference, and entry-into-force provisions."
eurlex,http://data.europa.eu/eli/reg/2012/966/art_56/oj,32012R0966,32012R0966,False,no_refs,fact_pattern,True,completed,,3,3,3,0,32,34,14,20,repair,"When the Commission delegates budget implementation powers concerning operational appropriations of its own section to Heads of Union Delegations, whom must it inform at the same time?","It shall, at the same time, inform the High Representative thereof.",,
eurlex,http://data.europa.eu/eli/reg/2012/966/art_56/oj,32012R0966,32012R0966,False,no_refs,lookup,True,completed,,3,3,3,3,32,33,15,18,minor_issues,"Under Delegation of budget implementation powers, what rules and accountability apply when Heads of Union Delegations act as subdelegated authorising officers of the Commission?","When Heads of Union Delegations act as subdelegated authorising officers of the Commission, they shall apply the Commission rules for the implementation of the budget and shall be subject to the same duties, obligations and accountability as any other subdelegated authorising officer of the Commission.",33,
eurlex,http://data.europa.eu/eli/dir/2007/68/art_2/oj,32007L0068,32007L0068,False,no_refs,fact_pattern,True,no_candidates,,0,0,0,0,,,,,,,,,"The article contains only transposition, reference-publication and communication duties, which are excluded boilerplate."
eurlex,http://data.europa.eu/eli/dir/2007/68/art_2/oj,32007L0068,32007L0068,False,no_refs,lookup,True,no_candidates,,0,0,0,0,,,,,,,,,The article contains only excluded transposition and communication requirements.
eurlex,http://data.europa.eu/eli/dir_impl/2011/54/art_3/oj,32011L0054,32011L0054,False,no_refs,fact_pattern,True,no_candidates,,0,0,0,0,,,,,,,,,"The article contains only excluded boilerplate on transposition, communication, application, and publication references."
eurlex,http://data.europa.eu/eli/dir_impl/2011/54/art_3/oj,32011L0054,32011L0054,False,no_refs,lookup,True,no_candidates,,0,0,0,0,,,,,,,,,"The article contains only excluded transposition, communication, application, and publication-reference provisions."
eurlex,http://data.europa.eu/eli/dir/2004/66/art_2/oj,32004L0066,32004L0066,False,no_refs,fact_pattern,True,no_candidates,,0,0,0,0,,,,,,,,,"The article contains only boilerplate transposition, publication-reference, and submission provisions, which are excluded."
eurlex,http://data.europa.eu/eli/dir/2004/66/art_2/oj,32004L0066,32004L0066,False,no_refs,lookup,True,no_candidates,,0,0,0,0,,,,,,,,,"The article contains only excluded transposition, entry-into-force, publication-reference, and Commission-notification boilerplate."
eurlex,http://data.europa.eu/eli/reg/2008/1165/art_16/oj,32008R1165,32008R1165,False,no_refs,fact_pattern,True,completed,,3,3,3,2,34.666666666666664,38,15,23,clear,By when must a national statistics authority transmit its meat production forecasts for bovine animals when it produces forecasts twice a year?,"before 15 February for forecasts for bovine animals from the beginning of the first semester of the current year to the end of the first semester of the following year, and before 15 September for forecasts from the beginning of the second semester of the current year to the end of the second semester of the following year for Member States that produce forecasts twice a year",38,
eurlex,http://data.europa.eu/eli/reg/2008/1165/art_16/oj,32008R1165,32008R1165,False,no_refs,lookup,True,completed,,3,3,3,0,31,36,15,21,repair,"For Member States transmitting meat production forecasts twice a year, when must forecasts for bovine animals be sent, and what periods must they cover?","before 15 February for forecasts for bovine animals from the beginning of the first semester of the current year to the end of the first semester of the following year, and before 15 September for forecasts from the beginning of the second semester of the current year to the end of the second semester of the following year for Member States that produce forecasts twice a year;",,
eurlex,http://data.europa.eu/eli/reg_impl/2011/1008/art_1/oj,32011R1008,32011R1008,False,no_refs,fact_pattern,True,completed,,3,3,3,1,34,36,15,21,minor_issues,What definitive anti-dumping duty rate applies to qualifying hand pallet trucks originating in the People’s Republic of China and produced by Ningbo Ruyi Joint Stock Co. Ltd?,"28,5",36,
eurlex,http://data.europa.eu/eli/reg_impl/2011/1008/art_1/oj,32011R1008,32011R1008,False,no_refs,lookup,True,completed,,3,3,3,3,36.333333333333336,37,15,22,clear,Which imports are covered by the extension of the anti-dumping duty on hand pallet trucks and their essential parts to consignments from Thailand?,"imports of hand pallet trucks and their essential parts, i.e. chassis and hydraulics, as further defined in paragraph 1, currently falling within CN codes ex84279000 and ex84312000 (TARIC codes 8427900011 and 8431200011) and consigned from Thailand, whether declared as originating in Thailand or not.",37,
eurlex,http://data.europa.eu/eli/dir/2015/566/art_9/oj,32015L0566,32015L0566,False,no_refs,fact_pattern,True,no_candidates,,0,0,0,0,,,,,,,,,"The article contains only boilerplate transposition, publication, application, and communication provisions, which are excluded."
eurlex,http://data.europa.eu/eli/dir/2015/566/art_9/oj,32015L0566,32015L0566,False,no_refs,lookup,True,no_candidates,,0,0,0,0,,,,,,,,,The article contains only excluded transposition and related communication provisions.
eurlex,http://data.europa.eu/eli/reg/2009/193/art_1/oj,32009R0193,32009R0193,False,no_refs,fact_pattern,True,completed,,3,3,3,1,29.666666666666668,33,13,20,repair,"What provisional anti-dumping duty rate applies to biodiesel manufactured by Cargill Inc., Wayzata?","60,5",27,
eurlex,http://data.europa.eu/eli/reg/2009/193/art_1/oj,32009R0193,32009R0193,False,no_refs,lookup,True,completed,,3,3,3,0,37,38,15,23,review,"For the provisional anti-dumping duty on imports of biodiesel originating in the United States of America, what security condition applies to release for free circulation in the Community?","The release for free circulation in the Community of the product referred to in paragraph 1 shall be subject to the provision of a security, equivalent to the amount of the provisional duty.",,
eurlex,http://data.europa.eu/eli/reg_impl/2011/452/art_1/oj,32011R0452,32011R0452,False,no_refs,fact_pattern,True,completed,,3,3,3,2,31,32,12,20,minor_issues,"Is a definitive countervailing duty imposed on Chinese-origin coated fine paper in sheets that is not kraft paper or paperboard, weighs 100 g/m², has a brightness of 90, and is not multi-ply?","A definitive countervailing duty is hereby imposed on coated fine paper, which is paper or paperboard coated on one or both sides (excluding kraft paper or kraft paperboard), in either sheets or rolls, and with a weight of 70 g/m2 or more but not exceeding 400 g/m2 and brightness of more than 84 (measured according to ISO 2470-1), currently falling within CN codes ex48101320, ex48101380, ex48101420, ex48101480, ex48101910, ex48101990, ex48102210, ex48102290, ex48102930, ex48102980, ex48109910, ex48109930 and ex48109990 (TARIC codes 4810132020, 4810138020, 4810142020, 4810148020, 4810191020, 4810199020, 4810221020, 4810229020, 4810293020, 4810298020, 4810991020, 4810993020 and 4810999020) and originating in the People's Republic of China.",32,
eurlex,http://data.europa.eu/eli/reg_impl/2011/452/art_1/oj,32011R0452,32011R0452,False,no_refs,lookup,True,completed,,3,3,3,3,40,40,15,25,clear,How are rolls suitable for use in web-fed presses defined for the definitive countervailing duty on coated fine paper originating in the People's Republic of China?,"Rolls suitable for use in web-fed presses are defined as those rolls which, if tested according to the ISO test standard ISO 3783:2006 concerning the determination of resistance to picking – accelerated speed method using the IGT tester (electric model), give a result of less than 30 N/m when measuring in the cross-direction of the paper (CD) and a result of less than 50 N/m when measuring in the machine direction (MD).",40,
eurlex,http://data.europa.eu/eli/reg/2014/912/art_8/oj,32014R0912,32014R0912,False,no_refs,fact_pattern,True,completed,,2,2,2,2,33,35,15,20,minor_issues,What must a Member State do when a claimant gives it notice of an intention to initiate arbitration proceedings under an agreement?,it shall immediately notify the Commission,35,
eurlex,http://data.europa.eu/eli/reg/2014/912/art_8/oj,32014R0912,32014R0912,False,no_refs,lookup,True,completed,,3,3,3,3,37.666666666666664,38,15,23,clear,"For investor-to-state dispute settlement, when a Member State receives a notice by which a claimant states its intention to initiate arbitration proceedings, what must the Member State do?",it shall immediately notify the Commission.,38,
eurlex,http://data.europa.eu/eli/dir/2014/50/art_5/oj,32014L0050,32014L0050,False,no_refs,fact_pattern,True,completed,,3,3,3,2,32.666666666666664,34,14,20,repair,When may a supplementary pension scheme pay an outgoing worker a capital sum instead of retaining the worker’s vested pension rights?,"Member States may allow supplementary pension schemes not to retain the vested rights of an outgoing worker but to pay, with the worker's informed consent, including as regards applicable charges, a capital sum equivalent to the value of the vested pension rights to the outgoing worker, as long as the value of the vested pension rights does not exceed a threshold established by the Member State concerned.",33,
eurlex,http://data.europa.eu/eli/dir/2014/50/art_5/oj,32014L0050,32014L0050,False,no_refs,lookup,True,completed,,3,3,3,2,36.333333333333336,37,14,23,repair,When may a supplementary pension scheme pay an outgoing worker a capital sum equivalent to the value of vested pension rights instead of retaining those rights?,"Member States may allow supplementary pension schemes not to retain the vested rights of an outgoing worker but to pay, with the worker's informed consent, including as regards applicable charges, a capital sum equivalent to the value of the vested pension rights to the outgoing worker, as long as the value of the vested pension rights does not exceed a threshold established by the Member State concerned.",36,
eurlex,http://data.europa.eu/eli/dir/2014/59/art_77/oj,32014L0059,32014L0059,False,no_refs,fact_pattern,True,completed,,3,3,3,3,32.666666666666664,35,14,21,clear,"A resolution authority is handling covered deposits that form part of a financial collateral arrangement, and separating them is necessary to ensure their availability. May the authority transfer those deposits without transferring the other assets, rights or liabilities in the same arrangement?","where necessary in order to ensure availability of the covered deposits the resolution authority may: (a) transfer covered deposits which are part of any of the arrangements mentioned in paragraph 1 without transferring other assets, rights or liabilities that are part of the same arrangement;",35,
eurlex,http://data.europa.eu/eli/dir/2014/59/art_77/oj,32014L0059,32014L0059,False,no_refs,lookup,True,completed,,3,3,3,3,34.333333333333336,36,15,21,minor_issues,"When necessary to ensure the availability of covered deposits, what may the resolution authority do with covered deposits and the other assets, rights or liabilities that are part of the same arrangements?","transfer covered deposits which are part of any of the arrangements mentioned in paragraph 1 without transferring other assets, rights or liabilities that are part of the same arrangement; and transfer, modify or terminate those assets, rights or liabilities without transferring the covered deposits.",36,
eurlex,http://data.europa.eu/eli/reg_impl/2011/1333/art_11/oj,32011R1333,32011R1333,False,no_refs,fact_pattern,True,completed,,3,3,3,1,32.333333333333336,34,15,19,repair,When must notifications for each banana reporting period be made?,The notifications for each reporting period shall be made at the latest by the fifteenth day of the second month following the reporting period.,30,
eurlex,http://data.europa.eu/eli/reg_impl/2011/1333/art_11/oj,32011R1333,32011R1333,False,no_refs,lookup,True,completed,,3,3,3,3,36,37,15,22,clear,"For bananas produced in the Union, what information must Member States notify the Commission for each reporting period?","the following:

(a)
the quantity of bananas produced in the Union which are marketed:

(i)
in their region of production;

(ii)
outside their region of production;

(b)
the average selling prices on local markets of green bananas produced in the Union which are marketed in their region of production;

(c)
the average selling prices for green bananas at the stage of delivery at first port of unloading (goods not unloaded) in respect of bananas produced in the Union which are marketed in the Union outside their region of production;

(d)
forecasts of the data referred to in points (a), (b) and (c) for the two subsequent reporting periods.",37,
eurlex,http://data.europa.eu/eli/reg_impl/2012/282/art_1/oj,32012R0282,32012R0282,False,no_refs,fact_pattern,True,completed,,2,2,2,1,30.5,36,15,21,repair,When are the common rules for securities displaced for a private trader filing a security under an EU direct-support scheme for an agricultural product?,unless other rules are laid down by those regulations,25,
eurlex,http://data.europa.eu/eli/reg_impl/2012/282/art_1/oj,32012R0282,32012R0282,False,no_refs,lookup,True,completed,,3,3,3,3,31.333333333333332,36,14,22,clear,Which underlying EU measures fall within the scope of the rules for securities for agricultural products?,"regulations laying down the common organisation of markets in certain agricultural products:

Regulation (EC) No 104/2000 (fishery and aquaculture products),

Regulation (EC) No 1234/2007 (Single CMO Regulation);

(b)
Regulation (EC) No 73/2009 (direct support schemes);

(c)
Regulation (EC) No 1216/2009 (trade arrangements applicable to certain goods resulting from the processing of agricultural products).",36,
eurlex,http://data.europa.eu/eli/reg_impl/2012/1081/art_10/oj,32012R1081,32012R1081,False,no_refs,fact_pattern,True,completed,,3,3,3,0,33.666666666666664,35,15,20,blocking,What must the authorities be convinced of before issuing a specific open licence for a cultural good?,A licence may only be issued provided the authorities are convinced that the person or organisation concerned offers all the guarantees considered necessary for the good to be returned in good condition to the Union and that the good can be so described or marked that there will be no doubt at the moment of temporary export that the good being exported is that described in the specific open licence.,,
eurlex,http://data.europa.eu/eli/reg_impl/2012/1081/art_10/oj,32012R1081,32012R1081,False,no_refs,lookup,True,completed,,3,3,3,3,37,40,15,25,clear,"Before issuing specific open licences for a cultural good, what must the authorities be convinced of?",A licence may only be issued provided the authorities are convinced that the person or organisation concerned offers all the guarantees considered necessary for the good to be returned in good condition to the Union and that the good can be so described or marked that there will be no doubt at the moment of temporary export that the good being exported is that described in the specific open licence.,40,
eurlex,http://data.europa.eu/eli/reg/2006/1906/art_50/oj,32006R1906,32006R1906,False,no_refs,fact_pattern,True,completed,,3,3,3,3,33.333333333333336,34,15,19,minor_issues,What access rights does an affiliated entity established in a Member State have to foreground or background when it is affiliated with a participant in the same indirect action?,"An affiliated entity established in a Member State or associated country shall also have access rights, referred to in paragraphs 1 and 2, to foreground or background under the same conditions as the participant to which it is affiliated, unless otherwise provided for in the grant agreement or consortium agreement.",34,
eurlex,http://data.europa.eu/eli/reg/2006/1906/art_50/oj,32006R1906,32006R1906,False,no_refs,lookup,True,completed,,3,3,3,3,33,35,15,20,minor_issues,What access to foreground may be granted to an RTD performer for pursuing further research activities?,"Subject to the agreement of all the owners concerned, access rights to foreground shall be granted to a RTD performer, on fair and reasonable conditions to be agreed, for the purposes of pursuing further research activities.",35,
eurlex,http://data.europa.eu/eli/reg/2007/520/art_24/oj,32007R0520,32007R0520,False,no_refs,fact_pattern,True,completed,,3,3,3,2,31.666666666666668,33,15,18,minor_issues,By what deadline must a national fisheries authority send the Commission its annual information on DML applications from vessels flying its flag for the following year?,before 15 September each year,33,
eurlex,http://data.europa.eu/eli/reg/2007/520/art_24/oj,32007R0520,32007R0520,False,no_refs,lookup,True,completed,,3,3,3,3,30,32,15,17,minor_issues,By when must Member States send the required information under the requests for DMLs rules?,before 15 September each year,32,
eurlex,http://data.europa.eu/eli/dir/2005/9/art_2/oj,32005L0009,32005L0009,False,no_refs,fact_pattern,True,no_candidates,,0,0,0,0,,,,,,,,,"The article contains only boilerplate transposition, publication-reference, and communication duties, which are excluded."
eurlex,http://data.europa.eu/eli/dir/2005/9/art_2/oj,32005L0009,32005L0009,False,no_refs,lookup,True,no_candidates,,0,0,0,0,,,,,,,,,The article contains only excluded transposition and communication duties.
eurlex,http://data.europa.eu/eli/reg/2014/788/art_20/oj,32014R0788,32014R0788,False,no_refs,fact_pattern,True,completed,,3,3,3,1,33.333333333333336,34,15,19,minor_issues,What must the Commission do regarding the judicial remedies available to a recognised ship inspection and survey organisation affected by its decision?,The Commission shall inform the recognised organisation concerned of the judicial remedies available to it.,34,
eurlex,http://data.europa.eu/eli/reg/2014/788/art_20/oj,32014R0788,32014R0788,False,no_refs,lookup,True,completed,,3,3,3,0,31,33,15,18,review,When may the Commission make its decision concerning a recognised organisation public?,"When justified, in particular on grounds of safety or protection of the environment, the Commission may make its decision public.",,
eurlex,http://data.europa.eu/eli/reg/2011/333/art_2/oj,32011R0333,32011R0333,False,no_refs,fact_pattern,True,completed,,3,3,3,3,32.333333333333336,34,12,22,clear,A batch of scrap metal is intended for delivery from a producer to another holder and is transported in two containers. What term applies to that batch under the rules for scrap metal ceasing to be waste?,"a batch of scrap metal which is intended for delivery from a producer to another holder and may be contained in either one or several transport units, such as containers",34,
eurlex,http://data.europa.eu/eli/reg/2011/333/art_2/oj,32011R0333,32011R0333,False,no_refs,lookup,True,completed,,3,3,3,3,38,39,15,24,minor_issues,Who is a ‘producer’ in the scrap-metal end-of-waste regime?,the holder who transfers scrap metal to another holder for the first time as scrap metal which has ceased to be waste,39,
eurlex,http://data.europa.eu/eli/dir/2014/65/art_36/oj,32014L0065,32014L0065,False,no_refs,fact_pattern,True,completed,,2,2,2,2,33.5,34,15,19,minor_issues,What may a Member State do regarding additional regulatory or administrative requirements when an investment firm from another Member State exercises its access right to a regulated market in matters covered by the rules on markets in financial instruments?,"Member States shall not impose any additional regulatory or administrative requirements, in respect of matters covered by this Directive, on investment firms exercising the right conferred by paragraph 1.",34,
eurlex,http://data.europa.eu/eli/dir/2014/65/art_36/oj,32014L0065,32014L0065,False,no_refs,lookup,True,completed,,3,3,3,3,34.666666666666664,36,14,22,clear,What access arrangements must Member States ensure for investment firms from other Member States authorised to execute client orders or deal on own account when accessing regulated markets established in their territory?,"Member States shall require that investment firms from other Member States which are authorised to execute client orders or to deal on own account have the right of membership or have access to regulated markets established in their territory by means of any of the following arrangements:

(a)
directly, by setting up branches in the host Member States;

(b)
by becoming remote members of or having remote access to the regulated market without having to be established in the home Member State of the regulated market, where the trading procedures and systems of the market in question do not require a physical presence for conclusion of transactions on the market.",36,
eurlex,http://data.europa.eu/eli/reg_del/2013/811/art_1/oj,32013R0811,32013R0811,False,no_refs,fact_pattern,True,completed,,3,3,3,2,31.666666666666668,35,15,20,clear,"For a manufacturer handling a space heater rated at 65 kW, what product category and heat-output limit bring it within the energy-labelling requirements?",space heaters and combination heaters with a rated heat output ≤ 70 kW,35,
eurlex,http://data.europa.eu/eli/reg_del/2013/811/art_1/oj,32013R0811,32013R0811,False,no_refs,lookup,True,completed,,3,3,3,3,33.333333333333336,35,15,20,minor_issues,Which categories of heaters are outside the scope of the energy-labelling regime under Subject matter and scope?,"This Regulation shall not apply to:

(a)
heaters specifically designed for using gaseous or liquid fuels predominantly produced from biomass;

(b)
heaters using solid fuels;

(c)
heaters within the scope of Directive 2010/75/EU of the European Parliament and of the Council;

(d)
heaters generating heat only for the purpose of providing hot drinking or sanitary water;

(e)
heaters for heating and distributing gaseous heat transfer media such as vapour or air;

(f)
cogeneration space heaters with a maximum electrical capacity of 50 kW or above.",35,
eurlex,http://data.europa.eu/eli/reg/2009/1072/art_1/oj,32009R1072,32009R1072,False,no_refs,fact_pattern,True,completed,,3,3,3,0,31.333333333333332,34,15,19,repair,"For an undertaking's own-account carriage of goods to qualify for the exemption from a Community licence and any carriage authorisation, what employment or contractual relationship must the drivers have with the undertaking?","motor vehicles used for such carriage are driven by personnel employed by, or put at the disposal of, the undertaking under a contractual obligation;",,
eurlex,http://data.europa.eu/eli/reg/2009/1072/art_1/oj,32009R1072,32009R1072,False,no_refs,lookup,True,completed,,3,3,3,3,33.333333333333336,37,15,22,minor_issues,Which carriage of goods in motor vehicles is exempt from the Community licence and carriage-authorisation requirements based on permissible laden mass?,"carriage of goods in motor vehicles the permissible laden mass of which, including that of trailers, does not exceed 3,5 tonnes;",37,
eurlex,http://data.europa.eu/eli/reg/2005/1572/art_4/oj,32005R1572,32005R1572,False,no_refs,fact_pattern,True,completed,,3,3,3,3,35,37,13,24,clear,A private trader intends to tender for the resale on the Spanish market of rye held by the German intervention agency during the week of 2 November 2005. Is there an invitation to tender in that week?,there being no invitation to tender in the weeks concerned.,37,
eurlex,http://data.europa.eu/eli/reg/2005/1572/art_4/oj,32005R1572,32005R1572,False,no_refs,lookup,True,completed,,2,2,2,2,38,38,15,23,clear,"For the standing invitation to tender for the resale on the Spanish market of rye held by the German intervention agency, what is the deadline for the last partial invitation to tender?",The closing date for the submission of tenders for the last partial invitation to tender shall be 28 June 2006 at 15.00 (Brussels time).,38,
eurlex,http://data.europa.eu/eli/reg/2013/1290/art_57/oj,32013R1290,32013R1290,False,no_refs,fact_pattern,True,completed,,2,2,2,1,29,29,15,14,minor_issues,"For an action governed by the predecessor research framework, what happens to sums from the participant Guarantee Fund and to all its rights and obligations as of 31 December 2013?",Any sums from the participant Guarantee Fund set up by Regulation (EC) No 1906/2006 as well as all its rights and obligations shall be transferred to the Fund as of 31 December 2013.,29,
eurlex,http://data.europa.eu/eli/reg/2013/1290/art_57/oj,32013R1290,32013R1290,False,no_refs,lookup,True,completed,,3,3,3,3,33.333333333333336,36,15,21,minor_issues,"Under the Horizon 2020 transitional regime, from what date is Regulation (EC) No 1906/2006 repealed?",Regulation (EC) No 1906/2006 is repealed with effect from 1 January 2014.,36,
eurlex,http://data.europa.eu/eli/reg/2013/1381/art_5/oj,32013R1381,32013R1381,False,no_refs,fact_pattern,True,completed,,3,3,3,3,35,36,14,22,minor_issues,"What must beneficiaries do to ensure an inclusive perspective in actions financed by the Rights, Equality and Citizenship Programme?",beneficiaries shall encourage the participation of relevant target groups in actions financed by the Programme,36,
eurlex,http://data.europa.eu/eli/reg/2013/1381/art_5/oj,32013R1381,32013R1381,False,no_refs,lookup,True,completed,,3,3,3,3,37.333333333333336,38,14,24,clear,"What must beneficiaries do to ensure an inclusive perspective in actions financed by the Rights, Equality and Citizenship Programme?",beneficiaries shall encourage the participation of relevant target groups in actions financed by the Programme,38,
eurlex,http://data.europa.eu/eli/reg/2007/1386/art_55/oj,32007R1386,32007R1386,False,one_ref,fact_pattern,True,completed,,2,2,2,1,31,31,14,17,minor_issues,What must happen when a vessel suspected of a serious infringement arrives in the designated port following a re-routing?,"On arrival in the designated port, the vessel suspected of having committed a serious infringement shall undergo a thorough inspection under the authority of its flag Member State and in the presence of an inspector from any other Contracting Party which wishes to participate.",31,
eurlex,http://data.europa.eu/eli/reg/2007/1386/art_55/oj,32007R1386,32007R1386,False,one_ref,lookup,True,completed,,2,2,2,2,34.5,35,15,20,minor_issues,"Under conservation and enforcement measures applicable in the Regulatory Area of the Northwest Atlantic Fisheries Organisation, what must the flag Member State promptly inform the Commission of after the thorough inspection?","The flag Member State shall inform the Commission promptly of the outcome of the thorough inspection and of the measures it has adopted as a result of the infringement, including measures taken to prevent a repetition of the infringement.",35,
eurlex,http://data.europa.eu/eli/reg/2009/436/art_36/oj,32009R0436,32009R0436,False,one_ref,fact_pattern,True,completed,,3,3,3,2,33.666666666666664,37,15,22,clear,May a national authority require a wine trader that does not hold stocks to keep registers?,Member States may require traders who do not hold stocks to keep registers in accordance with the rules and procedures they shall specify.,37,
eurlex,http://data.europa.eu/eli/reg/2009/436/art_36/oj,32009R0436,32009R0436,False,one_ref,lookup,True,completed,,3,3,3,3,35.333333333333336,39,15,24,minor_issues,May Member States require traders who do not hold stocks of wine products to keep registers?,Member States may require traders who do not hold stocks to keep registers in accordance with the rules and procedures they shall specify.,39,
eurlex,http://data.europa.eu/eli/dir/2006/112/art_111/oj,32006L0112,32006L0112,False,one_ref,fact_pattern,True,completed,,3,3,3,1,28.333333333333332,29,15,14,minor_issues,What conditions govern the continuation of the listed exemptions with deductibility for a Finnish subscription periodical supply?,The exemptions and reduced rates referred to in the first paragraph must be in accordance with Community law and must have been adopted for clearly defined social reasons and for the benefit of the final consumer.,29,
eurlex,http://data.europa.eu/eli/dir/2006/112/art_111/oj,32006L0112,32006L0112,False,one_ref,lookup,True,completed,,3,3,3,2,33,35,15,20,minor_issues,"For exemptions with deductibility of the VAT paid at the preceding stage under the common system of value added tax, which Finnish supplies may continue to qualify?",by Finland in respect of the supply of newspapers and periodicals sold by subscription and the printing of publications distributed to the members of corporations for the public good,35,
eurlex,http://data.europa.eu/eli/reg_del/2013/231/art_43/oj,32013R0231,32013R0231,False,one_ref,fact_pattern,True,completed,,3,3,3,0,32.333333333333336,34,15,19,repair,What must safeguards against conflicts of interest ensure about decisions taken by an AIFM’s risk management function?,"decisions taken by the risk management function are based on reliable data, which are subject to an appropriate degree of control by the risk management function",,
eurlex,http://data.europa.eu/eli/reg_del/2013/231/art_43/oj,32013R0231,32013R0231,False,one_ref,lookup,True,completed,,3,3,3,0,35,36,15,21,review,"For an AIFM, what must safeguards against conflicts of interest ensure about decisions taken by the risk management function?","decisions taken by the risk management function are based on reliable data, which are subject to an appropriate degree of control by the risk management function;",,
eurlex,http://data.europa.eu/eli/reg/2006/1083/art_47/oj,32006R1083,32006R1083,False,few_refs,fact_pattern,True,completed,,3,3,3,0,31.666666666666668,33,15,18,repair,"For an evaluation of an operational programme financed by the Funds and addressing specific structural problems in a region, what is the evaluation intended to improve while taking sustainable development into account?","the quality, effectiveness and consistency of the assistance from the Funds and the strategy and implementation of operational programmes",,
eurlex,http://data.europa.eu/eli/reg/2006/1083/art_47/oj,32006R1083,32006R1083,False,few_refs,lookup,True,completed,,3,3,3,2,33.333333333333336,34,15,19,repair,"In relation to assistance from the Funds, from what budget shall evaluations be financed?",the budget for technical assistance,33,
eurlex,http://data.europa.eu/eli/reg_impl/2014/181/art_5/oj,32014R0181,32014R0181,False,few_refs,fact_pattern,True,completed,,3,3,3,3,31.666666666666668,33,15,18,minor_issues,"For an operator seeking entry in the register under the specific supply arrangements for the smaller Aegean islands, what must the operator undertake to do when the competent authorities request information about its commercial activities?","communicate to the competent authorities, at their request, all relevant information about their commercial activities, particularly regarding the prices and profit margins they practise;",33,
eurlex,http://data.europa.eu/eli/reg_impl/2014/181/art_5/oj,32014R0181,32014R0181,False,few_refs,lookup,True,completed,,3,3,3,0,35.333333333333336,37,15,22,review,"For operators participating in the specific supply arrangements for the smaller Aegean islands, what must those intending to dispatch to the rest of the Union or export to third countries unprocessed, processed or packaged products declare when applying for entry in the register or later?",declare their intention to engage in this activity and indicate the location of the packaging plant where applicable,,
eurlex,http://data.europa.eu/eli/reg/2009/1130/art_22/oj,32009R1130,32009R1130,False,few_refs,fact_pattern,True,completed,,3,3,3,2,30.333333333333332,32,12,20,minor_issues,"When intervention products are dispatched to another Member State for processing and the processed products are sent to a third Member State for further processing, what must the competent authority do?","then the competent authority referred to in Article 21(2) or (3), as appropriate, shall issue one or more T5 control copies.",32,
eurlex,http://data.europa.eu/eli/reg/2009/1130/art_22/oj,32009R1130,32009R1130,False,few_refs,lookup,True,completed,,3,3,3,3,31.333333333333332,32,13,19,minor_issues,"When products have been dispatched to another Member State for processing and the processed products are to be sent to a third Member State or another Member State for further processing, or are to cross the territory of a third Member State or other Member State in order to be exported, what is the required timing for the competent authority to return the original T5 control copy after the appropriate endorsement?",immediately,32,
eurlex,http://data.europa.eu/eli/dir/2014/26/art_2/oj,32014L0026,32014L0026,False,many_refs,fact_pattern,True,completed,,3,3,3,3,29.333333333333332,30,15,15,minor_issues,Do Title III and the specified enforcement provisions apply to a collective management organisation established in the Union that manages authors’ rights in musical works for online use on a multi-territorial basis?,Title III and Article 34(2) and Article 38 apply to collective management organisations established in the Union managing authors’ rights in musical works for online use on a multi-territorial basis.,30,
eurlex,http://data.europa.eu/eli/dir/2014/26/art_2/oj,32014L0026,32014L0026,False,many_refs,lookup,True,completed,,3,3,3,3,33.333333333333336,37,15,22,clear,"When do the relevant provisions of the EU copyright collective-management regime apply to entities directly or indirectly owned or controlled, wholly or in part, by a collective management organisation?","provided that such entities carry out an activity which, if carried out by the collective management organisation, would be subject to the provisions of this Directive.",37,
eurlex,http://data.europa.eu/eli/reg/2012/493/art_3/oj,32012R0493,32012R0493,False,many_refs,fact_pattern,True,completed,,3,3,3,3,34,36,15,21,minor_issues,"When a waste-battery recycling process is carried out at more than one facility, which recycler must submit the required information to the competent authorities?","Where a recycling process is carried out at more than one facility, the first recycler is responsible for submitting the information required under point 4 to the Member State’s competent authorities.",36,
eurlex,http://data.europa.eu/eli/reg/2012/493/art_3/oj,32012R0493,32012R0493,False,many_refs,lookup,True,completed,,3,3,3,3,36.333333333333336,40,15,25,clear,By when must recyclers of waste batteries and accumulators send the required annual reporting information to the Member State’s competent authorities?,by no later than four months from the end of a calendar year concerned,40,
eurlex,http://data.europa.eu/eli/reg/2014/1141/art_16/oj,32014R1141,32014R1141,False,many_refs,fact_pattern,True,completed,,3,3,3,1,33,34,14,20,repair,When does a European political party lose its European legal personality after the Authority decides to remove it from the Register?,A European political party or a European political foundation shall lose its European legal personality upon the entry into force of a decision of the Authority to remove it from the Register as published in the Official Journal of the European Union. The decision shall enter into force three months after such publication unless the European political party or the European political foundation concerned requests a shorter period.,33,
eurlex,http://data.europa.eu/eli/reg/2014/1141/art_16/oj,32014R1141,32014R1141,False,many_refs,lookup,True,completed,,3,3,3,3,36.333333333333336,37,15,22,minor_issues,When does a European political party or a European political foundation lose its European legal personality after removal from the Register?,A European political party or a European political foundation shall lose its European legal personality upon the entry into force of a decision of the Authority to remove it from the Register as published in the Official Journal of the European Union . The decision shall enter into force three months after such publication unless the European political party or the European political foundation concerned requests a shorter period.,37,
