corpus,document_id,target_id,symbol,mode,probability_yes,selected,new_has_passing_candidate,new_best_total_40,disagreement,document_text,generation_skip_reason,candidates_and_reasons_json
eurlex,32009L0133,http://data.europa.eu/eli/dir/2009/133/art_4/oj,32009L0133,fact_pattern,0.93,True,False,28.0,selected_without_passing_candidate,"1. A merger, division or partial division shall not give rise to any taxation of capital gains calculated by reference to the difference between the real values of the assets and liabilities transferred and their values for tax purposes.

2. For the purpose of this Article, the following definitions shall apply:
(a)‘value for tax purposes’the value on the basis of which any gain or loss would have been computed for the purposes of tax upon the income, profits or capital gains of the transferring company if such assets or liabilities had been sold at the time of the merger, division or partial division but independently of it;(b)‘transferred assets and liabilities’those assets and liabilities of the transferring company which, in consequence of the merger, division or partial division, are effectively connected with a permanent establishment of the receiving company in the Member State of the transferring company and play a part in generating the profits or losses taken into account for tax purposes.
3. Where paragraph 1 applies and where a Member State considers a non-resident transferring company as fiscally transparent on the basis of that Member State’s assessment of the legal characteristics of that company arising from the law under which it is constituted and therefore taxes the shareholders on their share of the profits of the transferring company as and when those profits arise, that Member State shall not tax any income, profits or capital gains calculated by reference to the difference between the real values of the assets and liabilities transferred and their values for tax purposes.

4. Paragraphs 1 and 3 shall apply only if the receiving company computes any new depreciation and any gains or losses in respect of the assets and liabilities transferred according to the rules that would have applied to the transferring company or companies if the merger, division or partial division had not taken place.

5. Where, under the laws of the Member State of the transferring company, the receiving company is entitled to have any new depreciation or any gains or losses in respect of the assets and liabilities transferred computed on a basis different from that set out in paragraph 4, paragraph 1 shall not apply to the assets and liabilities in respect of which that option is exercised.",,"[{""candidate_id"": ""q_1257f2cc37c8c0fce6054875"", ""question"": ""A receiving company applies the no-tax treatment to assets and liabilities transferred in a partial division. Under what rule must it compute new depreciation and any gains or losses for that treatment to apply?"", ""answer"": ""Paragraphs 1 and 3 shall apply only if the receiving company computes any new depreciation and any gains or losses in respect of the assets and liabilities transferred according to the rules that would have applied to the transferring company or companies if the merger, division or partial division had not taken place."", ""verifier 4__total_40"": ""28"", ""verifier 4__grounding_5"": ""4"", ""verifier 4__audit_status"": ""blocking"", ""verifier 4__faithfulness_reason"": ""The answer fully supports the question by providing the exact condition under Article 4(4) of Directive 2009/133/EC governing the computation of depreciation and gains/losses for tax deferral. Precision is concise and exact. Numerical fidelity not applicable; 4 is a compatibility value."", ""verifier 4__quality_reason"": ""situation: The scenario sets up a receiving company in a partial division seeking tax neutrality, but the final ask ('Under what rule must it compute...') largely requests the abstract statutory condition rather than testing an applied compliance scenario.\nregime_fixing: The question lacks any factual anchor to EU cross-border reorganisations or the EU common system of taxation; without an EU or cross-border dimension, the factual setting could apply to almost any domestic corporate tax regime.\nterminology_and_distance: The query lifts significant phrasing from Article 4(4) ('receiving company', 'assets and liabilities transferred', 'partial division', 'compute new depreciation and any gains or losses'), leaving limited independent scenario framing.\nfocus: The informational objective is unified and clearly bounded to the prerequisite calculation basis governing depreciation, gains, and losses.\nlinguistic_quality: The sentence structure is clean, natural, and grammatically correct."", ""verifier 4__audit_reason"": ""mode: The scenario omits essential regime fixing (no indication of an EU or cross-border corporate reorganisation setting) and reduces the factual pattern to an abstract rule lookup.\nmetadata: The first item in 'particulars' ('a receiving company') fails exact case-sensitive matching against the question sentence opener ('A receiving company').""}]"
eurlex,32009L0133,http://data.europa.eu/eli/dir/2009/133/art_4/oj,32009L0133,claim_verification,0.93,True,False,24.0,selected_without_passing_candidate,"1. A merger, division or partial division shall not give rise to any taxation of capital gains calculated by reference to the difference between the real values of the assets and liabilities transferred and their values for tax purposes.

2. For the purpose of this Article, the following definitions shall apply:
(a)‘value for tax purposes’the value on the basis of which any gain or loss would have been computed for the purposes of tax upon the income, profits or capital gains of the transferring company if such assets or liabilities had been sold at the time of the merger, division or partial division but independently of it;(b)‘transferred assets and liabilities’those assets and liabilities of the transferring company which, in consequence of the merger, division or partial division, are effectively connected with a permanent establishment of the receiving company in the Member State of the transferring company and play a part in generating the profits or losses taken into account for tax purposes.
3. Where paragraph 1 applies and where a Member State considers a non-resident transferring company as fiscally transparent on the basis of that Member State’s assessment of the legal characteristics of that company arising from the law under which it is constituted and therefore taxes the shareholders on their share of the profits of the transferring company as and when those profits arise, that Member State shall not tax any income, profits or capital gains calculated by reference to the difference between the real values of the assets and liabilities transferred and their values for tax purposes.

4. Paragraphs 1 and 3 shall apply only if the receiving company computes any new depreciation and any gains or losses in respect of the assets and liabilities transferred according to the rules that would have applied to the transferring company or companies if the merger, division or partial division had not taken place.

5. Where, under the laws of the Member State of the transferring company, the receiving company is entitled to have any new depreciation or any gains or losses in respect of the assets and liabilities transferred computed on a basis different from that set out in paragraph 4, paragraph 1 shall not apply to the assets and liabilities in respect of which that option is exercised.",,"[{""candidate_id"": ""q_48189f9ffc37025ca6e77623"", ""question"": ""Under the EU merger tax regime, do the tax rules in paragraphs 1 and 3 apply only if the receiving company computes new depreciation and gains or losses for the transferred assets and liabilities according to the rules that would have applied to the transferring company or companies if the restructuring had not taken place?"", ""answer"": ""Paragraphs 1 and 3 shall apply only if the receiving company computes any new depreciation and any gains or losses in respect of the assets and liabilities transferred according to the rules that would have applied to the transferring company or companies if the merger, division or partial division had not taken place."", ""verifier 4__total_40"": ""24"", ""verifier 4__grounding_5"": ""4"", ""verifier 4__audit_status"": ""blocking"", ""verifier 4__faithfulness_reason"": ""The claim verification is fully supported by Article 4(4) of Directive 2009/133/EC, which establishes that paragraphs 1 and 3 apply only under the specified condition. The extracted span precisely covers paragraph 4 without extraneous text, and references to paragraphs 1 and 3 are accurately maintained."", ""verifier 4__quality_reason"": ""search_realism: The query functions as a mechanical reading-comprehension check of a single source sentence rather than a genuine practitioner query, relying on an unresolved reference to 'paragraphs 1 and 3'.\nanchoring_and_time: The question refers vaguely to 'the tax rules in paragraphs 1 and 3' under the broad EU merger tax regime without identifying the specific substantive rule (e.g., non-taxation of capital gains on transferred assets) or the article, leaving essential context dependent on a prohibited internal paragraph locator.\nconsequence: The submitted excerpt contains paragraph 4, which establishes the condition stated in the question, but the referent of 'paragraphs 1 and 3' remains unspecified within the query.\nlexical_distance: The question is an almost verbatim transcription of Article 4(4) ('computes new depreciation and gains or losses for the transferred assets and liabilities according to the rules that would have applied to the transferring company or companies if...'), changing only 'merger, division or partial division' to 'restructuring' inside a thin interrogative wrapper.\nlinguistic_quality: Grammatically sound, but awkwardly phrased due to the dangling reference to 'paragraphs 1 and 3' detached from its parent provision."", ""verifier 4__audit_reason"": ""mode: The question violates the standalone locator policy by including a prohibited internal paragraph locator ('paragraphs 1 and 3') rather than specifying the substantive tax rules being tested.""}]"
eurlex,32009L0090,http://data.europa.eu/eli/dir/2009/90/art_4/oj,32009L0090,fact_pattern,0.89,True,False,29.0,selected_without_passing_candidate,"Minimum performance criteria for methods of analysis

1. Member States shall ensure that the minimum performance criteria for all methods of analysis applied are based on an uncertainty of measurement of 50 % or below (k = 2) estimated at the level of relevant environmental quality standards and a limit of quantification equal or below a value of 30 % of the relevant environmental quality standards.

2. In the absence of relevant environmental quality standard for a given parameter, or in the absence of method of analysis meeting the minimum performance criteria set out in paragraph 1, Member States shall ensure that monitoring is carried out using best available techniques not entailing excessive costs.",,"[{""candidate_id"": ""q_84ea1dc6f17d388fd49c99ef"", ""question"": ""A Member State applies a chemical-analysis method for monitoring water status whose measurement uncertainty at the level of the relevant environmental quality standard is 60 %. What minimum performance criteria must it ensure for all methods of analysis applied?"", ""answer"": ""the minimum performance criteria for all methods of analysis applied are based on an uncertainty of measurement of 50 % or below (k = 2) estimated at the level of relevant environmental quality standards and a limit of quantification equal or below a value of 30 % of the relevant environmental quality standards"", ""verifier 4__total_40"": ""29"", ""verifier 4__grounding_5"": ""4"", ""verifier 4__audit_status"": ""blocking"", ""verifier 4__faithfulness_reason"": ""The answer accurately reproduces the minimum performance criteria set out in Article 4(1). All numerical values (50 %, k = 2, 30 %) and relational conditions are correctly preserved without defect."", ""verifier 4__quality_reason"": ""situation: The question presents a specific circumstance (a method with 60 % measurement uncertainty), but the final ask ignores this fact and requests the unchanged general threshold rule ('What minimum performance criteria must it ensure for all methods of analysis applied?'). This constitutes a decorative case wrapper ending in a general definition/threshold lookup.\nregime_fixing: The regime is clearly established using chemical-analysis methods, water status monitoring, and environmental quality standards without citing the legal act.\nterminology_and_distance: The phrasing of the final ask directly mirrors the statutory wording of Article 4(1), though the scenario itself is independently drafted.\nfocus: The informational intent is unified on the general minimum performance criteria.\nlinguistic_quality: The sentence structure is fluent, natural, and grammatically correct."", ""verifier 4__audit_reason"": ""mode: The scenario introduces a specific 60 % uncertainty fact but immediately reverts to an unchanged general threshold lookup ('What minimum performance criteria must it ensure for all methods of analysis applied?'), violating the fact_pattern mode requirement that facts actively drive the legal treatment.""}, {""candidate_id"": ""q_ec361035a8eb7535b436ceb5"", ""question"": ""A Member State monitors a water parameter for which there is no relevant environmental quality standard and no method of analysis meets the minimum performance criteria in paragraph 1. What must it ensure for the monitoring?"", ""answer"": ""monitoring is carried out using best available techniques not entailing excessive costs"", ""verifier 4__total_40"": ""28"", ""verifier 4__grounding_5"": ""4"", ""verifier 4__audit_status"": ""blocking"", ""verifier 4__faithfulness_reason"": ""The extraction directly resolves the question based on Article 4(2) regarding the fallback monitoring obligation using best available techniques not entailing excessive costs. Numerical fidelity not applicable; 4 is a compatibility value."", ""verifier 4__quality_reason"": ""situation: While the scenario sets up the factual trigger for the fallback monitoring obligation, it frames the case by almost verbatim copying the statutory condition including an explicit paragraph reference.\nregime_fixing: The subject matter is identifiable, but the question relies on an explicit internal locator ('paragraph 1') rather than substantive contextual anchors alone.\nterminology_and_distance: The question copies extensive scaffolding directly from Article 4(2) ('no relevant environmental quality standard', 'minimum performance criteria in paragraph 1', 'ensure for the monitoring').\nfocus: There is a single, clear question focused on what monitoring standard must be ensured.\nlinguistic_quality: The text is grammatically correct and clearly phrased."", ""verifier 4__audit_reason"": ""mode: The question contains a prohibited internal locator ('in paragraph 1'), violating the standalone locator policy.""}]"
eurlex,32009L0090,http://data.europa.eu/eli/dir/2009/90/art_4/oj,32009L0090,comparison,0.43,False,True,35.0,missed_passing_mode,"Minimum performance criteria for methods of analysis

1. Member States shall ensure that the minimum performance criteria for all methods of analysis applied are based on an uncertainty of measurement of 50 % or below (k = 2) estimated at the level of relevant environmental quality standards and a limit of quantification equal or below a value of 30 % of the relevant environmental quality standards.

2. In the absence of relevant environmental quality standard for a given parameter, or in the absence of method of analysis meeting the minimum performance criteria set out in paragraph 1, Member States shall ensure that monitoring is carried out using best available techniques not entailing excessive costs.",,"[{""candidate_id"": ""q_c780430c9f6dfc2b62ececb3"", ""question"": ""Under EU water-monitoring rules, how do the method requirements compare for methods subject to the minimum performance criteria and for monitoring when a relevant environmental quality standard or compliant method is absent?"", ""answer"": ""1. Member States shall ensure that the minimum performance criteria for all methods of analysis applied are based on an uncertainty of measurement of 50 % or below (k = 2) estimated at the level of relevant environmental quality standards and a limit of quantification equal or below a value of 30 % of the relevant environmental quality standards.\n\n2. In the absence of relevant environmental quality standard for a given parameter, or in the absence of method of analysis meeting the minimum performance criteria set out in paragraph 1, Member States shall ensure that monitoring is carried out using best available techniques not entailing excessive costs."", ""verifier 4__total_40"": ""35"", ""verifier 4__grounding_5"": ""5"", ""verifier 4__audit_status"": ""clear"", ""verifier 4__faithfulness_reason"": ""Grounding exceptional: The candidate directly addresses the two-tier legal framework of Article 4, accurately comparing the baseline minimum performance criteria under paragraph 1 against the explicit fallback standard (best available techniques not entailing excessive costs) when standards or compliant methods are absent under paragraph 2. Precision exceptional: The extracted text constitutes the exact, minimal continuous span across paragraphs 1 and 2 necessary to resolve both sides of the comparison completely, retaining all essential qualifications without unnecessary padding. Numerical fidelity exceptional: The response perfectly preserves all numerical specifications, including the inequality '50 % or below', the coverage factor '(k = 2)', and the limit of quantification threshold 'equal or below a value of 30 %', alongside their precise relational benchmarks."", ""verifier 4__quality_reason"": ""search_realism: A plausible and practical legal-technical query comparing the baseline quantitative criteria against the statutory fallback standard when criteria cannot be met.\nanchoring_and_time: Properly anchored to 'EU water-monitoring rules' without leaking citations or prohibited act numbers.\nconsequence: The continuous extract of paragraphs 1 and 2 cleanly and completely resolves both sides of the comparison.\nlexical_distance: Effectively rephrases the relationship between the baseline rule and the fallback scenario while keeping necessary technical terms.\nlinguistic_quality: Grammatically sound, clear, and idiomatic legal English."", ""verifier 4__audit_reason"": ""No problems reported.""}]"
eurlex,32012L0018,http://data.europa.eu/eli/dir/2012/18/art_4/oj,32012L0018,fact_pattern,0.84,True,False,26.0,selected_without_passing_candidate,"Assessment of major-accident hazards for a particular dangerous substance

1. The Commission shall assess, where appropriate or in any event on the basis of a notification by a Member State in accordance with paragraph 2, whether it is impossible in practice for a particular dangerous substance covered by Part 1 or listed in Part 2 of Annex I, to cause a release of matter or energy that could create a major accident under both normal and abnormal conditions which can reasonably be foreseen. That assessment shall take into account the information referred to in paragraph 3, and shall be based on one or more of the following characteristics:

(a)
the physical form of the dangerous substance under normal processing or handling conditions or in an unplanned loss of containment;

(b)
the inherent properties of the dangerous substance, in particular those related to dispersive behaviour in a major-accident scenario, such as molecular mass and saturated vapour pressure;

(c)
the maximum concentration of the substances in the case of mixtures.

For the purposes of the first subparagraph, the containment and generic packing of the dangerous substance should, where appropriate, also be taken into account, including in particular where covered under specific Union legislation.
2. Where a Member State considers that a dangerous substance does not present a major-accident hazard in accordance with paragraph 1, it shall notify the Commission together with supporting justification, including the information referred to in paragraph 3.

3. For the purposes of paragraphs 1 and 2, information necessary for assessing the health, physical and environmental hazard properties of the dangerous substance concerned shall include:

(a)
a comprehensive list of properties necessary to assess the dangerous substance’s potential for causing physical, health or environmental harm;

(b)
physical and chemical properties (for instance molecular mass, saturated vapour pressure, inherent toxicity, boiling point, reactivity, viscosity, solubility and other relevant properties);

(c)
health and physical hazard properties (for instance reactivity, flammability, toxicity together with additional factors such as mode of attack on the body, injury to fatality ratio, and long-term effects, and other properties as relevant);

(d)
environmental hazard properties (for instance ecotoxicity, persistence, bio-accumulation, potential for long-range environmental transport, and other properties as relevant);

(e)
where available, the Union classification of the substance or mixture;

(f)
information about substance-specific operating conditions (for instance temperature, pressure and other conditions as relevant) under which the dangerous substance is stored, used and/or may be present in the event of foreseeable abnormal operations or an accident such as fire.

4. Following the assessment referred to in paragraph 1, the Commission shall, if appropriate, present a legislative proposal to the European Parliament and to the Council to exclude the dangerous substance concerned from the scope of this Directive.",,"[{""candidate_id"": ""q_b2d885e45e3c87f3acd7263d"", ""question"": ""A Member State considers that a dangerous substance does not present a major-accident hazard under the EU major-accident regime. What must accompany its notification to the Commission?"", ""answer"": ""supporting justification, including the information referred to in paragraph 3"", ""verifier 4__total_40"": ""26"", ""verifier 4__grounding_5"": ""4"", ""verifier 4__audit_status"": ""blocking"", ""verifier 4__faithfulness_reason"": ""The question accurately reflects the conditions of Article 4(2) of Directive 2012/18/EU, and the extracted answer precisely identifies what must accompany the Member State's notification. The cross-reference to paragraph 3 is accurately preserved."", ""verifier 4__quality_reason"": ""situation: There is no concrete situation or factual file. The question merely copies the abstract statutory condition of Article 4(2) verbatim ('A Member State considers that a dangerous substance does not present a major-accident hazard...') without providing any specific substance, process, or applied circumstances.\nregime_fixing: The regime is identifiable primarily through the explicit substantive label 'EU major-accident regime', but lacks concrete factual anchoring.\nterminology_and_distance: Severe avoidable lifting of the source scaffolding: almost the entire question is lifted directly from Article 4(2) ('Member State considers that a dangerous substance does not present a major-accident hazard', 'notification to the Commission').\nfocus: Well-bounded, single informational ask inquiring strictly about what must accompany the notification.\nlinguistic_quality: Grammatically sound, clear, and natural English prose."", ""verifier 4__audit_reason"": ""mode: Fails the fact_pattern contract because it does not construct a concrete situation for a party or authority handling a file; it merely restates the abstract statutory condition of Article 4(2) directly as a general rule lookup.""}]"
eurlex,32012L0018,http://data.europa.eu/eli/dir/2012/18/art_4/oj,32012L0018,claim_verification,0.91,True,False,27.0,selected_without_passing_candidate,"Assessment of major-accident hazards for a particular dangerous substance

1. The Commission shall assess, where appropriate or in any event on the basis of a notification by a Member State in accordance with paragraph 2, whether it is impossible in practice for a particular dangerous substance covered by Part 1 or listed in Part 2 of Annex I, to cause a release of matter or energy that could create a major accident under both normal and abnormal conditions which can reasonably be foreseen. That assessment shall take into account the information referred to in paragraph 3, and shall be based on one or more of the following characteristics:

(a)
the physical form of the dangerous substance under normal processing or handling conditions or in an unplanned loss of containment;

(b)
the inherent properties of the dangerous substance, in particular those related to dispersive behaviour in a major-accident scenario, such as molecular mass and saturated vapour pressure;

(c)
the maximum concentration of the substances in the case of mixtures.

For the purposes of the first subparagraph, the containment and generic packing of the dangerous substance should, where appropriate, also be taken into account, including in particular where covered under specific Union legislation.
2. Where a Member State considers that a dangerous substance does not present a major-accident hazard in accordance with paragraph 1, it shall notify the Commission together with supporting justification, including the information referred to in paragraph 3.

3. For the purposes of paragraphs 1 and 2, information necessary for assessing the health, physical and environmental hazard properties of the dangerous substance concerned shall include:

(a)
a comprehensive list of properties necessary to assess the dangerous substance’s potential for causing physical, health or environmental harm;

(b)
physical and chemical properties (for instance molecular mass, saturated vapour pressure, inherent toxicity, boiling point, reactivity, viscosity, solubility and other relevant properties);

(c)
health and physical hazard properties (for instance reactivity, flammability, toxicity together with additional factors such as mode of attack on the body, injury to fatality ratio, and long-term effects, and other properties as relevant);

(d)
environmental hazard properties (for instance ecotoxicity, persistence, bio-accumulation, potential for long-range environmental transport, and other properties as relevant);

(e)
where available, the Union classification of the substance or mixture;

(f)
information about substance-specific operating conditions (for instance temperature, pressure and other conditions as relevant) under which the dangerous substance is stored, used and/or may be present in the event of foreseeable abnormal operations or an accident such as fire.

4. Following the assessment referred to in paragraph 1, the Commission shall, if appropriate, present a legislative proposal to the European Parliament and to the Council to exclude the dangerous substance concerned from the scope of this Directive.",,"[{""candidate_id"": ""q_75d9c4a3d3732a81f40d7d65"", ""question"": ""Is it true that the Commission’s assessment of whether a dangerous substance can cause a major accident must be based on every characteristic listed in Article 4(1)(a) to (c) of Directive 2012/18/EU?"", ""answer"": ""That assessment shall take into account the information referred to in paragraph 3, and shall be based on one or more of the following characteristics:"", ""verifier 4__total_40"": ""27"", ""verifier 4__grounding_5"": ""4"", ""verifier 4__audit_status"": ""blocking"", ""verifier 4__faithfulness_reason"": ""The claim that the assessment must be based on every characteristic listed in points (a) to (c) is directly contradicted by the statutory text requiring it to be based on 'one or more of the following characteristics', making the contradicted verdict accurate and fully grounded. The extracted sentence resolves the question concisely. Numerical fidelity not applicable; 4 is a compatibility value."", ""verifier 4__quality_reason"": ""search_realism: The query is framed as a document-comprehension quiz question testing a specific cited provision rather than a realistic retrieval need from an external practitioner's perspective.\nanchoring_and_time: The question relies entirely on a prohibited formal act citation and internal paragraph locator ('Article 4(1)(a) to (c) of Directive 2012/18/EU') to identify the list of characteristics being tested, violating the standalone locator policy.\nconsequence: The selected answer span directly refutes the claim by showing that the assessment must be based on 'one or more of the following characteristics' rather than every characteristic, completely resolving the verification need.\nlexical_distance: The query negates 'one or more' into 'every', but otherwise tracks the structure and headings of the source closely and leans on structural paragraph pointers.\nlinguistic_quality: The sentence is grammatically correct, natural, and clearly structured."", ""verifier 4__audit_reason"": ""mode: The question violates the standalone locator policy by including formal act citations and internal locators ('Article 4(1)(a) to (c) of Directive 2012/18/EU').""}]"
eurlex,32013L0034,http://data.europa.eu/eli/dir/2013/34/art_33/oj,32013L0034,fact_pattern,0.89,True,False,26.0,selected_without_passing_candidate,"Responsibility and liability for drawing up and publishing the financial statements and the management report

1. Member States shall ensure that the members of the administrative, management and supervisory bodies of an undertaking, acting within the competences assigned to them by national law, have collective responsibility for ensuring that:

(a)
the annual financial statements, the management report and, when provided separately, the corporate governance statement; and

(b)
the consolidated financial statements, consolidated management reports and, when provided separately, the consolidated corporate governance statement,

are drawn up and published in accordance with the requirements of this Directive and, where applicable, with the international accounting standards adopted in accordance with Regulation (EC) No 1606/2002.

2. Member States shall ensure that their laws, regulations and administrative provisions on liability, at least towards the undertaking, apply to the members of the administrative, management and supervisory bodies of the undertakings for breach of the duties referred to in paragraph 1.",,"[{""candidate_id"": ""q_d21ee32f8dda88b6dfc80e8d"", ""question"": ""An undertaking's administrative, management and supervisory bodies act within competences assigned by national law, and the undertaking must draw up and publish its annual and consolidated financial statements and related management reports. What collective responsibility must the Member State ensure for those members?"", ""answer"": ""Member States shall ensure that the members of the administrative, management and supervisory bodies of an undertaking, acting within the competences assigned to them by national law, have collective responsibility for ensuring that:\n\n(a)\nthe annual financial statements, the management report and, when provided separately, the corporate governance statement; and\n\n(b)\nthe consolidated financial statements, consolidated management reports and, when provided separately, the consolidated corporate governance statement,\n\nare drawn up and published in accordance with the requirements of this Directive and, where applicable, with the international accounting standards adopted in accordance with Regulation (EC) No 1606/2002."", ""verifier 4__total_40"": ""26"", ""verifier 4__grounding_5"": ""4"", ""verifier 4__audit_status"": ""blocking"", ""verifier 4__faithfulness_reason"": ""The question and answer are fully supported by Article 33(1) of Directive 2013/34/EU, capturing the exact collective responsibility imposed on board members regarding financial statements and reports. The extracted span precisely covers paragraph 1 without extraneous additions, and the cited Regulation (EC) No 1606/2002 identifier is accurately preserved."", ""verifier 4__quality_reason"": ""situation: The prompt does not present a genuine, concrete file-handling situation for a private entity or competent authority; rather, it restates the abstract legal prerequisites of Article 33(1) as a wrapper before asking for the general statutory obligation of the Member State.\nregime_fixing: The governance context for drawing up and publishing company accounts is identifiable, but it relies on an abstract restatement of statutory phrases rather than realistic contextual grounding.\nterminology_and_distance: Extensive near-verbatim borrowing of statutory text ('administrative, management and supervisory bodies', 'competences assigned by national law', 'draw up and publish its annual and consolidated financial statements') makes the question an obvious paraphrase of the provision's scaffolding.\nfocus: The informational need targets the scope of collective responsibility, but the scope is diffuse and functions as a direct regulatory lookup rather than a targeted application problem.\nlinguistic_quality: The phrasing is grammatically correct, natural, and clear."", ""verifier 4__audit_reason"": ""mode: The candidate fails the fact_pattern mode requirements because it lacks a concrete practical scenario handling a file and instead strings together the statutory conditions of Article 33(1) to ask for the Member State's general legislative/regulatory obligation.""}]"
eurlex,32014L0066,http://data.europa.eu/eli/dir/2014/66/art_10/oj,32014L0066,lookup,0.92,True,False,32.0,selected_without_passing_candidate,"Access to information

1. Member States shall make easily accessible to applicants the information on all the documentary evidence needed for an application and information on entry and residence, including the rights, obligations and procedural safeguards, of the intra-corporate transferee and of his or her family members. Member States shall also make easily available information on the procedures applicable to the short-term mobility referred to in Article 21(2) and to the long-term mobility referred to in Article 22(1).

2. The Member States concerned shall make available information to the host entity on the right of Member States to impose sanctions in accordance with Articles 9 and 23.",,"[{""candidate_id"": ""q_e470b9507c9ed3a3a8883cad"", ""question"": ""What information must Member States make easily accessible to applicants for an intra-corporate transfer?"", ""answer"": ""the information on all the documentary evidence needed for an application and information on entry and residence, including the rights, obligations and procedural safeguards, of the intra-corporate transferee and of his or her family members"", ""verifier 4__total_40"": ""32"", ""verifier 4__grounding_5"": ""4"", ""verifier 4__audit_status"": ""repair"", ""verifier 4__faithfulness_reason"": ""The answer accurately quotes the exact scope of information that Member States must make easily accessible to applicants under the first sentence of Article 10(1). Numerical fidelity not applicable; 4 is a compatibility value."", ""verifier 4__quality_reason"": ""practitioner_realism: Presents a direct, natural professional lookup query regarding Member State obligations toward ICT applicants.\nanchoring: The base query clearly anchors the subject matter to the EU intra-corporate transfer framework without citing prohibited locators.\ninformativeness: Provides an exact, comprehensive answer span identifying the required information categories under Article 10(1).\nfocus: Maintains a single, sharp informational goal with clean boundaries.\nlinguistic_quality: Fluent, grammatically accurate, and concise phrasing in both the question and answer."", ""verifier 4__audit_reason"": ""metadata: The anchor string 'documentary evidence needed for an application' does not appear in the question or question_cited text.""}, {""candidate_id"": ""q_f1a682470c0d2cc18aa31810"", ""question"": ""What must Member States make available to host entities concerning sanctions in the intra-corporate transfer framework?"", ""answer"": ""information on the right of Member States to impose sanctions in accordance with Articles 9 and 23"", ""verifier 4__total_40"": ""32"", ""verifier 4__grounding_5"": ""4"", ""verifier 4__audit_status"": ""repair"", ""verifier 4__faithfulness_reason"": ""The answer precisely identifies the required information made available to host entities pursuant to Article 10(2), and the cross-references to Articles 9 and 23 are faithfully retained."", ""verifier 4__quality_reason"": ""practitioner_realism: Reflects a practical compliance inquiry on information disclosure obligations owed to host entities.\nanchoring: Successfully anchors to host entities and sanctions within the intra-corporate transfer framework.\ninformativeness: Directly resolves the unknown with an exact verbatim extract from Article 10(2).\nfocus: Clear, single-intent question with tightly aligned answer boundaries.\nlinguistic_quality: Well-constructed, professional, and grammatically correct English formulation."", ""verifier 4__audit_reason"": ""metadata: The anchor string 'right of Member States to impose sanctions' does not appear in the question or question_cited text.""}, {""candidate_id"": ""q_10441ac013069dba9f4b8815"", ""question"": ""Which procedures must Member States make easily available in the intra-corporate transfer framework?"", ""answer"": ""information on the procedures applicable to the short-term mobility referred to in Article 21(2) and to the long-term mobility referred to in Article 22(1)"", ""verifier 4__total_40"": ""30"", ""verifier 4__grounding_5"": ""4"", ""verifier 4__audit_status"": ""repair"", ""verifier 4__faithfulness_reason"": ""The answer directly provides the exact continuous text from the second sentence of Article 10(1) addressing mobility procedures. Citations to Article 21(2) and Article 22(1) are accurately preserved."", ""verifier 4__quality_reason"": ""practitioner_realism: Reflects a serviceable lookup, slightly impaired by asking which procedures must be made available rather than information on which procedures.\nanchoring: Adequately contextualized within the intra-corporate transfer framework without relying on forbidden locators.\ninformativeness: The extracted span accurately identifies the specific mobility procedures referenced in Article 10(1).\nfocus: Properly restricted to one distinct informational target.\nlinguistic_quality: Slightly imprecise phrasing ('Which procedures must Member States make easily available' instead of 'information on which procedures'), though serviceable."", ""verifier 4__audit_reason"": ""metadata: The anchor string 'short-term mobility' does not appear in the question or question_cited text.""}]"
eurlex,32014L0066,http://data.europa.eu/eli/dir/2014/66/art_10/oj,32014L0066,claim_verification,0.92,True,False,29.0,selected_without_passing_candidate,"Access to information

1. Member States shall make easily accessible to applicants the information on all the documentary evidence needed for an application and information on entry and residence, including the rights, obligations and procedural safeguards, of the intra-corporate transferee and of his or her family members. Member States shall also make easily available information on the procedures applicable to the short-term mobility referred to in Article 21(2) and to the long-term mobility referred to in Article 22(1).

2. The Member States concerned shall make available information to the host entity on the right of Member States to impose sanctions in accordance with Articles 9 and 23.",,"[{""candidate_id"": ""q_99d860fd51e0bf8eccff03da"", ""question"": ""Does Directive 2014/66/EU on intra-corporate transfers require Member States to make information on the procedures for short-term and long-term mobility easily available?"", ""answer"": ""Member States shall also make easily available information on the procedures applicable to the short-term mobility referred to in Article 21(2) and to the long-term mobility referred to in Article 22(1)."", ""verifier 4__total_40"": ""29"", ""verifier 4__grounding_5"": ""4"", ""verifier 4__audit_status"": ""blocking"", ""verifier 4__faithfulness_reason"": ""The claim is fully supported by the second sentence of Article 10(1). The extraction cleanly isolates the exact relevant rule, and the cross-referenced provisions in the quoted text are accurately preserved."", ""verifier 4__quality_reason"": ""search_realism: Formulates an understandable compliance verification query regarding mobility procedure information, though shaped closely around the statutory phrasing.\nanchoring_and_time: Disregarding the formal act number, 'intra-corporate transfers' identifies the broad legal framework, but provides minimal independent situational discrimination.\nconsequence: Directly resolves the claim regarding Member State duties to make mobility procedure information available using the relevant sentence of Article 10(1).\nlexical_distance: Slightly compresses the source phrasing ('procedures applicable to the short-term mobility ... and to the long-term mobility' into 'procedures for short-term and long-term mobility'), but heavily retains source framing ('make information on ... easily available').\nlinguistic_quality: Well-formed, natural, and precise English phrasing throughout."", ""verifier 4__audit_reason"": ""mode: The base question contains the formal target act number 'Directive 2014/66/EU', violating the standalone locator policy for claim_verification.""}, {""candidate_id"": ""q_552cfa69eb8c94dd9e23861a"", ""question"": ""Does Directive 2014/66/EU on intra-corporate transfers require Member States to make easily accessible to applicants information on all documentary evidence needed for an application?"", ""answer"": ""Member States shall make easily accessible to applicants the information on all the documentary evidence needed for an application and information on entry and residence, including the rights, obligations and procedural safeguards, of the intra-corporate transferee and of his or her family members."", ""verifier 4__total_40"": ""28"", ""verifier 4__grounding_5"": ""4"", ""verifier 4__audit_status"": ""blocking"", ""verifier 4__faithfulness_reason"": ""The claim is accurately identified as supported by the first sentence of Article 10(1). Precision is solid with the full sentence extracted without extraneous text. Numerical fidelity not applicable; 4 is a compatibility value."", ""verifier 4__quality_reason"": ""search_realism: Presents a functional verification inquiry regarding procedural transparency for intra-corporate transfers, but the framing is mechanically adapted from the source sentence.\nanchoring_and_time: Ignoring the prohibited formal citation, the substantive subject matter ('intra-corporate transfers') provides general context, but lacks specific factual or institutional grounding beyond the regime topic.\nconsequence: The submitted single-sentence excerpt from Article 10(1) directly answers and fully establishes the obligation stated in the claim.\nlexical_distance: Copies almost verbatim the non-essential scaffolding of the target clause ('Member States shall make easily accessible to applicants the information on all the documentary evidence needed for an application') with only a minimal interrogative wrapper transformation.\nlinguistic_quality: Grammatically sound, clear, and fluent English with standard legal phrasing."", ""verifier 4__audit_reason"": ""mode: The base question contains the formal target act number 'Directive 2014/66/EU', violating the standalone locator policy for claim_verification.""}]"
eurlex,32005R1346,http://data.europa.eu/eli/reg/2005/1346/art_21/oj,32005R1346,fact_pattern,0.77,True,False,29.0,selected_without_passing_candidate,"Checks by the Member States

1. The Member State concerned shall determine the most appropriate means of checking the programmes and measures covered by financing under this Regulation and shall notify the Commission thereof.The checks described shall be undertaken each year on at least 20 % of the programmes completed in the previous year, covering a minimum of two programmes, and shall relate to at least 20 % of the total budget of the programmes completed during the previous year. The selection of programmes for sampling shall be based on a risk analysis.The Member State shall send the Commission a report on each programme checked, describing the results of the checks carried out and the anomalies detected. The report shall be sent as soon as it has been finalised.

2. In particular by means of technical and accounting checks at the premises of the contracting organisation and the implementing body, the Member States shall take the steps necessary to verify that:

(a)
the information and supporting documents supplied are accurate, and

(b)
all the obligations laid down in the contract referred to in Article 12(1) have been fulfilled.

Without prejudice to Council Regulation (EEC) No 595/91, the Member States shall inform the Commission at the earliest opportunity of any irregularities detected during checks.
3. In the case of programmes involving more than one Member State, the Member States concerned shall take the necessary steps to coordinate their checks and shall inform the Commission thereof.

4. The Commission may take part at any time in the checks provided for in paragraphs 1, 2 and 3. To that end, the competent national authorities in the Member States shall send the Commission, at least 30 days prior to the checks, a provisional schedule of the checks to be carried out by the Member State.The Commission may carry out any additional checks it considers necessary.",,"[{""candidate_id"": ""q_e5b1c0df8ec3b3e3e99f6230"", ""question"": ""A Member State is carrying out technical and accounting checks at the premises of the contracting organisation and implementing body. What must it verify?"", ""answer"": ""the Member States shall take the steps necessary to verify that:\n\n(a)\nthe information and supporting documents supplied are accurate, and\n\n(b)\nall the obligations laid down in the contract referred to in Article 12(1) have been fulfilled."", ""verifier 4__total_40"": ""26"", ""verifier 4__grounding_5"": ""4"", ""verifier 4__audit_status"": ""blocking"", ""verifier 4__faithfulness_reason"": ""The answer accurately provides the exact verification points under Article 21(2) in response to the specific question. Numerical fidelity not applicable; 4 is a compatibility value."", ""verifier 4__quality_reason"": ""situation: The scenario is a minimal recital of the statutory premise ('carrying out technical and accounting checks at the premises of the contracting organisation and implementing body') followed by an abstract lookup of the statutory obligations ('What must it verify?').\nregime_fixing: The regime is completely missing; nothing ties the question to the promotion of agricultural products in third countries or any identifiable agricultural policy framework.\nterminology_and_distance: The query directly mirrors the exact wording of Article 21(2) without establishing independent case facts.\nfocus: Asks cleanly for the verification points required during on-the-spot technical and accounting checks.\nlinguistic_quality: Clear, correct, and well-phrased English."", ""verifier 4__audit_reason"": ""mode: Fails fact-pattern mode requirements because the situation is purely a decorative wrapper around an abstract regulatory verification list, with no identifiable legal domain or sector.""}, {""candidate_id"": ""q_bf5e18483f3b749085cb43c2"", ""question"": ""A Member State is scheduling checks in which the Commission may take part. How far in advance must the competent national authorities send the provisional schedule?"", ""answer"": ""The Commission may take part at any time in the checks provided for in paragraphs 1, 2 and 3. To that end, the competent national authorities in the Member States shall send the Commission, at least 30 days prior to the checks, a provisional schedule of the checks to be carried out by the Member State."", ""verifier 4__total_40"": ""26"", ""verifier 4__grounding_5"": ""4"", ""verifier 4__audit_status"": ""blocking"", ""verifier 4__faithfulness_reason"": ""The response faithfully provides the advance notification requirement of at least 30 days pursuant to Article 21(4). The preceding bridge sentence explains the purpose ('To that end')."", ""verifier 4__quality_reason"": ""situation: The case wrapper ('A Member State is scheduling checks in which the Commission may take part') simply sets up a direct lookup of a general statutory deadline without any specific factual file.\nregime_fixing: There is no domain or regime context provided to indicate what kinds of checks, programmes, or EU measures are at issue.\nterminology_and_distance: Heavily lifts statutory scaffolding directly from Article 21(4) ('provisional schedule', 'checks in which the Commission may take part').\nfocus: Targets a single concrete question regarding the notice period for sending the provisional schedule.\nlinguistic_quality: Grammatically sound, concise, and fluent."", ""verifier 4__audit_reason"": ""mode: Lacks genuine fact-pattern execution and provides no contextual or regime grounding to identify the applicable legal domain.""}, {""candidate_id"": ""q_ffe3d0b1a32410f8a1458eeb"", ""question"": ""A Member State concerned is selecting programmes completed in the previous year for annual checks. What sampling rules apply?"", ""answer"": ""The checks described shall be undertaken each year on at least 20 % of the programmes completed in the previous year, covering a minimum of two programmes, and shall relate to at least 20 % of the total budget of the programmes completed during the previous year. The selection of programmes for sampling shall be based on a risk analysis."", ""verifier 4__total_40"": ""29"", ""verifier 4__grounding_5"": ""5"", ""verifier 4__audit_status"": ""blocking"", ""verifier 4__faithfulness_reason"": ""Grounding exceptional: the candidate precisely answers the specific sampling rules for annual checks under Article 21(1) without confusing general monitoring obligations or subsequent reporting duties. Precision exceptional: it extracts the exact two contiguous sentences governing the sampling thresholds and methodology (risk analysis) without extraneous surrounding text. Numerical fidelity exceptional: all dual quantitative thresholds (at least 20 % of completed programmes, minimum of two programmes, at least 20 % of the total budget) and reference populations (completed in the previous year) are perfectly captured."", ""verifier 4__quality_reason"": ""situation: The question presents a generic wrapper ('A Member State concerned is selecting programmes completed in the previous year for annual checks') that immediately defaults to an abstract lookup ('What sampling rules apply?'), lacking concrete case circumstances.\nregime_fixing: There is no indication whatsoever of the legal field, sector, or regime (agricultural product information and promotion in third countries); the query could apply to virtually any EU co-financed programme.\nterminology_and_distance: The phrasing closely echoes the source text ('programmes completed in the previous year', 'selection of programmes for sampling') without substantive transformation into an independent scenario.\nfocus: The scope of the request is clear and asks specifically for the sampling rules applicable to those checks.\nlinguistic_quality: The sentence is grammatically correct, natural, and concise."", ""verifier 4__audit_reason"": ""mode: Fails fact-pattern mode requirements because the question is a bare lookup preceded by a generic situation wrapper, and it lacks essential regime anchoring to distinguish the governing domain.""}]"
eurlex,32005R1346,http://data.europa.eu/eli/reg/2005/1346/art_21/oj,32005R1346,claim_verification,0.88,True,False,22.0,selected_without_passing_candidate,"Checks by the Member States

1. The Member State concerned shall determine the most appropriate means of checking the programmes and measures covered by financing under this Regulation and shall notify the Commission thereof.The checks described shall be undertaken each year on at least 20 % of the programmes completed in the previous year, covering a minimum of two programmes, and shall relate to at least 20 % of the total budget of the programmes completed during the previous year. The selection of programmes for sampling shall be based on a risk analysis.The Member State shall send the Commission a report on each programme checked, describing the results of the checks carried out and the anomalies detected. The report shall be sent as soon as it has been finalised.

2. In particular by means of technical and accounting checks at the premises of the contracting organisation and the implementing body, the Member States shall take the steps necessary to verify that:

(a)
the information and supporting documents supplied are accurate, and

(b)
all the obligations laid down in the contract referred to in Article 12(1) have been fulfilled.

Without prejudice to Council Regulation (EEC) No 595/91, the Member States shall inform the Commission at the earliest opportunity of any irregularities detected during checks.
3. In the case of programmes involving more than one Member State, the Member States concerned shall take the necessary steps to coordinate their checks and shall inform the Commission thereof.

4. The Commission may take part at any time in the checks provided for in paragraphs 1, 2 and 3. To that end, the competent national authorities in the Member States shall send the Commission, at least 30 days prior to the checks, a provisional schedule of the checks to be carried out by the Member State.The Commission may carry out any additional checks it considers necessary.",,"[{""candidate_id"": ""q_3f5337dadc29d9aeb92c81e8"", ""question"": ""Is it true that Member States must each year check at least 20 % of agricultural-promotion programmes financed under Commission Regulation (EC) No 1346/2005, with a minimum of two programmes and coverage of at least 20 % of the relevant total budget?"", ""answer"": ""The checks described shall be undertaken each year on at least 20 % of the programmes completed in the previous year, covering a minimum of two programmes, and shall relate to at least 20 % of the total budget of the programmes completed during the previous year."", ""verifier 4__total_40"": ""22"", ""verifier 4__grounding_5"": ""2"", ""verifier 4__audit_status"": ""blocking"", ""verifier 4__faithfulness_reason"": ""The claim omits the crucial reference population/denominator 'completed in the previous year', asserting instead that Member States must check at least 20% of programmes financed under the Regulation. Under the governing text, the 20% sampling threshold applies specifically to programmes completed in the previous year, making the claim unsupported as formulated; labeling it supported incurs a mandatory grounding ceiling of 2. The extracted answer span is concise and accurately reproduces all stated numerical values."", ""verifier 4__quality_reason"": ""search_realism: The query includes a prohibited formal act citation ('Commission Regulation (EC) No 1346/2005') and formulates a claim with a distorted population scope.\nanchoring_and_time: Relies on a prohibited formal regulation number for anchoring, while omitting the crucial temporal qualification ('programmes completed in the previous year') for the programme sampling base.\nconsequence: The claim asserts that 20 % of financed programmes must be checked each year, altering the denominator from 'programmes completed in the previous year'. Because the claim is materially inaccurate and labeled 'supported', the answer does not support the stated proposition.\nlexical_distance: The sentence structure closely tracks the target text, substituting 'financed under Commission Regulation (EC) No 1346/2005' for the source's precise temporal scope.\nlinguistic_quality: Grammatically well-formed and fluent English sentence."", ""verifier 4__audit_reason"": ""mode: The question contains a formal act citation ('Commission Regulation (EC) No 1346/2005'), which violates the locator policy for claim_verification.\nsupport: The claim asserts a 20 % check on all financed programmes, whereas Article 21(1) restricts the population to 'programmes completed in the previous year'. Marking this claim as supported is incorrect.\nmetadata: claim_status is marked as 'supported' despite the assertion being ungrounded/incompatible with the source text's defined denominator.""}]"
eurlex,32006R0950,http://data.europa.eu/eli/reg/2006/950/art_8/oj,32006R0950,conceptual,0.73,True,False,,selected_without_passing_candidate,"Member States shall communicate to the Commission separately for each tariff quota or delivery obligation and for each country of origin:

(a)
before the end of each month, the quantities of sugar, by tel quel weight and in white sugar equivalent actually imported three months before;

(b)
before 1 March and for the previous marketing year or the previous delivery period, as the case may be:

(i)
the total quantity actually imported:

in the form of sugar for refining, expressed in tel quel weight and in white sugar equivalent,

in the form of sugar not intended for refining, expressed in tel quel weight and in white sugar equivalent,

(ii)
the quantity of sugar, by tel quel weight and in white sugar equivalent, that has actually been refined.",Only excluded reporting and collection formalities support a conceptual need,[]
eurlex,32006R0950,http://data.europa.eu/eli/reg/2006/950/art_8/oj,32006R0950,claim_verification,0.91,True,False,29.0,selected_without_passing_candidate,"Member States shall communicate to the Commission separately for each tariff quota or delivery obligation and for each country of origin:

(a)
before the end of each month, the quantities of sugar, by tel quel weight and in white sugar equivalent actually imported three months before;

(b)
before 1 March and for the previous marketing year or the previous delivery period, as the case may be:

(i)
the total quantity actually imported:

in the form of sugar for refining, expressed in tel quel weight and in white sugar equivalent,

in the form of sugar not intended for refining, expressed in tel quel weight and in white sugar equivalent,

(ii)
the quantity of sugar, by tel quel weight and in white sugar equivalent, that has actually been refined.",,"[{""candidate_id"": ""q_189ab45e87b18ec59de63262"", ""question"": ""Does the sugar-import reporting process under Commission Regulation (EC) No 950/2006 require Member States to report, before the end of each month, the quantities actually imported three months earlier, separately for each tariff quota or delivery obligation and country of origin?"", ""answer"": ""Member States shall communicate to the Commission separately for each tariff quota or delivery obligation and for each country of origin:\n\n(a)\nbefore the end of each month, the quantities of sugar, by tel quel weight and in white sugar equivalent actually imported three months before;"", ""verifier 4__total_40"": ""29"", ""verifier 4__grounding_5"": ""4"", ""verifier 4__audit_status"": ""blocking"", ""verifier 4__faithfulness_reason"": ""The claim is fully supported by the introductory text and point (a) of Article 8. The extracted span is precisely delimited to the relevant monthly reporting obligation without unnecessary inclusion of point (b), and the temporal numerical value ('three months before') is faithfully preserved."", ""verifier 4__quality_reason"": ""search_realism: Presents a functional compliance verification need regarding monthly sugar import notifications, but is framed directly around a formal act identifier.\nanchoring_and_time: The question relies on a prohibited formal act number ('Commission Regulation (EC) No 950/2006') to establish its regime context; stripped of this citation, 'the sugar-import reporting process' lacks essential regime and temporal delimitation.\nconsequence: The continuous extract comprising the introductory chapeau and point (a) directly and completely verifies the monthly notification obligation and its breakdown parameters.\nlexical_distance: Retains necessary regulatory terms ('tariff quota', 'delivery obligation', 'country of origin') while naturally restructuring the obligation into an interrogative verification format ('require Member States to report' for 'Member States shall communicate').\nlinguistic_quality: Grammatically sound, well-structured, and clear English syntax throughout the question."", ""verifier 4__audit_reason"": ""mode: The question includes a prohibited formal act number ('Commission Regulation (EC) No 950/2006'), violating the standalone locator policy.""}]"
eurlex,32007R1303,http://data.europa.eu/eli/reg/2007/1303/art_13/oj,32007R1303,comparison,0.37,False,True,32.0,missed_passing_mode,"Data on the functioning of the electronic reporting system

1. Member States shall maintain databases on the functioning of their electronic reporting system. They shall contain at least the following information:

(a)
the list of fishing vessels flying their flag whose electronic reporting systems have experienced technical failure or have failed to function;

(b)
the number of electronic logbook transmissions received per day and the average number of transmissions received per vessel, broken down by flag Member State;

(c)
the number of landing declaration, transhipment declaration, takeover declaration and sales note transmissions received, broken down by flag State.

2. Summaries of information on the functioning of Member States’ electronic reporting systems shall be sent to the Commission on its request in a format and at time intervals to be decided in consultation between Member States and the Commission.",,"[{""candidate_id"": ""q_ec56ad60f453c61758e58782"", ""question"": ""Under EU fishing-activity reporting rules, how does the required functioning data for electronic logbook transmissions compare with that for landing, transhipment, takeover and sales-note transmissions?"", ""answer"": ""(b)\nthe number of electronic logbook transmissions received per day and the average number of transmissions received per vessel, broken down by flag Member State;\n\n(c)\nthe number of landing declaration, transhipment declaration, takeover declaration and sales note transmissions received, broken down by flag State."", ""verifier 4__total_40"": ""32"", ""verifier 4__grounding_5"": ""4"", ""verifier 4__audit_status"": ""clear"", ""verifier 4__faithfulness_reason"": ""The answer provides a contiguous span of Article 13(1)(b)-(c) that directly establishes both sides of the comparison regarding functioning data metrics and breakdowns. Numerical fidelity not applicable; 4 is a compatibility value."", ""verifier 4__quality_reason"": ""search_realism: Formulates a realistic compliance and data-architecture question concerning the specific functioning metrics required for different types of electronic fishery transmissions.\nanchoring_and_time: Establishes clear substantive subject-matter context with 'Under EU fishing-activity reporting rules' and specific transmission types without relying on prohibited act locators.\nconsequence: The continuous extractive span of points (b) and (c) fully resolves the comparison, showing that logbook transmissions require daily counts and vessel averages by flag Member State, whereas the declaration/note transmissions require received totals by flag State.\nlexical_distance: Rephrases the obligation smoothly into a comparative inquiry ('required functioning data... compare with that for...') while retaining only the necessary statutory transmission types.\nlinguistic_quality: Grammatically sound, natural, and precise legal phrasing in English."", ""verifier 4__audit_reason"": ""No problems reported.""}]"
eurlex,32007R0041,http://data.europa.eu/eli/reg/2007/41/art_79/oj,32007R0041,fact_pattern,0.86,True,False,25.0,selected_without_passing_candidate,"Scientific observation and collection of information to support stock assessment

1. Each Member State shall ensure that all its fishing vessels operating in the SEAFO Convention Area, and targeting species covered by the SEAFO Convention, carry qualified scientific observers.

2. Each Member State shall require the submission of the information collected by the observers, in respect of each vessel flying its flag, within 30 days of leaving the SEAFO Convention Area. The data shall be submitted in the format specified by the SEAFO Scientific Committee. The Member State shall provide the Commission with a copy of the information as soon as possible, taking account of the need to maintain confidentiality of non-aggregated data. The Member State may also provide the SEAFO Executive Secretary with a copy of the information.

3. The information referred to in this Article shall, to the greatest extent possible, be collected and verified by designated observers by 30 June 2007.",,"[{""candidate_id"": ""q_15ddc9bed4528987652aafbe"", ""question"": ""A Member State receives observer data from each of its flagged vessels after they leave the SEAFO Convention Area. What submission and onward-sharing rules apply?"", ""answer"": ""the submission of the information collected by the observers, in respect of each vessel flying its flag, within 30 days of leaving the SEAFO Convention Area. The data shall be submitted in the format specified by the SEAFO Scientific Committee. The Member State shall provide the Commission with a copy of the information as soon as possible, taking account of the need to maintain confidentiality of non-aggregated data. The Member State may also provide the SEAFO Executive Secretary with a copy of the information."", ""verifier 4__total_40"": ""25"", ""verifier 4__grounding_5"": ""4"", ""verifier 4__audit_status"": ""blocking"", ""verifier 4__faithfulness_reason"": ""The answer draws directly from Article 79(2) and covers the required submission format and onward-sharing rules, but precision is reduced because clipping 'Each Member State shall require' leaves the opening clause as an unanchored sentence fragment missing its governing actor and modal verb. The 30-day timeframe is accurately maintained."", ""verifier 4__quality_reason"": ""situation: The scenario posits that a Member State receives observer data, but ends in an unchanged broad rules lookup ('What submission and onward-sharing rules apply?'). Furthermore, the factual premise that data was already received conflicts with the extracted answer's opening requirement concerning the initial submission deadline by vessels.\nregime_fixing: Anchoring relies directly on the explicit mention of the 'SEAFO Convention Area' and flagged vessels, adequately fixing the domain but doing little beyond naming the convention area.\nterminology_and_distance: The phrasing is natural, but the broad ask ('What ... rules apply?') functions as an open-ended solicitation of general regulatory provisions.\nfocus: The question bundles multiple separate rules (vessel-to-State submission deadline, format specification, mandatory onward sharing with the Commission, and discretionary sharing with the SEAFO Executive Secretary) into an unbounded inquiry.\nlinguistic_quality: The question is written in clear, natural, and grammatical English."", ""verifier 4__audit_reason"": ""mode: The question wraps a decorative factual statement around an unchanged general regulatory lookup ('What submission and onward-sharing rules apply?'), failing the requirement for a concrete application task that selects treatment.\nsupport: The extracted span removes the governing obligor and verb ('Each Member State shall require '), leaving the opening clause as an unsupported, headless noun phrase lacking legal status. In addition, the premise that the Member State already receives the data contradicts answering with the vessel submission rule.""}]"
eurlex,32007R0041,http://data.europa.eu/eli/reg/2007/41/art_79/oj,32007R0041,comparison,0.24,False,True,32.0,missed_passing_mode,"Scientific observation and collection of information to support stock assessment

1. Each Member State shall ensure that all its fishing vessels operating in the SEAFO Convention Area, and targeting species covered by the SEAFO Convention, carry qualified scientific observers.

2. Each Member State shall require the submission of the information collected by the observers, in respect of each vessel flying its flag, within 30 days of leaving the SEAFO Convention Area. The data shall be submitted in the format specified by the SEAFO Scientific Committee. The Member State shall provide the Commission with a copy of the information as soon as possible, taking account of the need to maintain confidentiality of non-aggregated data. The Member State may also provide the SEAFO Executive Secretary with a copy of the information.

3. The information referred to in this Article shall, to the greatest extent possible, be collected and verified by designated observers by 30 June 2007.",,"[{""candidate_id"": ""q_5ea6b19bb90a570e5e892a9a"", ""question"": ""For information collected by scientific observers on fishing vessels in the SEAFO Convention Area, what is the difference between providing a copy to the Commission and providing one to the SEAFO Executive Secretary?"", ""answer"": ""The Member State shall provide the Commission with a copy of the information as soon as possible, taking account of the need to maintain confidentiality of non-aggregated data. The Member State may also provide the SEAFO Executive Secretary with a copy of the information."", ""verifier 4__total_40"": ""32"", ""verifier 4__grounding_5"": ""4"", ""verifier 4__audit_status"": ""clear"", ""verifier 4__faithfulness_reason"": ""The candidate directly resolves the comparison aspect by providing the contiguous excerpt from Article 79(2) that contrasts the mandatory obligation to provide a copy to the Commission ('shall provide') with the discretionary permission to provide one to the SEAFO Executive Secretary ('may also provide'). Precision is clean and spans only the two governing sentences. Numerical fidelity not applicable; 4 is a compatibility value."", ""verifier 4__quality_reason"": ""search_realism: The query reflects a realistic legal/operational compliance inquiry comparing the mandatory submission to the Commission against the discretionary provision to the SEAFO Executive Secretary.\nanchoring_and_time: The question is appropriately anchored to information collected by scientific observers on fishing vessels in the SEAFO Convention Area without citing forbidden act identifiers.\nconsequence: The provided excerpt directly resolves the core legal distinction between the mandatory requirement ('shall provide') accompanied by timing and confidentiality stipulations, and the discretionary option ('may also provide').\nlexical_distance: The query naturally contrasts the two reporting destinations using parallel action phrases rather than merely echoing the statutory grammar.\nlinguistic_quality: Clean, natural, and syntactically sound formulation in legal English."", ""verifier 4__audit_reason"": ""No problems reported.""}]"
eurlex,32007R0041,http://data.europa.eu/eli/reg/2007/41/art_79/oj,32007R0041,claim_verification,0.89,True,False,27.0,selected_without_passing_candidate,"Scientific observation and collection of information to support stock assessment

1. Each Member State shall ensure that all its fishing vessels operating in the SEAFO Convention Area, and targeting species covered by the SEAFO Convention, carry qualified scientific observers.

2. Each Member State shall require the submission of the information collected by the observers, in respect of each vessel flying its flag, within 30 days of leaving the SEAFO Convention Area. The data shall be submitted in the format specified by the SEAFO Scientific Committee. The Member State shall provide the Commission with a copy of the information as soon as possible, taking account of the need to maintain confidentiality of non-aggregated data. The Member State may also provide the SEAFO Executive Secretary with a copy of the information.

3. The information referred to in this Article shall, to the greatest extent possible, be collected and verified by designated observers by 30 June 2007.",,"[{""candidate_id"": ""q_7879dcd70325ffeb9dc716f4"", ""question"": ""Does Article 79 require each Member State to ensure that all its fishing vessels operating in the SEAFO Convention Area and targeting species covered by the SEAFO Convention carry qualified scientific observers?"", ""answer"": ""Each Member State shall ensure that all its fishing vessels operating in the SEAFO Convention Area, and targeting species covered by the SEAFO Convention, carry qualified scientific observers."", ""verifier 4__total_40"": ""27"", ""verifier 4__grounding_5"": ""4"", ""verifier 4__audit_status"": ""blocking"", ""verifier 4__faithfulness_reason"": ""The claim is fully supported by Article 79(1), and the extracted sentence directly resolves the question. Precision is exact and contains no irrelevant text. Numerical fidelity not applicable; 4 is a compatibility value."", ""verifier 4__quality_reason"": ""search_realism: The query uses an explicit article locator ('Does Article 79 require...') resulting in document-comprehension framing rather than an authentic standalone legal research need.\nanchoring_and_time: Ignoring the prohibited locator, the query identifies the actor ('Member State') and substantive regime ('SEAFO Convention Area' and target species), but lacks the governing EU regulation context or temporal frame (2007 fishing opportunities).\nconsequence: The supplied extractive answer directly and completely confirms the tested observer obligation for vessels operating in the SEAFO Convention Area.\nlexical_distance: The proposition is an almost verbatim transcription of the source sentence ('each Member State to ensure that all its fishing vessels operating in the SEAFO Convention Area and targeting species covered by the SEAFO Convention carry qualified scientific observers') wrapped only in an interrogative frame.\nlinguistic_quality: Grammatically sound, clear, and fluent English."", ""verifier 4__audit_reason"": ""mode: The base question contains a prohibited target article locator ('Article 79'), which violates the locator policy for claim verification.""}]"
eurlex,32007R0715,http://data.europa.eu/eli/reg/2007/715/art_3/oj,32007R0715,fact_pattern,0.87,True,False,29.0,selected_without_passing_candidate,"Definitions

For the purposes of this Regulation and its implementing measures the following definitions shall apply:

1.
‘hybrid vehicle’ means a vehicle with at least two different energy converters and two different energy storage systems (on vehicle) for the purpose of vehicle propulsion;

2.
‘vehicles designed to fulfil specific social needs’ means diesel vehicles of category M1 which are either:

(a)
special purpose vehicles as defined in Directive 70/156/EEC with a reference mass exceeding 2000 kg;

(b)
vehicles with a reference mass exceeding 2000 kg and designed to carry seven or more occupants including the driver with the exclusion, as from 1 September 2012, of vehicles of category M1G as defined in Directive 70/156/EEC;
or

(c)
vehicles with a reference mass exceeding 1760 kg which are built specifically for commercial purposes to accommodate wheelchair use inside the vehicle;

3.
‘reference mass’ means the mass of the vehicle in running order less the uniform mass of the driver of 75 kg and increased by a uniform mass of 100 kg;

4.
‘gaseous pollutants’ means the exhaust gas emissions of carbon monoxide, oxides of nitrogen, expressed in nitrogen dioxide (NO2) equivalent, and hydrocarbons;

5.
‘particulate pollutants’ means components of the exhaust gas which are removed from the diluted exhaust gas at a maximum temperature of 325 °K (52 °C) by means of the filters described in the test procedure for verifying average tailpipe emissions;

6.
‘tailpipe emissions’ means the emission of gaseous and particulate pollutants;

7.
‘evaporative emissions’ means the hydrocarbon vapours emitted from the fuel system of a vehicle other than those from tailpipe emissions;

8.
‘crankcase’ means the spaces in, or external to, an engine which are connected to the oil sump by internal or external ducts through which gases and vapours can be emitted;

9.
‘on-board diagnostic system’ or ‘OBD system’ means a system for emission control which has the capability of identifying the likely area of malfunction by means of fault codes stored in a computer memory;

10.
‘defeat device’ means any element of design which senses temperature, vehicle speed, engine speed (RPM), transmission gear, manifold vacuum or any other parameter for the purpose of activating, modulating, delaying or deactivating the operation of any part of the emission control system, that reduces the effectiveness of the emission control system under conditions which may reasonably be expected to be encountered in normal vehicle operation and use;

11.
‘pollution control device’ means those components of a vehicle that control and/or limit tailpipe and evaporative emissions;

12.
‘original pollution control device’ means a pollution control device or an assembly of such devices covered by the type approval granted for the vehicle concerned;

13.
‘replacement pollution control device’ means a pollution control device or an assembly of such devices intended to replace an original pollution control device and which can be approved as a separate technical unit as defined in Directive 70/156/EEC;

14.
‘vehicle repair and maintenance information’ means all information required for diagnosis, servicing, inspection, periodic monitoring, repair, re-programming or re-initialising of the vehicle and which the manufacturers provide for their authorised dealers and repairers, including all subsequent amendments and supplements to such information. This information includes all information required for fitting parts or equipment on vehicles;

15.
‘independent operator’ means undertakings other than authorised dealers and repairers which are directly or indirectly involved in the repair and maintenance of motor vehicles, in particular repairers, manufacturers or distributors of repair equipment, tools or spare parts, publishers of technical information, automobile clubs, roadside assistance operators, operators offering inspection and testing services, operators offering training for installers, manufacturers and repairers of equipment for alternative fuel vehicles;

16.
‘biofuels’ means liquid or gaseous fuels for transport, produced from biomass;

17.
‘alternative fuel vehicle’ means a vehicle designed to be capable of running on at least one type of fuel that is either gaseous at atmospheric temperature and pressure, or substantially non-mineral oil derived.",,"[{""candidate_id"": ""q_a2fedc544ce8610027999f99"", ""question"": ""For EU vehicle-emissions type-approval purposes, a vehicle manufacturer is classifying a vehicle that has two different energy converters and two different energy storage systems on the vehicle for propulsion. What does the regulation mean by “hybrid vehicle”?"", ""answer"": ""‘hybrid vehicle’ means a vehicle with at least two different energy converters and two different energy storage systems (on vehicle) for the purpose of vehicle propulsion"", ""verifier 4__total_40"": ""28"", ""verifier 4__grounding_5"": ""4"", ""verifier 4__audit_status"": ""blocking"", ""verifier 4__faithfulness_reason"": ""The definition of 'hybrid vehicle' from Article 3(1) is directly and accurately extracted to answer the question. Numerical values ('two') are accurately maintained."", ""verifier 4__quality_reason"": ""situation: The question constructs a brief classification scenario but ends in an unchanged abstract definition lookup ('What does the regulation mean by “hybrid vehicle”?') rather than asking whether or how the vehicle is classified under the rule.\nregime_fixing: The reference to EU vehicle-emissions type-approval and a manufacturer classifying propulsion systems adequately fixes the regulatory context without citing the act.\nterminology_and_distance: The factual premise copies almost the exact wording of the definition ('two different energy converters and two different energy storage systems on the vehicle for propulsion') before asking for the definition itself.\nfocus: The query has a single, well-defined informational objective.\nlinguistic_quality: The phrasing is grammatically correct, concise, and clear."", ""verifier 4__audit_reason"": ""mode: The question sets up a factual situation but concludes with an unchanged general definition lookup ('What does the regulation mean by “hybrid vehicle”?') rather than applying the definition to resolve the case.""}, {""candidate_id"": ""q_f278a47fa5ef482bd0b16f39"", ""question"": ""For EU vehicle-emissions type-approval purposes, a vehicle manufacturer uses a software element that senses engine speed and delays operation of part of the emission control system under conditions reasonably expected during normal vehicle operation. What does the regulation mean by “defeat device”?"", ""answer"": ""‘defeat device’ means any element of design which senses temperature, vehicle speed, engine speed (RPM), transmission gear, manifold vacuum or any other parameter for the purpose of activating, modulating, delaying or deactivating the operation of any part of the emission control system, that reduces the effectiveness of the emission control system under conditions which may reasonably be expected to be encountered in normal vehicle operation and use"", ""verifier 4__total_40"": ""29"", ""verifier 4__grounding_5"": ""4"", ""verifier 4__audit_status"": ""blocking"", ""verifier 4__faithfulness_reason"": ""The definition of 'defeat device' from Article 3(10) is fully and precisely quoted. Numerical fidelity not applicable; 4 is a compatibility value."", ""verifier 4__quality_reason"": ""situation: A concrete scenario is framed involving a software element, but the final ask remains an unchanged general definition query ('What does the regulation mean by “defeat device”?') rather than testing whether the element qualifies as one.\nregime_fixing: The domain is clearly anchored to EU vehicle-emissions type-approval and emission control system parameters without using prohibited locators.\nterminology_and_distance: The scenario adapts some specific parameters from the rule, but pairing them directly with a general definitional request mirrors the source definition's structure.\nfocus: The informational scope is strictly bounded to a single concept.\nlinguistic_quality: The sentence structure is fluent, natural, and free of grammatical flaws."", ""verifier 4__audit_reason"": ""mode: The question constructs a factual case but ends in an unchanged general definition request ('What does the regulation mean by “defeat device”?') instead of an applied classification ask.""}]"
eurlex,32007R0715,http://data.europa.eu/eli/reg/2007/715/art_3/oj,32007R0715,conceptual,0.6,True,False,30.0,selected_without_passing_candidate,"Definitions

For the purposes of this Regulation and its implementing measures the following definitions shall apply:

1.
‘hybrid vehicle’ means a vehicle with at least two different energy converters and two different energy storage systems (on vehicle) for the purpose of vehicle propulsion;

2.
‘vehicles designed to fulfil specific social needs’ means diesel vehicles of category M1 which are either:

(a)
special purpose vehicles as defined in Directive 70/156/EEC with a reference mass exceeding 2000 kg;

(b)
vehicles with a reference mass exceeding 2000 kg and designed to carry seven or more occupants including the driver with the exclusion, as from 1 September 2012, of vehicles of category M1G as defined in Directive 70/156/EEC;
or

(c)
vehicles with a reference mass exceeding 1760 kg which are built specifically for commercial purposes to accommodate wheelchair use inside the vehicle;

3.
‘reference mass’ means the mass of the vehicle in running order less the uniform mass of the driver of 75 kg and increased by a uniform mass of 100 kg;

4.
‘gaseous pollutants’ means the exhaust gas emissions of carbon monoxide, oxides of nitrogen, expressed in nitrogen dioxide (NO2) equivalent, and hydrocarbons;

5.
‘particulate pollutants’ means components of the exhaust gas which are removed from the diluted exhaust gas at a maximum temperature of 325 °K (52 °C) by means of the filters described in the test procedure for verifying average tailpipe emissions;

6.
‘tailpipe emissions’ means the emission of gaseous and particulate pollutants;

7.
‘evaporative emissions’ means the hydrocarbon vapours emitted from the fuel system of a vehicle other than those from tailpipe emissions;

8.
‘crankcase’ means the spaces in, or external to, an engine which are connected to the oil sump by internal or external ducts through which gases and vapours can be emitted;

9.
‘on-board diagnostic system’ or ‘OBD system’ means a system for emission control which has the capability of identifying the likely area of malfunction by means of fault codes stored in a computer memory;

10.
‘defeat device’ means any element of design which senses temperature, vehicle speed, engine speed (RPM), transmission gear, manifold vacuum or any other parameter for the purpose of activating, modulating, delaying or deactivating the operation of any part of the emission control system, that reduces the effectiveness of the emission control system under conditions which may reasonably be expected to be encountered in normal vehicle operation and use;

11.
‘pollution control device’ means those components of a vehicle that control and/or limit tailpipe and evaporative emissions;

12.
‘original pollution control device’ means a pollution control device or an assembly of such devices covered by the type approval granted for the vehicle concerned;

13.
‘replacement pollution control device’ means a pollution control device or an assembly of such devices intended to replace an original pollution control device and which can be approved as a separate technical unit as defined in Directive 70/156/EEC;

14.
‘vehicle repair and maintenance information’ means all information required for diagnosis, servicing, inspection, periodic monitoring, repair, re-programming or re-initialising of the vehicle and which the manufacturers provide for their authorised dealers and repairers, including all subsequent amendments and supplements to such information. This information includes all information required for fitting parts or equipment on vehicles;

15.
‘independent operator’ means undertakings other than authorised dealers and repairers which are directly or indirectly involved in the repair and maintenance of motor vehicles, in particular repairers, manufacturers or distributors of repair equipment, tools or spare parts, publishers of technical information, automobile clubs, roadside assistance operators, operators offering inspection and testing services, operators offering training for installers, manufacturers and repairers of equipment for alternative fuel vehicles;

16.
‘biofuels’ means liquid or gaseous fuels for transport, produced from biomass;

17.
‘alternative fuel vehicle’ means a vehicle designed to be capable of running on at least one type of fuel that is either gaseous at atmospheric temperature and pressure, or substantially non-mineral oil derived.",,"[{""candidate_id"": ""q_6aaf0e1540a594afb2afeb51"", ""question"": ""How do EU type-approval rules for light passenger and commercial vehicle emissions identify a design feature as a defeat device?"", ""answer"": ""‘defeat device’ means any element of design which senses temperature, vehicle speed, engine speed (RPM), transmission gear, manifold vacuum or any other parameter for the purpose of activating, modulating, delaying or deactivating the operation of any part of the emission control system, that reduces the effectiveness of the emission control system under conditions which may reasonably be expected to be encountered in normal vehicle operation and use;"", ""verifier 4__total_40"": ""30"", ""verifier 4__grounding_5"": ""4"", ""verifier 4__audit_status"": ""blocking"", ""verifier 4__faithfulness_reason"": ""The answer directly and faithfully quotes the definition of 'defeat device' from Article 3(10) of Regulation (EC) No 715/2007 in response to the question. The extracted span is complete and appropriately concise without extraneous definitions. Numerical fidelity not applicable; 4 is a compatibility value."", ""verifier 4__quality_reason"": ""search_realism: The query asks for the isolated statutory definition of 'defeat device' under Article 3(10) using an interrogative 'How' formulation. Under the conceptual mode contract, an isolated definition lookup remains lookup despite 'how', triggering the mandatory ceiling of at most 2.\nanchoring_and_time: Substantive context is well-established via the subject-matter regime ('EU type-approval rules for light passenger and commercial vehicle emissions') without relying on prohibited formal citations or locators.\nconsequence: The quoted definition provides all statutory criteria and elements specifying what constitutes a defeat device, fully answering the question asked.\nlexical_distance: The query suitably reformulates the statutory phrase ('element of design') into an inquiry about identifying a design feature while appropriately retaining the defined term.\nlinguistic_quality: Clear, grammatically correct, and natural professional phrasing with no drafting defects."", ""verifier 4__audit_reason"": ""mode: An isolated definition lookup from Article 3(10) framed with 'How' does not meet the conceptual mode criteria (an isolated definition remains lookup despite 'how').""}]"
eurlex,32007R0715,http://data.europa.eu/eli/reg/2007/715/art_3/oj,32007R0715,claim_verification,0.9,True,False,29.0,selected_without_passing_candidate,"Definitions

For the purposes of this Regulation and its implementing measures the following definitions shall apply:

1.
‘hybrid vehicle’ means a vehicle with at least two different energy converters and two different energy storage systems (on vehicle) for the purpose of vehicle propulsion;

2.
‘vehicles designed to fulfil specific social needs’ means diesel vehicles of category M1 which are either:

(a)
special purpose vehicles as defined in Directive 70/156/EEC with a reference mass exceeding 2000 kg;

(b)
vehicles with a reference mass exceeding 2000 kg and designed to carry seven or more occupants including the driver with the exclusion, as from 1 September 2012, of vehicles of category M1G as defined in Directive 70/156/EEC;
or

(c)
vehicles with a reference mass exceeding 1760 kg which are built specifically for commercial purposes to accommodate wheelchair use inside the vehicle;

3.
‘reference mass’ means the mass of the vehicle in running order less the uniform mass of the driver of 75 kg and increased by a uniform mass of 100 kg;

4.
‘gaseous pollutants’ means the exhaust gas emissions of carbon monoxide, oxides of nitrogen, expressed in nitrogen dioxide (NO2) equivalent, and hydrocarbons;

5.
‘particulate pollutants’ means components of the exhaust gas which are removed from the diluted exhaust gas at a maximum temperature of 325 °K (52 °C) by means of the filters described in the test procedure for verifying average tailpipe emissions;

6.
‘tailpipe emissions’ means the emission of gaseous and particulate pollutants;

7.
‘evaporative emissions’ means the hydrocarbon vapours emitted from the fuel system of a vehicle other than those from tailpipe emissions;

8.
‘crankcase’ means the spaces in, or external to, an engine which are connected to the oil sump by internal or external ducts through which gases and vapours can be emitted;

9.
‘on-board diagnostic system’ or ‘OBD system’ means a system for emission control which has the capability of identifying the likely area of malfunction by means of fault codes stored in a computer memory;

10.
‘defeat device’ means any element of design which senses temperature, vehicle speed, engine speed (RPM), transmission gear, manifold vacuum or any other parameter for the purpose of activating, modulating, delaying or deactivating the operation of any part of the emission control system, that reduces the effectiveness of the emission control system under conditions which may reasonably be expected to be encountered in normal vehicle operation and use;

11.
‘pollution control device’ means those components of a vehicle that control and/or limit tailpipe and evaporative emissions;

12.
‘original pollution control device’ means a pollution control device or an assembly of such devices covered by the type approval granted for the vehicle concerned;

13.
‘replacement pollution control device’ means a pollution control device or an assembly of such devices intended to replace an original pollution control device and which can be approved as a separate technical unit as defined in Directive 70/156/EEC;

14.
‘vehicle repair and maintenance information’ means all information required for diagnosis, servicing, inspection, periodic monitoring, repair, re-programming or re-initialising of the vehicle and which the manufacturers provide for their authorised dealers and repairers, including all subsequent amendments and supplements to such information. This information includes all information required for fitting parts or equipment on vehicles;

15.
‘independent operator’ means undertakings other than authorised dealers and repairers which are directly or indirectly involved in the repair and maintenance of motor vehicles, in particular repairers, manufacturers or distributors of repair equipment, tools or spare parts, publishers of technical information, automobile clubs, roadside assistance operators, operators offering inspection and testing services, operators offering training for installers, manufacturers and repairers of equipment for alternative fuel vehicles;

16.
‘biofuels’ means liquid or gaseous fuels for transport, produced from biomass;

17.
‘alternative fuel vehicle’ means a vehicle designed to be capable of running on at least one type of fuel that is either gaseous at atmospheric temperature and pressure, or substantially non-mineral oil derived.",,"[{""candidate_id"": ""q_48f4e07ff97bffb3b26f3722"", ""question"": ""Under Regulation (EC) No 715/2007 on type approval of motor vehicles with respect to emissions, does a hybrid vehicle require at least two different energy converters and two different on-vehicle energy storage systems for vehicle propulsion?"", ""answer"": ""‘hybrid vehicle’ means a vehicle with at least two different energy converters and two different energy storage systems (on vehicle) for the purpose of vehicle propulsion;"", ""verifier 4__total_40"": ""29"", ""verifier 4__grounding_5"": ""4"", ""verifier 4__audit_status"": ""blocking"", ""verifier 4__faithfulness_reason"": ""The claim verification label 'supported' is fully backed by Article 3(1), which defines a hybrid vehicle as having at least two different energy converters and two different energy storage systems (on vehicle) for propulsion. The quoted span is exact and concise, and the numerical values are faithfully reproduced."", ""verifier 4__quality_reason"": ""search_realism: The query frames a serviceable verification task testing statutory component requirements for hybrid propulsion under vehicle emissions rules, but the inclusion of the formal regulation identifier makes the prompt read like an exam check rather than a natural practitioner search.\nanchoring_and_time: Ignoring the prohibited formal citation, the substantive subject-matter description ('type approval of motor vehicles with respect to emissions') provides broad but recognizable context; however, it lacks specific regime discriminators without relying on the formal citation.\nconsequence: The selected definition excerpt from Article 3(1) directly and completely confirms each asserted condition (two energy converters, two on-vehicle energy storage systems for propulsion).\nlexical_distance: The question borrows the entire noun-phrase structure directly from the target text ('at least two different energy converters and two different energy storage systems... for vehicle propulsion') with minimal syntactic rephrasing beyond inserting an interrogative frame.\nlinguistic_quality: Grammatically sound, clear, and well-structured English with natural phrasing."", ""verifier 4__audit_reason"": ""mode: The question includes a prohibited formal target act citation ('Regulation (EC) No 715/2007'), violating the standalone locator policy for claim_verification.""}]"
eurlex,32008R0683,http://data.europa.eu/eli/reg/2008/683/art_22/oj,32008R0683,comparison,0.19,False,True,32.0,missed_passing_mode,"Information to the European Parliament and to the Council
The Commission shall ensure the implementation of this Regulation. Each year, when it presents the preliminary draft budget, it shall present a report to the European Parliament and to the Council on the implementation of the programmes. A mid-term review shall be carried out in 2010, which shall include a review of costs, risks and likely revenues from the services offered by Galileo, inter alia , in the light of technological and market developments, to inform the European Parliament and the Council of the progress made on the programmes.",,"[{""candidate_id"": ""q_5b9babb8244114fc1ddbdd01"", ""question"": ""Under the EU EGNOS and Galileo programme rules, does the Commission provide the European Parliament and the Council with the same annual implementation report?"", ""answer"": ""Each year, when it presents the preliminary draft budget, it shall present a report to the European Parliament and to the Council on the implementation of the programmes."", ""verifier 4__total_40"": ""32"", ""verifier 4__grounding_5"": ""4"", ""verifier 4__audit_status"": ""clear"", ""verifier 4__faithfulness_reason"": ""The extracted sentence directly supports the shared reporting obligation to both the European Parliament and the Council under Article 22. The span is precise and contains no extraneous text. Numerical fidelity not applicable; 4 is a compatibility value."", ""verifier 4__quality_reason"": ""search_realism: Formulates a realistic institutional search query testing whether reporting obligations apply identically to both budgetary authorities.\nanchoring_and_time: Successfully anchors to the substantive regime ('EU EGNOS and Galileo programme rules') without including prohibited legal citations or formal act numbers.\nconsequence: The extracted sentence directly and fully confirms that the Commission presents a single report on programme implementation to both institutions concurrently when presenting the preliminary draft budget.\nlexical_distance: Naturally restructures the statutory obligation into an inquiry regarding parity of reporting between the two co-legislators, avoiding source sentence cloning.\nlinguistic_quality: Grammatically sound, precise, and idiomatic legal English."", ""verifier 4__audit_reason"": ""No problems reported.""}]"
eurlex,32008R0683,http://data.europa.eu/eli/reg/2008/683/art_22/oj,32008R0683,claim_verification,0.53,True,False,31.0,selected_without_passing_candidate,"Information to the European Parliament and to the Council
The Commission shall ensure the implementation of this Regulation. Each year, when it presents the preliminary draft budget, it shall present a report to the European Parliament and to the Council on the implementation of the programmes. A mid-term review shall be carried out in 2010, which shall include a review of costs, risks and likely revenues from the services offered by Galileo, inter alia , in the light of technological and market developments, to inform the European Parliament and the Council of the progress made on the programmes.",,"[{""candidate_id"": ""q_3d927a7b690b67ccf07de439"", ""question"": ""Does Regulation (EC) No 683/2008 require the Commission to report annually to the European Parliament and the Council on the implementation of the EGNOS and Galileo programmes?"", ""answer"": ""Each year, when it presents the preliminary draft budget, it shall present a report to the European Parliament and to the Council on the implementation of the programmes."", ""verifier 4__total_40"": ""31"", ""verifier 4__grounding_5"": ""4"", ""verifier 4__audit_status"": ""blocking"", ""verifier 4__faithfulness_reason"": ""The claim verification is fully supported by Article 22 of Regulation (EC) No 683/2008, accurately confirming the Commission's obligation to report annually to the European Parliament and the Council on programme implementation. The extracted sentence is concise, and the annual frequency is faithfully reflected."", ""verifier 4__quality_reason"": ""search_realism: The query reflects an understandable reporting compliance check, but the inclusion of the formal act number makes it read more like an artificial comprehension test than a natural search need.\nanchoring_and_time: Ignoring the prohibited formal citation, the substantive context ('the Commission', 'the European Parliament and the Council', and 'the EGNOS and Galileo programmes') adequately anchors the governance and reporting regime.\nconsequence: The excerpt directly and completely resolves the annual reporting obligation imposed on the Commission.\nlexical_distance: Competently reformulates the source phrase 'Each year... present a report' into 'report annually' while keeping necessary institutional and programme names intact.\nlinguistic_quality: Clear, grammatically correct, and standard legal English."", ""verifier 4__audit_reason"": ""mode: The base question includes a prohibited formal target act number ('Regulation (EC) No 683/2008'), violating the standalone locator policy.""}]"
eurlex,32008R0683,http://data.europa.eu/eli/reg/2008/683/art_22/oj,32008R0683,source_finding,0.46,False,True,32.0,missed_passing_mode,"Information to the European Parliament and to the Council
The Commission shall ensure the implementation of this Regulation. Each year, when it presents the preliminary draft budget, it shall present a report to the European Parliament and to the Council on the implementation of the programmes. A mid-term review shall be carried out in 2010, which shall include a review of costs, risks and likely revenues from the services offered by Galileo, inter alia , in the light of technological and market developments, to inform the European Parliament and the Council of the progress made on the programmes.",,"[{""candidate_id"": ""q_223fb68235cfd539f230bed4"", ""question"": ""Which provision of the EU regulation on the further implementation of EGNOS and Galileo requires the Commission, when presenting the preliminary draft budget each year, to report to the European Parliament and the Council on implementation of the programmes?"", ""answer"": ""Article 22 — Regulation (EC) No 683/2008"", ""verifier 4__total_40"": ""32"", ""verifier 4__grounding_5"": ""4"", ""verifier 4__audit_status"": ""clear"", ""verifier 4__faithfulness_reason"": ""The question and clue accurately represent the Commission's reporting obligation under Article 22 of Regulation (EC) No 683/2008, supported by an exact continuous evidence span and valid metadata identity."", ""verifier 4__quality_reason"": ""search_realism: Presents a realistic and well-formulated search need seeking the specific legal provision governing annual reporting for the EGNOS and Galileo programmes.\nanchoring_and_time: Effectively anchors the query to the EGNOS and Galileo implementation framework and accurately incorporates the temporal hook ('when presenting the preliminary draft budget each year') without using prohibited formal citations.\nconsequence: The submitted answer and evidence fully and accurately identify the target act and article satisfying the clue.\nlexical_distance: Smoothly transforms the declarative statutory language ('it shall present a report...') into an indirect interrogative clause ('requires the Commission... to report...') while retaining essential institutional terms.\nlinguistic_quality: Grammatically sound, fluent, and precise English phrasing throughout."", ""verifier 4__audit_reason"": ""No problems reported.""}]"
eurlex,32009R1107,http://data.europa.eu/eli/reg/2009/1107/art_31/oj,32009R1107,fact_pattern,0.91,True,False,30.0,selected_without_passing_candidate,"Contents of authorisations

1. The authorisation shall define plants or plant products and non-agricultural areas (for example railways, public areas, storage rooms) on which and the purposes for which the plant protection product may be used.

2. The authorisation shall set out the requirements relating to the placing on the market and use of the plant protection product. Those requirements shall as a minimum include the conditions of use necessary to comply with the conditions and requirements provided for in the Regulation approving the active substances, safeners and synergists.The authorisation shall include a classification of the plant protection product for the purpose of Directive 1999/45/EC. Member States may provide that authorisation holders shall classify or update the label without undue delay following any change to the classification and labelling of the plant protection product in accordance with Directive 1999/45/EC. In such cases, they shall immediately inform the competent authority thereof.

3. The requirements referred to in paragraph 2 shall also include where applicable:

(a)
the maximum dose per hectare in each application;

(b)
the period between the last application and harvest;

(c)
the maximum number of applications per year.

4. The requirements referred to in paragraph 2 may include the following:

(a)
a restriction with respect to the distribution and use of the plant protection product in order to protect the health of the distributors, users, bystanders, residents, consumers or workers concerned or the environment, taking into consideration requirements imposed by other Community provisions; such restriction shall be indicated on the label;

(b)
the obligation before the product is used to inform any neighbours who could be exposed to the spray drift and who have requested to be informed;

(c)
indications for proper use according to the principles of Integrated Pest Management referred to in Article 14 of and Annex III to Directive 2009/128/EC;

(d)
designation of categories of users, such as professional and non-professional;

(e)
the approved label;

(f)
the interval between applications;

(g)
the period between the last application and consumption of the plant product where applicable;

(h)
the re-entry interval;

(i)
the packaging size and material.",,"[{""candidate_id"": ""q_0ff4cabf1411cfa930032311"", ""question"": ""A national authority authorises a plant protection product for use on railways and in storage rooms, but the authorisation names neither the permitted purposes nor the areas. What must the authorisation define?"", ""answer"": ""The authorisation shall define plants or plant products and non-agricultural areas (for example railways, public areas, storage rooms) on which and the purposes for which the plant protection product may be used."", ""verifier 4__total_40"": ""30"", ""verifier 4__grounding_5"": ""4"", ""verifier 4__audit_status"": ""blocking"", ""verifier 4__faithfulness_reason"": ""The question presents a direct scenario matching Article 31(1) of Regulation (EC) No 1107/2009, and the answer provides the exact verbatim rule specifying what the authorisation must define. Numerical fidelity not applicable; 4 is a compatibility value."", ""verifier 4__quality_reason"": ""situation: The question constructs a concrete scenario involving an authorisation for railways and storage rooms, but abandons application in the final ask to perform an unchanged general statutory lookup ('What must the authorisation define?'), triggering the mandatory score ceiling.\nregime_fixing: The reference to a national authority authorising a plant protection product adequately establishes the sectoral regulatory framework without citing the act.\nterminology_and_distance: The query uses natural language and avoids copying structural boilerplate, although it echoes the statutory verb 'define'.\nfocus: The informational objective is unified and clearly bounded to the mandatory scope of an authorisation.\nlinguistic_quality: The sentence structure is grammatical, natural, and concise."", ""verifier 4__audit_reason"": ""mode: The candidate wraps an unchanged general rule lookup ('What must the authorisation define?') in a scenario rather than asking how the legal rule applies to the presented situation.""}, {""candidate_id"": ""q_950110439c1df90c1909a162"", ""question"": ""A national authority is authorising a plant protection product for a crop where repeated applications and harvesting are relevant, but the authorisation lacks the applicable dose, harvest interval and annual application limits. Which requirements must the authorisation include where applicable?"", ""answer"": ""The requirements referred to in paragraph 2 shall also include where applicable:\n\n(a)\nthe maximum dose per hectare in each application;\n\n(b)\nthe period between the last application and harvest;\n\n(c)\nthe maximum number of applications per year."", ""verifier 4__total_40"": ""26"", ""verifier 4__grounding_5"": ""4"", ""verifier 4__audit_status"": ""blocking"", ""verifier 4__faithfulness_reason"": ""The question accurately tests the mandatory 'where applicable' requirements of an authorisation under Article 31(3), and the answer provides the complete, exact continuous text of paragraph 3. Numerical fidelity not applicable; 4 is a compatibility value."", ""verifier 4__quality_reason"": ""situation: The prompt sets up a concrete drafting scenario but concludes with an unchanged general statutory list request ('Which requirements must the authorisation include where applicable?'), capping situation at 2.\nregime_fixing: The regime is identifiable through plant protection product authorisations, but the background facts duplicate statutory criteria rather than genuine factual context.\nterminology_and_distance: The question substantially discloses the answer elements in advance by specifying that the draft lacks 'the applicable dose, harvest interval and annual application limits', matching points (a), (b), and (c) of Article 31(3).\nfocus: While asking for a single provision's list, the query boundaries are weakened by preemptively listing the answers within the premise.\nlinguistic_quality: The sentence is grammatically sound, well-punctuated, and fluent."", ""verifier 4__audit_reason"": ""mode: The question wraps an unchanged statutory list lookup ('Which requirements must the authorisation include where applicable?') in case facts rather than formulating an application task.\nterminology_and_distance: The question explicitly leaks the core content of the answer by naming the dose, harvest interval, and annual application limits.""}]"
eurlex,32009R1107,http://data.europa.eu/eli/reg/2009/1107/art_31/oj,32009R1107,comparison,0.7,True,False,30.0,selected_without_passing_candidate,"Contents of authorisations

1. The authorisation shall define plants or plant products and non-agricultural areas (for example railways, public areas, storage rooms) on which and the purposes for which the plant protection product may be used.

2. The authorisation shall set out the requirements relating to the placing on the market and use of the plant protection product. Those requirements shall as a minimum include the conditions of use necessary to comply with the conditions and requirements provided for in the Regulation approving the active substances, safeners and synergists.The authorisation shall include a classification of the plant protection product for the purpose of Directive 1999/45/EC. Member States may provide that authorisation holders shall classify or update the label without undue delay following any change to the classification and labelling of the plant protection product in accordance with Directive 1999/45/EC. In such cases, they shall immediately inform the competent authority thereof.

3. The requirements referred to in paragraph 2 shall also include where applicable:

(a)
the maximum dose per hectare in each application;

(b)
the period between the last application and harvest;

(c)
the maximum number of applications per year.

4. The requirements referred to in paragraph 2 may include the following:

(a)
a restriction with respect to the distribution and use of the plant protection product in order to protect the health of the distributors, users, bystanders, residents, consumers or workers concerned or the environment, taking into consideration requirements imposed by other Community provisions; such restriction shall be indicated on the label;

(b)
the obligation before the product is used to inform any neighbours who could be exposed to the spray drift and who have requested to be informed;

(c)
indications for proper use according to the principles of Integrated Pest Management referred to in Article 14 of and Annex III to Directive 2009/128/EC;

(d)
designation of categories of users, such as professional and non-professional;

(e)
the approved label;

(f)
the interval between applications;

(g)
the period between the last application and consumption of the plant product where applicable;

(h)
the re-entry interval;

(i)
the packaging size and material.",,"[{""candidate_id"": ""q_aa7066fbaf4682c4e6967693"", ""question"": ""Under Regulation (EC) No 1107/2009, which application-related requirements must authorisations for plant protection products include where applicable, and which may they include?"", ""answer"": ""3. The requirements referred to in paragraph 2 shall also include where applicable:\n\n(a)\nthe maximum dose per hectare in each application;\n\n(b)\nthe period between the last application and harvest;\n\n(c)\nthe maximum number of applications per year.\n\n4. The requirements referred to in paragraph 2 may include the following:\n\n(a)\na restriction with respect to the distribution and use of the plant protection product in order to protect the health of the distributors, users, bystanders, residents, consumers or workers concerned or the environment, taking into consideration requirements imposed by other Community provisions; such restriction shall be indicated on the label;\n\n(b)\nthe obligation before the product is used to inform any neighbours who could be exposed to the spray drift and who have requested to be informed;\n\n(c)\nindications for proper use according to the principles of Integrated Pest Management referred to in Article 14 of and Annex III to Directive 2009/128/EC;\n\n(d)\ndesignation of categories of users, such as professional and non-professional;\n\n(e)\nthe approved label;\n\n(f)\nthe interval between applications;\n\n(g)\nthe period between the last application and consumption of the plant product where applicable;\n\n(h)\nthe re-entry interval;\n\n(i)\nthe packaging size and material."", ""verifier 4__total_40"": ""30"", ""verifier 4__grounding_5"": ""4"", ""verifier 4__audit_status"": ""blocking"", ""verifier 4__faithfulness_reason"": ""The question and answer faithfully address the comparison between mandatory-where-applicable requirements under Article 31(3) and optional requirements under Article 31(4) of Regulation (EC) No 1107/2009. The answer quotes the complete contiguous text of both paragraphs accurately, fully resolving the requested scope without defects."", ""verifier 4__quality_reason"": ""search_realism: The query reflects a practical compliance question contrasting mandatory and discretionary authorization elements, but the inclusion of the formal regulation identifier makes it feel somewhat artificial.\nanchoring_and_time: Ignoring the prohibited formal citation, 'authorisations for plant protection products' provides substantive domain anchoring, though broader contextual precision is modest.\nconsequence: The submitted continuous extract of paragraphs 3 and 4 fully and directly resolves both sides of the comparison (mandatory where applicable vs discretionary elements).\nlexical_distance: The query naturally reformulates the statutory drafting ('shall also include where applicable' and 'may include') into a coherent comparative question.\nlinguistic_quality: The question is grammatically sound, clear, and idiomatic."", ""verifier 4__audit_reason"": ""mode: The question includes a formal target act number ('Regulation (EC) No 1107/2009'), violating the standalone locator policy for comparison mode.\nmetadata: Both entries in comparison_entities ('requirements referred to in paragraph 2 that must be included where applicable' and 'requirements referred to in paragraph 2 that may be included') fail to match exact substrings in the question.""}]"
eurlex,32009R1221,http://data.europa.eu/eli/reg/2009/1221/art_42/oj,32009R1221,fact_pattern,0.71,True,False,27.0,selected_without_passing_candidate,"Information

1. The Commission shall provide information to:

(a)
the public on the objectives and principal components of EMAS;

(b)
organisations on the content of this Regulation.

2. The Commission shall maintain and make publicly available:

(a)
a register of environmental verifiers and registered organisations;

(b)
a database of environmental statements in electronic format;

(c)
a database of best practices on EMAS, including, inter alia, effective tools for EMAS promotion and examples of technical support to organisations;

(d)
a list of Community resources for the funding of EMAS implementation and related projects and activities.",,"[{""candidate_id"": ""q_7e8038f90c73d01e415df34d"", ""question"": ""An organisation preparing to participate in the Community eco-management and audit scheme (EMAS) needs to understand the rules governing its participation. What information must be provided to it?"", ""answer"": ""organisations on the content of this Regulation"", ""verifier 4__total_40"": ""27"", ""verifier 4__grounding_5"": ""4"", ""verifier 4__audit_status"": ""blocking"", ""verifier 4__faithfulness_reason"": ""The answer accurately captures the required information under Article 42(1)(b) for an organisation. Precision is well-contained with standard list-item opening text. Numerical fidelity not applicable; 4 is a compatibility value."", ""verifier 4__quality_reason"": ""situation: The scenario is substantially decorative; an organisation preparing to participate does not trigger a distinct legal rule or differentiated treatment under Article 42(1)(b), which merely sets out a general administrative obligation for the Commission toward organisations.\nregime_fixing: Fixes the scheme by explicitly naming the Community eco-management and audit scheme (EMAS), but the surrounding actor circumstances are entirely generic.\nterminology_and_distance: The phrasing is natural, but the extracted span awkwardly includes the recipient category ('organisations') in response to a question asking what information must be provided to 'it'.\nfocus: Focuses on one provision, though asking what information must be provided to the specific organisation results in a slightly misaligned answer boundary.\nlinguistic_quality: The English question is grammatically well-formed, natural, and clearly structured."", ""verifier 4__audit_reason"": ""metadata: The declared particular 'An organisation preparing to participate in EMAS' is not an exact substring in the question, which reads 'An organisation preparing to participate in the Community eco-management and audit scheme (EMAS)'.\nmode: The question functions as a decorative case wrapper over a general institutional duty lookup under Article 42(1)(b) rather than a genuine application scenario selecting treatment.""}]"
eurlex,32009R0194,http://data.europa.eu/eli/reg/2009/194/art_1/oj,32009R0194,comparison,0.77,True,False,29.0,selected_without_passing_candidate,"1. A provisional countervailing duty is hereby imposed on imports of fatty-acid mono-alkyl esters and/or paraffinic gas oil obtained from synthesis and/or hydro-treatment, of non-fossil origin, commonly known as ‘biodiesel’, in pure form or in a blend containing by weight more than 20 % of fatty-acid mono-alkyl esters and/or paraffinic gas oil obtained from synthesis and/or hydro-treatment, of non-fossil origin, falling within CN codes ex15162098 (TARIC code 1516209820), ex15180091 (TARIC code 1518009120), ex15180099 (TARIC code 1518009920), ex27101941 (TARIC code 2710194120), 38249091, ex38249097 (TARIC code 3824909787), and originating in the United States of America.

2. The rate of the provisional countervailing duty applicable to the products described in paragraph 1 and manufactured by the companies listed below, shall be as follows:
Company
Countervailing duty rate

EUR per tonne net
TARIC additional codeArcher Daniels Midland Company, Decatur237,0A933Cargill Inc., Wayzata213,8A934Green Earth Fuels of Houston LLC, Houston213,4A935Imperium Renewables Inc., Seattle216,8A936Peter Cremer North America LP, Cincinnati211,2A937Vinmar Overseas Limited, Houston211,2A938World Energy Alternatives LLC, Boston211,2A939Companies listed in the Annex219,4see AnnexAll other companies237,0A999The countervailing duty on blends shall be applicable in proportion in the blend, by weight, of the total content of fatty-acid mono-alkyl esters and of paraffinic gasoils obtained from synthesis and/or hydro-treatment, of non-fossil origin (biodiesel content).
3. The release for free circulation in the Community of the product referred to in paragraph 1 shall be subject to the provision of a security, equivalent to the amount of the provisional duty.

4. Unless otherwise specified, the provisions in force concerning customs duties shall apply.",,"[{""candidate_id"": ""q_ed937c64bc4f26c3ab3447eb"", ""question"": ""Under Commission Regulation (EC) No 194/2009, what provisional countervailing duty rates apply to biodiesel imports originating in the United States for Archer Daniels Midland Company compared with Cargill Inc.?"", ""answer"": ""Archer Daniels Midland Company, Decatur237,0A933Cargill Inc., Wayzata213,8A934"", ""verifier 4__total_40"": ""29"", ""verifier 4__grounding_5"": ""4"", ""verifier 4__audit_status"": ""blocking"", ""verifier 4__faithfulness_reason"": ""The candidate correctly identifies and compares the provisional countervailing duty rates for both Archer Daniels Midland Company and Cargill Inc. from Article 1(2). The continuous span captures both entries accurately with their corresponding TARIC additional codes, though it omits the column header specifying the unit (EUR per tonne net). All numerical values and codes are faithfully preserved from the source table."", ""verifier 4__quality_reason"": ""search_realism: The underlying comparative question regarding company-specific provisional countervailing duty rates is plausible, but relying on a formal act citation in the question text makes the retrieval need artificial rather than an organic subject-matter query.\nanchoring_and_time: Even when setting aside the prohibited citation, the query supplies sufficient substantive anchoring by identifying the product (biodiesel imports), country of origin (United States), provisional countervailing duty context, and the specific companies being compared.\nconsequence: The extracted answer span captures the company names, numbers, and TARIC codes, but cuts off the essential unit of measurement ('EUR per tonne net') appearing in the table header, leaving the numerical values without their required unit and denominator.\nlexical_distance: Successfully synthesizes elements from paragraphs 1 and 2 (product, origin, duty type, and specific producers) into a smooth comparative question rather than copying boilerplate scaffolding.\nlinguistic_quality: Clear, grammatically correct, and natural English phrasing throughout."", ""verifier 4__audit_reason"": ""mode: The question contains a formal target act identifier ('Commission Regulation (EC) No 194/2009'), violating the standalone locator policy for comparison mode.\nsupport: The answer span cuts off the table header containing the essential unit of measurement ('EUR per tonne net'), leaving the duty rates without their necessary monetary unit and denominator.""}]"
eurlex,32010R0257,http://data.europa.eu/eli/reg/2010/257/art_2/oj,32010R0257,fact_pattern,0.79,True,False,30.0,selected_without_passing_candidate,"Definitions

For the purposes of this Regulation, the following definitions shall apply:

(a)
‘approved food additive’ means a food additive authorised before 20 January 2009 and listed in Directive 94/35/EC of the European Parliament and of the Council of 30 June 1994 on sweeteners for use in foodstuffs, Directive 94/36/EC of the European Parliament and of the Council of 30 June 1994 on colours for use in foodstuffs or in Directive 95/2/EC of the European Parliament and of the Council of 20 February 1995 on food additives other than colours and sweeteners;

(b)
‘business operator’ means any natural or legal person responsible for ensuring that the requirements of Regulation (EC) No 1333/2008 are met within the food business under its control;

(c)
‘interested business operator’ means a business operator interested in the continuity of the authorisation of one or more approved food additives;

(d)
‘original dossier’ means a dossier on the basis of which the food additive was evaluated and permitted for use in food before 20 January 2009.",,"[{""candidate_id"": ""q_4d4fc7d83fac6e29622be1e8"", ""question"": ""A food-business company is responsible for ensuring that Regulation (EC) No 1333/2008 is complied with within the food business it controls. What is that company under the food-additive re-evaluation programme?"", ""answer"": ""‘business operator’ means any natural or legal person responsible for ensuring that the requirements of Regulation (EC) No 1333/2008 are met within the food business under its control"", ""verifier 4__total_40"": ""30"", ""verifier 4__grounding_5"": ""4"", ""verifier 4__audit_status"": ""repair"", ""verifier 4__faithfulness_reason"": ""The question presents a direct application of the statutory definition in Article 2(b), and the extracted answer provides the exact contiguous definition of 'business operator' along with the correctly cited Regulation (EC) No 1333/2008."", ""verifier 4__quality_reason"": ""situation: Sets up a serviceable classification task asking for the regulatory status of a company under the programme, though it is essentially a direct factual rephrasing of the statutory definition.\nregime_fixing: Fixes the legal domain accurately via reference to the food-additive re-evaluation programme and Regulation (EC) No 1333/2008 without citing the target regulation.\nterminology_and_distance: Noticeable syntactic mirroring and verbatim lifting from Article 2(b) ('responsible for ensuring that... within the food business... control').\nfocus: Well-bounded, asking for a single status classification.\nlinguistic_quality: Grammatically correct, natural, and clear English."", ""verifier 4__audit_reason"": ""metadata: particular 'a food-business company' does not match the question text case-sensitively ('A food-business company').""}, {""candidate_id"": ""q_e782fa8c3530aa6306f5f850"", ""question"": ""A dossier was used to evaluate a food additive and permit it for use in food before 20 January 2009. How is that dossier classified under the food-additive re-evaluation programme?"", ""answer"": ""‘original dossier’ means a dossier on the basis of which the food additive was evaluated and permitted for use in food before 20 January 2009"", ""verifier 4__total_40"": ""30"", ""verifier 4__grounding_5"": ""4"", ""verifier 4__audit_status"": ""repair"", ""verifier 4__faithfulness_reason"": ""The question asks for the classification of a dossier matching the criteria of Article 2(d), and the extract reproduces the complete, contiguous definition of 'original dossier' with the exact date (20 January 2009) fully preserved."", ""verifier 4__quality_reason"": ""situation: A usable classification scenario asking how a specific historical dossier is categorized under the programme, closely following the definition's criteria.\nregime_fixing: Sufficiently grounds the regime via the substantive reference to the food-additive re-evaluation programme and pre-2009 authorization context.\nterminology_and_distance: Heavily borrows phrasing directly from Article 2(d) ('evaluate a food additive and permit it for use in food before 20 January 2009').\nfocus: Sharp and unified single classification ask.\nlinguistic_quality: Fluent, standard, and natural legal English."", ""verifier 4__audit_reason"": ""metadata: particular 'a dossier' does not match the question text case-sensitively ('A dossier').""}]"
eurlex,32010R0257,http://data.europa.eu/eli/reg/2010/257/art_2/oj,32010R0257,conceptual,0.64,True,False,,selected_without_passing_candidate,"Definitions

For the purposes of this Regulation, the following definitions shall apply:

(a)
‘approved food additive’ means a food additive authorised before 20 January 2009 and listed in Directive 94/35/EC of the European Parliament and of the Council of 30 June 1994 on sweeteners for use in foodstuffs, Directive 94/36/EC of the European Parliament and of the Council of 30 June 1994 on colours for use in foodstuffs or in Directive 95/2/EC of the European Parliament and of the Council of 20 February 1995 on food additives other than colours and sweeteners;

(b)
‘business operator’ means any natural or legal person responsible for ensuring that the requirements of Regulation (EC) No 1333/2008 are met within the food business under its control;

(c)
‘interested business operator’ means a business operator interested in the continuity of the authorisation of one or more approved food additives;

(d)
‘original dossier’ means a dossier on the basis of which the food additive was evaluated and permitted for use in food before 20 January 2009.","The article contains only standalone definitions, which support lookup or comparison rather than a conceptual relationship.",[]
eurlex,32011R0349,http://data.europa.eu/eli/reg/2011/349/art_1/oj,32011R0349,fact_pattern,0.88,True,False,29.0,selected_without_passing_candidate,"Definitions

For the purpose of this Regulation, the following definitions shall apply:

(a)
‘accident at work’ means a discrete occurrence in the course of work which leads to physical or mental harm. The phrase ‘in the course of work’ means whilst engaged in an occupational activity or during the time spent at work. This includes road traffic accidents that occur in the course of work but excludes commuting accidents, i.e. road accidents that occur during the journey between home and the workplace;

(b)
‘a fatal accident’ means an accident which leads to the death of a victim within 1 year of the accident;

(c)
‘economic activity of the employer’ covers the main ‘economic’ activity of the local unit of the enterprise of the victim;

(d)
‘age’ means the age of the victim at the time of the accident;

(e)
‘type of injury’ means the physical consequences for the victim;

(f)
‘geographical location’ means the territorial unit where the accident has occurred;

(g)
‘size of the enterprise’ means the number of employees (full-time equivalent) working at the local unit of the enterprise of the victim;

(h)
‘nationality of the victim’ means the country of citizenship;

(i)
‘days lost’ means the number of calendar days during which the victim is unfit for work as a result of an accident at work;

(j)
‘workstation’ means the usual or, alternatively, occasional nature of the place/post occupied by the victim at the time of the accident;

(k)
‘working environment’ means the workplace, work premises or general environment where the accident happened;

(l)
‘working process’ means the main type of work or task (general activity) being performed by the victim at the time of the accident;

(m)
‘specific physical activity’ means the victim’s exact physical activity at the instant of the accident;

(n)
‘material agent associated with the specific physical activity’ means the tool, object or instrument being used by the victim when the accident happened;

(o)
‘deviation’ means the last event deviating from normality and leading to the accident;

(p)
‘material agent associated with the deviation’ means the tool, object or instrument involved in the abnormal event;

(q)
‘contact — mode of injury’ means how the victim was hurt (physical or mental trauma) by the material agent that caused the injury;

(r)
‘material agent associated with the contact — mode of injury’ means the object, tool or instrument with which the victim came into contact or the psychological mode of injury.",,"[{""candidate_id"": ""q_2982a272b09e421795b0ebe8"", ""question"": ""A national statistics authority is recording an accident in which the victim died 11 months later. What is a “fatal accident” under the EU accident-at-work statistics rules?"", ""answer"": ""‘a fatal accident’ means an accident which leads to the death of a victim within 1 year of the accident"", ""verifier 4__total_40"": ""29"", ""verifier 4__grounding_5"": ""4"", ""verifier 4__audit_status"": ""blocking"", ""verifier 4__faithfulness_reason"": ""Article 1(b) directly defines 'a fatal accident' with the 1-year temporal threshold relevant to the hypothetical scenario. The span is continuous and fully resolves the prompt. The temporal limit of 1 year is reproduced accurately."", ""verifier 4__quality_reason"": ""situation: The candidate matches the explicit negative example in the rubric: setting up a victim who died 11 months later, but then asking for the general definition of 'fatal accident' rather than applying the threshold to the facts. Capped at 2.\nregime_fixing: Fixes the legal setting to national statistical recording under EU accident-at-work statistics rules.\nterminology_and_distance: Constructs an 11-month scenario against the 1-year rule, but ends with a generic abstract definitional query.\nfocus: Presents a tightly focused query asking for a single statutory term.\nlinguistic_quality: Fluent, idiomatic, and grammatically correct."", ""verifier 4__audit_reason"": ""mode: The specific fact (victim died 11 months later) is decorative because the question asks for the abstract general definition of 'fatal accident' instead of resolving the classification of the incident.""}, {""candidate_id"": ""q_4e82997c00de2e80e19ffd25"", ""question"": ""A private employer is classifying a road crash that occurred while an employee travelled between home and the workplace for EU accident-at-work statistics. What does “accident at work” mean?"", ""answer"": ""‘accident at work’ means a discrete occurrence in the course of work which leads to physical or mental harm. The phrase ‘in the course of work’ means whilst engaged in an occupational activity or during the time spent at work. This includes road traffic accidents that occur in the course of work but excludes commuting accidents, i.e. road accidents that occur during the journey between home and the workplace"", ""verifier 4__total_40"": ""29"", ""verifier 4__grounding_5"": ""4"", ""verifier 4__audit_status"": ""blocking"", ""verifier 4__faithfulness_reason"": ""The definition of 'accident at work' in Article 1(a) directly addresses the scenario by defining the general concept and explicitly excluding commuting accidents between home and the workplace. The span is exact and concise. Numerical fidelity not applicable; 4 is a compatibility value."", ""verifier 4__quality_reason"": ""situation: The question constructs a concrete scenario (an employee travelling between home and the workplace), but abandons it in the final ask, which reverts to an unchanged general definition lookup ('What does “accident at work” mean?'). Under the fact_pattern contract, this caps situation at 2.\nregime_fixing: Specifies a private employer classifying incidents for EU accident-at-work statistics, adequately anchoring the legal domain without naming the specific regulation.\nterminology_and_distance: Lifts the phrasing 'journey between home and the workplace' almost verbatim into the scenario and ends in a standard definitional prompt.\nfocus: Maintains a single, well-bounded informational objective targeting the definition of an accident at work.\nlinguistic_quality: Grammatically sound, natural, and clear English prose."", ""verifier 4__audit_reason"": ""mode: The candidate introduces a factual scenario but concludes with an unchanged general definition lookup ('What does “accident at work” mean?'), failing the final-ask application requirement for fact_pattern.""}, {""candidate_id"": ""q_af38794f1a582eff8f73b9bb"", ""question"": ""An employer is completing an EU accident-at-work statistics file for a victim who was unfit for work for 12 calendar days because of the accident. What do “days lost” mean?"", ""answer"": ""‘days lost’ means the number of calendar days during which the victim is unfit for work as a result of an accident at work"", ""verifier 4__total_40"": ""29"", ""verifier 4__grounding_5"": ""4"", ""verifier 4__audit_status"": ""blocking"", ""verifier 4__faithfulness_reason"": ""Article 1(i) fully supports the definition of 'days lost' as calendar days of unfitness resulting from an accident at work. The span is exact and concise without superfluous text. Numerical fidelity not applicable; 4 is a compatibility value."", ""verifier 4__quality_reason"": ""situation: Directly exhibits the contrast example in the rubric: specifying 12 calendar days of incapacity, but concluding with an abstract definitional lookup ('What do “days lost” mean?'), leaving the fact unused. Capped at 2.\nregime_fixing: Properly identifies an employer completing an EU accident-at-work statistics file.\nterminology_and_distance: Borrows 'calendar days' and 'unfit for work' directly from the definition to build the scenario, followed by a verbatim term inquiry.\nfocus: Clear, single-intent definitional request.\nlinguistic_quality: Natural, polished, and free of grammatical defects."", ""verifier 4__audit_reason"": ""mode: The factual detail of 12 calendar days is purely ornamental; the question ends in an unchanged general definition request ('What do “days lost” mean?') rather than an applied classification.""}]"
eurlex,32011R0349,http://data.europa.eu/eli/reg/2011/349/art_1/oj,32011R0349,conceptual,0.54,True,False,29.0,selected_without_passing_candidate,"Definitions

For the purpose of this Regulation, the following definitions shall apply:

(a)
‘accident at work’ means a discrete occurrence in the course of work which leads to physical or mental harm. The phrase ‘in the course of work’ means whilst engaged in an occupational activity or during the time spent at work. This includes road traffic accidents that occur in the course of work but excludes commuting accidents, i.e. road accidents that occur during the journey between home and the workplace;

(b)
‘a fatal accident’ means an accident which leads to the death of a victim within 1 year of the accident;

(c)
‘economic activity of the employer’ covers the main ‘economic’ activity of the local unit of the enterprise of the victim;

(d)
‘age’ means the age of the victim at the time of the accident;

(e)
‘type of injury’ means the physical consequences for the victim;

(f)
‘geographical location’ means the territorial unit where the accident has occurred;

(g)
‘size of the enterprise’ means the number of employees (full-time equivalent) working at the local unit of the enterprise of the victim;

(h)
‘nationality of the victim’ means the country of citizenship;

(i)
‘days lost’ means the number of calendar days during which the victim is unfit for work as a result of an accident at work;

(j)
‘workstation’ means the usual or, alternatively, occasional nature of the place/post occupied by the victim at the time of the accident;

(k)
‘working environment’ means the workplace, work premises or general environment where the accident happened;

(l)
‘working process’ means the main type of work or task (general activity) being performed by the victim at the time of the accident;

(m)
‘specific physical activity’ means the victim’s exact physical activity at the instant of the accident;

(n)
‘material agent associated with the specific physical activity’ means the tool, object or instrument being used by the victim when the accident happened;

(o)
‘deviation’ means the last event deviating from normality and leading to the accident;

(p)
‘material agent associated with the deviation’ means the tool, object or instrument involved in the abnormal event;

(q)
‘contact — mode of injury’ means how the victim was hurt (physical or mental trauma) by the material agent that caused the injury;

(r)
‘material agent associated with the contact — mode of injury’ means the object, tool or instrument with which the victim came into contact or the psychological mode of injury.",,"[{""candidate_id"": ""q_0fce362c477a89a04da34a05"", ""question"": ""How does the EU framework for statistics on accidents at work distinguish accidents occurring in the course of work from commuting accidents?"", ""answer"": ""‘accident at work’ means a discrete occurrence in the course of work which leads to physical or mental harm. The phrase ‘in the course of work’ means whilst engaged in an occupational activity or during the time spent at work. This includes road traffic accidents that occur in the course of work but excludes commuting accidents, i.e. road accidents that occur during the journey between home and the workplace;"", ""verifier 4__total_40"": ""29"", ""verifier 4__grounding_5"": ""4"", ""verifier 4__audit_status"": ""blocking"", ""verifier 4__faithfulness_reason"": ""The answer quotes Article 1(a) verbatim, fully resolving the distinction between accidents occurring in the course of work and commuting accidents. The introductory definition of accident at work is harmless context that does not impair precision. Numerical fidelity not applicable; 4 is a compatibility value."", ""verifier 4__quality_reason"": ""search_realism: The query asks how the legal framework distinguishes between two categories ('distinguish accidents occurring in the course of work from commuting accidents'), which is an actual two-sided distinction belonging to comparison mode rather than a conceptual situation or mechanism, and addresses an isolated definition from Article 1(a); capped at 2 under the mode contract.\nanchoring_and_time: Effectively anchors the substantive regime ('EU framework for statistics on accidents at work') without relying on prohibited formal identifiers or article numbers.\nconsequence: The quoted passage resolves the distinction by specifying that 'in the course of work' covers occupational activity or time spent at work (including road traffic accidents then) while explicitly excluding commuting accidents between home and work, though the opening definition sentence is slight extraneous prefix text.\nlexical_distance: Adequately framed into a comparative question, but retains the core descriptive clusters from the definition ('in the course of work', 'commuting accidents', 'statistics on accidents at work').\nlinguistic_quality: Grammatically correct, natural, and clearly formulated English prose."", ""verifier 4__audit_reason"": ""mode: The question asks for an actual two-sided distinction ('distinguish accidents occurring in the course of work from commuting accidents') and targets an isolated definition from Article 1(a), violating the conceptual mode contract which excludes isolated definition lookups and assigns actual two-sided distinctions to comparison mode.""}]"
eurlex,32011R0349,http://data.europa.eu/eli/reg/2011/349/art_1/oj,32011R0349,comparison,0.69,True,False,32.0,selected_without_passing_candidate,"Definitions

For the purpose of this Regulation, the following definitions shall apply:

(a)
‘accident at work’ means a discrete occurrence in the course of work which leads to physical or mental harm. The phrase ‘in the course of work’ means whilst engaged in an occupational activity or during the time spent at work. This includes road traffic accidents that occur in the course of work but excludes commuting accidents, i.e. road accidents that occur during the journey between home and the workplace;

(b)
‘a fatal accident’ means an accident which leads to the death of a victim within 1 year of the accident;

(c)
‘economic activity of the employer’ covers the main ‘economic’ activity of the local unit of the enterprise of the victim;

(d)
‘age’ means the age of the victim at the time of the accident;

(e)
‘type of injury’ means the physical consequences for the victim;

(f)
‘geographical location’ means the territorial unit where the accident has occurred;

(g)
‘size of the enterprise’ means the number of employees (full-time equivalent) working at the local unit of the enterprise of the victim;

(h)
‘nationality of the victim’ means the country of citizenship;

(i)
‘days lost’ means the number of calendar days during which the victim is unfit for work as a result of an accident at work;

(j)
‘workstation’ means the usual or, alternatively, occasional nature of the place/post occupied by the victim at the time of the accident;

(k)
‘working environment’ means the workplace, work premises or general environment where the accident happened;

(l)
‘working process’ means the main type of work or task (general activity) being performed by the victim at the time of the accident;

(m)
‘specific physical activity’ means the victim’s exact physical activity at the instant of the accident;

(n)
‘material agent associated with the specific physical activity’ means the tool, object or instrument being used by the victim when the accident happened;

(o)
‘deviation’ means the last event deviating from normality and leading to the accident;

(p)
‘material agent associated with the deviation’ means the tool, object or instrument involved in the abnormal event;

(q)
‘contact — mode of injury’ means how the victim was hurt (physical or mental trauma) by the material agent that caused the injury;

(r)
‘material agent associated with the contact — mode of injury’ means the object, tool or instrument with which the victim came into contact or the psychological mode of injury.",,"[{""candidate_id"": ""q_fcd70ac962ed9f7c2db85c03"", ""question"": ""Under EU statistics rules on accidents at work, how do the definitions of an accident at work and a fatal accident differ in the harm required?"", ""answer"": ""‘accident at work’ means a discrete occurrence in the course of work which leads to physical or mental harm. The phrase ‘in the course of work’ means whilst engaged in an occupational activity or during the time spent at work. This includes road traffic accidents that occur in the course of work but excludes commuting accidents, i.e. road accidents that occur during the journey between home and the workplace;\n\n‘a fatal accident’ means an accident which leads to the death of a victim within 1 year of the accident;"", ""verifier 4__total_40"": ""32"", ""verifier 4__grounding_5"": ""4"", ""verifier 4__audit_status"": ""review"", ""verifier 4__faithfulness_reason"": ""The candidate accurately establishes the comparison between an accident at work (physical or mental harm) and a fatal accident (death within 1 year) using adjacent points (a) and (b) of Article 1. The intervening text in point (a) cannot be removed under the single continuous span rule, and the temporal figure '1 year' is accurately preserved."", ""verifier 4__quality_reason"": ""search_realism: A realistic practitioner query comparing two related statistical definitions under the same regime.\nanchoring_and_time: The regime context 'EU statistics rules on accidents at work' properly identifies the subject matter without using prohibited formal locators.\nconsequence: The continuous extract fully covers the definitions of both terms, directly answering what harm is required for an accident at work (physical or mental harm) versus a fatal accident (death within 1 year).\nlexical_distance: The question effectively reformulates the inquiry around 'the harm required' rather than copying phrasing from the introductory clause.\nlinguistic_quality: Clear, concise, and grammatically standard English."", ""verifier 4__audit_reason"": ""metadata: Structural paragraph markers '(a)' and '(b)' were omitted from the extracted text without an explicit representation normalization declaration, though all substantive text is continuous and intact.""}]"
eurlex,32013R0575,http://data.europa.eu/eli/reg/2013/575/art_435/oj,32013R0575,comparison,0.37,False,True,32.0,missed_passing_mode,"Risk management objectives and policies

1. Institutions shall disclose their risk management objectives and policies for each separate category of risk, including the risks referred to under this Title. These disclosures shall include:

(a)
the strategies and processes to manage those risks;

(b)
the structure and organisation of the relevant risk management function including information on its authority and statute, or other appropriate arrangements;

(c)
the scope and nature of risk reporting and measurement systems;

(d)
the policies for hedging and mitigating risk, and the strategies and processes for monitoring the continuing effectiveness of hedges and mitigants;

(e)
a declaration approved by the management body on the adequacy of risk management arrangements of the institution providing assurance that the risk management systems put in place are adequate with regard to the institution's profile and strategy;

(f)
a concise risk statement approved by the management body succinctly describing the institution's overall risk profile associated with the business strategy. This statement shall include key ratios and figures providing external stakeholders with a comprehensive view of the institution's management of risk, including how the risk profile of the institution interacts with the risk tolerance set by the management body.

2. Institutions shall disclose the following information, including regular, at least annual updates, regarding governance arrangements:

(a)
the number of directorships held by members of the management body;

(b)
the recruitment policy for the selection of members of the management body and their actual knowledge, skills and expertise;

(c)
the policy on diversity with regard to selection of members of the management body, its objectives and any relevant targets set out in that policy, and the extent to which these objectives and targets have been achieved;

(d)
whether or not the institution has set up a separate risk committee and the number of times the risk committee has met;

(e)
the description of the information flow on risk to the management body.",,"[{""candidate_id"": ""q_a77240b7fba0a71ffa88a558"", ""question"": ""Under EU prudential disclosure rules for institutions, what governance-arrangement information must be disclosed about management-body diversity compared with the risk committee?"", ""answer"": ""(c)\nthe policy on diversity with regard to selection of members of the management body, its objectives and any relevant targets set out in that policy, and the extent to which these objectives and targets have been achieved;\n\n(d)\nwhether or not the institution has set up a separate risk committee and the number of times the risk committee has met;"", ""verifier 4__total_40"": ""32"", ""verifier 4__grounding_5"": ""4"", ""verifier 4__audit_status"": ""clear"", ""verifier 4__faithfulness_reason"": ""The question asks for the required governance-arrangement disclosures concerning management-body diversity compared to the risk committee, which are directly established by Article 435(2)(c) and (d). The answer provides a clean contiguous span containing precisely both required elements without irrelevant points. Numerical fidelity not applicable; 4 is a compatibility value."", ""verifier 4__quality_reason"": ""search_realism: The query reflects a practical compliance question comparing the specific disclosure items required for two distinct governance areas under institutional disclosure rules.\nanchoring_and_time: The regime is clearly anchored via 'EU prudential disclosure rules for institutions' and 'governance-arrangement information' without relying on forbidden article or act locators.\nconsequence: The continuous extract from Article 435(2) fully answers the comparative disclosure requirements for both diversity in the management body and the risk committee.\nlexical_distance: The question naturally synthesizes the comparative frame and integrates terms from the legal text without copying excessive structural scaffolding.\nlinguistic_quality: The phrasing is grammatically sound, clear, and professionally drafted in standard legal English."", ""verifier 4__audit_reason"": ""No problems reported.""}]"
eurlex,32012R0520,http://data.europa.eu/eli/reg_impl/2012/520/art_8/oj,32012R0520,fact_pattern,0.8,True,False,28.0,selected_without_passing_candidate,"Quality system

1. Marketing authorisation holders, the national competent authorities and the Agency shall establish and use a quality system that is adequate and effective for the performance of their pharmacovigilance activities.

2. The quality system shall cover organisational structure, responsibilities, procedures, processes and resources, appropriate resource management, compliance management and record management.

3. The quality system shall be based on all of the following activities:

(a)
quality planning: establishing structures and planning integrated and consistent processes;

(b)
quality adherence: carrying out tasks and responsibilities in accordance with quality requirements;

(c)
quality control and assurance: monitoring and evaluating how effectively the structures and processes have been established and how effectively the processes are being carried out;

(d)
quality improvements: correcting and improving the structures and processes where necessary.

4. All elements, requirements and provisions adopted for the quality system shall be documented in a systematic and orderly manner in the form of written policies and procedures, such as quality plans, quality manuals and quality records.

5. All persons involved in the procedures and processes of the quality systems established by the national competent authorities and the Agency for the performance of pharmacovigilance activities shall be responsible for the good functioning of those quality systems and shall ensure a systematic approach towards quality and towards the implementation and maintenance of the quality system.",,"[{""candidate_id"": ""q_fee2eaee0149b11fb9b42a8d"", ""question"": ""A national competent authority's staff are involved in pharmacovigilance procedures and processes but do not take responsibility for the functioning of its quality system. What responsibility applies to those persons?"", ""answer"": ""All persons involved in the procedures and processes of the quality systems established by the national competent authorities and the Agency for the performance of pharmacovigilance activities shall be responsible for the good functioning of those quality systems and shall ensure a systematic approach towards quality and towards the implementation and maintenance of the quality system."", ""verifier 4__total_40"": ""28"", ""verifier 4__grounding_5"": ""4"", ""verifier 4__audit_status"": ""blocking"", ""verifier 4__faithfulness_reason"": ""The answer directly and accurately resolves the question by quoting Article 8(5), establishing the statutory responsibilities governing staff involved in the quality system procedures of national competent authorities. The extracted text is concise, fully contiguous, and properly bounded. Numerical fidelity not applicable; 4 is a compatibility value."", ""verifier 4__quality_reason"": ""situation: The scenario operates as a case wrapper preceding an unchanged general obligation inquiry ('What responsibility applies to those persons?') rather than requiring an applied classification or concrete compliance determination.\nregime_fixing: Specifying a national competent authority's staff involved in pharmacovigilance procedures and processes adequately fixes the regulatory setting without citing the instrument.\nterminology_and_distance: Stipulating that staff 'do not take responsibility for the functioning of its quality system' substantially discloses the substantive statutory duty ('responsible for the good functioning of those quality systems') directly in the premise.\nfocus: The informational ask is singular, targeted, and clearly bounded to the legal responsibilities of the specified personnel.\nlinguistic_quality: The sentence structure and legal phrasing are grammatically sound, natural, and clear."", ""verifier 4__audit_reason"": ""mode: The question uses a narrative wrapper that ends in a general obligation lookup rather than an applied legal task, while simultaneously leaking the core obligation into the fact pattern.""}]"
eurlex,32012R0520,http://data.europa.eu/eli/reg_impl/2012/520/art_8/oj,32012R0520,comparison,0.37,False,True,30.0,missed_passing_mode,"Quality system

1. Marketing authorisation holders, the national competent authorities and the Agency shall establish and use a quality system that is adequate and effective for the performance of their pharmacovigilance activities.

2. The quality system shall cover organisational structure, responsibilities, procedures, processes and resources, appropriate resource management, compliance management and record management.

3. The quality system shall be based on all of the following activities:

(a)
quality planning: establishing structures and planning integrated and consistent processes;

(b)
quality adherence: carrying out tasks and responsibilities in accordance with quality requirements;

(c)
quality control and assurance: monitoring and evaluating how effectively the structures and processes have been established and how effectively the processes are being carried out;

(d)
quality improvements: correcting and improving the structures and processes where necessary.

4. All elements, requirements and provisions adopted for the quality system shall be documented in a systematic and orderly manner in the form of written policies and procedures, such as quality plans, quality manuals and quality records.

5. All persons involved in the procedures and processes of the quality systems established by the national competent authorities and the Agency for the performance of pharmacovigilance activities shall be responsible for the good functioning of those quality systems and shall ensure a systematic approach towards quality and towards the implementation and maintenance of the quality system.",,"[{""candidate_id"": ""q_19fc405e68509be088b0b96a"", ""question"": ""Under EU pharmacovigilance rules, must marketing authorisation holders and national competent authorities establish and use an adequate and effective quality system for their pharmacovigilance activities?"", ""answer"": ""Marketing authorisation holders, the national competent authorities and the Agency shall establish and use a quality system that is adequate and effective for the performance of their pharmacovigilance activities."", ""verifier 4__total_40"": ""30"", ""verifier 4__grounding_5"": ""4"", ""verifier 4__audit_status"": ""clear"", ""verifier 4__faithfulness_reason"": ""The answer directly extracts Article 8(1), which fully establishes the shared obligation for both marketing authorisation holders and national competent authorities to establish and use an adequate and effective quality system. The text is accurate, concise, and complete. Numerical fidelity not applicable; 4 is a compatibility value."", ""verifier 4__quality_reason"": ""search_realism: The query investigates whether an operational requirement applies equally to both commercial and regulatory actors under EU pharmacovigilance rules. While valid as a shared-obligation inquiry, framing it as a direct verification of a near-verbatim regulatory clause makes it feel somewhat constructed around the source sentence rather than stemming from an independent compliance workflow.\nanchoring_and_time: Framing the question under 'EU pharmacovigilance rules' correctly establishes the substantive regime and actor scope without relying on prohibited act citations or locators.\nconsequence: The continuous quotation of Article 8(1) directly and completely resolves the shared obligation, confirming that both marketing authorisation holders and national competent authorities are subject to the requirement to establish and use an adequate and effective quality system.\nlexical_distance: The query condenses the source's relative clause ('a quality system that is adequate and effective for the performance of their pharmacovigilance activities' into 'an adequate and effective quality system for their pharmacovigilance activities'), but otherwise tracks the source predicate closely ('establish and use ... quality system ... pharmacovigilance activities').\nlinguistic_quality: Clear, grammatically sound, and idiomatic legal English with proper syntax and natural phrasing."", ""verifier 4__audit_reason"": ""No problems reported.""}]"
un,1998/s/1998/927,1998/s/1998/927#3,S/1998/927,conceptual,0.91,True,False,26.0,selected_without_passing_candidate,"(a) Iraq will continue to facilitate OMV inspections at sites for which it routinely provides declarations under the OMV plan;
(b) Iraq will continue to allow IAEA access to locations for the purpose of collecting environmental samples or carrying out radiation surveys;
(c) Iraq will not permit access to capable sites or indeed to any sites other than those for which Iraq routinely provides declarations under the OMV plan;b
(d) Iraq will not cooperate in any activity involving investigation of its clandestine nuclear programme.
6. The Agency's OMV plan, which Iraq formally accepted on 26 November 1993, obliges Iraq to accept unconditionally all of the rights of IAEA enumerated in the plan. The rights include full and free access at any time to all sites, facilities, areas, locations, activities, materials and other items, including documentation, and to all persons and all information that, in the Agency's judgement, may be necessary for its OMV activities.
As a consequence, IAEA is unable, through capable site inspections, to ensure that prohibited activities are not being carried out in Iraq, free from the risk of detection through direct inspection measures.
Iraq's refusal to address any matters related to its clandestine nuclear programme constitutes a further limitation of the Agency's right of full and free access, specifically to information.",,"[{""candidate_id"": ""q_2cb42b90802f605cf0a77e0d"", ""question"": ""Why did the IAEA say its ongoing monitoring and verification inspections in Iraq could not ensure that prohibited activities would be detected in October 1998?"", ""answer"": ""The Agency's OMV plan, which Iraq formally accepted on 26 November 1993, obliges Iraq to accept unconditionally all of the rights of IAEA enumerated in the plan. The rights include full and free access at any time to all sites, facilities, areas, locations, activities, materials and other items, including documentation, and to all persons and all information that, in the Agency's judgement, may be necessary for its OMV activities.\nAs a consequence, IAEA is unable, through capable site inspections, to ensure that prohibited activities are not being carried out in Iraq, free from the risk of detection through direct inspection measures.\nIraq's refusal to address any matters related to its clandestine nuclear programme constitutes a further limitation of the Agency's right of full and free access, specifically to information."", ""verifier 4__total_40"": ""26"", ""verifier 4__grounding_5"": ""2"", ""verifier 4__audit_status"": ""blocking"", ""verifier 4__faithfulness_reason"": ""The question asks why the IAEA could not ensure prohibited activities would be detected through inspections, but the extracted span cuts off item (c) ('Iraq will not permit access to capable sites...'). Consequently, the extracted text leaves 'As a consequence' detached from its actual cause, omitting the decisive explanation and creating a misleading causal link from the plan's obligations. The date 26 November 1993 is reproduced accurately."", ""verifier 4__quality_reason"": ""search_realism: Presents a realistic, well-motivated practitioner information need investigating the substantive rationale behind verification limitations reported by the IAEA.\nanchoring_and_time: Successfully fixes the institutional actor (IAEA), substantive framework (ongoing monitoring and verification), jurisdiction (Iraq), and timeframe (October 1998) without relying on formal document symbols or locators.\nconsequence: Capped at 2 due to support failure: the extracted span omits the critical antecedent in subparagraph (c) ('Iraq will not permit access to capable sites...'), leaving the clause 'As a consequence' detached from the actual restriction and failing to explain why capable site inspections were compromised.\nlexical_distance: Effectively reformulates the source text into an autonomous question while preserving necessary specialized terms.\nlinguistic_quality: Clear, grammatically correct, and natural professional English."", ""verifier 4__audit_reason"": ""support: The answer span omits subparagraph (c) ('Iraq will not permit access to capable sites or indeed to any sites other than those for which Iraq routinely provides declarations under the OMV plan'), leaving 'As a consequence' without its causal premise and leaving the core 'why' question unresolved.""}]"
un,1999/a/54/pv_76,1999/a/54/pv_76#9,A/54/PV.76,practitioner,0.85,True,False,27.0,selected_without_passing_candidate,"It would also request the Special Committee to continue to consider, on a priority basis, the question of the implementation of the provisions of the Charter of the United Nations related to assistance to third States affected by the application of sanctions imposed under Chapter VII of the Charter.
The Assembly would further request the Special Committee to continue its work on the question of the peaceful settlement of disputes between States, to continue to consider proposals concerning the Trusteeship Council and to continue to consider, on a priority basis, ways and means to improve its working methods and enhance its efficiency.
It would also commend the Secretary-General for his continued efforts to reduce the backlog in the publication of the Repertory of Practice of United Nations Organs and endorse his efforts to eliminate the backlog in the publication of the Repertoire of the Practice of the Security Council.
The Assembly would further decide to transmit the report of the Secretary-General to the Economic and Social Council at its substantive session in 2000.",,"[{""candidate_id"": ""q_05ff67310f3f73fbdb0eec1d"", ""question"": ""Under the Sixth Committee's proposed action on assistance to third States affected by sanctions imposed under Chapter VII, what would the General Assembly request the Special Committee to do?"", ""answer"": ""to continue to consider, on a priority basis, the question of the implementation of the provisions of the Charter of the United Nations related to assistance to third States affected by the application of sanctions imposed under Chapter VII of the Charter."", ""verifier 4__total_40"": ""27"", ""verifier 4__grounding_5"": ""4"", ""verifier 4__audit_status"": ""blocking"", ""verifier 4__faithfulness_reason"": ""The candidate directly answers the question using a verbatim contiguous excerpt from the target block without introducing extraneous text or unsupported claims. Chapter VII is accurately preserved."", ""verifier 4__quality_reason"": ""practitioner_realism: The query fails to present a practitioner task, actor, or practical circumstance, functioning entirely as an academic reading-comprehension lookup about the content of a draft resolution.\nanchoring_and_time: The substantive body and agenda item topic are recognizable, but the question lacks any session or temporal marker (such as the fifty-fourth session or 1999) to distinguish this recurring Charter Committee item.\nconsequence: The quoted text accurately and fully resolves the specific operative action requested of the Special Committee regarding assistance to third States.\ninformativeness: The question front-loads almost all the substantive subject-matter phrasing from the target clause, meaning the answer's incremental informational value is confined largely to the procedural instruction to continue considering the matter on a priority basis.\nlinguistic_quality: The question is formulated in clear, grammatical, and natural English."", ""verifier 4__audit_reason"": ""mode: The question contains no practitioner persona, practical circumstance, or operational task, presenting a pure reading-comprehension query rather than an applied UN practitioner need.""}, {""candidate_id"": ""q_329ece1bb08f9f2f79cbbaeb"", ""question"": ""In the Sixth Committee's proposed follow-up concerning the peaceful settlement of disputes between States, the Trusteeship Council and the Special Committee's efficiency, what would the General Assembly further request the Special Committee to do?"", ""answer"": ""to continue its work on the question of the peaceful settlement of disputes between States, to continue to consider proposals concerning the Trusteeship Council and to continue to consider, on a priority basis, ways and means to improve its working methods and enhance its efficiency."", ""verifier 4__total_40"": ""27"", ""verifier 4__grounding_5"": ""4"", ""verifier 4__audit_status"": ""blocking"", ""verifier 4__faithfulness_reason"": ""The answer accurately reflects all three requested elements from the target block in a concise, contiguous span. Numerical fidelity not applicable; 4 is a compatibility value."", ""verifier 4__quality_reason"": ""practitioner_realism: There is no operational setting, practitioner persona, or concrete mandate-execution task; the prompt is framed purely as a document-reading lookup.\nanchoring_and_time: The question specifies the Committee and the three distinct subject areas, but contains no temporal or session context to anchor this recurring reporting process.\nconsequence: The continuous extract directly answers what the General Assembly would further request regarding the three listed items.\ninformativeness: By enumerating all three substantive topics (peaceful settlement, Trusteeship Council, working methods/efficiency) directly in the question, the prompt leaves little unknown besides the connective operative verbs.\nlinguistic_quality: The phrasing is fluent, grammatically correct, and clearly structured."", ""verifier 4__audit_reason"": ""mode: The question lacks any practitioner persona, practical situation, or decision-making task, posing an abstract reading-comprehension question instead of an applied UN practitioner search need.""}]"
un,1999/a/54/pv_76,1999/a/54/pv_76#9,A/54/PV.76,claim_verification,0.9,True,False,32.0,selected_without_passing_candidate,"It would also request the Special Committee to continue to consider, on a priority basis, the question of the implementation of the provisions of the Charter of the United Nations related to assistance to third States affected by the application of sanctions imposed under Chapter VII of the Charter.
The Assembly would further request the Special Committee to continue its work on the question of the peaceful settlement of disputes between States, to continue to consider proposals concerning the Trusteeship Council and to continue to consider, on a priority basis, ways and means to improve its working methods and enhance its efficiency.
It would also commend the Secretary-General for his continued efforts to reduce the backlog in the publication of the Repertory of Practice of United Nations Organs and endorse his efforts to eliminate the backlog in the publication of the Repertoire of the Practice of the Security Council.
The Assembly would further decide to transmit the report of the Secretary-General to the Economic and Social Council at its substantive session in 2000.",,"[{""candidate_id"": ""q_33086f614bbbfcff33a37bd5"", ""question"": ""In the draft resolution on the Special Committee on the Charter of the United Nations, was the Committee asked to continue considering assistance to third States affected by Chapter VII sanctions as a priority?"", ""answer"": ""It would also request the Special Committee to continue to consider, on a priority basis, the question of the implementation of the provisions of the Charter of the United Nations related to assistance to third States affected by the application of sanctions imposed under Chapter VII of the Charter."", ""verifier 4__total_40"": ""32"", ""verifier 4__grounding_5"": ""4"", ""verifier 4__audit_status"": ""repair"", ""verifier 4__faithfulness_reason"": ""The claim is fully supported by the text, correctly identifying the request to the Special Committee to consider assistance to third States affected by Chapter VII sanctions on a priority basis. The excerpt is continuous, accurate, and cleanly delimited."", ""verifier 4__quality_reason"": ""search_realism: Presents a realistic, well-motivated verification need checking whether priority consideration was specifically mandated for third-State assistance under sanctions.\nanchoring_and_time: Properly fixes the context by identifying the draft resolution concerning the Special Committee on the Charter of the United Nations without relying on prohibited symbols or locators.\nconsequence: The selected passage fully and directly resolves the proposition, confirming the priority request for this specific topic.\nlexical_distance: Successfully reformulates the source language into natural checking syntax, condensing 'implementation of the provisions of the Charter... related to assistance to third States' into natural phrasing.\nlinguistic_quality: Grammatically sound, fluent, and precise legal English."", ""verifier 4__audit_reason"": ""metadata: The claim annotation ('the Committee was asked to continue considering assistance to third States affected by Chapter VII sanctions as a priority') is not an exact verbatim substring of the question, which uses interrogative word order ('was the Committee asked...').""}, {""candidate_id"": ""q_cad98df89040490633418455"", ""question"": ""Did the draft resolution provide for transmitting the Secretary-General's report to the Economic and Social Council at its substantive session in 2000?"", ""answer"": ""The Assembly would further decide to transmit the report of the Secretary-General to the Economic and Social Council at its substantive session in 2000."", ""verifier 4__total_40"": ""28"", ""verifier 4__grounding_5"": ""4"", ""verifier 4__audit_status"": ""repair"", ""verifier 4__faithfulness_reason"": ""The claim is fully supported by the final sentence of the target block, verifying the transmission of the Secretary-General's report to the Economic and Social Council in 2000. The date and institutional entities are faithfully preserved."", ""verifier 4__quality_reason"": ""search_realism: A serviceable verification inquiry, though detached from any specific framework or subject matter.\nanchoring_and_time: Lacks necessary context: refers vaguely to 'the draft resolution' and 'the Secretary-General's report' in a plenary meeting covering numerous agenda items and reports, making the target resolution unidentifiable without consulting the source text.\nconsequence: The continuous evidence span cleanly resolves the exact transmission date and recipient body stated in the query.\nlexical_distance: Adopts source scaffolding with only minimal word-order adjustments ('transmitting the Secretary-General's report' vs. 'transmit the report of the Secretary-General').\nlinguistic_quality: Grammatically correct and fluent English prose."", ""verifier 4__audit_reason"": ""metadata: The anchor annotation ('transmit the report of the Secretary-General to the Economic and Social Council') was extracted from the source passage and is not an exact substring of the question ('transmitting the Secretary-General's report to the Economic and Social Council').""}]"
un,2000/a/c_3/55/sr_30,2000/a/c_3/55/sr_30#11,A/C.3/55/SR.30,lookup,0.84,True,False,24.0,selected_without_passing_candidate,"29. The World Conference must analyse the situation of vulnerable groups, particularly indigenous peoples and migrants, and, taking into account indigenous traditions and customs, must strengthen action to guarantee access to justice.
It should also consider the issue of the human rights of migrants, who were being subjected to acts of xenophobia, in various parts of the world, without regard for their contribution to the society and economy of the host country.
30. The World Conference should make specific recommendations about the double discrimination still suffered by women, and should bear in mind other groups which also needed special attention, such as children, the disabled, the elderly, and persons suffering from HIV/AIDS.
31. Mrs. Romulus (Haiti) said that her delegation subscribed to the statements made by the representative of Antigua and Barbuda on behalf of the Caribbean Community and by Nigeria on behalf of the Group of 77 and China.
Her Government shared the concerns of the international community about the eradication of racism and related intolerance.
Since its founding in 1804, Haiti had instituted a tradition of racial tolerance, and that principle had been enshrined in the first Constitution.
Although the 1987 Constitution did not explicitly refer to racial discrimination, it did refer to the Universal Declaration of Human Rights and the first Constitution.",,"[{""candidate_id"": ""q_8d32b236d2aabeb7d3317c70"", ""question"": ""According to the fifty-fifth-session summary record of the General Assembly's Third Committee on the World Conference against Racism, what action should the World Conference take regarding vulnerable groups?"", ""answer"": ""analyse the situation of vulnerable groups, particularly indigenous peoples and migrants, and, taking into account indigenous traditions and customs, must strengthen action to guarantee access to justice"", ""verifier 4__total_40"": ""24"", ""verifier 4__grounding_5"": ""4"", ""verifier 4__audit_status"": ""blocking"", ""verifier 4__faithfulness_reason"": ""The answer accurately extracts the action required regarding vulnerable groups directly from paragraph 29 of the target text. Numerical fidelity not applicable; 4 is a compatibility value."", ""verifier 4__quality_reason"": ""practitioner_realism: In the context of a UN summary record covering general debate, framing an individual delegation's intervention as an authoritative institutional mandate on what a World Conference must do reflects poor practitioner grounding.\nanchoring: The base question omits the essential speaking actor (Mexico / Mrs. Monroy), failing to distinguish which delegation's statement in a multi-speaker summary record is being queried, triggering the mandatory ceiling.\ninformativeness: Capped at 2 due to the support failure regarding speaker attribution and status; the excerpt captures the actions proposed by Mexico, but the question misrepresents them as established conference obligations.\nconsequence: Capped at 2 due to support failure; the answer does not resolve what the Third Committee or the World Conference decided, only what a single delegation proposed.\nlinguistic_quality: Clear, grammatically correct, and natural English prose."", ""verifier 4__audit_reason"": ""support: Paragraph 29 is part of the statement delivered by the representative of Mexico (Mrs. Monroy), not an agreed conclusion or adopted mandate of the Third Committee. The question fails to preserve the speaker-attributed capacity.\nanchoring: The question omits the essential speaking actor (Mexico), making the base description insufficiently discriminatory across the diverse debate statements in SR.30.""}, {""candidate_id"": ""q_6321281fac05b77a86bda6bd"", ""question"": ""According to the fifty-fifth-session summary record of the General Assembly's Third Committee on the World Conference against Racism, what recommendations should the World Conference make concerning discrimination against women?"", ""answer"": ""specific recommendations about the double discrimination still suffered by women"", ""verifier 4__total_40"": ""22"", ""verifier 4__grounding_5"": ""4"", ""verifier 4__audit_status"": ""blocking"", ""verifier 4__faithfulness_reason"": ""The answer faithfully reproduces the source's exact statement regarding recommendations on discrimination against women without inventing substantive content. Numerical fidelity not applicable; 4 is a compatibility value."", ""verifier 4__quality_reason"": ""practitioner_realism: A practitioner cannot treat a general call to formulate recommendations as supplying the substantive recommendations themselves.\nanchoring: The question omits the essential speaking delegation (Mexico), failing to anchor the specific speaking turn in this general debate summary record.\ninformativeness: The central requested information is absent: the target paragraph urges the conference to make specific recommendations, but does not state what those recommendations are (Regression Lesson D).\nconsequence: The submitted answer fails to resolve the question's ask, providing only the call for recommendations rather than their content.\nlinguistic_quality: Grammatically sound, fluent English phrasing."", ""verifier 4__audit_reason"": ""support: Paragraph 30 states that the World Conference should make specific recommendations, but does not provide the recommendations themselves; asking what recommendations should be made is unsupported by the text.\nsupport: The question fails to preserve the speaker-attributed capacity of Mexico's delegation.\nmetadata: The declared anchor 'double discrimination' does not appear in either the base question or question_cited.""}]"
un,2000/a/c_3/55/sr_30,2000/a/c_3/55/sr_30#11,A/C.3/55/SR.30,practitioner,0.86,True,False,27.0,selected_without_passing_candidate,"29. The World Conference must analyse the situation of vulnerable groups, particularly indigenous peoples and migrants, and, taking into account indigenous traditions and customs, must strengthen action to guarantee access to justice.
It should also consider the issue of the human rights of migrants, who were being subjected to acts of xenophobia, in various parts of the world, without regard for their contribution to the society and economy of the host country.
30. The World Conference should make specific recommendations about the double discrimination still suffered by women, and should bear in mind other groups which also needed special attention, such as children, the disabled, the elderly, and persons suffering from HIV/AIDS.
31. Mrs. Romulus (Haiti) said that her delegation subscribed to the statements made by the representative of Antigua and Barbuda on behalf of the Caribbean Community and by Nigeria on behalf of the Group of 77 and China.
Her Government shared the concerns of the international community about the eradication of racism and related intolerance.
Since its founding in 1804, Haiti had instituted a tradition of racial tolerance, and that principle had been enshrined in the first Constitution.
Although the 1987 Constitution did not explicitly refer to racial discrimination, it did refer to the Universal Declaration of Human Rights and the first Constitution.",,"[{""candidate_id"": ""q_af01d60d2bb25ed9d994f778"", ""question"": ""For the World Conference against Racism, what must the World Conference do concerning vulnerable groups and access to justice?"", ""answer"": ""The World Conference must analyse the situation of vulnerable groups, particularly indigenous peoples and migrants, and, taking into account indigenous traditions and customs, must strengthen action to guarantee access to justice."", ""verifier 4__total_40"": ""27"", ""verifier 4__grounding_5"": ""4"", ""verifier 4__audit_status"": ""blocking"", ""verifier 4__faithfulness_reason"": ""The answer is fully grounded in paragraph 29 of the target text, addressing both vulnerable groups and access to justice. Precision is appropriate as it extracts the exact single sentence resolving the question. Numerical fidelity not applicable; 4 is a compatibility value."", ""verifier 4__quality_reason"": ""practitioner_realism: The query contains no practitioner persona, operational mandate, or practical circumstance requiring the information; it is purely an abstract comprehension question.\nanchoring_and_time: Mentions the World Conference against Racism and the relevant subjects, but lacks temporal context or delegation attribution.\nconsequence: The submitted excerpt matches the literal text of the question, but provides only a general reading-comprehension answer without operational application.\ninformativeness: Directly quotes the exact sentence specifying what the World Conference must do regarding vulnerable groups and access to justice.\nlinguistic_quality: Grammatically correct, clear, and natural English phrasing."", ""verifier 4__audit_reason"": ""mode: The candidate lacks any practitioner task, role, or concrete decision context required by the UN practitioner mode.""}, {""candidate_id"": ""q_ec49996b05370e1d4bc22c86"", ""question"": ""What specific recommendations should the World Conference make about the double discrimination still suffered by women, and which other groups should receive special attention?"", ""answer"": ""The World Conference should make specific recommendations about the double discrimination still suffered by women, and should bear in mind other groups which also needed special attention, such as children, the disabled, the elderly, and persons suffering from HIV/AIDS."", ""verifier 4__total_40"": ""19"", ""verifier 4__grounding_5"": ""2"", ""verifier 4__audit_status"": ""blocking"", ""verifier 4__faithfulness_reason"": ""The question asks what specific recommendations should be made regarding double discrimination suffered by women, but the target text only mentions the topic and provides no actual recommendations; the requested content is missing from the source text and span. Numerical fidelity not applicable; 4 is a compatibility value."", ""verifier 4__quality_reason"": ""practitioner_realism: Lacks any practitioner scenario, professional task, or practical application.\nanchoring_and_time: Identifies the World Conference and the relevant demographic groups, but provides no speaker attribution or time anchor.\nconsequence: The question asks what specific recommendations should be made, but the target passage only states that specific recommendations should be made without specifying their substantive content.\ninformativeness: The core unknown (what the recommendations are) is unaddressed by the source text, which merely notes the recommendation topic.\nlinguistic_quality: Fluent and well-constructed sentence structure."", ""verifier 4__audit_reason"": ""mode: No practitioner actor or concrete decision-making circumstance is established.\nsupport: The target text states that the conference 'should make specific recommendations about the double discrimination still suffered by women', but does not supply the actual content of those recommendations.""}]"
un,2000/a/c_3/55/sr_30,2000/a/c_3/55/sr_30#11,A/C.3/55/SR.30,conceptual,0.91,True,False,25.0,selected_without_passing_candidate,"29. The World Conference must analyse the situation of vulnerable groups, particularly indigenous peoples and migrants, and, taking into account indigenous traditions and customs, must strengthen action to guarantee access to justice.
It should also consider the issue of the human rights of migrants, who were being subjected to acts of xenophobia, in various parts of the world, without regard for their contribution to the society and economy of the host country.
30. The World Conference should make specific recommendations about the double discrimination still suffered by women, and should bear in mind other groups which also needed special attention, such as children, the disabled, the elderly, and persons suffering from HIV/AIDS.
31. Mrs. Romulus (Haiti) said that her delegation subscribed to the statements made by the representative of Antigua and Barbuda on behalf of the Caribbean Community and by Nigeria on behalf of the Group of 77 and China.
Her Government shared the concerns of the international community about the eradication of racism and related intolerance.
Since its founding in 1804, Haiti had instituted a tradition of racial tolerance, and that principle had been enshrined in the first Constitution.
Although the 1987 Constitution did not explicitly refer to racial discrimination, it did refer to the Universal Declaration of Human Rights and the first Constitution.",,"[{""candidate_id"": ""q_6d54674994c2efa616403317"", ""question"": ""How does the World Conference against Racism propose addressing vulnerable groups and migrants?"", ""answer"": ""The World Conference must analyse the situation of vulnerable groups, particularly indigenous peoples and migrants, and, taking into account indigenous traditions and customs, must strengthen action to guarantee access to justice.\nIt should also consider the issue of the human rights of migrants, who were being subjected to acts of xenophobia, in various parts of the world, without regard for their contribution to the society and economy of the host country."", ""verifier 4__total_40"": ""25"", ""verifier 4__grounding_5"": ""2"", ""verifier 4__audit_status"": ""blocking"", ""verifier 4__faithfulness_reason"": ""The question attributes the proposal to the World Conference against Racism itself ('How does the World Conference against Racism propose...'), whereas the source text (within Mexico's statement) reflects a national delegation's view of what the upcoming Conference must and should do. A false actor/source-role premise cannot be validated merely by quoting the paragraph. Precision is 4 as the extracted span accurately captures the substantive discussion of vulnerable groups and migrants. Numerical fidelity not applicable; 4 is a compatibility value."", ""verifier 4__quality_reason"": ""search_realism: The search need is serviceable as a conceptual inquiry, but it incorrectly conceives the text as a direct proposal issued by the World Conference rather than a member State's intervention during debate.\nanchoring_and_time: The question identifies the subject matter and target event, but it omits the necessary delegation context, incorrectly assigning the stance to the Conference itself instead of the speaking delegation.\nconsequence: Ceiling applied: consequence is capped at 2 because support fails. The target passage contains Mexico's position on what the Conference must do, not a proposal formulated or adopted by the World Conference itself.\nlexical_distance: The query adapts the text into an interrogative format but directly borrows the phrase 'vulnerable groups and migrants' from the opening sentence without much structural reformulation.\nlinguistic_quality: The question is grammatically sound, clear, and written in natural English."", ""verifier 4__audit_reason"": ""metadata: The specified anchor 'strengthen action to guarantee access to justice' does not appear in the question.\nsupport: Paragraph 29 continues the speaking turn of Mexico (Mrs. Monroy, introduced in paragraph 27) regarding what her Government considers the World Conference must and should do; the text does not record a proposal made or adopted by the World Conference against Racism itself.""}]"
un,2001/a/res/55/203,2001/a/res/55/203#3,A/RES/55/203,conceptual,0.84,True,False,31.0,selected_without_passing_candidate,"Taking note of resolution GC(44)/RES/17 of 22 September 2000 of the General Conference of the International Atomic Energy Agency on safety of transport of radioactive materials,
Mindful of the diversity and dynamic interaction and competition among socio-economic activities for the use of the coastal areas and the marine environment and their resources,
Mindful also of the efforts of the Caribbean countries to address in a more holistic manner the sectoral issues relating to the management of the Caribbean Sea area and, in so doing, to promote an integrated management approach to the Caribbean Sea area in the context of sustainable development, through a regional cooperative effort among Caribbean countries,
Noting the efforts of the Caribbean countries, within the framework of the Association of Caribbean States, to develop further support for their concept of the Caribbean Sea as an area of special importance, in the context of sustainable development and in conformity with the relevant provisions of the United Nations Convention on the Law of the Sea,5",,"[{""candidate_id"": ""q_0e70c2403d7cae48e270b656"", ""question"": ""What approach were Caribbean countries using to address sectoral issues in managing the Caribbean Sea area?"", ""answer"": ""Mindful also of the efforts of the Caribbean countries to address in a more holistic manner the sectoral issues relating to the management of the Caribbean Sea area and, in so doing, to promote an integrated management approach to the Caribbean Sea area in the context of sustainable development, through a regional cooperative effort among Caribbean countries,"", ""verifier 4__total_40"": ""31"", ""verifier 4__grounding_5"": ""4"", ""verifier 4__audit_status"": ""repair"", ""verifier 4__faithfulness_reason"": ""The question is fully answered by the quoted preambular paragraph, which directly addresses how Caribbean countries approach sectoral issues regarding the Caribbean Sea area. Precision is appropriate for the contiguous clause. Numerical fidelity not applicable; 4 is a compatibility value."", ""verifier 4__quality_reason"": ""search_realism: The query reflects a realistic policy and governance search need concerning regional environmental management strategies, fitting the conceptual response framing well.\nanchoring_and_time: The question establishes proper geographical and substantive context through 'Caribbean countries' and 'managing the Caribbean Sea area' without relying on forbidden locators.\nconsequence: The target span directly resolves the query, identifying the holistic effort to promote an integrated management approach through regional cooperation.\nlexical_distance: The query relies heavily on the source phrasing, borrowing 'address ... sectoral issues' and 'managing the Caribbean Sea area' with modest structural variation.\nlinguistic_quality: Grammatically sound, natural, and clearly formulated English question."", ""verifier 4__audit_reason"": ""metadata: The anchor 'integrated management approach to the Caribbean Sea area' is not an exact substring of the question.""}]"
un,2002/a/res/56/29,2002/a/res/56/29#1,A/RES/56/29,practitioner,0.79,True,False,26.0,selected_without_passing_candidate,"Recognizing further that prospects for closer Euro-Mediterranean cooperation in all spheres can be enhanced by positive developments worldwide, in particular in Europe, in the Maghreb and in the Middle East,
Reaffirming the responsibility of all States to contribute to the stability and prosperity of the Mediterranean region and their commitment to respecting the purposes and principles of the Charter of the United Nations, as well as the provisions of the Declaration on Principles of International Law concerning Friendly Relations and Cooperation among States in accordance with the Charter of the United Nations,
Noting the peace negotiations in the Middle East, which should be of a comprehensive nature and represent an appropriate framework for the peaceful settlement of contentious issues in the region,
Expressing its concern at the persistent tension and continuing military activities in parts of the Mediterranean that hinder efforts to strengthen security and cooperation in the region,
Taking note of the report of the Secretary-General,",,"[{""candidate_id"": ""q_e7d16bd53912c4a03762ffe7"", ""question"": ""A UN mediator is assessing the peace negotiations in the Middle East. How does the General Assembly characterize those negotiations?"", ""answer"": ""the peace negotiations in the Middle East, which should be of a comprehensive nature and represent an appropriate framework for the peaceful settlement of contentious issues in the region"", ""verifier 4__total_40"": ""26"", ""verifier 4__grounding_5"": ""4"", ""verifier 4__audit_status"": ""blocking"", ""verifier 4__faithfulness_reason"": ""The answer quotes the exact contiguous clause from the preambular paragraph defining the character and role of the Middle East peace negotiations. Numerical fidelity not applicable; 4 is a compatibility value."", ""verifier 4__quality_reason"": ""practitioner_realism: The practitioner opening ('A UN mediator is assessing...') is purely decorative and ends in a standard reading-comprehension inquiry ('How does the General Assembly characterize those negotiations?'), failing the final-ask test for an operational task or constraint.\nanchoring_and_time: Essential regime context is missing: the target text is a preambular recital in a resolution on security and cooperation in the Mediterranean, yet the question frames it as a general Middle East peace negotiation query with zero temporal or resolution-level discriminators.\nconsequence: The continuous span accurately captures the characterization in the recital, providing serviceable evidence, though its utility is bounded by the non-binding preambular nature of the text.\ninformativeness: The answer supplies the GA's descriptive characterization, although the opening part of the quotation repeats the topic already established in the prompt.\nlinguistic_quality: Grammatically sound, natural, and concise English formulation."", ""verifier 4__audit_reason"": ""mode: The question relies on a cosmetic practitioner wrapper ('A UN mediator is assessing...') that reduces to a generic comprehension lookup without any concrete practitioner task, decision, or constraint.\nanchoring_and_time: The substantive regime of the resolution (Mediterranean security and cooperation) and any temporal or session discriminator are omitted, leaving the query unlocatable among dozens of Middle East resolutions.""}, {""candidate_id"": ""q_7ea27234e3548e376b9db690"", ""question"": ""A UN body is assessing persistent tension and continuing military activities in parts of the Mediterranean. What concern does the General Assembly express?"", ""answer"": ""its concern at the persistent tension and continuing military activities in parts of the Mediterranean that hinder efforts to strengthen security and cooperation in the region"", ""verifier 4__total_40"": ""25"", ""verifier 4__grounding_5"": ""4"", ""verifier 4__audit_status"": ""blocking"", ""verifier 4__faithfulness_reason"": ""The extract directly provides the stated concern of the General Assembly regarding military activities and tension in the Mediterranean. Numerical fidelity not applicable; 4 is a compatibility value."", ""verifier 4__quality_reason"": ""practitioner_realism: The framing ('A UN body is assessing...') is a vacuous wrapper that ends in a straightforward text-comprehension question without any operational decision, responsibility, or practical constraint.\nanchoring_and_time: The question identifies the Mediterranean setting, but omits any session, date, or specific institutional framework for an annually recurring agenda item.\nconsequence: Because the question prompt already establishes that the General Assembly expresses concern regarding persistent tension and continuing military activities, the answer's incremental resolution is marginal.\ninformativeness: The core premise of the concern is already disclosed in the question, leaving only the subordinate clause ('that hinder efforts...') as new information.\nlinguistic_quality: Clean, grammatically correct, and standard diplomatic phrasing."", ""verifier 4__audit_reason"": ""mode: The scenario is a decorative case wrapper ('A UN body is assessing...') ending in an unchanged comprehension lookup without an operational practitioner application.\ninformativeness: The question largely reveals the content of the concern in its own premise ('persistent tension and continuing military activities in parts of the Mediterranean'), rendering the answer substantially redundant.""}]"
un,2006/a/c_4/61/sr_10,2006/a/c_4/61/sr_10#17,A/C.4/61/SR.10,practitioner,0.81,True,False,24.0,selected_without_passing_candidate,"The reorientation of the Department had allowed it to enhance its work and increase the visibility of the Organization through updated work methods and activities and an effective utilization of its resources.
The Department had wisely decided to address some of the key issues of global concern, including HIV/AIDS, natural disasters, human development, threats to international peace and security, eradication of hunger and poverty and the United Nations reform, with attention to the newly created Human Rights Council and Peacebuilding Commission.
42. The close cooperation between the Department of Peacekeeping Operations and DPI was commendable and should be expanded to ensure the best support for vital peacekeeping operations.
The Department should be aware that, even though the new information and communication technology was readily available in the developed world, the traditional means of communication like radio and the print media were to many in the developing world still the only means of obtaining information.
It should therefore expand its links with national broadcasters and journalists in order to reach a worldwide audience.",,"[{""candidate_id"": ""q_4a2cec6080c7e411eaa11993"", ""question"": ""How should DPI reach audiences in the developing world where radio and print media remain key sources of information?"", ""answer"": ""It should therefore expand its links with national broadcasters and journalists in order to reach a worldwide audience."", ""verifier 4__total_40"": ""24"", ""verifier 4__grounding_5"": ""4"", ""verifier 4__audit_status"": ""blocking"", ""verifier 4__faithfulness_reason"": ""The premise and resolution are fully supported by paragraph 42 of the target text, and the extracted sentence directly and concisely answers the question. Numerical fidelity not applicable; 4 is a compatibility value."", ""verifier 4__quality_reason"": ""practitioner_realism: There is no practitioner scenario, decision, or applied task; it is an ordinary document comprehension lookup.\nanchoring_and_time: The item fails to anchor the statement to the speaker (the representative of Guyana speaking on behalf of the Rio Group) or the Fourth Committee meeting context.\nconsequence: The question frames the statement as an authoritative corporate mandate for DPI rather than an attributed position/recommendation expressed by a regional group in general debate.\ninformativeness: The extracted sentence provides a complete thought, but its value is impaired by stripping the necessary speaker attribution.\nlinguistic_quality: Fluent, natural, and grammatically sound phrasing in both the question and answer."", ""verifier 4__audit_reason"": ""mode: Contains no practitioner persona, operational problem, or applied context as mandated for un_practitioners.\nsupport: Fails status and speaker attribution by converting a statement made by Guyana on behalf of the Rio Group into an objective UN-wide operational requirement.""}, {""candidate_id"": ""q_1e36dc375eb74d239699aa34"", ""question"": ""What action should DPI take to improve its support for vital peacekeeping operations through cooperation with the Department of Peacekeeping Operations?"", ""answer"": ""should be expanded to ensure the best support for vital peacekeeping operations"", ""verifier 4__total_40"": ""21"", ""verifier 4__grounding_5"": ""4"", ""verifier 4__audit_status"": ""blocking"", ""verifier 4__faithfulness_reason"": ""The answer is supported by paragraph 42, reflecting the Rio Group's position that cooperation should be expanded. However, clipping the subject ('The close cooperation between the Department of Peacekeeping Operations and DPI was commendable and') leaves a bare verb-phrase fragment that omits what is to be expanded. Numerical fidelity not applicable; 4 is a compatibility value."", ""verifier 4__quality_reason"": ""practitioner_realism: The candidate presents a simple reading comprehension question rather than a concrete practitioner task, mandate dilemma, or operational scenario required by the mode.\nanchoring_and_time: The question lacks any attribution to the speaking delegation (Rio Group / Guyana) or temporal/committee context, presenting an individual debate statement as a general detached inquiry.\nconsequence: The answer span omits the grammatical subject ('The close cooperation between the Department of Peacekeeping Operations and DPI'), extracting only a headless predicate that fails to identify what action or element must be expanded.\ninformativeness: Because the key noun phrase is omitted from the extracted answer span, the response is incomplete and does not resolve the question on its own.\nlinguistic_quality: The question is grammatical, but the extracted fragment begins awkwardly mid-sentence with 'should be expanded' without an antecedent subject."", ""verifier 4__audit_reason"": ""mode: Fails practitioner mode requirements by posing an abstract reading-comprehension question without any practitioner role, operational task, or application context.\nsupport: The answer span cuts off the subject ('The close cooperation between the Department of Peacekeeping Operations and DPI'), leaving the action undefined. In addition, an attributed delegation opinion in a summary record is treated as an unqualified institutional mandate.""}]"
un,2006/a/res/61/163,2006/a/res/61/163#4,A/RES/61/163,practitioner,0.86,True,False,29.0,selected_without_passing_candidate,"5. Encourages all States to take action to address gender inequality and discrimination against women, in particular where it contributes to the malnutrition of women and girls, including measures to ensure the full and equal realization of the right to food and ensuring that women have equal access to resources, including income, land and water, to enable them to feed themselves and their families;
6. Encourages the Special Rapporteur of the Human Rights Council on the right to food to continue mainstreaming a gender perspective in the fulfilment of his mandate, and encourages the Food and Agriculture Organization of the United Nations and all other United Nations bodies and mechanisms addressing the right to food and food insecurity to integrate a gender perspective into their relevant policies, programmes and activities;
7. Encourages all States to take steps with a view to achieving progressively the full realization of the right to food, including steps to promote the conditions for everyone to be free from hunger and, as soon as possible, to enjoy fully the right to food, and to create and adopt national plans to combat hunger;",,"[{""candidate_id"": ""q_ff6929035732555c02256cef"", ""question"": ""For work on the right to food, what gender-mainstreaming actions does the General Assembly encourage the Special Rapporteur and relevant United Nations bodies to undertake?"", ""answer"": ""to continue mainstreaming a gender perspective in the fulfilment of his mandate, and encourages the Food and Agriculture Organization of the United Nations and all other United Nations bodies and mechanisms addressing the right to food and food insecurity to integrate a gender perspective into their relevant policies, programmes and activities"", ""verifier 4__total_40"": ""29"", ""verifier 4__grounding_5"": ""4"", ""verifier 4__audit_status"": ""blocking"", ""verifier 4__faithfulness_reason"": ""The answer provides the contiguous excerpt from paragraph 6 detailing the gender-mainstreaming measures encouraged for the Special Rapporteur and UN bodies. Numerical fidelity not applicable; 4 is a compatibility value."", ""verifier 4__quality_reason"": ""practitioner_realism: Formulated as a direct document-comprehension question asking what the General Assembly encourages actors to do, with no practitioner persona, decision, or applied task.\nanchoring_and_time: Identifies the General Assembly, the Special Rapporteur, and the right-to-food mandate, though it omits temporal anchoring such as resolution year or session.\nconsequence: The continuous span accurately resolves the full scope of gender-mainstreaming actions requested of both the Special Rapporteur and relevant UN entities.\ninformativeness: Provides complete and distinct informational value covering both mandate fulfilment and policy/programme integration.\nlinguistic_quality: Clear, fluent, and grammatical phrasing in both question and quoted extract."", ""verifier 4__audit_reason"": ""mode: The question lacks a practitioner persona or practical operational scenario, operating as a reading-comprehension inquiry.""}, {""candidate_id"": ""q_38c2a87d355ccce4c8a180cb"", ""question"": ""In pursuing the progressive realization of the right to food, what steps and planning measures are States encouraged to adopt?"", ""answer"": ""to take steps with a view to achieving progressively the full realization of the right to food, including steps to promote the conditions for everyone to be free from hunger and, as soon as possible, to enjoy fully the right to food, and to create and adopt national plans to combat hunger"", ""verifier 4__total_40"": ""29"", ""verifier 4__grounding_5"": ""4"", ""verifier 4__audit_status"": ""blocking"", ""verifier 4__faithfulness_reason"": ""The extracted span accurately and fully reproduces the actions and planning measures encouraged for States under paragraph 7. Numerical fidelity not applicable; 4 is a compatibility value."", ""verifier 4__quality_reason"": ""practitioner_realism: Presents an abstract comprehension question about encouraged steps rather than framing a concrete task for an institutional or national practitioner.\nanchoring_and_time: The substantive subject matter is clear, but the question lacks temporal markers or specific institutional framing.\nconsequence: The extract fully resolves the inquiry by providing the complete range of progressive realization steps and planning measures.\ninformativeness: Supplies meaningful substance, including conditions to be free from hunger and the adoption of national plans.\nlinguistic_quality: Grammatically sound, concise, and natural legal English."", ""verifier 4__audit_reason"": ""mode: The candidate is structured as a generic comprehension prompt without a concrete practitioner task or circumstance.\nmetadata: The declared anchor 'national plans to combat hunger' does not appear in the question text.""}, {""candidate_id"": ""q_bacd59d17ed5520e05d88f48"", ""question"": ""When implementing measures to address gender inequality and discrimination against women under the General Assembly's right-to-food resolution, what action are States encouraged to take?"", ""answer"": ""to take action to address gender inequality and discrimination against women, in particular where it contributes to the malnutrition of women and girls, including measures to ensure the full and equal realization of the right to food and ensuring that women have equal access to resources, including income, land and water, to enable them to feed themselves and their families"", ""verifier 4__total_40"": ""24"", ""verifier 4__grounding_5"": ""4"", ""verifier 4__audit_status"": ""blocking"", ""verifier 4__faithfulness_reason"": ""The answer quotes paragraph 5 of the target block, directly addressing the actions States are encouraged to take regarding gender inequality and discrimination in the context of the right to food. Numerical fidelity not applicable; 4 is a compatibility value."", ""verifier 4__quality_reason"": ""practitioner_realism: The query lacks a practitioner protagonist or concrete operational task, using an artificial circumstantial wrapper that ends in a general comprehension ask.\nanchoring_and_time: Mentions the General Assembly and the right-to-food resolution, but lacks temporal specification or concrete institutional context.\nconsequence: Heavily compromised by circularity: the question asks what actions States are encouraged to take when implementing measures to address gender inequality, but the text identifies taking action to address gender inequality as the encouraged action itself.\ninformativeness: Low informative value because the primary operative obligation sought is already stated as the premise in the question.\nlinguistic_quality: Serviceable English, but the introductory clause creates an awkward and confusing relationship with the main clause and answer."", ""verifier 4__audit_reason"": ""mode: The candidate does not present a concrete practitioner task or operational scenario, functioning as a comprehension lookup.\nsupport: Paragraph 5 encourages States to take action to address gender inequality (including measures), whereas the question posits implementing such measures as a preexisting condition and asks what actions to take, creating an unsupported, circular relationship.""}]"
un,2006/a/res/61/163,2006/a/res/61/163#4,A/RES/61/163,comparison,0.49,False,True,32.0,missed_passing_mode,"5. Encourages all States to take action to address gender inequality and discrimination against women, in particular where it contributes to the malnutrition of women and girls, including measures to ensure the full and equal realization of the right to food and ensuring that women have equal access to resources, including income, land and water, to enable them to feed themselves and their families;
6. Encourages the Special Rapporteur of the Human Rights Council on the right to food to continue mainstreaming a gender perspective in the fulfilment of his mandate, and encourages the Food and Agriculture Organization of the United Nations and all other United Nations bodies and mechanisms addressing the right to food and food insecurity to integrate a gender perspective into their relevant policies, programmes and activities;
7. Encourages all States to take steps with a view to achieving progressively the full realization of the right to food, including steps to promote the conditions for everyone to be free from hunger and, as soon as possible, to enjoy fully the right to food, and to create and adopt national plans to combat hunger;",,"[{""candidate_id"": ""q_6008a5f7d2f06b03b7b60972"", ""question"": ""In the General Assembly's 19 December 2006 resolution on the right to food, how did the treatment of all States compare with that of the Special Rapporteur and United Nations bodies regarding gender-responsive action?"", ""answer"": ""5. Encourages all States to take action to address gender inequality and discrimination against women, in particular where it contributes to the malnutrition of women and girls, including measures to ensure the full and equal realization of the right to food and ensuring that women have equal access to resources, including income, land and water, to enable them to feed themselves and their families;\n6. Encourages the Special Rapporteur of the Human Rights Council on the right to food to continue mainstreaming a gender perspective in the fulfilment of his mandate, and encourages the Food and Agriculture Organization of the United Nations and all other United Nations bodies and mechanisms addressing the right to food and food insecurity to integrate a gender perspective into their relevant policies, programmes and activities;"", ""verifier 4__total_40"": ""32"", ""verifier 4__grounding_5"": ""4"", ""verifier 4__audit_status"": ""clear"", ""verifier 4__faithfulness_reason"": ""The comparison question accurately identifies both sets of actors and their gender-related actions under the resolution, directly resolved by paragraphs 5 and 6. The contiguous span includes both comparative elements while omitting paragraph 7. The resolution date in the question is factually accurate."", ""verifier 4__quality_reason"": ""search_realism: Presents a realistic, practitioner-oriented comparison query examining how GA recommendations differentiate gender-related obligations for Member States versus gender-mainstreaming instructions for UN mechanisms.\nanchoring_and_time: Successfully identifies the subject, issuing body, and adoption date without using formal document symbols or paragraph citations.\nconsequence: The continuous extract of paragraphs 5 and 6 fully resolves both comparative arms, contrasting substantive state actions on inequality and access to resources with institutional mainstreaming tasks for UN mandate holders and agencies.\nlexical_distance: Phrased naturally in the searcher's own words ('gender-responsive action') while retaining necessary entity references.\nlinguistic_quality: The question is grammatically sound, concise, and clearly structured."", ""verifier 4__audit_reason"": ""No problems reported.""}]"
un,2006/a/res/61/163,2006/a/res/61/163#4,A/RES/61/163,claim_verification,0.9,True,False,31.0,selected_without_passing_candidate,"5. Encourages all States to take action to address gender inequality and discrimination against women, in particular where it contributes to the malnutrition of women and girls, including measures to ensure the full and equal realization of the right to food and ensuring that women have equal access to resources, including income, land and water, to enable them to feed themselves and their families;
6. Encourages the Special Rapporteur of the Human Rights Council on the right to food to continue mainstreaming a gender perspective in the fulfilment of his mandate, and encourages the Food and Agriculture Organization of the United Nations and all other United Nations bodies and mechanisms addressing the right to food and food insecurity to integrate a gender perspective into their relevant policies, programmes and activities;
7. Encourages all States to take steps with a view to achieving progressively the full realization of the right to food, including steps to promote the conditions for everyone to be free from hunger and, as soon as possible, to enjoy fully the right to food, and to create and adopt national plans to combat hunger;",,"[{""candidate_id"": ""q_b22c9fadd975c823fd3ac5d1"", ""question"": ""In its 19 December 2006 resolution on the right to food, did the General Assembly encourage States to create and adopt national plans to combat hunger?"", ""answer"": ""7. Encourages all States to take steps with a view to achieving progressively the full realization of the right to food, including steps to promote the conditions for everyone to be free from hunger and, as soon as possible, to enjoy fully the right to food, and to create and adopt national plans to combat hunger;"", ""verifier 4__total_40"": ""31"", ""verifier 4__grounding_5"": ""4"", ""verifier 4__audit_status"": ""repair"", ""verifier 4__faithfulness_reason"": ""The claim is fully supported by operative paragraph 7 of the resolution, and the extraction provides the exact governing text without extraneous content. Numerical fidelity not applicable; 4 is a compatibility value."", ""verifier 4__quality_reason"": ""search_realism: Presents a realistic, natural verification task for a researcher confirming an operative recommendation made by the General Assembly regarding national anti-hunger strategies.\nanchoring_and_time: Properly fixes the adopting body (General Assembly), the date of adoption (19 December 2006), and the substantive topic (right to food) without using prohibited resolution symbols or exact document locators.\nconsequence: Paragraph 7 of the target block directly confirms that the General Assembly encouraged all States to take steps including creating and adopting national plans to combat hunger, fully validating the 'supported' verdict.\nlexical_distance: The query frames the proposition into an interrogative format, but reproduces the phrase 'create and adopt national plans to combat hunger' verbatim from paragraph 7.\nlinguistic_quality: Clear, concise, and grammatically correct English formulation."", ""verifier 4__audit_reason"": ""metadata: The 'claim' field ('the General Assembly encouraged States to create and adopt national plans to combat hunger') is not an exact substring of the question, which uses the base form 'encourage' ('did the General Assembly encourage States to create and adopt national plans to combat hunger?').""}]"
un,2006/cd/pv_1007,2006/cd/pv_1007#19,CD/PV.1007,lookup,0.83,True,False,23.0,selected_without_passing_candidate,"In any debate on nuclear disarmament, the principles of transparency and irreversibility are essential constructs of good-faith negotiations.
We welcomed the conclusion of the Moscow Treaty in 2002 as an encouraging first step in nuclear disarmament processes.
The upcoming renewal of the Moscow Treaty provides Russia and the United States with the opportunity to make an effective concrete contribution to nuclear disarmament, by agreeing to destroy rather than stockpile the weapons covered by the Treaty.
In response to a comment made this morning, I can assure the Russian Ambassador that it is always extremely interesting to my delegation to hear about irreversible reductions in nuclear arsenals, whether through the microphone on the record of this Conference or in any other formal transparent way.
The details provided by the leader of the United States delegation are also welcome.
In addition to the CTBT, the creation of nuclear-weapon-free zones acts as a powerful symbol for demonstrating renunciation of weapons of mass destruction to the international community. This is particularly valuable at a regional level.
Nuclear-weapon-free zones' potential to contribute to nuclear disarmament is most comprehensively illustrated in the case of the Treaty of Tlatelolco, where Latin American countries moved together to discard the nuclear weapons option as a region.",,"[{""candidate_id"": ""q_e1fa0a41b3a4f45b22526691"", ""question"": ""What concrete contribution did the Italian delegation say the renewal of the Moscow Treaty offered Russia and the United States in its 2006 Conference on Disarmament statement on nuclear disarmament?"", ""answer"": ""by agreeing to destroy rather than stockpile the weapons covered by the Treaty"", ""verifier 4__total_40"": ""23"", ""verifier 4__grounding_5"": ""2"", ""verifier 4__audit_status"": ""blocking"", ""verifier 4__faithfulness_reason"": ""The question attributes the statement to the Italian delegation, whereas the turn boundaries in the context establish that the speaker is Ambassador Caughley of New Zealand; this false speaker premise limits grounding to 2. Precision is 4 as the extracted span accurately captures the requested contribution. Numerical fidelity not applicable; 4 is a compatibility value."", ""verifier 4__quality_reason"": ""practitioner_realism: Presents a serviceable lookup request for a specific position taken during the nuclear disarmament debate, though it follows a standard text-extraction pattern.\nanchoring: The base question attributes the statement to the Italian delegation, but the speaker delivering the target passage in the meeting record is Ambassador Caughley of New Zealand; the essential actor attribution is false.\ninformativeness: Capped at 2 because the premise attributes the statement to the wrong national delegation (Italy instead of New Zealand), failing evidential support.\nconsequence: Capped at 2 because the candidate asks what the Italian delegation stated, whereas the quoted position was expressed by New Zealand.\nlinguistic_quality: Grammatically sound, fluent, and well-structured English phrasing with clear syntax."", ""verifier 4__audit_reason"": ""support: The statement in the target block was delivered by Ambassador Caughley of New Zealand, not the Italian delegation.\nmetadata: The anchor substring 'destroy rather than stockpile' does not appear in the question; it is taken from the answer/source text.""}, {""candidate_id"": ""q_fe5f9bac6e3c8c007a58a7bb"", ""question"": ""Which principles did the Italian delegation describe as essential constructs of good-faith negotiations in its 2006 Conference on Disarmament statement on nuclear disarmament?"", ""answer"": ""transparency and irreversibility"", ""verifier 4__total_40"": ""23"", ""verifier 4__grounding_5"": ""2"", ""verifier 4__audit_status"": ""blocking"", ""verifier 4__faithfulness_reason"": ""The question materially misattributes the statement to the Italian delegation instead of New Zealand (Ambassador Caughley), imposing a mandatory grounding ceiling of 2. Precision is 4 for an exact, well-delimited extraction of the two principles. Numerical fidelity not applicable; 4 is a compatibility value."", ""verifier 4__quality_reason"": ""practitioner_realism: A straightforward professional lookup asking for specific principles identified in a plenary debate, with ordinary execution.\nanchoring: The base question identifies the speaking actor as the Italian delegation, whereas the turn belongs to New Zealand; essential speaker identification is false.\ninformativeness: Capped at 2 due to the material speaker attribution failure in the question premise.\nconsequence: Capped at 2 because the answer does not resolve what the Italian delegation stated; the statement was made by New Zealand.\nlinguistic_quality: Clear, natural, and grammatically correct formulation without noticeable flaws."", ""verifier 4__audit_reason"": ""support: The statement in the target block was delivered by New Zealand (Ambassador Caughley), not the Italian delegation.""}, {""candidate_id"": ""q_1eee92ffcdc63f3331d1dcea"", ""question"": ""What did the Italian delegation say the creation of nuclear-weapon-free zones demonstrated in its 2006 Conference on Disarmament statement on nuclear disarmament?"", ""answer"": ""acts as a powerful symbol for demonstrating renunciation of weapons of mass destruction to the international community"", ""verifier 4__total_40"": ""23"", ""verifier 4__grounding_5"": ""2"", ""verifier 4__audit_status"": ""blocking"", ""verifier 4__faithfulness_reason"": ""The premise attributes the statement to Italy rather than New Zealand, violating speaker attribution and capping grounding at 2. Precision is 4 as the span contains the core answer without material excess. Numerical fidelity not applicable; 4 is a compatibility value."", ""verifier 4__quality_reason"": ""practitioner_realism: Formulates a typical information retrieval need regarding a delegation's characterization of nuclear-weapon-free zones.\nanchoring: The base question attributes the statement to Italy rather than New Zealand, rendering the primary actor context materially incorrect.\ninformativeness: Capped at 2 because the question's central premise asserts that the Italian delegation made this assessment, which is unsupported by the record.\nconsequence: Capped at 2 because the submitted evidence reflects New Zealand's statement, leaving the question's premise regarding the Italian delegation unresolved.\nlinguistic_quality: Natural, fluent English phrasing that poses the question clearly."", ""verifier 4__audit_reason"": ""support: The statement in the target block was delivered by the delegation of New Zealand (Ambassador Caughley), not the Italian delegation.""}]"
un,2006/cd/pv_1007,2006/cd/pv_1007#19,CD/PV.1007,conceptual,0.9,True,False,27.0,selected_without_passing_candidate,"In any debate on nuclear disarmament, the principles of transparency and irreversibility are essential constructs of good-faith negotiations.
We welcomed the conclusion of the Moscow Treaty in 2002 as an encouraging first step in nuclear disarmament processes.
The upcoming renewal of the Moscow Treaty provides Russia and the United States with the opportunity to make an effective concrete contribution to nuclear disarmament, by agreeing to destroy rather than stockpile the weapons covered by the Treaty.
In response to a comment made this morning, I can assure the Russian Ambassador that it is always extremely interesting to my delegation to hear about irreversible reductions in nuclear arsenals, whether through the microphone on the record of this Conference or in any other formal transparent way.
The details provided by the leader of the United States delegation are also welcome.
In addition to the CTBT, the creation of nuclear-weapon-free zones acts as a powerful symbol for demonstrating renunciation of weapons of mass destruction to the international community. This is particularly valuable at a regional level.
Nuclear-weapon-free zones' potential to contribute to nuclear disarmament is most comprehensively illustrated in the case of the Treaty of Tlatelolco, where Latin American countries moved together to discard the nuclear weapons option as a region.",,"[{""candidate_id"": ""q_d774a9b93d311c3aaf21777c"", ""question"": ""How does the statement explain the contribution of nuclear-weapon-free zones to nuclear disarmament?"", ""answer"": ""In addition to the CTBT, the creation of nuclear-weapon-free zones acts as a powerful symbol for demonstrating renunciation of weapons of mass destruction to the international community. This is particularly valuable at a regional level.\nNuclear-weapon-free zones' potential to contribute to nuclear disarmament is most comprehensively illustrated in the case of the Treaty of Tlatelolco, where Latin American countries moved together to discard the nuclear weapons option as a region."", ""verifier 4__total_40"": ""27"", ""verifier 4__grounding_5"": ""4"", ""verifier 4__audit_status"": ""blocking"", ""verifier 4__faithfulness_reason"": ""The excerpt precisely captures the statement's explanation of nuclear-weapon-free zones as symbols demonstrating renunciation of weapons of mass destruction and the regional illustration of the Treaty of Tlatelolco. Numerical fidelity not applicable; 4 is a compatibility value."", ""verifier 4__quality_reason"": ""search_realism: The prompt is formulated as a reading-comprehension exercise ('How does the statement explain...') rather than an authentic research inquiry from an external practitioner perspective.\nanchoring_and_time: The question omits any mention of the speaking delegation (New Zealand) or the Conference on Disarmament, grounding the inquiry solely on the deictic phrase 'the statement'.\nconsequence: The selected passage fully answers the question, detailing the role of nuclear-weapon-free zones as symbolic demonstrations of renouncing WMDs and illustrating it through the Treaty of Tlatelolco.\nlexical_distance: The question borrows its core phrasing ('contribution of nuclear-weapon-free zones to nuclear disarmament') directly from the source text's 'potential to contribute to nuclear disarmament'.\nlinguistic_quality: Natural, clear, and grammatically correct English."", ""verifier 4__audit_reason"": ""mode: The query uses the unresolved deictic locator 'the statement' instead of specifying the actual speaker or context, violating the standalone policy and adopting document-comprehension framing.\nmetadata: The anchor 'contribute to nuclear disarmament' is not an exact substring of the question, which instead uses the inflected form 'contribution of nuclear-weapon-free zones to nuclear disarmament'.""}, {""candidate_id"": ""q_145a18aa018bf749ac2f8712"", ""question"": ""Why does the statement treat transparency and irreversibility as important to nuclear disarmament, and what opportunity does it identify in renewing the Moscow Treaty?"", ""answer"": ""In any debate on nuclear disarmament, the principles of transparency and irreversibility are essential constructs of good-faith negotiations.\nWe welcomed the conclusion of the Moscow Treaty in 2002 as an encouraging first step in nuclear disarmament processes.\nThe upcoming renewal of the Moscow Treaty provides Russia and the United States with the opportunity to make an effective concrete contribution to nuclear disarmament, by agreeing to destroy rather than stockpile the weapons covered by the Treaty."", ""verifier 4__total_40"": ""27"", ""verifier 4__grounding_5"": ""4"", ""verifier 4__audit_status"": ""blocking"", ""verifier 4__faithfulness_reason"": ""The extracted continuous span directly answers both parts of the question regarding transparency/irreversibility as essential constructs of good-faith negotiations and the renewal opportunity of destroying rather than stockpiling weapons. The intervening sentence is necessary to maintain a single contiguous span, and the year 2002 is accurately reproduced."", ""verifier 4__quality_reason"": ""search_realism: The query uses school-like document-comprehension phrasing ('Why does the statement treat...') and combines two separate, loosely related inquiries (transparency/irreversibility rationale and Moscow Treaty renewal opportunities) rather than representing a realistic practitioner search need.\nanchoring_and_time: The query contains no actor or institutional anchoring (omitting the speaker, New Zealand / Ambassador Caughley, and the body, the Conference on Disarmament), relying on the unresolved deictic reference 'the statement'.\nconsequence: The extracted span directly answers both clauses of the question, providing the rationale for transparency and irreversibility as essential constructs of good-faith negotiations and the opportunity to destroy rather than stockpile weapons.\nlexical_distance: The query relies heavily on source terminology ('transparency and irreversibility', 'nuclear disarmament', 'Moscow Treaty', 'opportunity') wrapped in an interrogative frame.\nlinguistic_quality: Grammatically sound, clear, and fluent English prose."", ""verifier 4__audit_reason"": ""mode: The query relies on the unresolved locator 'the statement' without specifying the speaker (New Zealand) or forum (Conference on Disarmament), violating the standalone policy against unresolved document/passage references and exhibiting document-comprehension framing.""}]"
un,2007/a/c_3/61/sr_41,2007/a/c_3/61/sr_41#4,A/C.3/61/SR.41,comparison,0.59,True,False,30.0,selected_without_passing_candidate,"It supported the ten-point action plan proposed by UNHCR to address the issue of mixed migratory flows and felt that the protection of refugees should form an integral part of migration policy.
8. The European Union hoped to work with others to improve the international response to humanitarian emergencies.
The cluster leadership approach was important for enhanced information exchange and coordination and the lead role played by UNHCR in that connection was welcome.
Effective coordination with other United Nations agencies, the Red Cross movement, NGOs, host countries, donors and other relevant partners was crucial for success.
While UNHCR needed to be given additional resources and capacity to perform its new role of protecting and assisting internally displaced persons, its core mandate should not be undermined.
9. The European Union rejected intolerance, xenophobia and exclusion and wanted to remain a safe haven for refugees.
It supported the efforts of UNHCR to mainstream age and gender into all its programmes and welcomed the adoption by the Executive Committee of the Conclusion on women and girls at risk and the Conclusion on statelessness, to protect the groups most often forgotten.",,"[{""candidate_id"": ""q_89241c8c711b5808138582b3"", ""question"": ""In the European Union's statement on UNHCR's humanitarian role, how did it distinguish UNHCR's responsibilities toward internally displaced persons from its core mandate concerning refugees?"", ""answer"": ""While UNHCR needed to be given additional resources and capacity to perform its new role of protecting and assisting internally displaced persons, its core mandate should not be undermined."", ""verifier 4__total_40"": ""30"", ""verifier 4__grounding_5"": ""2"", ""verifier 4__audit_status"": ""clear"", ""verifier 4__faithfulness_reason"": ""Grounding is limited to 2 because the question poses a comparison between responsibilities toward internally displaced persons and UNHCR's core mandate 'concerning refugees'. The target block only mentions 'its core mandate' without specifying that this mandate concerns refugees; that missing comparison side cannot be borrowed from document context. Precision is 4 because the extracted span is concise and directly captures the sentence addressing the new role versus the core mandate. Numerical fidelity not applicable; 4 is a compatibility value."", ""verifier 4__quality_reason"": ""search_realism: The query reflects a realistic and well-motivated comparative policy inquiry regarding how the European Union positioned UNHCR's emerging responsibilities toward internally displaced persons relative to its traditional mandate.\nanchoring_and_time: The question identifies the European Union as the speaker and specifies the topic as UNHCR's humanitarian role without relying on prohibited formal document citations or locators.\nconsequence: The selected quotation directly resolves the question, capturing both sides of the EU's stance: that UNHCR required additional resources and capacity for its new role with internally displaced persons, but that this expansion must not undermine its core mandate.\nlexical_distance: The query effectively reframes the passage's description of UNHCR's 'new role of protecting and assisting' into 'responsibilities toward internally displaced persons' and contextualizes the 'core mandate' without borrowing the answer's specific operative vocabulary.\nlinguistic_quality: The question is written in clear, precise, and grammatically flawless English with natural comparative framing."", ""verifier 4__audit_reason"": ""No problems reported.""}]"
un,2008/pbc/3/gnb/sr_1,2008/pbc/3/gnb/sr_1#15,PBC/3/GNB/SR.1,claim_verification,0.92,True,False,32.0,selected_without_passing_candidate,"36. Since such efforts could not be fully addressed by the elections alone, her delegation welcomed discussions to see how those dimensions could be fully taken into account through the monitoring mechanism.
Canada looked forward to working on that mechanism to sharpen its focus and increase its specificity since, while aware of the perils of over-rigid benchmarks, it considered that realistic, concrete indicators would be needed for the Peacebuilding Commission to assess progress towards the objectives set out in the Strategic Framework.
37. Mr. El Shinawy (Egypt) said that it was necessary to reach a rapid agreement on the tracking and monitoring mechanism and to determine benchmarks for success. The regional dimension was especially important.
The country-specific configuration for Guinea-Bissau should therefore keep all regional and subregional African organizations informed of developments in the implementation of the Strategic Framework.
In the same way, it was vital that the Government of Guinea-Bissau notify the Peacebuilding Commission of any difficulties that arose.",,"[{""candidate_id"": ""q_31ec758b61527ae6f5037335"", ""question"": ""Did Canada consider realistic, concrete indicators necessary for the Peacebuilding Commission to assess progress towards the objectives set out in the Strategic Framework for Guinea-Bissau?"", ""answer"": ""Canada looked forward to working on that mechanism to sharpen its focus and increase its specificity since, while aware of the perils of over-rigid benchmarks, it considered that realistic, concrete indicators would be needed for the Peacebuilding Commission to assess progress towards the objectives set out in the Strategic Framework."", ""verifier 4__total_40"": ""31"", ""verifier 4__grounding_5"": ""4"", ""verifier 4__audit_status"": ""repair"", ""verifier 4__faithfulness_reason"": ""The claim that Canada considered realistic, concrete indicators necessary for assessing progress under the Strategic Framework is directly supported by paragraph 36. The extracted sentence is fully accurate and concise. Numerical fidelity not applicable; 4 is a compatibility value."", ""verifier 4__quality_reason"": ""search_realism: Presents a realistic, well-scoped verification query regarding Canada's stance on performance indicators under the Guinea-Bissau Strategic Framework.\nanchoring_and_time: Adequately anchors the delegation (Canada), the relevant body (Peacebuilding Commission), and the specific instrument (Strategic Framework for Guinea-Bissau) without using prohibited formal symbols.\nconsequence: The extracted sentence directly and conclusively confirms that Canada considered realistic, concrete indicators necessary to assess progress.\nlexical_distance: The query closely tracks the phrasing of the source sentence ('realistic, concrete indicators would be needed for the Peacebuilding Commission to assess progress towards the objectives set out in the Strategic Framework').\nlinguistic_quality: The question is clear, fluent, and grammatically well-formed."", ""verifier 4__audit_reason"": ""metadata: The field 'claim' ('Canada considered...') is not an exact substring of the question ('Did Canada consider...'), violating the strict substring requirement by mutating the auxiliary verb into an inflected past-tense form.""}, {""candidate_id"": ""q_bd16cf5fc84f2be6d371dedc"", ""question"": ""Did Egypt say that the Government of Guinea-Bissau should notify the Peacebuilding Commission of difficulties arising during implementation of the Strategic Framework?"", ""answer"": ""Mr. El Shinawy (Egypt) said that it was necessary to reach a rapid agreement on the tracking and monitoring mechanism and to determine benchmarks for success. The regional dimension was especially important.\nThe country-specific configuration for Guinea-Bissau should therefore keep all regional and subregional African organizations informed of developments in the implementation of the Strategic Framework.\nIn the same way, it was vital that the Government of Guinea-Bissau notify the Peacebuilding Commission of any difficulties that arose."", ""verifier 4__total_40"": ""32"", ""verifier 4__grounding_5"": ""4"", ""verifier 4__audit_status"": ""repair"", ""verifier 4__faithfulness_reason"": ""The claim is supported by paragraph 37, where Egypt (Mr. El Shinawy) stated that it was vital for the Government of Guinea-Bissau to notify the Commission of any difficulties. The continuous span accurately links the speaker attribution to the governing statement. Numerical fidelity not applicable; 4 is a compatibility value."", ""verifier 4__quality_reason"": ""search_realism: Presents a plausible practitioner information need checking a national statement regarding reporting obligations between Guinea-Bissau and the Commission.\nanchoring_and_time: Properly anchors the speaker (Egypt), the target country (Guinea-Bissau), the governing body (Peacebuilding Commission), and the Strategic Framework without citations.\nconsequence: The multi-sentence span preserves both speaker attribution (Mr. El Shinawy, Egypt) and the substantive assertion regarding notifying the Commission of difficulties.\nlexical_distance: Competently reformulates the source statement across sentences while retaining necessary procedural terminology.\nlinguistic_quality: Natural, grammatically flawless interrogative phrasing."", ""verifier 4__audit_reason"": ""metadata: The field 'claim' ('Egypt said...') is not an exact substring of the question ('Did Egypt say...'), failing the exact substring annotation rule.""}]"
un,2008/s/res/1825_2008_,2008/s/res/1825_2008_#3,S/RES/1825(2008),practitioner,0.89,True,False,25.0,selected_without_passing_candidate,"Recognizing the need to pay special attention to the needs of women, children and traditionally marginalized groups in the peace process, as mentioned in the Comprehensive Peace Agreement and resolution 1325 (2000),
Recognizing that civil society can play an important role in democratic transition and conflict prevention,
Expressing appreciation for the efforts of the Secretary-General's Special Representative and his team in UNMIN, and the United Nations Country Team, including the Office of the High Commissioner for Human Rights which is monitoring human rights at the request of the Government, and stressing the need for coordination and complementarity of efforts between the mission and all the United Nations actors in the mission area, particularly in order to ensure continuity, as the mandate comes to an end,
1. Decides in line with the request from the Government of Nepal and the Secretary-General's recommendations, to renew the mandate of UNMIN as established under resolution 1740 (2007) until 23 January 2009, taking into account the completion of some elements of the mandate, the ongoing work on the monitoring and the management of arms and armed personnel in line with the 25 June Agreement among the political parties, which will support the completion of the peace process;",,"[{""candidate_id"": ""q_a3b7266229b8530bc7aa19d3"", ""question"": ""For the United Nations Mission in Nepal (UNMIN) during Nepal's peace process, what did the Security Council decide about the mission's mandate?"", ""answer"": ""to renew the mandate of UNMIN as established under resolution 1740 (2007) until 23 January 2009, taking into account the completion of some elements of the mandate, the ongoing work on the monitoring and the management of arms and armed personnel in line with the 25 June Agreement among the political parties, which will support the completion of the peace process"", ""verifier 4__total_40"": ""25"", ""verifier 4__grounding_5"": ""4"", ""verifier 4__audit_status"": ""blocking"", ""verifier 4__faithfulness_reason"": ""The question directly asks what the Security Council decided regarding UNMIN's mandate, and the answer faithfully quotes the operative renewal decision from paragraph 1 of the target block. The span cleanly isolates the decision and its statutory considerations, and all dates, resolution citations, and agreement references are reproduced accurately."", ""verifier 4__quality_reason"": ""practitioner_realism: The query completely lacks a practitioner scenario, actor, or operational task, functioning purely as an uncontextualized reading-comprehension lookup.\nanchoring_and_time: Essential temporal and situational context is absent; UNMIN's mandate was established and renewed multiple times across several Security Council resolutions during the Nepal peace process, making this generic ask indistinguishable from other renewal decisions.\nconsequence: The quoted span provides the text of operative paragraph 1, but its practical evidential value is limited by the unanchored and unfocused nature of the prompt.\ninformativeness: The answer provides the full operative clause regarding the renewal date and considerations, though it captures a broad extract rather than addressing a targeted information need.\nlinguistic_quality: The phrasing is natural, grammatically correct, and standard in English."", ""verifier 4__audit_reason"": ""mode: The candidate is formulated as an abstract comprehension question without any practitioner persona, operational circumstance, or decision-making task required by the un_practitioners mode contract.""}]"
un,2008/s/res/1825_2008_,2008/s/res/1825_2008_#3,S/RES/1825(2008),comparison,0.5,True,False,,selected_without_passing_candidate,"Recognizing the need to pay special attention to the needs of women, children and traditionally marginalized groups in the peace process, as mentioned in the Comprehensive Peace Agreement and resolution 1325 (2000),
Recognizing that civil society can play an important role in democratic transition and conflict prevention,
Expressing appreciation for the efforts of the Secretary-General's Special Representative and his team in UNMIN, and the United Nations Country Team, including the Office of the High Commissioner for Human Rights which is monitoring human rights at the request of the Government, and stressing the need for coordination and complementarity of efforts between the mission and all the United Nations actors in the mission area, particularly in order to ensure continuity, as the mandate comes to an end,
1. Decides in line with the request from the Government of Nepal and the Secretary-General's recommendations, to renew the mandate of UNMIN as established under resolution 1740 (2007) until 23 January 2009, taking into account the completion of some elements of the mandate, the ongoing work on the monitoring and the management of arms and armed personnel in line with the 25 June Agreement among the political parties, which will support the completion of the peace process;","The text does not provide two meaningful sides with a shared, explicitly comparable substantive treatment.",[]
un,2008/s/res/1825_2008_,2008/s/res/1825_2008_#3,S/RES/1825(2008),claim_verification,0.92,True,False,30.0,selected_without_passing_candidate,"Recognizing the need to pay special attention to the needs of women, children and traditionally marginalized groups in the peace process, as mentioned in the Comprehensive Peace Agreement and resolution 1325 (2000),
Recognizing that civil society can play an important role in democratic transition and conflict prevention,
Expressing appreciation for the efforts of the Secretary-General's Special Representative and his team in UNMIN, and the United Nations Country Team, including the Office of the High Commissioner for Human Rights which is monitoring human rights at the request of the Government, and stressing the need for coordination and complementarity of efforts between the mission and all the United Nations actors in the mission area, particularly in order to ensure continuity, as the mandate comes to an end,
1. Decides in line with the request from the Government of Nepal and the Secretary-General's recommendations, to renew the mandate of UNMIN as established under resolution 1740 (2007) until 23 January 2009, taking into account the completion of some elements of the mandate, the ongoing work on the monitoring and the management of arms and armed personnel in line with the 25 June Agreement among the political parties, which will support the completion of the peace process;",,"[{""candidate_id"": ""q_55768c7127e0f8f14a80dd0a"", ""question"": ""In resolution 1825 (2008), did the Security Council renew UNMIN's mandate until 23 January 2009?"", ""answer"": ""1. Decides in line with the request from the Government of Nepal and the Secretary-General's recommendations, to renew the mandate of UNMIN as established under resolution 1740 (2007) until 23 January 2009, taking into account the completion of some elements of the mandate, the ongoing work on the monitoring and the management of arms and armed personnel in line with the 25 June Agreement among the political parties, which will support the completion of the peace process;"", ""verifier 4__total_40"": ""30"", ""verifier 4__grounding_5"": ""4"", ""verifier 4__audit_status"": ""blocking"", ""verifier 4__faithfulness_reason"": ""The claim is fully supported by operative paragraph 1 of the target block, which explicitly records the Security Council's decision to renew UNMIN's mandate until 23 January 2009. The extracted span is continuous and accurate, and all numerical and date details are faithfully preserved."", ""verifier 4__quality_reason"": ""search_realism: The query frames a straightforward mandate-duration verification task, but relying directly on the resolution symbol in the prompt creates a slightly artificial, document-reading flavor.\nanchoring_and_time: Even setting aside the prohibited citation, the question identifies the actor (Security Council), the specific peacekeeping mission (UNMIN), and the exact mandate extension target date (23 January 2009).\nconsequence: Operative paragraph 1 directly resolves the proposed assertion by confirming the renewal of UNMIN's mandate until 23 January 2009.\nlexical_distance: The phrasing slightly condenses the operative clause ('renew UNMIN's mandate until 23 January 2009' vs 'renew the mandate of UNMIN... until 23 January 2009'), but closely tracks the source structure.\nlinguistic_quality: The sentence is grammatically fluent, clear, and well-punctuated."", ""verifier 4__audit_reason"": ""mode: The base question contains a prohibited formal target document citation ('resolution 1825 (2008)'), violating the standalone/locator policy for claim_verification.""}]"
un,2009/cedaw/c/sr_858_b_,2009/cedaw/c/sr_858_b_#22,CEDAW/C/SR(858.B),comparison,0.53,True,False,32.0,selected_without_passing_candidate,"34. The Chairperson stressed that the delegation should reply to at least some of the questions raised by each expert.
35. Ms. Gaspard asked whether the National Commission on Human Rights initiated specific inquiries into issues that might affect women's enjoyment of their rights.
36. Ms. Altangerel (Mongolia) said that the Government campaigned widely against domestic violence in cooperation with the media and local communities.
An extensive programme for the perpetrators of violence was being implemented and an innovative programme for their rehabilitation through training, as an alternative to imprisonment, was being developed; women themselves favoured that measure.
37. Although the discriminatory potential of the financial requirements for candidates in parliamentary elections deserved to be examined, that rule was imposed not by the Government but by the political parties, which were registered as associations.
38. Ms. Natsagdolgor (Mongolia) said that two complaints of human trafficking, three complaints of sexual harassment in the workplace and one complaint of discriminatory treatment had been filed since 2005; there was no record of any complaints prior to that year.
Domestic violence was defined as a crime, including psychological, physical and financial violence.
As part of an annual report on social and economic conditions, the National Statistics Office published employment data, including specific information on women.",,"[{""candidate_id"": ""q_bc030d7412cf0b3571c2d120"", ""question"": ""During Mongolia's review by the Committee on the Elimination of Discrimination against Women, how did the reported numbers of complaints of human trafficking and sexual harassment in the workplace compare since 2005?"", ""answer"": ""38. Ms. Natsagdolgor (Mongolia) said that two complaints of human trafficking, three complaints of sexual harassment in the workplace and one complaint of discriminatory treatment had been filed since 2005; there was no record of any complaints prior to that year."", ""verifier 4__total_40"": ""32"", ""verifier 4__grounding_5"": ""4"", ""verifier 4__audit_status"": ""repair"", ""verifier 4__faithfulness_reason"": ""The candidate directly answers the comparison question using a fully supported continuous span from paragraph 38 of the target block. Both comparison entities and the comparative aspect are clearly established, the excerpt is appropriately contained, and all counts and dates are reproduced with complete accuracy."", ""verifier 4__quality_reason"": ""search_realism: Presents a realistic, well-motivated comparative query investigating reported complaint volumes across two specific categories during a state reporting review.\nanchoring_and_time: Properly anchors the context to Mongolia's review before the Committee on the Elimination of Discrimination against Women and specifies the temporal boundary (since 2005) without relying on forbidden locators.\nconsequence: The selected quotation directly and completely resolves the comparison, providing the exact figures for both human trafficking (two) and workplace sexual harassment (three).\nlexical_distance: Formulates a natural comparative question that appropriately incorporates necessary domain terminology while avoiding verbatim copying of the source paragraph's syntax.\nlinguistic_quality: Grammatically sound, clear, and fluent sentence construction."", ""verifier 4__audit_reason"": ""metadata: comparison_entities[1] ('complaints of sexual harassment in the workplace') is not an exact substring of the question, which phrases the conjunction as 'complaints of human trafficking and sexual harassment in the workplace'.""}]"
un,2009/cedaw/c/sr_858_b_,2009/cedaw/c/sr_858_b_#22,CEDAW/C/SR(858.B),claim_verification,0.92,True,False,32.0,selected_without_passing_candidate,"34. The Chairperson stressed that the delegation should reply to at least some of the questions raised by each expert.
35. Ms. Gaspard asked whether the National Commission on Human Rights initiated specific inquiries into issues that might affect women's enjoyment of their rights.
36. Ms. Altangerel (Mongolia) said that the Government campaigned widely against domestic violence in cooperation with the media and local communities.
An extensive programme for the perpetrators of violence was being implemented and an innovative programme for their rehabilitation through training, as an alternative to imprisonment, was being developed; women themselves favoured that measure.
37. Although the discriminatory potential of the financial requirements for candidates in parliamentary elections deserved to be examined, that rule was imposed not by the Government but by the political parties, which were registered as associations.
38. Ms. Natsagdolgor (Mongolia) said that two complaints of human trafficking, three complaints of sexual harassment in the workplace and one complaint of discriminatory treatment had been filed since 2005; there was no record of any complaints prior to that year.
Domestic violence was defined as a crime, including psychological, physical and financial violence.
As part of an annual report on social and economic conditions, the National Statistics Office published employment data, including specific information on women.",,"[{""candidate_id"": ""q_2711801ead3842b53945f162"", ""question"": ""At the Committee's examination of Mongolia, was an innovative programme for perpetrators' rehabilitation already being implemented as an alternative to imprisonment?"", ""answer"": ""An extensive programme for the perpetrators of violence was being implemented and an innovative programme for their rehabilitation through training, as an alternative to imprisonment, was being developed;"", ""verifier 4__total_40"": ""32"", ""verifier 4__grounding_5"": ""4"", ""verifier 4__audit_status"": ""repair"", ""verifier 4__faithfulness_reason"": ""The claim that the innovative rehabilitation programme was already being implemented is directly contradicted by the source, which specifies that it was being developed while an extensive programme was being implemented. The selected span is concise and complete. Numerical fidelity not applicable; 4 is a compatibility value."", ""verifier 4__quality_reason"": ""search_realism: The query reflects a realistic verification need testing whether an innovative perpetrator-rehabilitation programme was operational or merely under development.\nanchoring_and_time: Well anchored to the Committee's examination of Mongolia and the specific domestic violence perpetrator rehabilitation initiative.\nconsequence: The excerpt directly resolves the assertion, demonstrating that the innovative rehabilitation programme was only 'being developed' while another extensive programme was being implemented, fully justifying the contradicted verdict.\nlexical_distance: Successfully reframes the source statement into a natural question without copying superfluous source scaffolding.\nlinguistic_quality: Grammatically sound, natural, and precise English phrasing."", ""verifier 4__audit_reason"": ""metadata: The anchor substring 'innovative programme for their rehabilitation' does not appear verbatim in the question, which instead uses 'innovative programme for perpetrators' rehabilitation'.""}, {""candidate_id"": ""q_dc390bedf58dca3cee388574"", ""question"": ""During the Committee's review of Mongolia, were there any recorded complaints prior to 2005?"", ""answer"": ""two complaints of human trafficking, three complaints of sexual harassment in the workplace and one complaint of discriminatory treatment had been filed since 2005; there was no record of any complaints prior to that year."", ""verifier 4__total_40"": ""25"", ""verifier 4__grounding_5"": ""4"", ""verifier 4__audit_status"": ""blocking"", ""verifier 4__faithfulness_reason"": ""The claim is contradicted by the explicit statement that there was no record of complaints prior to 2005. The extracted span provides the full context and accurately preserves the year 2005 along with the specific complaint counts."", ""verifier 4__quality_reason"": ""search_realism: Asking whether there were 'any recorded complaints' without identifying the subject matter of the complaints (human trafficking, sexual harassment, or discrimination) results in an unnatural and severely under-specified search need.\nanchoring_and_time: Essential substantive context defining what types of complaints are at issue is completely absent, making the target topic unidentifiable without consulting the source block.\nconsequence: Ceiling applied due to support failure; the answer's narrow context regarding specific workplace harassment, trafficking, and discrimination complaints cannot resolve an unqualified claim about any complaints whatsoever.\nlexical_distance: The query isolates the concluding phrase of the source sentence while stripping out the indispensable substantive qualifiers.\nlinguistic_quality: Fluent, clean, and grammatically correct English."", ""verifier 4__audit_reason"": ""support: The delegate's remark that 'there was no record of any complaints prior to that year' strictly qualifies the specific complaint categories filed since 2005 (trafficking, sexual harassment in the workplace, and discriminatory treatment). It does not contradict or establish the absence of 'any recorded complaints' across all domains in Mongolia.""}]"
un,2009/cedaw/c/sr_877,2009/cedaw/c/sr_877#19,CEDAW/C/SR.877,comparison,0.62,True,False,31.0,selected_without_passing_candidate,"Sometimes women hesitated to make their claim and took no action, either because of family pressures or because they remarried.
In the case of divorce, even when a judge had designated a notary to carry out the liquidation, it did not always take place.
44. A woman's status as the head of a business was recognized.
45. Although article 337 of the Penal Code prohibited abortion, there were exceptions which covered the cases referred to.
Abortion was permitted in the case of rape or when the life of the mother was in danger.
46. Statistics on workers in the private and informal sectors would be available in the near future.
Cameroon had two ministries responsible for labour: the Ministry of Labour and Professional Education and Ministry of Labour and Social Security.
47. Ms. Tchatchoua (Cameroon) said that the promotion of women's rights and gender equality was a cross-cutting issue and that the Ministry worked with all departments and focal points.
Few statistics were available, but the Ministry was working with the focal points and future reports would include more precise data.",,"[{""candidate_id"": ""q_9e573dbe5a92266a522f3dbe"", ""question"": ""During the CEDAW review of Cameroon's combined second and third periodic report, how did the article 337 abortion exception for rape compare with the exception when the life of the mother was in danger?"", ""answer"": ""45. Although article 337 of the Penal Code prohibited abortion, there were exceptions which covered the cases referred to. Abortion was permitted in the case of rape or when the life of the mother was in danger."", ""verifier 4__total_40"": ""31"", ""verifier 4__grounding_5"": ""4"", ""verifier 4__audit_status"": ""repair"", ""verifier 4__faithfulness_reason"": ""The question establishes a valid comparison between the two statutory grounds under article 337 of the Penal Code, both of which share the same legal treatment (abortion permitted as an exception). The extracted span from paragraph 45 is fully continuous, contains no extraneous text, and accurately reproduces the legal article reference."", ""verifier 4__quality_reason"": ""search_realism: The query establishes a serviceable shared-treatment comparison, though asking how one statutory exception compared to another when both are simply co-listed permitted grounds reflects a slightly constructed query framing.\nanchoring_and_time: The contextual framing accurately anchors the substantive discussion to the CEDAW review of Cameroon's combined second and third periodic report without relying on prohibited document locators.\nconsequence: The extracted answer fully and directly resolves the comparison aspect by showing that abortion was permitted under article 337 in both situations.\nlexical_distance: The query effectively integrates the statutory concepts into natural question syntax rather than relying on source-shaped sentence scaffolding.\nlinguistic_quality: The prose is fluent, grammatically sound, and clearly articulated."", ""verifier 4__audit_reason"": ""metadata: The anchor 'article 337 of the Penal Code' does not appear as an exact substring in the question, which only contains 'article 337'.""}]"
un,2009/s/res/1900_2009_,2009/s/res/1900_2009_#2,S/RES/1900(2009),conceptual,0.91,True,False,25.0,selected_without_passing_candidate,"1. Underlines its intention to extend, by 30 June 2010, the terms of office of all trial judges at the International Tribunal based on the Tribunal's projected trial schedule and the terms of office of all appeals judges until 31 December 2012, or until the completion of the cases to which they are assigned if sooner, and requests the President of the International Tribunal to submit to the Council an updated trial and appeals schedule, including information on the judges whose extension of the terms of office or redeployment to the Appeals Chamber will be sought;
2. Decides that, notwithstanding the expiry of their terms of office on 31 December 2009, Judges Kimberley Prost (Canada) and Ole Bjørn Støle (Norway) complete the Popović case which they began before the expiry of their terms of office; and takes note of the intention of the International Tribunal to complete the case before the end of March 2010;",,"[{""candidate_id"": ""q_d5ed9f51bdfcd13b4f6a7e7a"", ""question"": ""What exception did Resolution 1900 (2009) make for Judges Kimberley Prost and Ole Bjørn Støle after their terms of office expired?"", ""answer"": ""Decides that, notwithstanding the expiry of their terms of office on 31 December 2009, Judges Kimberley Prost (Canada) and Ole Bjørn Støle (Norway) complete the Popović case which they began before the expiry of their terms of office; and takes note of the intention of the International Tribunal to complete the case before the end of March 2010;"", ""verifier 4__total_40"": ""25"", ""verifier 4__grounding_5"": ""4"", ""verifier 4__audit_status"": ""blocking"", ""verifier 4__faithfulness_reason"": ""The substantive exception allowing Judges Prost and Støle to complete the Popović case notwithstanding the expiry of their terms is accurately captured from paragraph 2, with dates and names preserved faithfully."", ""verifier 4__quality_reason"": ""search_realism: Presents a direct document-comprehension lookup asking what a specific cited resolution decided, rather than an organic thematic research query.\nanchoring_and_time: The question uses the target instrument citation 'Resolution 1900 (2009)' as its grammatical subject. Disregarding this prohibited locator leaves the query without an adopting authority or temporal boundary, triggering the ceiling of 2.\nconsequence: The answer provides the relevant decision permitting the named judges to complete the Popović case, but extracts the entire operative paragraph including subsequent commentary on expected completion timing.\nlexical_distance: Copies the specific judge names and expiry phrasing closely from the source text with minimal structural reformulation.\nlinguistic_quality: Serviceable, though placing 'after their terms of office expired' at the end of the query creates minor temporal ambiguity regarding whether the adoption or the exception occurred after expiry."", ""verifier 4__audit_reason"": ""mode: The base question contains a prohibited formal target document citation ('Resolution 1900 (2009)'), violating the standalone locator policy.""}, {""candidate_id"": ""q_a7b02b62f85068e70023fab3"", ""question"": ""What scheduling information did the Security Council seek before extending or redeploying International Tribunal judges in Resolution 1900 (2009)?"", ""answer"": ""Underlines its intention to extend, by 30 June 2010, the terms of office of all trial judges at the International Tribunal based on the Tribunal's projected trial schedule and the terms of office of all appeals judges until 31 December 2012, or until the completion of the cases to which they are assigned if sooner, and requests the President of the International Tribunal to submit to the Council an updated trial and appeals schedule, including information on the judges whose extension of the terms of office or redeployment to the Appeals Chamber will be sought;"", ""verifier 4__total_40"": ""25"", ""verifier 4__grounding_5"": ""4"", ""verifier 4__audit_status"": ""blocking"", ""verifier 4__faithfulness_reason"": ""The information sought by the Council is fully grounded in paragraph 1. However, precision is reduced to 3 because the excerpt retains a long, easily removable preceding clause regarding the Council's intention to extend terms of office rather than isolating the requested submission clause."", ""verifier 4__quality_reason"": ""search_realism: Formulated as a document-reading comprehension test rather than an authentic practitioner query, relying on an explicit reference to the target resolution.\nanchoring_and_time: Relies directly on the prohibited resolution locator 'Resolution 1900 (2009)' to establish context. Stripping that locator leaves only 'Security Council' and the generic 'International Tribunal judges' without any temporal anchor or specific tribunal identification, triggering the mandatory ceiling of 2.\nconsequence: The submitted answer resolves the question by identifying the updated schedule and judge information requested, but it includes an unnecessary full-sentence prefix detailing the Council's extension intentions for trial and appeals judges.\nlexical_distance: Rephrases the core request adequately, though it retains close structural ties to the source clause.\nlinguistic_quality: Grammatically sound, fluent, and clearly phrased English."", ""verifier 4__audit_reason"": ""mode: The base question contains a prohibited formal target document citation ('Resolution 1900 (2009)'), violating the standalone locator policy.""}]"
un,2009/s/res/1900_2009_,2009/s/res/1900_2009_#2,S/RES/1900(2009),comparison,0.82,True,False,27.0,selected_without_passing_candidate,"1. Underlines its intention to extend, by 30 June 2010, the terms of office of all trial judges at the International Tribunal based on the Tribunal's projected trial schedule and the terms of office of all appeals judges until 31 December 2012, or until the completion of the cases to which they are assigned if sooner, and requests the President of the International Tribunal to submit to the Council an updated trial and appeals schedule, including information on the judges whose extension of the terms of office or redeployment to the Appeals Chamber will be sought;
2. Decides that, notwithstanding the expiry of their terms of office on 31 December 2009, Judges Kimberley Prost (Canada) and Ole Bjørn Støle (Norway) complete the Popović case which they began before the expiry of their terms of office; and takes note of the intention of the International Tribunal to complete the case before the end of March 2010;",,"[{""candidate_id"": ""q_ca87185233a2fe75ea98bf7c"", ""question"": ""Under Security Council resolution 1900 (2009), how did the planned extensions of the terms of office differ for all trial judges and all appeals judges at the International Tribunal?"", ""answer"": ""1. Underlines its intention to extend, by 30 June 2010, the terms of office of all trial judges at the International Tribunal based on the Tribunal's projected trial schedule and the terms of office of all appeals judges until 31 December 2012, or until the completion of the cases to which they are assigned if sooner, and requests the President of the International Tribunal to submit to the Council an updated trial and appeals schedule, including information on the judges whose extension of the terms of office or redeployment to the Appeals Chamber will be sought;"", ""verifier 4__total_40"": ""27"", ""verifier 4__grounding_5"": ""4"", ""verifier 4__audit_status"": ""blocking"", ""verifier 4__faithfulness_reason"": ""The comparison between the planned extensions for trial judges and appeals judges is fully grounded in paragraph 1, and all dates (30 June 2010 and 31 December 2012) are faithfully preserved. However, the extracted span retains a substantial, separable trailing clause requesting the President of the International Tribunal to submit an updated schedule, which constitutes meaningful removable excess."", ""verifier 4__quality_reason"": ""search_realism: The retrieval goal is understandable, but relying on a formal document citation turns the query into a direct document-lookup exercise rather than a standalone legal search need.\nanchoring_and_time: The question relies entirely on the prohibited locator 'Security Council resolution 1900 (2009)'. Disregarding the forbidden citation leaves only 'the International Tribunal' without a temporal baseline or specific tribunal identifier, triggering the mandatory ceiling of 2.\nconsequence: The extracted text of paragraph 1 resolves both sides of the comparison, detailing the planned action deadline and basis for trial judges alongside the planned term-end date and case-completion condition for appeals judges.\nlexical_distance: The query relies heavily on verbatim phrasing from the target text ('terms of office of all trial judges', 'all appeals judges') wrapped in a basic comparative framing.\nlinguistic_quality: The sentence is grammatically sound, clear, and properly structured."", ""verifier 4__audit_reason"": ""mode: The question includes the formal target locator 'Security Council resolution 1900 (2009)', violating the standalone/locator policy which strictly prohibits formal resolution symbols and act numbers in comparison mode.""}]"
un,2009/s/res/1900_2009_,2009/s/res/1900_2009_#2,S/RES/1900(2009),claim_verification,0.94,True,False,30.0,selected_without_passing_candidate,"1. Underlines its intention to extend, by 30 June 2010, the terms of office of all trial judges at the International Tribunal based on the Tribunal's projected trial schedule and the terms of office of all appeals judges until 31 December 2012, or until the completion of the cases to which they are assigned if sooner, and requests the President of the International Tribunal to submit to the Council an updated trial and appeals schedule, including information on the judges whose extension of the terms of office or redeployment to the Appeals Chamber will be sought;
2. Decides that, notwithstanding the expiry of their terms of office on 31 December 2009, Judges Kimberley Prost (Canada) and Ole Bjørn Støle (Norway) complete the Popović case which they began before the expiry of their terms of office; and takes note of the intention of the International Tribunal to complete the case before the end of March 2010;",,"[{""candidate_id"": ""q_ed374219abd9269081771f4b"", ""question"": ""Did Security Council resolution 1900 (2009) decide that Judges Kimberley Prost and Ole Bjørn Støle could complete the Popović case despite the expiry of their terms of office?"", ""answer"": ""2. Decides that, notwithstanding the expiry of their terms of office on 31 December 2009, Judges Kimberley Prost (Canada) and Ole Bjørn Støle (Norway) complete the Popović case which they began before the expiry of their terms of office; and takes note of the intention of the International Tribunal to complete the case before the end of March 2010;"", ""verifier 4__total_40"": ""30"", ""verifier 4__grounding_5"": ""4"", ""verifier 4__audit_status"": ""blocking"", ""verifier 4__faithfulness_reason"": ""The claim accurately reflects operative paragraph 2 of resolution 1900 (2009), which decides that Judges Prost and Støle may complete the Popović case notwithstanding the expiry of their terms of office. The extracted paragraph directly supports the supported verdict with accurate date preservation."", ""verifier 4__quality_reason"": ""search_realism: The verification need tests a specific exception for individual judges completing an ongoing trial, but framing it directly around the formal resolution number gives it a document-reading focus.\nanchoring_and_time: Ignoring the prohibited formal citation, the mention of Judges Kimberley Prost, Ole Bjørn Støle, and the Popović case provides recognizable context, though the specific institutional body and year rely on the citation.\nconsequence: The selected answer fully and accurately confirms the Council's decision authorizing the named judges to complete the Popović case notwithstanding the expiry of their terms of office.\nlexical_distance: Successfully rephrases 'notwithstanding the expiry of their terms of office' to 'despite the expiry of their terms of office' and adjusts the syntax into a natural interrogative check.\nlinguistic_quality: Grammatically sound, well-structured, and clear English phrasing."", ""verifier 4__audit_reason"": ""mode: Prohibited formal target document citation 'Security Council resolution 1900 (2009)' is included in the base question, violating the standalone locator policy.""}, {""candidate_id"": ""q_cc8ebc277b8dba5062b1e1d5"", ""question"": ""Did Security Council resolution 1900 (2009) underline its intention to extend the terms of office of all trial judges at the International Tribunal by 30 June 2010?"", ""answer"": ""1. Underlines its intention to extend, by 30 June 2010, the terms of office of all trial judges at the International Tribunal based on the Tribunal's projected trial schedule and the terms of office of all appeals judges until 31 December 2012, or until the completion of the cases to which they are assigned if sooner, and requests the President of the International Tribunal to submit to the Council an updated trial and appeals schedule, including information on the judges whose extension of the terms of office or redeployment to the Appeals Chamber will be sought;"", ""verifier 4__total_40"": ""29"", ""verifier 4__grounding_5"": ""4"", ""verifier 4__audit_status"": ""blocking"", ""verifier 4__faithfulness_reason"": ""The claim accurately captures the Council's stated intention in operative paragraph 1 to extend, by 30 June 2010, the terms of office of all trial judges at the International Tribunal, preserving the exact temporal preposition ('by') and institutional context. The extracted span completely supports the verdict."", ""verifier 4__quality_reason"": ""search_realism: Verifying an explicit statement of intent regarding judicial term extensions is a serviceable search need, though phrased as a routine textual check.\nanchoring_and_time: When ignoring the prohibited locator 'Security Council resolution 1900 (2009)', 'International Tribunal' remains generic without tribunal-specific identifiers, though the 30 June 2010 date provides temporal framing.\nconsequence: Paragraph 1 explicitly provides the underlined intention to extend the terms of trial judges by the specified target date, fully resolving the claim.\nlexical_distance: The phrasing closely tracks the source text ('underline its intention to extend the terms of office of all trial judges at the International Tribunal by 30 June 2010') with minimal lexical divergence beyond syntax rearrangement.\nlinguistic_quality: Grammatically correct and fluent."", ""verifier 4__audit_reason"": ""mode: Prohibited formal target document citation 'Security Council resolution 1900 (2009)' is included in the base question, violating the standalone locator policy.""}]"
un,2009/s/res/1900_2009_,2009/s/res/1900_2009_#2,S/RES/1900(2009),source_finding,0.87,True,False,27.0,selected_without_passing_candidate,"1. Underlines its intention to extend, by 30 June 2010, the terms of office of all trial judges at the International Tribunal based on the Tribunal's projected trial schedule and the terms of office of all appeals judges until 31 December 2012, or until the completion of the cases to which they are assigned if sooner, and requests the President of the International Tribunal to submit to the Council an updated trial and appeals schedule, including information on the judges whose extension of the terms of office or redeployment to the Appeals Chamber will be sought;
2. Decides that, notwithstanding the expiry of their terms of office on 31 December 2009, Judges Kimberley Prost (Canada) and Ole Bjørn Støle (Norway) complete the Popović case which they began before the expiry of their terms of office; and takes note of the intention of the International Tribunal to complete the case before the end of March 2010;",,"[{""candidate_id"": ""q_970d5876f2eec70d405cf926"", ""question"": ""Which Security Council resolution extended the terms of office of judges at the International Tribunal and allowed Judges Kimberley Prost and Ole Bjørn Støle to complete the Popović case?"", ""answer"": ""S/RES/1900(2009)"", ""verifier 4__total_40"": ""27"", ""verifier 4__grounding_5"": ""2"", ""verifier 4__audit_status"": ""blocking"", ""verifier 4__faithfulness_reason"": ""The clue asserts that the resolution extended the terms of office of judges, whereas paragraph 1 only '[u]nderlines its intention to extend' those terms. Confusing an intention to extend with an adopted extension is a material action/status defect. Precision is 4 as the evidence is a contiguous span covering both referenced provisions, and numerical fidelity is 4 for exact citation of the document identifier."", ""verifier 4__quality_reason"": ""search_realism: Plausible formulation of a resolution lookup, but weakened by incorporating an inaccurate legal premise regarding the action taken by the Council.\nanchoring_and_time: The question provides specific contextual anchors including the named judges, the Popović case, and the International Tribunal.\nconsequence: Capped at 2 due to a support failure in the clue: operative paragraph 1 only underlines the Council's intention to extend the terms of office by a future date rather than actually enacting the extension.\nlexical_distance: Adequately reframes the source text into an interrogative query without excessive copying of nonessential scaffolding.\nlinguistic_quality: Grammatically sound, clear, and well-formed English sentence structure."", ""verifier 4__audit_reason"": ""support: Operative paragraph 1 only underlines the Council's intention to extend the terms of office ('Underlines its intention to extend, by 30 June 2010, the terms of office...'), rather than actually extending them; an expression of future intention does not support the factual premise in the question that the resolution extended judges' terms of office.""}]"
un,2010/a/hrc/res/14/9,2010/a/hrc/res/14/9#2,A/HRC/RES/14/9,comparison,0.55,True,False,29.0,selected_without_passing_candidate,"Recognizing that cultural diversity and the pursuit of cultural development by all peoples and nations are a source of mutual enrichment for the cultural life of humankind,
Determined to treat human rights globally in a fair and equal manner, on the same footing and with the same emphasis,
1. Reaffirms that cultural rights are an integral part of human rights, which are universal, indivisible, interrelated and interdependent;
2. Recognizes the right of everyone to take part in cultural life and to enjoy the benefits of scientific progress and its applications;
3. Reaffirms that, while the significance of national and regional particularities and various historical, cultural and religious backgrounds must be borne in mind, it is the duty of the States, regardless of their political, economic and cultural systems, to promote and protect all human rights and fundamental freedoms;
4. Recalls that, as expressed in the Universal Declaration on Cultural Diversity, no one may invoke cultural diversity to infringe upon human rights guaranteed by international law, nor to limit their scope;",,"[{""candidate_id"": ""q_8b7a1954a01b754b3ad5da04"", ""question"": ""In Human Rights Council resolution 14/9 on the promotion and protection of all human rights, how does the treatment of national and regional particularities and various historical, cultural and religious backgrounds compare with the treatment of cultural diversity in relation to human rights?"", ""answer"": ""3. Reaffirms that, while the significance of national and regional particularities and various historical, cultural and religious backgrounds must be borne in mind, it is the duty of the States, regardless of their political, economic and cultural systems, to promote and protect all human rights and fundamental freedoms;\n4. Recalls that, as expressed in the Universal Declaration on Cultural Diversity, no one may invoke cultural diversity to infringe upon human rights guaranteed by international law, nor to limit their scope;"", ""verifier 4__total_40"": ""29"", ""verifier 4__grounding_5"": ""4"", ""verifier 4__audit_status"": ""blocking"", ""verifier 4__faithfulness_reason"": ""The question asks for a direct comparison of how resolution 14/9 treats national/regional particularities and cultural backgrounds versus cultural diversity regarding human rights. The contiguous excerpt of operative paragraphs 3 and 4 directly establishes both sides without defect. Precision is appropriately concise, encompassing both relevant provisions. Numerical fidelity not applicable; 4 is a compatibility value."", ""verifier 4__quality_reason"": ""search_realism: The query poses a plausible comparative research question regarding how particularities versus cultural diversity limit or interact with human rights obligations, but it is framed as a document-comprehension task referencing a specific resolution.\nanchoring_and_time: When discounting the prohibited locator 'resolution 14/9', the remaining context relies on the broad agenda theme 'promotion and protection of all human rights' without a temporal or session discriminator to distinguish this text among recurring Council pronouncements on cultural diversity.\nconsequence: The selected two-paragraph answer directly and fully resolves the comparative question by showing the dual stances: particularities must be borne in mind while maintaining the duty to protect all rights, whereas cultural diversity may not be invoked to infringe upon rights or limit their scope.\nlexical_distance: The question lifts a very long verbatim noun phrase ('national and regional particularities and various historical, cultural and religious backgrounds') directly from the source text alongside 'cultural diversity'.\nlinguistic_quality: The sentence is grammatically correct, fluent, and clearly articulates the two sides and the comparative aspect."", ""verifier 4__audit_reason"": ""mode: The base question includes the formal resolution number 'resolution 14/9', which violates the locator policy prohibiting formal target identifiers in comparison queries.""}]"
un,2010/s/res/1912_2010_,2010/s/res/1912_2010_#2,S/RES/1912(2010),conceptual,0.9,True,False,28.0,selected_without_passing_candidate,"Noting the statement made by President José Ramos-Horta on 9 December 2009 on the views of the Timorese authorities regarding the future role of UNMIT police during the 2010-2012 period,
Expressing its full support for the role of the international security forces in assisting the Government of Timor-Leste and UNMIT, in the maintenance of law and stability, in response to the requests of the Government of Timor-Leste,
Expressing deep concern with the high rates of unemployment and poverty among the Timorese population, as indicated in the report of the Secretary-General, welcoming in this regard the actions already taken by the Government of Timor-Leste to address these issues, in particular the efforts to finalize the National Strategic Development Plan, and underlining the importance of continued support by the international community for the socio-economic development of Timor-Leste,
Recalling that while the manifestations of the current challenges in Timor-Leste are political and institutional in nature, poverty and its associated deprivations also contribute to these challenges, paying tribute to Timor-Leste's bilateral and multilateral partners for their invaluable assistance, particularly with regard to human resource development, institutional capacity-building and social and economic development, and recognizing the progress being made in the development of many aspects of governance in Timor-Leste,",,"[{""candidate_id"": ""q_7787a38746157aaf179befb6"", ""question"": ""How did Resolution 1912 (2010) characterize the relationship between poverty and its associated deprivations and Timor-Leste’s political and institutional challenges?"", ""answer"": ""Recalling that while the manifestations of the current challenges in Timor-Leste are political and institutional in nature, poverty and its associated deprivations also contribute to these challenges,"", ""verifier 4__total_40"": ""28"", ""verifier 4__grounding_5"": ""4"", ""verifier 4__audit_status"": ""blocking"", ""verifier 4__faithfulness_reason"": ""The extracted clause accurately and directly answers the question regarding the relationship between poverty and institutional/political challenges as stated in the preamble. Precision is well-bounded to the relevant clause without extraneous trailing text. Numerical fidelity not applicable; 4 is a compatibility value."", ""verifier 4__quality_reason"": ""search_realism: The query uses explicit document-comprehension phrasing ('How did Resolution 1912 (2010) characterize...') rather than a practitioner's conceptual information need.\nanchoring_and_time: Ignoring the prohibited formal citation, the remaining context ('Timor-Leste’s political and institutional challenges') lacks a specific temporal anchor to distinguish this phase of the UNMIT mandate from earlier or later periods.\nconsequence: The continuous extract directly and completely answers the question by providing the Council's characterization that poverty and deprivations contribute to challenges whose manifestations are political and institutional.\nlexical_distance: The query reuses several key phrases directly from the source clause ('poverty and its associated deprivations', 'political and institutional challenges'), resulting in noticeable source-shaped phrasing.\nlinguistic_quality: The sentence is grammatically correct, fluent, and clearly formulated."", ""verifier 4__audit_reason"": ""mode: The base question contains a prohibited formal target document locator ('Resolution 1912 (2010)'), violating the standalone locator policy.""}]"
un,2010/s/res/1912_2010_,2010/s/res/1912_2010_#2,S/RES/1912(2010),claim_verification,0.9,True,False,28.0,selected_without_passing_candidate,"Noting the statement made by President José Ramos-Horta on 9 December 2009 on the views of the Timorese authorities regarding the future role of UNMIT police during the 2010-2012 period,
Expressing its full support for the role of the international security forces in assisting the Government of Timor-Leste and UNMIT, in the maintenance of law and stability, in response to the requests of the Government of Timor-Leste,
Expressing deep concern with the high rates of unemployment and poverty among the Timorese population, as indicated in the report of the Secretary-General, welcoming in this regard the actions already taken by the Government of Timor-Leste to address these issues, in particular the efforts to finalize the National Strategic Development Plan, and underlining the importance of continued support by the international community for the socio-economic development of Timor-Leste,
Recalling that while the manifestations of the current challenges in Timor-Leste are political and institutional in nature, poverty and its associated deprivations also contribute to these challenges, paying tribute to Timor-Leste's bilateral and multilateral partners for their invaluable assistance, particularly with regard to human resource development, institutional capacity-building and social and economic development, and recognizing the progress being made in the development of many aspects of governance in Timor-Leste,",,"[{""candidate_id"": ""q_d3b1db4ccb01ddd38e3f216e"", ""question"": ""In Resolution 1912 (2010), did the Security Council express full support for the role of international security forces in assisting the Government of Timor-Leste and UNMIT with maintaining law and stability?"", ""answer"": ""Expressing its full support for the role of the international security forces in assisting the Government of Timor-Leste and UNMIT, in the maintenance of law and stability, in response to the requests of the Government of Timor-Leste,"", ""verifier 4__total_40"": ""28"", ""verifier 4__grounding_5"": ""4"", ""verifier 4__audit_status"": ""blocking"", ""verifier 4__faithfulness_reason"": ""The claim is fully supported by the target preambular paragraph, confirming the Security Council's expression of full support for the international security forces. The extracted span is exactly contiguous and concise, and citational details are accurately preserved."", ""verifier 4__quality_reason"": ""search_realism: The query frames a plausible verification task concerning the Security Council's position on international security forces in Timor-Leste, but the phrasing is largely a mechanical true/false check built around a specific document citation.\nanchoring_and_time: Ignoring the prohibited formal document title 'Resolution 1912 (2010)', the substantive actors (Security Council, Government of Timor-Leste, UNMIT) identify the mission context, though the specific time period relies entirely on the excluded locator.\nconsequence: The submitted preambular clause fully and directly resolves the claim, confirming the Security Council's expression of full support.\nlexical_distance: The question is a near-verbatim copy of the source scaffolding ('express full support for the role of international security forces in assisting the Government of Timor-Leste and UNMIT with maintaining law and stability' directly tracks 'Expressing its full support for the role of the international security forces in assisting the Government of Timor-Leste and UNMIT, in the maintenance of law and stability') with minimal syntactic rearrangement.\nlinguistic_quality: Grammatically sound, clear, and well-punctuated English."", ""verifier 4__audit_reason"": ""mode: Prohibited formal target document identifier 'Resolution 1912 (2010)' is included in the claim_verification question text.""}]"
un,2011/a/66/613,2011/a/66/613#3,A/66/613,claim_verification,0.92,True,False,29.0,selected_without_passing_candidate,"7. The Advisory Group agreed to revisit and continue monitoring the progress of implementation of the management response plan at its subsequent meetings.
Management 8. The Advisory Group thanked the Emergency Relief Coordinator and the CERF secretariat for their continued professional management of the Fund and their continuing efforts to improve its efficiency and effectiveness.
The Group commended the efforts to reach the target of US$ 450 million in annual funding set by the General Assembly.
The Advisory Group expressed its appreciation of the secretariat's efforts to broaden and deepen the financial support for the Fund of Member States and the private sector, despite the difficult global economic circumstances.
9. Members of the Advisory Group acknowledged the role of the Fund in complementing and reinforcing humanitarian reform when there was effective leadership from the humanitarian country team and solid coordination arrangements were in place.
10. The Advisory Group acknowledged the effort made by the CERF secretariat to improve the quality and timeliness of field reporting over the past five years and the special attention given to working with resident coordinators/humanitarian coordinators who had provided substandard draft reports.
The Group expressed concern for the overall quality of reporting by resident coordinators/humanitarian coordinators on country-level results, and stressed the need to move towards improved measurement of outcome.",,"[{""candidate_id"": ""q_8b5555216b16763741bdeb64"", ""question"": ""At its October 2011 meeting concerning the Central Emergency Response Fund (CERF), did the Advisory Group agree to revisit and continue monitoring implementation of the management response plan at subsequent meetings?"", ""answer"": ""7. The Advisory Group agreed to revisit and continue monitoring the progress of implementation of the management response plan at its subsequent meetings."", ""verifier 4__total_40"": ""29"", ""verifier 4__grounding_5"": ""4"", ""verifier 4__audit_status"": ""repair"", ""verifier 4__faithfulness_reason"": ""The claim is fully supported by paragraph 7 of the target block, with the October 2011 meeting context resolved by the document context. The extracted sentence is concise, complete, and retains the correct paragraph numbering without defect."", ""verifier 4__quality_reason"": ""search_realism: The verification need is serviceable and plausible for an oversight monitor, but noticeably constructed around the specific phrasing of paragraph 7.\nanchoring_and_time: Solid contextual framing that accurately specifies the October 2011 session, the Central Emergency Response Fund (CERF), and the Advisory Group without using prohibited citations.\nconsequence: The target excerpt directly and fully confirms the queried commitment to revisit and monitor the management response plan at subsequent meetings.\nlexical_distance: The query relies on a thin interrogative wrapper around a near-verbatim 14-word excerpt from the target sentence ('agree to revisit and continue monitoring implementation of the management response plan at subsequent meetings'), retaining avoidable source-shaped phrasing rather than reformulating.\nlinguistic_quality: Grammatically correct, clear, and well-punctuated English prose."", ""verifier 4__audit_reason"": ""metadata: The declared anchor 'monitoring the progress of implementation of the management response plan' does not appear as an exact substring in the question, which omits 'the progress of' ('monitoring implementation of the management response plan').""}]"
un,2011/a/res/64/155,2011/a/res/64/155#6,A/RES/64/155,practitioner,0.87,True,False,28.0,selected_without_passing_candidate,"6. Recommends that, throughout the time span of the entire electoral cycle, including before and after elections, as appropriate, based on a needs assessment and in accordance with the evolving needs of requesting Member States, bearing in mind sustainability and costeffectiveness, the United Nations continue to provide technical advice and other assistance to requesting States and electoral institutions in order to help to strengthen their democratic processes;
7. Notes with appreciation the additional efforts being made to enhance cooperation with other international, governmental and nongovernmental organizations in order to facilitate more comprehensive and needsspecific responses to requests for electoral assistance, encourages those organizations to share knowledge and experience in order to promote best practices in the assistance they provide and in their reporting on electoral processes, and expresses its appreciation to those Member States, regional organizations and nongovernmental organizations that have provided observers or technical experts in support of United Nations electoral assistance efforts;",,"[{""candidate_id"": ""q_8015836fc7a4df6c3362d69d"", ""question"": ""A United Nations electoral assistance team is planning support for a requesting Member State throughout its electoral cycle under General Assembly resolution 64/155. What does the resolution recommend about the timing, basis and purpose of that support?"", ""answer"": ""throughout the time span of the entire electoral cycle, including before and after elections, as appropriate, based on a needs assessment and in accordance with the evolving needs of requesting Member States, bearing in mind sustainability and costeffectiveness, the United Nations continue to provide technical advice and other assistance to requesting States and electoral institutions in order to help to strengthen their democratic processes"", ""verifier 4__total_40"": ""28"", ""verifier 4__grounding_5"": ""4"", ""verifier 4__audit_status"": ""blocking"", ""verifier 4__faithfulness_reason"": ""The candidate addresses the recommendation in paragraph 6 regarding timing, basis, and purpose for UN electoral assistance to requesting States. The extracted continuous span precisely answers all three asked aspects without unnecessary excess. Numerical fidelity not applicable; 4 is a compatibility value."", ""verifier 4__quality_reason"": ""practitioner_realism: The framing opens with a scenario wrapper ('A United Nations electoral assistance team is planning support...'), but immediately collapses into a document-reading comprehension query ('What does the resolution recommend...').\nanchoring_and_time: The question relies on the prohibited resolution locator ('General Assembly resolution 64/155'); once that citation is disregarded, there is no regime, session, or temporal anchor identifying which resolution is being referenced.\nconsequence: The extracted span accurately and fully provides the operative recommendation detailing the timing, basis, and purpose of United Nations electoral assistance.\ninformativeness: The excerpt directly supplies the required operative parameters without extraneous padding.\nlinguistic_quality: Fluent, grammatical, and well-phrased English with clean syntax."", ""verifier 4__audit_reason"": ""mode: The question contains a prohibited formal resolution locator ('General Assembly resolution 64/155'), violating the standalone locator policy across practitioner queries.""}, {""candidate_id"": ""q_98187e21afb3eacfbe1a8084"", ""question"": ""Organizations cooperating with United Nations electoral assistance efforts are coordinating their support and reporting on electoral processes under General Assembly resolution 64/155. What does the resolution encourage those organizations to do?"", ""answer"": ""encourages those organizations to share knowledge and experience in order to promote best practices in the assistance they provide and in their reporting on electoral processes"", ""verifier 4__total_40"": ""28"", ""verifier 4__grounding_5"": ""4"", ""verifier 4__audit_status"": ""blocking"", ""verifier 4__faithfulness_reason"": ""The candidate accurately identifies what paragraph 7 encourages cooperating organizations to do regarding sharing knowledge and experience to promote best practices in assistance and reporting. The extraction is concise and accurate. Numerical fidelity not applicable; 4 is a compatibility value."", ""verifier 4__quality_reason"": ""practitioner_realism: The practitioner context functions as a decorative preface to an explicit text-comprehension prompt ('What does the resolution encourage those organizations to do?').\nanchoring_and_time: Relies entirely on the prohibited citation ('General Assembly resolution 64/155'); without this prohibited locator, the question provides no temporal or institutional markers to identify which resolution is meant.\nconsequence: The provided clause directly answers the specific encouragement addressed to cooperating organizations in operative paragraph 7.\ninformativeness: Provides an exact, concise operative clause resolving the question with no missing elements or circularity.\nlinguistic_quality: Natural, grammatically correct, and clearly formulated English."", ""verifier 4__audit_reason"": ""mode: The question contains a prohibited formal resolution locator ('General Assembly resolution 64/155'), violating the standalone locator policy across practitioner queries.""}]"
un,2011/a/res/64/155,2011/a/res/64/155#6,A/RES/64/155,comparison,0.48,False,True,29.0,missed_passing_mode,"6. Recommends that, throughout the time span of the entire electoral cycle, including before and after elections, as appropriate, based on a needs assessment and in accordance with the evolving needs of requesting Member States, bearing in mind sustainability and costeffectiveness, the United Nations continue to provide technical advice and other assistance to requesting States and electoral institutions in order to help to strengthen their democratic processes;
7. Notes with appreciation the additional efforts being made to enhance cooperation with other international, governmental and nongovernmental organizations in order to facilitate more comprehensive and needsspecific responses to requests for electoral assistance, encourages those organizations to share knowledge and experience in order to promote best practices in the assistance they provide and in their reporting on electoral processes, and expresses its appreciation to those Member States, regional organizations and nongovernmental organizations that have provided observers or technical experts in support of United Nations electoral assistance efforts;",,"[{""candidate_id"": ""q_454b6f40bbdbd7783b0bd02a"", ""question"": ""In the resolution on strengthening the United Nations role in promoting democratization, how is the United Nations' role in electoral assistance described compared with that of other international, governmental and nongovernmental organizations?"", ""answer"": ""6. Recommends that, throughout the time span of the entire electoral cycle, including before and after elections, as appropriate, based on a needs assessment and in accordance with the evolving needs of requesting Member States, bearing in mind sustainability and costeffectiveness, the United Nations continue to provide technical advice and other assistance to requesting States and electoral institutions in order to help to strengthen their democratic processes;\n7. Notes with appreciation the additional efforts being made to enhance cooperation with other international, governmental and nongovernmental organizations in order to facilitate more comprehensive and needsspecific responses to requests for electoral assistance, encourages those organizations to share knowledge and experience in order to promote best practices in the assistance they provide and in their reporting on electoral processes, and expresses its appreciation to those Member States, regional organizations and nongovernmental organizations that have provided observers or technical experts in support of United Nations electoral assistance efforts;"", ""verifier 4__total_40"": ""29"", ""verifier 4__grounding_5"": ""4"", ""verifier 4__audit_status"": ""clear"", ""verifier 4__faithfulness_reason"": ""The target block directly establishes the comparative roles of the United Nations (providing technical advice and assistance across the electoral cycle to strengthen democratic processes) and other international, governmental, and non-governmental organizations (cooperating to facilitate comprehensive responses, sharing knowledge/experience to promote best practices, and providing observers/experts). The continuous span across paragraphs 6 and 7 accurately resolves both sides of the comparison without defects. Numerical fidelity not applicable; 4 is a compatibility value."", ""verifier 4__quality_reason"": ""search_realism: The query asks an open-ended 'how is X described compared with Y' question, which functions more like a document-comprehension or exam prompt than a sharply focused practitioner inquiry.\nanchoring_and_time: The resolution's subject matter is identified, but this is a recurring biennial agenda item (as reflected in the text's reference to earlier iterations like resolution 62/150); omitting any temporal marker or session makes the anchor broad.\nconsequence: The continuous extract covering operative paragraphs 6 and 7 directly addresses both the UN's assistance mandate and the cooperative/supporting role envisioned for partner organizations.\nlexical_distance: The query relies heavily on verbatim phrasing from the source, copying 'other international, governmental and nongovernmental organizations' and 'electoral assistance' directly alongside the agenda item title.\nlinguistic_quality: The question is grammatically sound, well-punctuated, and clearly structured in natural English."", ""verifier 4__audit_reason"": ""No problems reported.""}]"
un,2012/a/res/66/106,2012/a/res/66/106#10,A/RES/66/106,comparison,0.48,False,True,32.0,missed_passing_mode,"(c) Judges must cooperate with any formal inquiry into their conduct in office;
(d) Judges must not engage in conduct that is prejudicial to the effective and expeditious administration of justice or the work of the Tribunal;
(e) When engaged in the administration of justice, judges must attend chambers during their normal working hours, as determined by the members of the Tribunal, and attend hearings and deliberations of the Tribunal during stipulated hours, unless they have a good reason not to do so.
Judges must inform the presiding judge of the Tribunal in advance if they need to be absent.
If they are to be absent for longer than three days, they must obtain the approval of the presiding judge of their Tribunal;
(f) Judges must respect and comply with the reasonable administrative requests of the presiding judge of the Tribunal of which they are members;
(g) Judges must take reasonable steps to maintain the necessary level of professional competence and to keep themselves informed about relevant developments in international administrative and employment law, as well as international human rights norms;
(h) Judges' judicial duties must take precedence over other duties and activities.",,"[{""candidate_id"": ""q_5d6ca2a0122bcd18c01ffe26"", ""question"": ""Under the code of conduct for judges of the United Nations Dispute Tribunal and the United Nations Appeals Tribunal, how does the attendance obligation for chambers during normal working hours compare with the attendance obligation for hearings and deliberations during stipulated hours?"", ""answer"": ""(e) When engaged in the administration of justice, judges must attend chambers during their normal working hours, as determined by the members of the Tribunal, and attend hearings and deliberations of the Tribunal during stipulated hours, unless they have a good reason not to do so. Judges must inform the presiding judge of the Tribunal in advance if they need to be absent. If they are to be absent for longer than three days, they must obtain the approval of the presiding judge of their Tribunal;"", ""verifier 4__total_40"": ""32"", ""verifier 4__grounding_5"": ""4"", ""verifier 4__audit_status"": ""clear"", ""verifier 4__faithfulness_reason"": ""The question and answer are fully supported by subparagraph (e) of the target block, establishing the parallel attendance obligations and common absence rules for both chambers and hearings/deliberations. The extracted span is complete and verbatim, and the numerical threshold ('three days') is faithfully reproduced."", ""verifier 4__quality_reason"": ""search_realism: The query reflects a realistic administrative/judicial inquiry comparing the operational requirements governing presence in chambers against scheduled hearings and deliberations under tribunal conduct standards.\nanchoring_and_time: Clearly and accurately anchors to the code of conduct for judges of the United Nations Dispute Tribunal and the United Nations Appeals Tribunal without resorting to prohibited document symbols or paragraph citations.\nconsequence: The selected extract from paragraph (e) fully resolves both sides of the comparison, providing the parallel attendance requirements, their respective timing qualifications, and the unified exception and absence rules.\nlexical_distance: Successfully converts the verb phrases ('attend chambers', 'attend hearings and deliberations') into comparative nominal targets while retaining necessary legal terminology.\nlinguistic_quality: Grammatically flawless, concise, and immediately interpretable comparative question."", ""verifier 4__audit_reason"": ""No problems reported.""}]"
un,2012/a/res/66/30,2012/a/res/66/30#2,A/RES/66/30,comparison,0.41,False,True,31.0,missed_passing_mode,"Bearing in mind the new challenges for the international community in the fields of development, poverty eradication and the elimination of the diseases that afflict humanity,
Stressing the importance of the symbiotic relationship between disarmament and development and the important role of security in this connection, and concerned at increasing global military expenditure, which could otherwise be spent on development needs,
Recalling the report of the Group of Governmental Experts on the relationship between disarmament and development and its reappraisal of this significant issue in the current international context,
Bearing in mind the importance of following up on the implementation of the action programme adopted at the 1987 International Conference on the Relationship between Disarmament and Development,
1. Stresses the central role of the United Nations in the disarmament-development relationship, and requests the Secretary-General to strengthen further the role of the Organization in this field, in particular the high-level Steering Group on Disarmament and Development, in order to ensure continued and effective coordination and close cooperation between the relevant United Nations departments, agencies and sub-agencies;",,"[{""candidate_id"": ""q_9f7514551419a6443483083f"", ""question"": ""In the General Assembly's 2 December 2011 resolution on the relationship between disarmament and development, how are the roles of the United Nations and the high-level Steering Group on Disarmament and Development treated?"", ""answer"": ""1. Stresses the central role of the United Nations in the disarmament-development relationship, and requests the Secretary-General to strengthen further the role of the Organization in this field, in particular the high-level Steering Group on Disarmament and Development, in order to ensure continued and effective coordination and close cooperation between the relevant United Nations departments, agencies and sub-agencies;"", ""verifier 4__total_40"": ""31"", ""verifier 4__grounding_5"": ""4"", ""verifier 4__audit_status"": ""clear"", ""verifier 4__faithfulness_reason"": ""The comparison question accurately asks about the institutional roles of the United Nations and the high-level Steering Group on Disarmament and Development, both of which are directly addressed within operative paragraph 1 of the target text. The extracted verbatim span fully answers both aspects without defect."", ""verifier 4__quality_reason"": ""search_realism: The query reflects a serviceable search need comparing the general organizational role with a specific subsidiary body's mandate, though the phrasing 'how are the roles ... treated?' is somewhat generic and mechanically constructed around the sentence's two entities.\nanchoring_and_time: Anchoring is fully satisfactory, correctly specifying the General Assembly, the adoption date of 2 December 2011, and the subject matter without relying on prohibited formal symbols or paragraph numbers.\nconsequence: The continuous text of operative paragraph 1 directly and fully resolves the comparative question by identifying the UN's role as 'central' while singling out the Steering Group as the body whose role is to be strengthened further for inter-agency coordination.\nlexical_distance: The query successfully reformulates the operative paragraph into an analytical comparative inquiry, retaining only the unavoidable proper institutional titles.\nlinguistic_quality: Grammatically sound, clear, and natural English phrasing throughout the query."", ""verifier 4__audit_reason"": ""No problems reported.""}]"
un,2014/a/hrc/res/26/31,2014/a/hrc/res/26/31#3,A/HRC/RES/26/31,practitioner,0.91,True,False,29.0,selected_without_passing_candidate,"7. Calls upon the international community to assist neighbouring countries hosting refugees, especially women, children and persons with disabilities;
8. Requests the United Nations High Commissioner for Human Rights, as a matter of urgency, to monitor the situation of human rights in South Sudan and to report thereon to the Human Rights Council at its twenty-eighth session, with recommendations on technical assistance and capacity-building measures, including on human rights education to overcome challenges in the areas of security and on the importance of accountability and transitional justice in South Sudan;
9. Decides to convene, at its twenty-seventh session, a panel discussion on the human rights situation in South Sudan, and in this regard;
(a) Requests the High Commissioner to submit an interim report on the human rights situation in South Sudan for discussion by the panel;
(b) Also requests the High Commissioner to invite the Government of South Sudan, the Chairperson of the African Union Commission of Inquiry for South Sudan, the Chief Mediator of the Intergovernmental Authority on Development, the Special Representative of the Secretary-General for South Sudan and the Chairperson of the South Sudan Human Rights Commission;",,"[{""candidate_id"": ""q_cdb3b252696993dc798993a3"", ""question"": ""For the Human Rights Council's South Sudan technical-assistance and capacity-building process, what urgent monitoring and reporting task does the High Commissioner have?"", ""answer"": ""to monitor the situation of human rights in South Sudan and to report thereon to the Human Rights Council at its twenty-eighth session, with recommendations on technical assistance and capacity-building measures, including on human rights education to overcome challenges in the areas of security and on the importance of accountability and transitional justice in South Sudan"", ""verifier 4__total_40"": ""29"", ""verifier 4__grounding_5"": ""4"", ""verifier 4__audit_status"": ""blocking"", ""verifier 4__faithfulness_reason"": ""The answer accurately extracts the High Commissioner's urgent monitoring and reporting mandate under paragraph 8 of the target block, correctly preserving the session reference."", ""verifier 4__quality_reason"": ""practitioner_realism: There is no practitioner persona, practical circumstance, or operational decision driving the question; it is formulated as a pure reading-comprehension lookup.\nanchoring_and_time: Properly anchors the context to the Human Rights Council and the South Sudan technical assistance and capacity-building process without using prohibited document symbols or locators.\nconsequence: The selected quotation from paragraph 8 accurately and fully resolves the specific monitoring and reporting tasks assigned to the High Commissioner.\ninformativeness: Provides the complete substantive scope of the mandate, including reporting to the twenty-eighth session and the specific thematic recommendation areas.\nlinguistic_quality: The question is grammatically sound, clear, and natural."", ""verifier 4__audit_reason"": ""mode: The question lacks any practitioner persona, concrete operational task, or decision context, functioning solely as an abstract reading-comprehension lookup.""}, {""candidate_id"": ""q_151e99118ec33dea8671c8e3"", ""question"": ""For the panel discussion on the human rights situation in South Sudan at the Council's twenty-seventh session, what does the resolution request the High Commissioner to do?"", ""answer"": ""(a) Requests the High Commissioner to submit an interim report on the human rights situation in South Sudan for discussion by the panel;\n(b) Also requests the High Commissioner to invite the Government of South Sudan, the Chairperson of the African Union Commission of Inquiry for South Sudan, the Chief Mediator of the Intergovernmental Authority on Development, the Special Representative of the Secretary-General for South Sudan and the Chairperson of the South Sudan Human Rights Commission;"", ""verifier 4__total_40"": ""28"", ""verifier 4__grounding_5"": ""4"", ""verifier 4__audit_status"": ""blocking"", ""verifier 4__faithfulness_reason"": ""The extracted text directly covers all tasks requested of the High Commissioner regarding the panel discussion within the permitted target block. Numerical fidelity not applicable; 4 is a compatibility value."", ""verifier 4__quality_reason"": ""practitioner_realism: Lacks any practitioner scenario or concrete professional application, and relies directly on a comprehension framing.\nanchoring_and_time: Substantively identifies the panel discussion at the Council's twenty-seventh session, but leans on the prohibited locator phrasing 'the resolution'.\nconsequence: Fully captures the High Commissioner's responsibilities for the panel discussion as set out in the target block.\ninformativeness: Provides both operational tasks (submitting an interim report and inviting designated institutional actors) without omitting necessary details from the target text.\nlinguistic_quality: Fluent and clearly written."", ""verifier 4__audit_reason"": ""mode: The question relies on an unresolved target locator ('the resolution') in violation of the standalone policy and contains no practitioner task or persona context.""}]"
un,2014/a/hrc/res/26/31,2014/a/hrc/res/26/31#3,A/HRC/RES/26/31,comparison,0.53,True,False,27.0,selected_without_passing_candidate,"7. Calls upon the international community to assist neighbouring countries hosting refugees, especially women, children and persons with disabilities;
8. Requests the United Nations High Commissioner for Human Rights, as a matter of urgency, to monitor the situation of human rights in South Sudan and to report thereon to the Human Rights Council at its twenty-eighth session, with recommendations on technical assistance and capacity-building measures, including on human rights education to overcome challenges in the areas of security and on the importance of accountability and transitional justice in South Sudan;
9. Decides to convene, at its twenty-seventh session, a panel discussion on the human rights situation in South Sudan, and in this regard;
(a) Requests the High Commissioner to submit an interim report on the human rights situation in South Sudan for discussion by the panel;
(b) Also requests the High Commissioner to invite the Government of South Sudan, the Chairperson of the African Union Commission of Inquiry for South Sudan, the Chief Mediator of the Intergovernmental Authority on Development, the Special Representative of the Secretary-General for South Sudan and the Chairperson of the South Sudan Human Rights Commission;",,"[{""candidate_id"": ""q_da61f6143b0b682acefd71ef"", ""question"": ""In Human Rights Council resolution 26/31's South Sudan monitoring and panel process, how did the report requested under paragraph 8 differ from the interim report requested under paragraph 9(a)?"", ""answer"": ""8. Requests the United Nations High Commissioner for Human Rights, as a matter of urgency, to monitor the situation of human rights in South Sudan and to report thereon to the Human Rights Council at its twenty-eighth session, with recommendations on technical assistance and capacity-building measures, including on human rights education to overcome challenges in the areas of security and on the importance of accountability and transitional justice in South Sudan;\n9. Decides to convene, at its twenty-seventh session, a panel discussion on the human rights situation in South Sudan, and in this regard;\n(a) Requests the High Commissioner to submit an interim report on the human rights situation in South Sudan for discussion by the panel;"", ""verifier 4__total_40"": ""27"", ""verifier 4__grounding_5"": ""4"", ""verifier 4__audit_status"": ""blocking"", ""verifier 4__faithfulness_reason"": ""The question establishes a valid comparison between the full report requested under paragraph 8 and the interim report for the panel under paragraph 9(a). The extracted span covers both provisions and the necessary chapeau of paragraph 9 without irrelevant surrounding paragraphs, accurately preserving the session designations and reporting requirements."", ""verifier 4__quality_reason"": ""search_realism: The query uses overt document-comprehension framing ('report requested under paragraph 8 differ from the interim report requested under paragraph 9(a)') rather than a realistic legal or policy practitioner search need.\nanchoring_and_time: The question relies entirely on prohibited formal identifiers ('resolution 26/31') and structural locators ('paragraph 8', 'paragraph 9(a)') to fix the regime and delineate the comparison entities; without these prohibited locators, the comparison entities lack substantive identification.\nconsequence: The continuous extracted text covers paragraphs 8 through 9(a), fully showing the distinct mandates, reporting sessions (twenty-eighth vs. twenty-seventh), and topical scopes of the two reports.\nlexical_distance: The query restructures the comparison into an interrogative format, but relies heavily on meta-referential scaffolding pointing directly to paragraph numbers.\nlinguistic_quality: Grammatically clean, natural, and clear English syntax throughout."", ""verifier 4__audit_reason"": ""mode: The query explicitly includes the formal resolution symbol ('resolution 26/31') and specific internal structural locators ('paragraph 8' and 'paragraph 9(a)'), violating the standalone locator policy.""}]"
un,2014/a/hrc/res/26/31,2014/a/hrc/res/26/31#3,A/HRC/RES/26/31,source_finding,0.84,True,False,32.0,selected_without_passing_candidate,"7. Calls upon the international community to assist neighbouring countries hosting refugees, especially women, children and persons with disabilities;
8. Requests the United Nations High Commissioner for Human Rights, as a matter of urgency, to monitor the situation of human rights in South Sudan and to report thereon to the Human Rights Council at its twenty-eighth session, with recommendations on technical assistance and capacity-building measures, including on human rights education to overcome challenges in the areas of security and on the importance of accountability and transitional justice in South Sudan;
9. Decides to convene, at its twenty-seventh session, a panel discussion on the human rights situation in South Sudan, and in this regard;
(a) Requests the High Commissioner to submit an interim report on the human rights situation in South Sudan for discussion by the panel;
(b) Also requests the High Commissioner to invite the Government of South Sudan, the Chairperson of the African Union Commission of Inquiry for South Sudan, the Chief Mediator of the Intergovernmental Authority on Development, the Special Representative of the Secretary-General for South Sudan and the Chairperson of the South Sudan Human Rights Commission;",,"[{""candidate_id"": ""q_d9bbd19fdf247fbd103de59c"", ""question"": ""Which Human Rights Council resolution on technical assistance and capacity-building requests the United Nations High Commissioner for Human Rights to monitor the human rights situation in South Sudan and report to the Council at its twenty-eighth session?"", ""answer"": ""A/HRC/RES/26/31"", ""verifier 4__total_40"": ""32"", ""verifier 4__grounding_5"": ""4"", ""verifier 4__audit_status"": ""repair"", ""verifier 4__faithfulness_reason"": ""The source identifier A/HRC/RES/26/31 matches the metadata, and the contiguous evidence span from paragraph 8 fully supports all clue elements in the question, including the mandate to monitor and report to the Council at its twenty-eighth session. Numerical and citational identifiers are accurately preserved."", ""verifier 4__quality_reason"": ""search_realism: Presents a realistic, well-motivated practitioner retrieval query seeking the specific resolution mandating OHCHR monitoring and reporting on South Sudan for the 28th session.\nanchoring_and_time: Effectively anchors the query to the Human Rights Council, the High Commissioner for Human Rights, the South Sudan situation, and the twenty-eighth session reporting cycle without including prohibited formal identifiers.\nconsequence: The target evidence from paragraph 8 resolves the substantive clue completely, confirming the mandate given to the High Commissioner.\nlexical_distance: Integrates necessary institutional actors and session references while naturally rewording the source phrasing ('monitor the situation of human rights' becomes 'monitor the human rights situation').\nlinguistic_quality: Grammatically sound, precise, and immediately intelligible English formulation."", ""verifier 4__audit_reason"": ""metadata: The anchor 'monitor the situation of human rights in South Sudan' is not an exact substring of the question, which instead uses 'monitor the human rights situation in South Sudan'.""}]"
