corpus,target_id,document_id,symbol,title,is_meeting,stratum,document_text,all_eligible_modes_completed,oracle_best_score,oracle_modes,oracle_audit_clear_score,lookup_score,lookup_audit_clear_score,lookup_status,practitioner_score,practitioner_audit_clear_score,practitioner_status,semantic_score,semantic_audit_clear_score,semantic_status,generator_mode,generator_reason,generator_confidence,generator_decision_status,generator_selected_score,generator_matches_best,generator_score_regret,generator_utility,generator_audit_clear_utility,generator_selected_mode_unproductive,generator_missed_opportunity,jev_mode,jev_reason,jev_confidence,jev_decision_status,jev_selected_score,jev_matches_best,jev_score_regret,jev_utility,jev_audit_clear_utility,jev_selected_mode_unproductive,jev_missed_opportunity,deciders_agree,fact_pattern_score,fact_pattern_audit_clear_score,fact_pattern_status
un,2011/a/res/65/212#13,2011/a/res/65/212,A/RES/65/212,Resolution adopted by the General Assembly on 21 December 2010,False,resolution,"5. Emphasizes the importance of protecting persons in vulnerable situations, and in this regard:
(a) Expresses its concern about the increase in the activities of transnational and national organized crime entities and others who profit from crimes against migrants, especially women and children, without regard for dangerous and inhumane conditions and in flagrant violation of domestic laws and international law and contrary to international standards;
(b) Also expresses its concern about the high level of impunity enjoyed by traffickers and their accomplices as well as other members of organized crime entities and, in this context, the denial of rights and justice to migrants who have suffered from abuse;
(c) Welcomes immigration programmes, adopted by some countries, that allow migrants to integrate fully into the host countries, facilitate family reunification and promote a harmonious, tolerant and respectful environment, and encourages States to consider the possibility of adopting these types of programmes;",True,29,semantic,,,,no_candidates,,,no_candidates,29,,completed,semantic,"The block presents a dated assessment of crimes and impunity affecting vulnerable migrants and a response through integration, family reunification, and inclusive immigration programmes.",,completed,29,True,0,29,0,False,False,semantic,,0.33,completed,29,True,0,29,0,False,False,True,,,
un,2006/a/res/61/183#3,2006/a/res/61/183,A/RES/61/183,Resolution adopted by the General Assembly on 20 December 2006,False,resolution,"2. Also reaffirms that there shall be a balanced approach between demand reduction and supply reduction, each reinforcing the other, in an integrated approach to solving the drug problem;
3. Urges States that have not done so to consider ratifying or acceding to, and States parties to implement all the provisions of, the Single Convention on Narcotic Drugs of 1961 as amended by the 1972 Protocol, the Convention on Psychotropic Substances of 1971 and the United Nations Convention against Illicit Traffic in Narcotic Drugs and Psychotropic Substances of 1988;
4. Invites all States, as a matter of priority, to consider signing, ratifying or acceding to, and States parties to fully implement, the United Nations Convention against Transnational Organized Crime and the Protocols thereto and the United Nations Convention against Corruption, in order to counter comprehensively the transnational criminal activities that are related to illicit drug trafficking;
5. Urges all States to promote and implement the outcome of the twentieth special session of the General Assembly, as well as the outcome of the ministerial segment of the forty-sixth session of the Commission on Narcotic Drugs, to implement the Action Plan for the Implementation of the Declaration on the Guiding Principles of Drug Demand Reduction and to strengthen their national efforts to counter the abuse of illicit drugs in their population;",True,27,lookup,,27,,completed,,,no_candidates,,,no_candidates,semantic,"The block presents a dated, conceptual response to the world drug problem by combining balanced demand- and supply-reduction efforts with implementation of international drug-control and organized-crime conventions.",,completed,,False,,0,0,True,False,practitioner,,0.2,completed,,False,,0,0,True,False,False,,,
un,2013/a/res/67/199#12,2013/a/res/67/199,A/RES/67/199,Resolution adopted by the General Assembly on 21 December 2012,False,resolution,"24. Also emphasizes that debt sustainability is essential for underpinning growth, underlining in this regard the importance of debt sustainability and effective debt management to the efforts to achieve national development goals, including the Millennium Development Goals, and acknowledges that sovereign debt crises tend to be costly and disruptive, including for employment and productive investments, and tend to be followed by cuts in public spending, including on health and education, affecting, in particular, the poor and vulnerable;
25. Stresses that the financial and economic crisis has highlighted the need for reform as well as added new impetus to ongoing international discussions on the reform of the international financial system and architecture, including on issues related to mandate, scope, governance, responsiveness and development orientation, as appropriate, and in this regard encourages continued open, inclusive and transparent dialogue;
26. Notes the important efforts undertaken nationally, regionally and internationally to respond to the challenges posed by the financial and economic crisis in order to ensure a full return to growth with quality jobs, to reform and strengthen financial systems and to create strong, sustainable and balanced global growth;",True,27,semantic,,,,no_candidates,,,no_candidates,27,,completed,semantic,The block presents a dated conceptual assessment of how debt crises affect development and why reform and coordinated responses are needed.,,completed,27,True,0,27,0,False,False,semantic,,0.38,completed,27,True,0,27,0,False,False,True,,,
un,2011/a/res/65/263#2,2011/a/res/65/263,A/RES/65/263,Resolution adopted by the General Assembly on 14 January 2011,False,resolution,"Noting with satisfaction the commitment of the International Organization of la Francophonie to multilateral cooperation for peace, democratic governance and the rule of law, economic governance and solidarity, the environment, sustainable development, and climate change,
Noting with satisfaction also the commitments made at the High-level Plenary Meeting of the General Assembly on the Millennium Development Goals, held in New York from 20 to 22 September 2010, and reaffirmed by the Heads of State and Government of countries using French as a common language at the thirteenth Summit of la Francophonie, held in Montreux, Switzerland, from 22 to 24 October 2010, and their determination to work together to bring about, through targeted action, added value in these areas,
Having considered the report of the Secretary-General on the implementation of resolution 63/236,
Noting with satisfaction the substantial progress achieved in cooperation between the United Nations, the specialized agencies and other United Nations bodies and programmes and the International Organization of la Francophonie,",True,,,,,,no_candidates,,,no_candidates,,,no_candidates,lookup,"The target contains precise, source-specific statements about the 2010 Francophonie commitments and the reported progress in United Nations cooperation.",,completed,,,,0,0,False,False,skip,,0.69,completed,,,,0,0,False,False,False,,,
un,2013/a/res/68/143#7,2013/a/res/68/143,A/RES/68/143,"68/143. Assistance to refugees, returnees and displaced persons in Africa",False,resolution,"12. Recalls the conclusion on registration of refugees and asylum seekers adopted by the Executive Committee of the Programme of the High Commissioner at its fifty-second session, notes the many forms of harassment faced by refugees and asylum seekers who remain without any form of documentation attesting to their status, recalls the responsibility of States to register refugees on their territories and, as appropriate, the responsibility of the Office of the High Commissioner or mandated international bodies to do so, reiterates in this context the central role that early and effective registration and documentation can play, guided by protection considerations, in enhancing protection and supporting efforts to find durable solutions, and calls upon the Office, as appropriate, to help States to conduct this procedure should they be unable to register refugees on their territory;
13. Calls upon the international community, including States and the Office of the High Commissioner and other relevant United Nations organizations, within their respective mandates, to take concrete action to meet the protection and assistance needs of refugees, returnees and displaced persons and to contribute generously to projects and programmes aimed at alleviating their plight, facilitating durable solutions for refugees and displaced persons and supporting vulnerable local host communities;",True,33,lookup,33,33,33,completed,29,,completed,31,31,completed,semantic,"The target explains how early registration and documentation protect refugees and support durable solutions, including the respective roles of States and the Office of the High Commissioner.",,completed,31,False,2,31,31,False,False,semantic,,0.26,completed,31,False,2,31,31,False,False,True,,,
un,2014/a/res/68/254#2,2014/a/res/68/254,A/RES/68/254,68/254. Administration of justice at the United Nations,False,resolution,"7. Emphasizes the importance of the principle of judicial independence in the system of administration of justice;
8. Stresses the importance of ensuring access for all staff members to the system of administration of justice, regardless of their duty station;
9. Reaffirms its decision, contained in paragraph 4 of resolution 61/261, to establish a new, independent, transparent, professionalized, adequately resourced and decentralized system of administration of justice consistent with the relevant rules of international law and the principles of the rule of law and due process to ensure respect for the rights and obligations of staff members and the accountability of managers and staff members alike;
10. Notes with appreciation the achievements produced since the inception of the system of administration of justice, regarding both the disposal of the backlog and the addressing of new cases;
11. Recalls paragraph 20 of the report of the Advisory Committee, and requests the Secretary-General to submit to the General Assembly for consideration at its sixty-ninth session a revised proposal for conducting an interim independent assessment of the system of administration of justice, to be carried out in a cost-efficient manner by independent experts, including experts familiar with internal labour dispute mechanisms;",True,33,practitioner,33,31,31,completed,33,33,completed,29,,completed,lookup,"The target contains precise resolution-specific measures, including the Secretary-General’s requested interim independent assessment, its deadline, and the qualifications of the experts to conduct it.",,completed,31,False,2,31,31,False,False,lookup,,0.39,completed,31,False,2,31,31,False,False,True,,,
un,2001/a/res/55/114#5,2001/a/res/55/114,A/RES/55/114,Resolution adopted by the General Assembly,False,resolution,"(e) To ensure that capital punishment will not be imposed for crimes other than the most serious and will not be pronounced in disregard of the provisions of the International Covenant on Civil and Political Rights2 and United Nations safeguards and to provide the Special Representative with relevant statistics on this matter;
(f) To accelerate the process of the investigation into the suspicious deaths and killings of intellectuals and political activists and to bring the alleged perpetrators to justice;
(g) To eliminate all forms of discrimination based on religious grounds or against persons belonging to minorities;
(h) To implement fully the conclusions and recommendations of the Special Representative with regard to religious intolerance relating to the Baha'is and other minority religious groups until they are completely emancipated;
(i) To take all necessary steps to end the use of torture and other forms of cruel, inhuman and degrading punishment, in particular the practice of amputation;",True,30,lookup|practitioner|semantic,30,30,30,completed,30,,completed,30,30,completed,semantic,"The block presents concrete human-rights measures sought from Iran in 2000, supporting a situation-focused question about the response to capital punishment, killings, discrimination, and torture.",,completed,30,True,0,30,30,False,False,lookup,,0.53,completed,30,True,0,30,30,False,False,False,,,
un,2007/a/res/62/137#12,2007/a/res/62/137,A/RES/62/137,Resolution adopted by the General Assembly on 18 December 2007,False,resolution,"12. Urges Governments and all entities of the United Nations system, including United Nations agencies, funds and programmes, and all relevant actors of civil society, to ensure the integration of gender perspectives in the implementation of and follow-up to all United Nations summits, conferences and special sessions and to give attention to gender perspectives in preparation for such events, including the commemorative high-level plenary meeting devoted to the follow-up to the outcome of the special session of the General Assembly on children in 2007, the thirteenth session of the Conference of the Parties to the United Nations Framework Convention on Climate Change, and the third session of the Conference of the Parties serving as the Meeting of the Parties to the Kyoto Protocol, in Bali, Indonesia, in 2007, the Follow-up International Conference on Financing for Development to Review the Implementation of the Monterey Consensus in Doha in 2008, and the Third High-level Forum on Aid Effectiveness in Accra in 2008;",True,30,practitioner|semantic,,25,,completed,30,,completed,30,,completed,semantic,"The target describes a concrete response mechanism—integrating gender perspectives into the preparation, implementation and follow-up of specified United Nations events in 2007 and 2008.",,completed,30,True,0,30,0,False,False,lookup,,0.35,completed,25,False,5,25,0,False,False,False,,,
un,2005/a/res/60/226#3,2005/a/res/60/226,A/RES/60/226,Resolution adopted by the General Assembly on 23 December 2005,False,resolution,"4. Reaffirms its decision, with a view to further development of the Register, to keep the scope of and participation in the Register under review and, to that end:
(a) Recalls its request to Member States to provide the Secretary-General with their views on the continuing operation of the Register and its further development and on transparency measures related to weapons of mass destruction;
(b) Requests the Secretary-General, with the assistance of a group of governmental experts to be convened in 2006, within available resources, on the basis of equitable geographical representation, to prepare a report on the continuing operation of the Register and its further development, taking into account the work of the Conference on Disarmament, the views expressed by Member States and the reports of the Secretary-General on the continuing operation of the Register and its further development, with a view to taking a decision at its sixty-first session;",True,34,semantic,34,31,31,completed,33,33,completed,34,34,completed,lookup,"The block sets out a precise review mechanism in this resolution, including the 2006 expert group, report inputs, and intended decision at the sixty-first session.",,completed,31,False,3,31,31,False,False,lookup,,0.44,completed,31,False,3,31,31,False,False,True,,,
un,2013/a/res/68/18#1,2013/a/res/68/18,A/RES/68/18,68/18. Graduation of countries from the least developed country category,False,resolution,"1. Reaffirms that graduating from the category of least developed countries should not result in a disruption of development plans, programmes and projects;
2. Takes note of the endorsement by the Economic and Social Council of the recommendation of the Committee for Development Policy that Equatorial Guinea be graduated from the least developed country category, and decides to provide Equatorial Guinea, on an exceptional basis, with an additional preparatory period of six months before the start of the three-year preparatory period leading to graduation;
3. Invites Equatorial Guinea to prepare, during the three and a half year period between the adoption of the present resolution and its graduation from the least developed country category, its national smooth-transition strategy, with the support of the United Nations system and in cooperation with its bilateral and multilateral development and trading partners;
4. Takes note of the endorsement by the Council of the recommendation of the Committee that Vanuatu be graduated from the least developed country category, and decides to provide Vanuatu, on an exceptional basis, with an additional preparatory period of one year before the start of the three-year preparatory period leading to graduation;",True,32,lookup|semantic,32,32,32,completed,31,31,completed,32,,completed,lookup,"The target contains precise, source-specific transition periods and a national strategy requirement for Equatorial Guinea and Vanuatu, making the resolution a natural locator for these facts.",,completed,32,True,0,32,32,False,False,lookup,,0.48,completed,32,True,0,32,32,False,False,True,,,
un,2001/s/res/1376_2001_#2,2001/s/res/1376_2001_,S/RES/1376(2001),Resolution 1376 (2001),False,resolution,"4. Expresses its support for the inter-Congolese dialogue, one of the key elements of the peace process, and for all efforts to promote this process, calls on the Congolese parties to work together for the success of the dialogue, and expresses its support for the Facilitator and his call on the parties to make the dialogue fully inclusive;
6. Expresses its serious concern with regard to the humanitarian situation in the DRC and calls on the international community to increase, without delay, its support for humanitarian activities;
7. Expresses its serious concern with regard to the economic difficulties facing the Democratic Republic of the Congo, stresses that progress in the peace process and the economic recovery and development of the country are interdependent, and in this regard underlines the urgent need for increased international economic assistance in support of the peace process;
8. Reiterates its condemnation of all illegal exploitation of the natural resources of the Democratic Republic of the Congo, demands that such exploitation cease and stresses that the natural resources of the Democratic Republic of the Congo should not be exploited to finance the conflict in that country;",True,32,semantic,32,28,,completed,24,,completed,32,32,completed,semantic,"The block presents a dated assessment of the DRC peace, humanitarian and economic situation and describes international responses, including inclusive dialogue, assistance, and ending resource exploitation.",,completed,32,True,0,32,32,False,False,skip,,0.16,completed,,False,,0,0,False,True,False,,,
un,2008/s/res/1806_2008_#8,2008/s/res/1806_2008_,S/RES/1806(2008),Resolution 1806 (2008),False,resolution,"8. Reaffirms the central role played by the JCMB in coordinating, facilitating and monitoring the implementation of the Compact, stresses the need to strengthen its authority and capacity to, inter alia, measure progress towards the benchmarks outlined in the Afghanistan Compact and facilitate the coordination of international assistance in support of the ANDS, and calls upon all relevant actors to cooperate with the JCMB in this regard, including by reporting assistance programmes to the Afghan Government's aid coordination unit and to the JCMB;
9. Welcomes the progress made by the Afghan Government in the finalization of the ANDS, looks forward to its launch, and stresses the importance, in this context, of adequate resource mobilization, including through the fulfilment of the pledges made at the London Conference, possible new pledges and increased assistance to the core budget;
10. Notes with interest the intention, expressed by JCMB members at the Political Directors Meeting on Afghanistan held in Tokyo on 5 February 2008, to prepare an international conference to review progress on the implementation of the Afghanistan Compact, welcomes the offer of France to host such conference in Paris in June 2008, and requests the Secretary-General to report to the Security Council on its outcome and to include in this report, if necessary, further recommendations concerning UNAMA's mandate;",True,33,semantic,33,32,32,completed,28,,completed,33,33,completed,practitioner,"The block sets dated, regime-specific responsibilities and procedures for the JCMB, international assistance coordination, the Afghanistan Compact review conference, and UNAMA-related reporting in 2008.",,completed,28,False,5,28,0,False,False,lookup,,0.38,completed,32,False,1,32,32,False,False,False,,,
un,2003/s/res/1466_2003_#3,2003/s/res/1466_2003_,S/RES/1466(2003),Resolution 1466 (2003),False,resolution,"3. Expresses concern regarding recent incidents of incursions across the southern boundary of the Temporary Security Zone and calls on both parties to ensure an immediate end to such incidents and to cooperate fully with UNMEE investigations in this regard, and expresses further concern about the placement by unknown entities of anti-tank mines in the Temporary Security Zone;
4. Calls on the parties to cooperate fully and expeditiously with UNMEE in the implementation of its mandate to ensure the personal security of UNMEE staff when operating in territories under their control, and to facilitate their work, including by establishing a direct high-altitude flight route for UNMEE between Asmara and Addis Ababa, which would relieve the unnecessary additional cost to UNMEE;
5. Demands that the parties allow UNMEE full freedom of movement and remove with immediate effect any and all restrictions on, and impediments to the work of, UNMEE and its staff in the discharge of its mandate;",True,32,lookup,32,32,32,completed,30,30,completed,31,31,completed,practitioner,"The target sets dated, regime-specific obligations for Ethiopia and Eritrea regarding UNMEE investigations, staff security, flight access, and freedom of movement.",,completed,30,False,2,30,30,False,False,practitioner,,0.23,completed,30,False,2,30,30,False,False,True,,,
un,2008/s/res/1845_2008_#3,2008/s/res/1845_2008_,S/RES/1845(2008),Resolution 1845 (2008),False,resolution,"Welcoming and encouraging efforts by the United Nations to sensitize peacekeeping personnel in the prevention and control of HIV/AIDS and other communicable diseases in all its peacekeeping operations,
Taking note of the conclusions of EU Foreign Ministers and Ministers of Defence at their joint meeting on 14 May 2007, which reiterate that the EU would retain a military presence in the country as long as necessary, in order to continue contributing to the maintenance of a safe and secure environment, and the conclusions of EU Foreign Ministers and Ministers of Defence at their joint meeting on 10 November 2008,
Recalling the letters between the European Union and NATO sent to the Security Council on 19 November 2004 on how those organizations will cooperate together in Bosnia and Herzegovina in which both organizations recognize that the EUFOR will have the main peace stabilization role under the military aspects of the Peace Agreement (S/2004/916; S/2004/915),",True,32,semantic,,,,no_candidates,29,,completed,32,,completed,semantic,"The block provides a concrete account of the EU’s continuing military presence in Bosnia and Herzegovina and EUFOR’s main peace-stabilization role under the 19 November 2004 arrangements, supporting a dated conceptual response question.",,completed,32,True,0,32,0,False,False,lookup,,0.13,completed,,False,,0,0,True,False,False,,,
un,2004/s/res/1565_2004_#11,2004/s/res/1565_2004_,S/RES/1565(2004),Resolution 1565 (2004),False,resolution,"19. Strongly condemns violence and other violations of international humanitarian law and human rights, in particular those perpetrated against civilians, in the Democratic Republic of the Congo, and demands that all parties and Governments concerned in the region, including the Government of National Unity and Transition, take without delay all necessary steps to bring to justice those responsible for these violations and to ensure respect for human rights and international humanitarian law, as appropriate with relevant international assistance, as well as to guarantee the security and well-being of the civilian population;
20. Demands that all parties cooperate fully with the operations of MONUC and that they ensure the safety of as well as unhindered and immediate access for United Nations and associated personnel in carrying out their mandate, throughout the territory of the Democratic Republic of the Congo, demands in particular that all parties provide full access to MONUC military observers, including in all ports, airports, airfields, military bases and border crossings, and requests the Secretary-General to report without delay any failure to comply with these demands;",True,34,semantic,34,33,,completed,29,29,completed,34,34,completed,practitioner,"The block sets dated, regime-specific obligations for parties in the Democratic Republic of the Congo concerning accountability, civilian protection, cooperation with MONUC, access for observers, and reporting non-compliance.",,completed,29,False,5,29,29,False,False,practitioner,,0.27,completed,29,False,5,29,29,False,False,True,,,
un,2002/a/res/56/188#8,2002/a/res/56/188,A/RES/56/188,Resolution adopted by the General Assembly,False,resolution,"13. Urges States to design and revise laws that ensure that women are accorded full and equal rights to own land and other property, including through inheritance, and to undertake administrative reforms and other necessary measures to give women the same right as men to credit, capital and appropriate technologies and access to markets and information;
14. Calls upon Governments to encourage the financial sector to mainstream a gender perspective in its policies and programmes, in particular by:
(a) Exploring viable options to reach people living in poverty, in particular women, including through international public and/or private funds;
(b) Designing savings schemes that are attractive to the poor and to poor women in particular;
(c) Undertaking research to learn more about the characteristics, financial needs and performance of businesses owned by women;
(d) Working towards equal treatment for women clients through comprehensive gender-awareness training for staff at all levels and better representation of women in decision-making positions;",True,29,semantic,,,,no_candidates,,,no_candidates,29,,completed,semantic,"The block presents a concrete response for advancing women’s economic rights through property access, credit, markets, and gender-responsive financial-sector policies, supporting a dated conceptual question.",,completed,29,True,0,29,0,False,False,semantic,,0.15,completed,29,True,0,29,0,False,False,True,,,
un,2005/a/res/60/47#0,2005/a/res/60/47,A/RES/60/47,Resolution adopted by the General Assembly on 8 December 2005,False,resolution,"Resolution adopted by the General Assembly on 8 December 2005
[on the report of the First Committee (A/60/454)]
60/47. Question of Antarctica
The General Assembly,
Recalling its resolution 57/51 of 22 November 2002, in which it requested the Secretary-General to submit a report consisting of the information provided by the Antarctic Treaty Consultative Parties on their consultative meetings, on their activities in Antarctica and on developments in relation to Antarctica,
Taking into account the debates on the question of Antarctica held since its thirty-eighth session,
Conscious of the particular significance of Antarctica to the international community, including for international peace and security, the global and regional environment, its effects on global and regional climate conditions, and scientific research,
Reaffirming that the management and use of Antarctica should be conducted in accordance with the purposes and principles of the Charter of the United Nations and in the interest of maintaining international peace and security and of promoting international cooperation for the benefit of mankind as a whole,",True,,,,,,no_candidates,,,no_candidates,,,no_candidates,semantic,"The block presents a dated, substantive principle for how Antarctica should be managed and used, linking it to the Charter, peace and security, and international cooperation.",,completed,,,,0,0,False,False,skip,,0.75,completed,,,,0,0,False,False,False,,,
un,2011/s/res/1988_2011_#19,2011/s/res/1988_2011_,S/RES/1988(2011),Resolution 1988 (2011),False,resolution,"(c) To update regularly the List referred to in paragraph 1;
(d) To make accessible on the Committee's website narrative summaries of reasons for listing for all entries on the List;
(e) To review the names on the List;
(f) To make periodic reports to the Council on information submitted to the Committee regarding the implementation of the resolution, including regarding noncompliance with the measures imposed by the resolution;
(g) To ensure that fair and clear procedures exist for placing individuals and entities on the List and for removing them as well as for granting humanitarian exemptions;
(h) To examine the reports presented by the Monitoring Team;
(i) To monitor implementation of the measures imposed in paragraph 1;
(j) To consider requests for exemptions in accordance with paragraph 1 and 9;
(k) To establish such guidelines as may be necessary to facilitate the implementation of the measures imposed above;
(l) To encourage a dialogue between the Committee and interested Member States, in particular those in the region, including by inviting representatives of such States to meet with the Committee to discuss implementation of the measures;",True,32,lookup|semantic,32,32,29,completed,29,29,completed,32,32,completed,lookup,"The block lists precise tasks assigned to the Security Council Committee, making a source-specific mandate lookup the most natural fit.",,completed,32,True,0,32,29,False,False,lookup,,0.39,completed,32,True,0,32,29,False,False,True,,,
un,2004/a/res/59/61#0,2004/a/res/59/61,A/RES/59/61,Resolution adopted by the General Assembly on 3 December 2004,False,resolution,"Resolution adopted by the General Assembly on 3 December 2004
[on the report of the First Committee (A/59/454)]
The General Assembly,
Recalling its resolutions 53/70 of 4 December 1998, 54/49 of 1 December 1999, 55/28 of 20 November 2000, 56/19 of 29 November 2001, 57/53 of 22 November 2002 and 58/32 of 8 December 2003,
Recalling also its resolutions on the role of science and technology in the context of international security, in which, inter alia, it recognized that scientific and technological developments could have both civilian and military applications and that progress in science and technology for civilian applications needed to be maintained and encouraged,
Noting that considerable progress has been achieved in developing and applying the latest information technologies and means of telecommunication,
Affirming that it sees in this process the broadest positive opportunities for the further development of civilization, the expansion of opportunities for cooperation for the common good of all States, the enhancement of the creative potential of humankind and additional improvements in the circulation of information in the global community,",True,,,,,,no_candidates,,,no_candidates,,,no_candidates,semantic,"The block offers a dated assessment of how advances in information technologies and telecommunications create opportunities for cooperation, civilization, and information circulation.",,completed,,,,0,0,False,False,skip,,0.91,completed,,,,0,0,False,False,False,,,
un,2013/a/res/67/145#7,2013/a/res/67/145,A/RES/67/145,Resolution adopted by the General Assembly on 20 December 2012,False,resolution,"Noting that some of the demand for prostitution and forced labour is met by trafficking in persons in some parts of the world,
Acknowledging that women and girl victims of trafficking, on account of their gender, are further disadvantaged and marginalized by a general lack of information on or awareness and recognition of their human rights and by the stigmatization often associated with trafficking, as well as by the obstacles they meet in gaining access to accurate information and recourse mechanisms in cases of violation of their rights, and that special measures are required for their protection and to increase their awareness,
Encouraging the Commission on the Status of Women at its fiftyseventh session to consider the issue of trafficking in women and girls within the framework of the priority theme for 2013, ""Elimination and prevention of all forms of violence against women and girls"",
Reaffirming the importance of bilateral, subregional, regional and international cooperation mechanisms and initiatives, including information exchanges on best practices, of Governments and intergovernmental and nongovernmental organizations to address the problem of trafficking in persons, especially women and children,",True,30,semantic,,,,no_candidates,,,no_candidates,30,,completed,semantic,The block supports a conceptual situation question about how trafficking disadvantages women and girls and why special protective measures were considered necessary in 2012.,,completed,30,True,0,30,0,False,False,semantic,,0.35,completed,30,True,0,30,0,False,False,True,,,
un,2003/a/res/58/298#4,2003/a/res/58/298,A/RES/58/298,Resolution adopted by the General Assembly on 18 June 2004,False,resolution,"13. Takes note of the report of the Secretary-General on the financial performance of the support account for peacekeeping operations for the period from 1 July 2002 to 30 June 2003;
14. Approves the support account requirements in the amount of 121,610,300 United States dollars for the period from 1 July 2004 to 30 June 2005, including 743 continuing and 18 new temporary posts and their related post and non-post requirements;
Financing of the budget estimates
15. Decides that the requirements for the support account for peacekeeping operations for the period from 1 July 2004 to 30 June 2005 shall be financed as follows:
(a) The unencumbered balance and other income in the total amount of 8,478,600 dollars, comprising 8,350,800 dollars in respect of the period ended 30 June 2003 and the adjustment of 127,800 dollars related to the period ended 30 June 2001, to be applied to the resources required for the period from 1 July 2004 to 30 June 2005;",True,34,lookup,34,34,34,completed,32,32,completed,31,29,completed,practitioner,"The target states dated support-account financing requirements, staffing levels, and allocation of specific balances for the 2004–2005 budget period, supporting a regime-specific financial question.",,completed,32,False,2,32,32,False,False,practitioner,,0.36,completed,32,False,2,32,32,False,False,True,,,
un,2003/a/res/57/300#10,2003/a/res/57/300,A/RES/57/300,Resolution adopted by the General Assembly,False,resolution,"27. Concurs with the intention of the Secretary-General to establish a panel of eminent persons, reflecting a diversity of views, to review the relationship between the United Nations and civil society, stresses that the terms of reference of such a panel should underscore the intergovernmental character of the United Nations, and decides to consider the recommendations of the panel through the respective intergovernmental process;
28. Decides that the creation of a partnership office as part of the effort to enhance cooperation in the work of the Organization with the private sector, taking into account the outcome of the major United Nations conferences and summits, should be subject to its resolutions 55/215 of 21 December 2000 and 56/76 of 11 December 2001;
29. Recognizes the need to continue to improve and streamline the planning, programming and budgetary cycle of the Organization;
30. Notes the reference to sunset provisions in the report of the Secretary-General, and recalls that no decision has been taken in this regard;",True,33,lookup,28,33,,completed,30,,completed,29,28,completed,lookup,"The block contains several precise, source-specific decisions, including the conditions for creating a partnership office and the status of sunset provisions, making it suitable for locating exact provisions in this resolution.",,completed,33,True,0,33,0,False,False,lookup,,0.36,completed,33,True,0,33,0,False,False,True,,,
un,2013/a/res/67/222#6,2013/a/res/67/222,A/RES/67/222,Resolution adopted by the General Assembly adopted by the General Assembly on 21 December 2012,False,resolution,"11. Calls upon development partners to effectively implement the Aid for Trade initiative, giving adequate consideration to the special needs and requirements of landlocked developing countries, including capacity-building for the formulation of trade policies, participation in trade negotiations and implementation of trade facilitation measures, as well as the diversification of export products through private sector involvement, including the development of small and medium-sized enterprises, with a view to increasing the competitiveness of the products of landlocked developing countries in export markets;
12. Recognizes that the economies of many landlocked developing countries are still reliant on a few export commodities, which often have low value addition, and encourages the international community to enhance efforts to support landlocked developing countries in diversifying their economic base, to encourage, on mutually agreed terms, the transfer of technologies related to transit transport systems, including information and communications technology, and to enhance value addition to their exports through the development of their productive capacities;",True,31,semantic,31,,,no_candidates,,,no_candidates,31,31,completed,semantic,"The block describes a 2012 response to landlocked developing countries’ trade constraints through Aid for Trade, capacity-building, export diversification, technology transfer and productive-capacity support.",,completed,31,True,0,31,31,False,False,semantic,,0.16,completed,31,True,0,31,31,False,False,True,,,
un,2003/a/res/57/137#1,2003/a/res/57/137,A/RES/57/137,Resolution adopted by the General Assembly,False,resolution,"Recalling further the emphasis placed in the solemn declaration on the terms of Tokelau's special relationship with New Zealand, including the expectation that the form of help that Tokelau could continue to expect from New Zealand in promoting the well-being of its people, besides its external interests, would be clearly established within the framework of that relationship,
Noting with appreciation the continuing exemplary cooperation of New Zealand as the administering Power with regard to the work of the Special Committee relating to Tokelau and its readiness to permit access by United Nations visiting missions to the Territory,
Noting also with appreciation the collaborative contribution to the development of Tokelau by New Zealand and the specialized agencies and other organizations of the United Nations system, in particular the United Nations Development Programme and the World Health Organization,
Recalling the dispatch in 1994 of a United Nations visiting mission to Tokelau,
Welcoming the dispatch in August 2002 of a United Nations Mission to Tokelau, at the invitation of the Government of New Zealand and the representatives of Tokelau,",True,27,lookup|practitioner,,27,,completed,27,,completed,,,no_candidates,lookup,"The block records precise, source-specific facts about New Zealand’s cooperation with the United Nations and the August 2002 mission to Tokelau, making it suited to a factual lookup.",,completed,27,True,0,27,0,False,False,lookup,,0.27,completed,27,True,0,27,0,False,False,True,,,
un,2014/s/res/2140__2014_#13,2014/s/res/2140__2014_,S/RES/2140(2014),Resolution 2140 (2014),False,resolution,"(b) To seek and review information regarding those individuals and entities who may be engaging in the acts described in paragraph 17 and 18 above;
(c) To designate individuals and entities to be subject to the measures imposed in paragraphs 11 and 15 above;
(d) To establish such guidelines as may be necessary to facilitate the implementation of the measures imposed above;
(e) To report within 60 days to the Security Council on its work and thereafter to report as deemed necessary by the Committee;
(f) To encourage a dialogue between the Committee and interested Member States, in particular those in the region, including by inviting representatives of such States to meet with the Committee to discuss implementation of the measures;
(g) To seek from all States whatever information it may consider useful regarding the actions taken by them to implement effectively the measures imposed;
(h) To examine and take appropriate action on information regarding alleged violations or non-compliance with the measures contained in paragraphs 11 and 15;",True,33,lookup,32,33,31,completed,30,30,completed,32,32,completed,lookup,"The target provides a precise, source-specific list of the Security Council sanctions committee’s mandated tasks, including designation, reporting, information-gathering, and violation review.",,completed,33,True,0,33,31,False,False,lookup,,0.43,completed,33,True,0,33,31,False,False,True,,,
un,2004/a/c_2/58/sr_24#18,2004/a/c_2/58/sr_24,A/C.2/58/SR.24,(b) Science and technology for development,True,meeting,"UNIDO had taken that measure, because it believed that developing countries needed to improve their supply-side capacities in order to have an adequate volume and range of goods to sell on global markets, and to meet increasingly stringent conformity requirements.
UNIDO had formulated special programmes to build those countries policy-making, institutional and industrial capacities and to help them to meet market requirements and international standards.
Those programmes included a series of intersectoral activities, such as developing competitive manufacturing capacities for products with a high export potential, building the capacity of technical support institutions and associations, upgrading enterprises through technology acquisition, creating an enabling environment through training and the introduction of working methods, and upgrading marketing capabilities.
39. Recognizing that regional activities could help smaller countries and LDCs, UNIDO had promoted the establishment of regional calibration centres and regional accreditation authorities.
Under that strategy, it would continue to build the capacities of the countries of Central America, the West African Economic and Monetary Union (WAEMU), the Mekong, the South Africa Development Community (SADC) and the South Asian Association for Regional Cooperation (SAARC).
It would also organize activities in the areas of standards development, conformity assessment and metrology at the national level.",True,32,semantic,32,29,27,completed,29,,completed,32,32,completed,semantic,"The target describes UNIDO’s response for strengthening developing countries’ export and standards capacities through national, regional and sectoral support measures.",,completed,32,True,0,32,32,False,False,semantic,,0.57,completed,32,True,0,32,32,False,False,True,,,
un,2008/cd/pv_1097#14,2008/cd/pv_1097,CD/PV.1097,The PRESIDENT: I declare open the 1097th plenary meeting of the Conference on Disarmament.,True,meeting,"In today's global security environment, the strengthening of international legal norms and political instruments to prevent the proliferation of weapons of mass destruction (WMD) and their delivery means, as well as the broad range of arms control issues, remain a top priority.
Ukraine is open to a constructive dialogue aimed at breaking the current impasse and getting the CD back to effective work.
The existing concerns over threats to international security caused by recent developments around the world have sharpened attention to the work of the Conference on Disarmament.
The statement of the United Nations Secretary-General, His Excellency Mr. Ban Ki-moon delivered at the opening of the 2008 CD session is conclusive evidence of that fact.
The proliferation of weapons of mass destruction and their means of delivery, together with international terrorism, remain a threat to international peace and security.
Today's risks and challenges are much more diverse and multifaceted than decades ago, since they include a real possibility to use WMD or respective materials as a weapon of terror.",True,31,semantic,31,25,,completed,28,,completed,31,31,completed,lookup,"The block records Ukraine’s specific assessment of WMD proliferation and its stated openness to constructive dialogue, making the meeting record a natural source for precise attributed facts.",,completed,25,False,6,25,0,False,False,skip,,0.57,completed,,False,,0,0,False,True,False,,,
un,2006/a/c_5/60/sr_64#14,2006/a/c_5/60/sr_64,A/C.5/60/SR.64,Chairman of the Advisory Committee on Administrative and Budgetary Questions: Mr. Saha,True,meeting,"29. Mr. Torres Lépori (Argentina) said that his delegation was very concerned about recent events in Timor-Leste, which it was following closely. His delegation associated itself fully with the statement made by the representative of Brazil and would work constructively during informal consultations to ensure that UNOTIL had all the resources needed to implement its mandate effectively.
30. Mr. Hussain (Pakistan) said that UNAMA had provided critical support for the implementation of the Bonn Agreement, the convening of the constitutional Loya Jirga, the conduct of provincial and presidential elections and the demobilization and reintegration of soldiers.
His delegation agreed that the Mission needed to be strengthened.
31. However, Pakistan remained concerned about recent developments and the ongoing instability in Afghanistan, which directly affected neighbouring countries such as itself.
Inadequate international support for economic rehabilitation and for extending security coverage beyond the capital had been a critical factor.
The continuing drug problem and the presence of regional warlords had kept Afghanistan in a state of perpetual instability.
Such issues were of concern for the Afghan people and for neighbouring countries.",True,32,semantic,32,30,30,completed,25,,completed,32,32,completed,lookup,"The block records precise, attributed statements by Argentina and Pakistan about UNOTIL and UNAMA, making a source-specific meeting-record lookup the best fit.",,completed,30,False,2,30,30,False,False,semantic,,0.51,completed,32,True,0,32,32,False,False,False,,,
un,2001/cedaw/c/sr_451#4,2001/cedaw/c/sr_451,CEDAW/C/SR.451,Committee on the Elimination of Discrimination against Women Twenty-second session,True,meeting,"6. She would welcome additional information on the Task Force for Trafficking in Women and Children, set up in August 1998, the incidence of such trafficking, the outcome in particular cases and whether the police were being given training to make them more sensitive to the issue.
The report referred to a baseline study of marital violence and a course for data collection on protecting women against violence; she requested additional information on those two activities.
7. Ms. Khan noted that the State party had to contend with a number of problems which aggravated the phenomenon of trafficking in women: poverty, internal displacement, refugee camps, armed insurgency, long borders and disputes with neighbouring countries over border control.
She wished to know more about any practical measures taken to control trafficking in women along Myanmar's borders with its five neighbours, and, in particular, how the authorities enforced the prohibition on women between the ages of 16 and 25 years crossing the border unless accompanied by a legal guardian, in a situation where so many families were divided.",True,34,practitioner,34,31,,completed,34,34,completed,24,,completed,semantic,"The block centers on practical border-control measures and enforcement of a restriction intended to prevent trafficking in women, making it a dated response-focused question rather than a source-locator request.",,completed,24,False,10,24,0,False,False,lookup,,0.26,completed,31,False,3,31,0,False,False,False,,,
un,2008/a/ac_109/2008/sr_2#1,2008/a/ac_109/2008/sr_2,A/AC.109/2008/SR.2,Independence to Colonial Countries and Peoples,True,meeting,"Adoption of the agenda
Pacific regional seminar
Other matters
1. The agenda was adopted.
Pacific regional seminar (A/AC.109/2008/5)
2. The Chairman said that the Bureau of the Committee had recommended holding the Pacific regional seminar in Bandung, Indonesia from 14 to 16 May 2008.
As in the past, the Committee would also celebrate the Week of Solidarity with the Peoples of Non-Self-Governing Territories at the seminar.
If there was no objection, he would take it that the Committee wished to proceed accordingly.
3. It was so decided.
Composition of the official delegation of the Special Committee
4. Following consultations with the regional groups, the Bureau, at his recommendation, had agreed ad referendum that the Committee would be represented at the seminar by the Republic of the Congo and Ethiopia, on behalf of the Group of African States; the Syrian Arab Republic and India, on behalf of the Group of Asian States; Cuba and Dominica, on behalf of the Latin American and Caribbean Group of States; and the Russian Federation, on behalf of the Eastern European Group of States.
The United Nations would bear the costs of travel for the members of that delegation.",True,33,lookup|practitioner,33,33,33,completed,33,33,completed,29,,completed,lookup,"The target records precise seminar arrangements and the official delegation whose travel costs the United Nations would cover, making it a source-specific factual lookup.",,completed,33,True,0,33,33,False,False,lookup,,0.83,completed,33,True,0,33,33,False,False,True,,,
un,2010/ccpr/c/sr_2695#25,2010/ccpr/c/sr_2695,CCPR/C/SR.2695,Human Rights Committee,True,meeting,"79. Mr. Rivas Posada agreed that paragraph 57 should be deleted.
80. Ms. Keller said that she endorsed the suggestion to delete paragraph 57 and add a fourth bullet in paragraph 54.
However, given that the document was addressed not just to human rights experts, in her view the phrase ""such as abduction of women and children"" should not be deleted.
Perhaps it could be included in parentheses, after the word ""servitude"".
81. The Chair said that just a few days earlier, Uzbekistan had referred to alternative military service under article 8.
Therefore, for the purpose of informing States how the issue was to be dealt with, perhaps paragraph 57 should contain a reference to article 18, and the present paragraph 57 should be moved to the section covering article 18.
It appeared that the members of the Committee agreed with that approach, as they did with the new version of paragraph 54.",True,29,semantic,,24,,completed,25,,completed,29,,completed,lookup,The target records a precise drafting approach for paragraph 57—adding a reference to article 18 and moving the existing text—and the Committee’s apparent agreement with it.,,completed,24,False,5,24,0,False,False,lookup,,0.41,completed,24,False,5,24,0,False,False,True,,,
un,2007/gc_12/c_1/sr_1#10,2007/gc_12/c_1/sr_1,GC.12/C.1/SR.1,General Conference,True,meeting,"""9. The emergence of Aid for Trade, to assist least developed countries in developing their trade-related productive capacity and for meeting other trade-related needs, is a landmark development.
The Enhanced Integrated Framework is a promising tool for analysis and identification of needs in the area of trade capacity-building, and for implementation of projects identified.
""10. UNIDO's core mandate is to support industrial development, including in least developed countries.
Aid for Trade and the Enhanced Integrated Framework emphasize development of supply capacity and trade-related infrastructure.
We call upon UNIDO to work closely with countries engaged in the Framework process and, wherever possible, to act as an implementing agency, particularly concentrating in developing industrial capacity and standards and conformity related infrastructure.
""11. In enhancing productive capacity, donors should also utilize the services of UNIDO.
We call upon UNIDO to create a special Trust Fund for least developed countries, and urge donors to contribute generously to the Fund.",True,32,semantic,32,,,no_candidates,26,,completed,32,32,completed,lookup,"The block records precise recommendations in the LDC Ministerial Declaration concerning UNIDO’s role and a proposed special Trust Fund, making source-specific retrieval the natural fit.",,completed,,False,,0,0,True,False,lookup,,0.17,completed,,False,,0,0,True,False,True,,,
un,2006/cedaw/c/sr_724#18,2006/cedaw/c/sr_724,CEDAW/C/SR.724,Committee on the Elimination of Discrimination against Women,True,meeting,"48. She asked whether rural women who worked in agricultural family enterprises were paid for their work, and whether the State extended social security and benefits and national and medical insurance to such women.
Finally, referring to paragraph 130 of the report, she requested details of the benefits provided to rural women engaged in home-based work.
49. Ms. Zou Xiaoqiao said that paragraph 129 of the report indicated neither the conditions that must be satisfied in order for individuals to own or lease land nor whether women and men enjoyed equal rights as lessees.
The State party should indicate what impact the transition from State to private ownership of agricultural land had had on women.
Given the importance of reproductive health services, it would be helpful to know what measures the State was taking to ensure that rural women had access to information on reproductive health.
She had heard that the maternal mortality rate was 6 per 1,000 live births.
It would be interesting to hear the delegation's comments on that subject.",True,28,lookup|practitioner,28,28,28,completed,28,,completed,,,no_candidates,lookup,"The block records precise, attributable questions by Committee members about rural women’s work, land rights, reproductive-health access, and maternal mortality in this meeting record.",,completed,28,True,0,28,28,False,False,lookup,,0.25,completed,28,True,0,28,28,False,False,True,,,
un,2005/cd/pv_983#13,2005/cd/pv_983,CD/PV.983,I would like to take this opportunity to assure them of our cooperation and support in their new assignments.,True,meeting,"The PRESIDENT: I thank the representative of India for his kind statement and kind words addressed to the Chair.
I now give the floor to the representative of Algeria, Mr. Khelif, to deliver his statement.
Mr. KHELIF (Algeria) (translated from French): First of all, Mr. President, I would like to apologize on behalf of Ambassador Jazairy, who is unable to take part in this session because of some very urgent lastminute business.
As I am taking the floor for the first time, allow me to extend to you my congratulations on taking the Chair of our Conference and once again assure you of the full support of the Algerian delegation in assisting you to discharge your duties in the hope of achieving positive results in our work.
Your task is a very difficult one given the present international context and the outcome of the seventh Review Conference which you have described as dismal.
This context is very hostile to the disarmament endeavour.",True,29,semantic,,25,,completed,,,no_candidates,29,,completed,lookup,"The target records Algeria’s attributed assessment of the Chair’s task and the hostile disarmament context in this specific plenary statement, making a source-specific lookup the best fit.",,completed,25,False,4,25,0,False,False,skip,,0.57,completed,,False,,0,0,False,True,False,,,
un,1998/gc_7/c_1/sr_5#16,1998/gc_7/c_1/sr_5,GC.7/C.1/SR.5,Agenda item Paragraphs,True,meeting,"Mr. KOCH (Germany) asked whether the second additional paragraph proposed by the representative of the Russian Federation was in conformity with UNIDO Staff Regulations.
Mr. LÄSSIG (Director, Personnel Services) said that Staff Regulation 6.8 was quite clear: it authorized the Director-General to refund to staff members an amount representing the tax paid on salary and emoluments.
Reimbursement was made by all United Nations agencies on the principle of equality of conditions of employment and irrespective of nationality. Suspension of payment would require the amendment of Staff Regulation 6.8.
The conditions of employment of staff were the same, irrespective of their nationality.
Where a staff member had to pay tax, despite the Convention on the Privileges and Immunities of the Specialized Agencies, the agency concerned sought to restore equality among all staff members through the mechanism of tax reimbursement.
The Staff Regulations were laid down by the Member States by virtue of being adopted by the General Conference.
Staff Regulation 13.1 specified that the Staff Regulations might “be amended by the General Conference upon recommendation of the Industrial Development Board, without prejudice to the acquired rights of the staff”.
So if the Staff Regulations were to be amended, such amendment had to be recommended by the Board and must not prejudice the acquired rights of staff members.",True,32,practitioner,32,29,,completed,32,32,completed,30,,completed,lookup,"The block records precise, attributed explanations of Staff Regulations 6.8 and 13.1, including the tax-refund authority and the procedure and limits for amendment.",,completed,29,False,3,29,0,False,False,practitioner,,0.42,completed,32,True,0,32,32,False,False,False,,,
un,2006/ccw/conf_iii/sr_2#8,2006/ccw/conf_iii/sr_2,CCW/CONF.III/SR.2,GENERAL EXCHANGE OF VIEWS (continued),True,meeting,"In addition to Protocol V, progress had been made through discussions that had deepened the understanding of international humanitarian law principles applied to explosive remnants of war.
Substantial discussions were under way on technical preventive measures for munitions, and the McCormack report provided a practical basis for further work.
Japan urged all States parties to demonstrate the will to compromise and cooperate on a universally applicable mechanism to promote compliance with the Convention and its protocols.
Japan emphasized the importance of promoting the steady implementation and universalization of the Convention, whose merit lay in its ability to respond as the international community's problems evolved.
Mr. BIELASHOV (Ukraine) associated himself with the statement delivered on behalf of the European Union.
Ukraine remained committed to full compliance with the Convention and all its protocols and emphasized the need to increase their effectiveness, for the benefit of both combatants and civilians.
He hoped that the instruments would be further strengthened in the global and regional efforts towards disarmament and arms control.",True,29,semantic,29,26,,completed,,,no_candidates,29,29,completed,lookup,"The block records precise, attributed positions by Japan and Ukraine on compliance, universalization, and strengthening the Convention, making the meeting record a natural source locator.",,completed,26,False,3,26,0,False,False,semantic,,0.19,completed,29,True,0,29,29,False,False,False,,,
un,2001/cd/pv_880#1,2001/cd/pv_880,CD/PV.880,The PRESIDENT (translated from Spanish): I declare open the 880th plenary meeting of the Conference on Disarmament.,True,meeting,"The great majority of delegations have indicated that they think it would be very difficult to make headway on substantive issues in these final weeks of the Conference's work.
Nonetheless, we have seen unanimous interest in maintaining the Conference on Disarmament, particularly its credibility, and in ensuring that it remains the sole multilateral negotiating forum in the field of disarmament.
There is a broadly shared position that we should pursue our efforts and not allow ourselves to be discouraged, however complex the circumstances may be.
Special attention is being paid by delegations to developments in recent talks taking place at the highest level among the main Powers.
With respect to the specific modalities for advancing on this matter there are two basic trends.
I will take this opportunity to ask delegations to consider the appropriateness of replying to the questionnaires prepared by the special coordinators and I would also ask them to participate as actively as possible in the consultations which are convened in that connection so as to lay the bases necessary for making headway on these matters.",True,30,semantic,30,26,,completed,,,no_candidates,30,30,completed,lookup,The target records a precise request by the Conference president for delegations to reply to the special coordinators’ questionnaires and participate actively in related consultations.,,completed,26,False,4,26,0,False,False,skip,,0.3,completed,,False,,0,0,False,True,False,,,
un,2010/a/cn_9/sr_917#10,2010/a/cn_9/sr_917,A/CN.9/SR.917,Election of officers (continued),True,meeting,"38. Mr. Mokal (World Bank) said that while the World Bank supported both the United States and United Kingdom proposals, it had a particular preference for the latter in the context of its work in developing and emerging markets.
In virtually all the jurisdictions in which the World Bank was engaged, the issues touched on by the representative of INSOL International were key.
It was essential for legal systems to create incentives for directors and officers to take the right steps at the right time, and the proposals on liability put forward by the United Kingdom were highly relevant. It would assist the World Bank in its own work of suggesting improvements in legislation on liability if the Commission laid down standards on international best practice in that domain.
39. Regarding the Swiss proposal, it was crucial to ensure coherence and harmonization in the treatment of bank resolutions.
However, the World Bank had reservations about the timing of the proposal, and the appropriateness of the Commission as a forum.",True,32,semantic,32,29,,completed,,,no_candidates,32,32,completed,lookup,"The block records the World Bank’s precise, attributed support for the United States and United Kingdom proposals and its reservations about the Swiss proposal’s timing and forum.",,completed,29,False,3,29,0,False,False,semantic,,0.69,completed,32,True,0,32,32,False,False,False,,,
un,2003/a/58/pv_1#15,2003/a/58/pv_1,A/58/PV.1,(Saint Lucia),True,meeting,"The General Assembly will have the opportunity to review these important matters when the report of the Security Council comes before it.
As required, I will summarize discussion of the report to inform the future deliberations of the Security Council.
I expect that both the report and the summary will reflect the crises and challenges the United Nations faces in the areas of peace and security.
On the issue of Security Council reform, we cannot retreat from taking a decision on this matter.
For more than a decade, we have deliberated on this issue and have made very little progress.
I expect that the pronouncements made on this issue in the general debate of the fifty-eighth session will determine whether the political will exists to move reform forward.
International standard-setting is an area in which the United Nations has excelled.
Today, multilateral treaties set standards for the promotion and protection of human rights, including the rights of women and children, and govern important areas of international relations, such as transnational crime, the seas, disarmament and the rising challenge of terrorism.",True,28,semantic,,26,,completed,,,no_candidates,28,,completed,semantic,"The block presents Saint Lucia’s dated position on Security Council reform and the United Nations’ role in international standard-setting, supporting a conceptual question about the situation and the proposed response rather than a source-specific lookup.",,completed,28,True,0,28,0,False,False,skip,,0.35,completed,,False,,0,0,False,True,False,,,
un,2007/cedaw/c/sr_770_b_#18,2007/cedaw/c/sr_770_b_,CEDAW/C/SR(770.B),Committee on the Elimination of Discrimination against Women,True,meeting,"The next step was to coordinate with the various agencies responsible for providing resources and implementing the Plan.
40. The number of women heads of household in Colombia was growing, and they enjoyed special protection under various laws.
While 80 per cent of male heads of household had a companion, most female heads of household lived alone, and therefore bore a heavier burden, both in terms of income level and in terms of childcare and household chores.
Affirmative action measures had therefore been introduced to protect such women, including access to credit and to housing subsidies.
In the private sector, the Government promoted parity through education aimed at helping women achieve decision-making and management positions.
For example, more and more women were taking jobs in the financial sector.
The Government had studied the issue of gender-based salary gaps in cooperation with business and industry leaders, who would be required to eliminate such discrimination.",True,33,semantic,33,30,30,completed,29,,completed,33,33,completed,semantic,"The block presents Colombia’s situation of increasing female-headed households and the Government’s concrete measures to support them and promote workplace gender parity, supporting a dated response-focused conceptual question.",,completed,33,True,0,33,33,False,False,semantic,,0.31,completed,33,True,0,33,33,False,False,True,,,
un,2002/a/c_4/57/sr_18#15,2002/a/c_4/57/sr_18,A/C.4/57/SR.18,Special Political and Decolonization Committee,True,meeting,"26. The Chairman said that the Secretariat had taken due note of the proposal made.
His delegation had not tried to politicize the debate; it had simply denounced, as in the past, the flagrant violations of international broadcasting norms which were committed daily against Cuba in the name of so-called freedom of information.
The ineffectiveness of the broadcasts was what gave rise to the ire of the United States delegation.
28. The Proyecto Varela supposedly supported by some 11,000 Cubans, was in fact an American-inspired initiative.
Moreover, 8.2 million Cubans had freely decided to ratify their Constitution shortly after the small Proyecto Varela group, sponsored by the United States interests section in Havana, had submitted its petition on constitutional reform, which was currently being reviewed by the appropriate constitutional authorities.
He also recalled that the Cuban people had learnt of the project when Cuban radio and television had broadcast live the speech made by former United States President Carter at the University of Havana, which had not been carried by Radio Martí.",True,33,semantic,33,30,30,completed,28,,completed,33,33,completed,lookup,"The block records precise, attributed political allegations and factual claims made during this meeting, making the meeting record the natural source to locate them.",,completed,30,False,3,30,30,False,False,semantic,,0.31,completed,33,True,0,33,33,False,False,False,,,
un,2007/cedaw/c/sr_778#5,2007/cedaw/c/sr_778,CEDAW/C/SR.778,Committee on the Elimination of Discrimination against Women,True,meeting,"10. The educational system in Sierra Leone had been inherited from the United Kingdom, and its main emphasis was on academics rather than technical training.
Currently there was a vacuum in the workforce in middle-level technical jobs because such education was looked down on.
Stereotypes must be overcome in order to interest more women in technical studies.
Girls needed to hear the message that there was nothing they could not achieve, and that they could succeed in science just as well as boys.
11. Teenage mothers were readmitted to school, where they had the opportunity to learn parenting skills along with academic and technical subjects.
More opportunities were available for adult students, especially those who had missed the chance to go to school during the 11 years of war.
In-service training for teachers was extensive, as many untrained teachers had entered the field because of the shortage of professional educators.",True,32,semantic,32,28,27,completed,29,,completed,32,32,completed,semantic,"The passage presents a concrete 2007 situation and response concerning gender stereotypes, technical education, teenage mothers, adult learners, and teacher training in Sierra Leone, supporting a conceptual question rather than source lookup.",,completed,32,True,0,32,32,False,False,semantic,,0.39,completed,32,True,0,32,32,False,False,True,,,
un,2000/cd/pv_841#11,2000/cd/pv_841,CD/PV.841,"on Thursday, 10 February 2000, at 10.15 a.m. President: Mr. Harald Kreid (Austria)",True,meeting,"In your subsequent consultations, you were to bring forward for consideration a number of options, one of which would have permitted the appointment of special coordinators to deal with the issues of nuclear disarmament and the prevention of an arms race in outer space, while allowing the Conference to agree on a work programme, including the establishment of an ad hoc committee for negotiations on an FMCT.
Five years on, that common objective remains unfulfilled. The importance of an FMCT has not diminished in the intervening period. Indeed, events in the closing years of the last century have underlined its necessity.
In our view, it remains the case that before there can be an effective and verifiable ban on nuclear weapons globally, there must be confidence that no new fissile material for such weapons can be produced.
An FMCT would deliver such an assurance, and in so doing, put in place a vital foundation for the achievement of global nuclear disarmament.",True,32,semantic,32,30,25,completed,28,,completed,32,32,completed,semantic,The passage presents a dated assessment that an FMCT is necessary to ensure no new weapons-grade fissile material is produced before global nuclear disarmament can be achieved.,,completed,32,True,0,32,32,False,False,semantic,,0.52,completed,32,True,0,32,32,False,False,True,,,
un,1999/cedaw/c/sr_434#16,1999/cedaw/c/sr_434,CEDAW/C/SR.434,Committee on the Elimination of Discrimination against Women,True,meeting,"She would also like to know why the 1997 Human Rights Commission Act had not been implemented; whether the Government had developed any gender management plan and, if so, how the various institutions would coordinate action under the plan; and would appreciate a specific breakdown of the budget for women's issues.
27. Poverty alleviation had to be the main goal, but if women were not brought into the process, it would not happen.
Although no Nepalese woman had yet done so, the option of appealing for international redress under the Optional Protocol to the International Covenant on Civil and Political Rights, after the exhaustion of domestic remedies -- and soon under an Optional Protocol to the Convention -- was a distinct possibility unless the Government acted quickly to remedy the situation of women in the country.
Article 5
She asked how the Government planned to convey a serious message that it intended to enforce the prohibitions.",True,30,semantic,,29,,completed,24,,completed,30,,completed,lookup,"The block records precise inquiries in a specific Committee meeting about Nepal’s 1997 Human Rights Commission Act, gender-management coordination, women’s-issues funding, and enforcement.",,completed,29,False,1,29,0,False,False,semantic,,0.28,completed,30,True,0,30,0,False,False,False,,,
un,2009/a/ac_109/2009/sr_7#4,2009/a/ac_109/2009/sr_7,A/AC.109/2009/SR.7,Special Committee on the Situation with regard to the Implementation of the Declaration on the Granting of,True,meeting,"9. Mr. Boukhari withdrew.
10. Mr. Mahiga (United Republic of Tanzania) said that it was unacceptable that, notwithstanding the fact that both the General Assembly and the Security Council had consistently recognized the right to selfdetermination of the Saharawi people, Western Sahara remained the only unresolved case of colonialism in Africa.
Moreover, denial of that right constituted a human rights issue that should be taken up by the relevant organs of the United Nations.
11. Finally, after drawing the Committee's attention to the reports concerning illegal exploitation of the mineral resources of Western Sahara, he reaffirmed his delegation's support for the efforts of people under colonial rule to exercise their inalienable right to selfdetermination, including independence.
12. Mr. Moreno Fernández (Cuba) recalled that the people of Western Sahara had been struggling to exercise their right to self-determination, for more than 40 years.
They alone could decide their own future and they should be allowed to do so without interference.
Since the conflict in Western Sahara was a question of decolonization the Committee must play a central role in reviewing the issue.",True,30,semantic,29,29,,completed,29,,completed,30,29,completed,semantic,"The block presents attributed positions on Western Sahara’s unresolved decolonization and self-determination, supporting a dated situation or stakeholder question rather than a source-specific fact lookup.",,completed,30,True,0,30,29,False,False,semantic,,0.59,completed,30,True,0,30,29,False,False,True,,,
un,2008/s/2008/774#11,2008/s/2008/774,S/2008/774,Letter dated 11 December 2008 from the Permanent Representative of Serbia to the United Nations addressed to the President of the Security Council,False,letter,"Both the War Crimes Chamber of the Belgrade District Court and the Republic of Serbia Office of the War Crimes Prosecutor have shown high level of professionalism and technical capability for processing the aforementioned cases in accordance with the international legal standards. The aforesaid was confirmed by the OTP on numerous occasions.
It should also be stated that the War Crimes Prosecutor Offices from Serbia, Montenegro, Croatia, and Bosnia and Herzegovina have been maintaining regular contacts and implementing efforts in order to improve regional cooperation. These efforts are based on a formally established means of cooperation through Memoranda of Understanding signed between the Republic of Serbia and the Republic of Croatia, Bosnia and Herzegovina and Montenegro.
Direct form of cooperation between the Regional Prosecutors' Offices, which includes the exchange of evidence, documents and data relevant to the investigation of the war crimes cases, reflects common interest of Serbia, Bosnia and Herzegovina, Croatia and Montenegro for conducting more thorough investigations, identifications and prosecutions of all individuals suspected to be involved in criminal offences against the International humanitarian law.",True,33,semantic,33,28,28,completed,31,,completed,33,33,completed,semantic,"The block describes how regional prosecutors in four States cooperate through memoranda and direct exchanges of evidence and data to improve war-crimes investigations and prosecutions, supporting a conceptual response question anchored to 2008.",,completed,33,True,0,33,33,False,False,semantic,,0.14,completed,33,True,0,33,33,False,False,True,,,
un,2012/s/2012/718#7,2012/s/2012/718,S/2012/718,Letter dated 17 September 2012 from the Chair of the Security Council Working Group on Children and Armed Conflict to the President of the Security Council,False,letter,"(b) Progress had been achieved in separating children from Tamil Makkal Viduthalai Pulikal (TMVP) and Liberation Tigers of Tamil Eelam (LTTE) and reintegrating them into society, and in tracing children who had been separated from their parents in the final stages of the conflict.
In particular, the Government was developing a plan to undertake tracing activities in hospitals, children's homes and police posts through the country;
(c) However, additional measures were needed to further such efforts.
Concerns remained regarding the need to establish accountability for the recruitment and use of children by remnants of TMVP.
14. The Deputy Permanent Representative of Sri Lanka presented the views of his Government.
The Working Group then held an exchange of views and, following the discussion, the experts were given the task of negotiating draft conclusions of the Group that would provide concrete follow-up to the Secretary-General's report.
15. The main elements of the statement made by the Deputy Permanent Representative of Sri Lanka, as well as the exchange of views among the members of the Working Group, will be reflected in the conclusions.",True,31,semantic,31,30,30,completed,29,,completed,31,31,completed,semantic,"The block presents a concrete 2012 situation assessment concerning child separation, tracing and reintegration in Sri Lanka, including the remaining accountability concern regarding TMVP recruitment and use of children.",,completed,31,True,0,31,31,False,False,lookup,,0.32,completed,30,False,1,30,30,False,False,False,,,
un,1998/s/1998/458#1,1998/s/1998/458,S/1998/458,LETTER DATED 2 JUNE 1998 FROM THE PERMANENT REPRESENTATIVE OF THE UNITED KINGDOM OF GREAT BRITAIN AND NORTHERN IRELAND TO THE UNITED NATIONS ADDRESSED TO THE SECRETARY-GENERAL,False,letter,"Following the nuclear tests by India, the European Union made clear to Pakistan that a nuclear test by Pakistan would damage Pakistan's security environment.
The European Union had therefore strongly urged the Government of Pakistan to exercise the maximum restraint and very much regrets that it has not done so.
The European Union remains fully committed to the implementation of the Comprehensive Nuclear-Test-Ban Treaty and the Treaty on the Non-Proliferation of Nuclear Weapons, which is the cornerstone of the global nuclear non-proliferation regime and the essential foundation for the pursuit of nuclear disarmament.
It has a strong interest in the peace and stability of South Asia, and is deeply concerned about the threat posed to this by nuclear and missile proliferation.
We urge Pakistan, along with other States in the region, to refrain from further tests and the deployment of nuclear weapons or ballistic missiles.
In particular we urge Pakistan and India:",True,33,semantic,33,26,,completed,26,,completed,33,33,completed,semantic,The block presents the European Union’s 1998 assessment of the South Asian nuclear-proliferation threat and its response of urging Pakistan and other regional States to refrain from further tests and deployments.,,completed,33,True,0,33,33,False,False,practitioner,,0.11,completed,26,False,7,26,0,False,False,False,,,
un,2004/s/2004/505#15,2004/s/2004/505,S/2004/505,Letter dated 18 June 2004 from the Permanent Representative of Germany to the United Nations addressed to the Secretary-General I have the honour to enclose the assessment of the work of the Security Council during the presidency of Germany in April 2004 (see annex).,False,letter,"There was agreement that the resolution does not alter existing treaties or arrangements on disarmament, arms control, non-proliferation and verification, which retain their full importance and must be further developed, and that it does not constitute a basis for unilateral enforcement action.
38. Under the terms of the resolution, all Member States are to submit, within the next six months, a first report on steps they have taken or intend to take to implement it.
39. On 15 April, the Council met to discuss the role of business in conflict prevention, peacekeeping and post-conflict peace-building.
Guests speakers in the public meeting were the Secretary-General Kofi Annan, the World Bank President, the President and CEO of Siemens, Heinrich von Pierer, the President of the Economic and Social Council, Ambassador Marjatta Rasi, and the Chairman of the Advisory Groups of the Economic and Social Council for African countries emerging from conflict, Ambassador Dumisani Shadrak Kumalo.",True,31,lookup|practitioner|semantic,31,31,31,completed,31,31,completed,31,31,completed,practitioner,"The target states a dated, regime-specific obligation under resolution 1540 requiring all Member States to submit an initial implementation report within six months, alongside limits on its legal effect.",,completed,31,True,0,31,31,False,False,lookup,,0.38,completed,31,True,0,31,31,False,False,False,,,
un,2004/s/2004/674#6,2004/s/2004/674,S/2004/674,Letter dated 18 August 2004 from the Permanent Observer of the League of Arab States to the United Nations addressed to the Secretary-General,False,letter,":: The declaration of the Third Summit of the African Union held in Addis Ababa on 8 July 2004 concerning Darfur, and the efforts of the African Union concerning this matter,
Recalling the communiqué issued by the Council of the Arab League meeting at the permanent representative level on 11 July 2004 concerning the question of Darfur, and the communiqué issued by the Special Committee on the Sudan on 27 July 2004 on that subject,
Welcoming the joint communiqué issued on 3 July 2004 by the Government of the Sudan and the Secretary-General of the United Nations, including the establishment of a Joint Implementation Mechanism for the undertakings and commitments contained in the communiqué, and the Darfur Plan of Action signed on 5 August 2004 by the Minister for Foreign Affairs of the Sudan and the Special Representative of the Secretary-General of the United Nations to the Sudan,
Reaffirming its commitment to respect, and ensure respect for, the sovereignty, territorial integrity and independence of the Sudan, and calling on all States actively to affirm that commitment,",True,31,semantic,,,,no_candidates,,,no_candidates,31,,completed,semantic,"The block presents the Arab League’s dated position on the Darfur crisis, including its support for African Union efforts and reaffirmation of Sudan’s sovereignty, which supports a stakeholder-focused conceptual question.",,completed,31,True,0,31,0,False,False,skip,,0.22,completed,,False,,0,0,False,True,False,,,
eurlex,http://data.europa.eu/eli/dir/2010/42/art_2/oj,32010L0042,32010L0042,Commission Directive 2010/42/EU of 28 June 2010 amending Council Directive 91/414/EEC to include FEN 560 (fenugreek seed powder) as active substance (Text with EEA relevance),False,no_refs,"Member States shall adopt and publish by 30 April 2011 at the latest the laws, regulations and administrative provisions necessary to comply with this Directive. They shall forthwith communicate to the Commission the text of those provisions and a correlation table between those provisions and this Directive.They shall apply those provisions from 1 May 2011.When Member States adopt those provisions, they shall contain a reference to this Directive or shall be accompanied by such a reference on the occasion of their official publication. Member States shall determine how such reference is to be made.",True,,,,,,no_candidates,,,,,,,skip,"This is a transposition and application clause containing only implementation boilerplate, not a substantive client-facing rule.",,completed,,,,0,0,False,False,skip,,0.9,completed,,,,0,0,False,False,True,,,no_candidates
eurlex,http://data.europa.eu/eli/reg/2014/910/art_41/oj,32014R0910,32014R0910,Regulation (EU) No 910/2014 of the European Parliament and of the Council of 23 July 2014 on electronic identification and trust services for electronic transactions in the internal market and repealing Directive 1999/93/EC,False,no_refs,"Legal effect of electronic time stamps

1. An electronic time stamp shall not be denied legal effect and admissibility as evidence in legal proceedings solely on the grounds that it is in an electronic form or that it does not meet the requirements of the qualified electronic time stamp.

2. A qualified electronic time stamp shall enjoy the presumption of the accuracy of the date and the time it indicates and the integrity of the data to which the date and time are bound.

3. A qualified electronic time stamp issued in one Member State shall be recognised as a qualified electronic time stamp in all Member States.",True,36,lookup,36,36,36,completed,,,,,,,fact_pattern,"A cross-border dispute involving an electronic time stamp, its qualification status, and the date or data integrity it is used to prove can be directly resolved by this article’s legal-effect, presumption, and recognition rules.",,completed,34,False,2,34,34,False,False,lookup,,0.78,completed,36,True,0,36,36,False,False,False,34,34,completed
eurlex,http://data.europa.eu/eli/reg/2011/1043/art_1/oj,32011R1043,32011R1043,Commission Regulation (EU) No 1043/2011 of 19 October 2011 imposing a provisional anti-dumping duty on imports of oxalic acid originating in India and the People’s Republic of China,False,no_refs,"1. A provisional anti-dumping duty is hereby imposed on imports of oxalic acid, whether in dihydrate (CUS number 0028635-1 and CAS number 6153-56-6) or anhydrous form (CUS number 0021238-4 and CAS number 144-62-7) and whether or not in aqueous solution, currently falling within CN code ex29171100 (TARIC code 2917110091) and originating in the People’s Republic of China and India.

2. The rate of the provisional anti-dumping duty applicable to the net, free-at-Union-frontier price, before duty, of the product described in paragraph 1 and manufactured by the companies below shall be as follows:
CountryCompany
Provisional duty

(%)
TARIC additional codeIndiaPunjab Chemicals and Crop Protection Limited22,8B230All other companies43,6B999PRCShandong Fengyuan Chemicals Stock Co., Ltd; Shandong Fengyuan Uranus Advanced Material Co., Ltd37,7B231Yuanping Changyuan Chemicals Co., Ltd14,6B232All other companies52,2B999
3. The release for free circulation in the Union of the product referred to in paragraph 1 shall be subject to the provision of a security equivalent to the amount of the provisional duty.

4. Unless otherwise specified, the provisions in force concerning customs duties shall apply.",True,37,lookup,37,37,37,completed,,,,,,,fact_pattern,"Concrete import details such as the product form, origin, manufacturer, and customs value determine the applicable provisional duty rate and security requirement.",,completed,36,False,1,36,36,False,False,lookup,,0.44,completed,37,True,0,37,37,False,False,False,36,36,completed
eurlex,http://data.europa.eu/eli/dir/2011/81/art_2/oj,32011L0081,32011L0081,Commission Directive 2011/81/EU of 20 September 2011 amending Directive 98/8/EC of the European Parliament and of the Council to include deltamethrin as an active substance in Annex I thereto (Text with EEA relevance),False,no_refs,"1. Member States shall adopt and publish, by 30 September 2012 at the latest, the laws, regulations and administrative provisions necessary to comply with this Directive.They shall apply those provisions from 1 October 2013.When Member States adopt those provisions, they shall contain a reference to this Directive or be accompanied by such a reference on the occasion of their official publication. Member States shall determine how such reference is to be made.

2. Member States shall communicate to the Commission the text of the main provisions of national law which they adopt in the field covered by this Directive.",True,,,,,,no_candidates,,,,,,,skip,"This article contains only transposition, application, publication-reference, and communication clauses rather than substantive legal requirements.",,completed,,,,0,0,False,False,skip,,0.87,completed,,,,0,0,False,False,True,,,no_candidates
eurlex,http://data.europa.eu/eli/dir/2006/28/art_3/oj,32006L0028,32006L0028,"Commission Directive 2006/28/EC of 6 March 2006 amending, for the purposes of their adaptation to technical progress, Council Directive 72/245/EEC of 20 June 1972 relating to the radio interference (electromagnetic compatibility) of vehicles and Council Directive 70/156/EEC on the approximation of the laws of the Member States relating to the type-approval of motor vehicles and their trailers (Text with EEA relevance)",False,no_refs,"Transposition

1. Member States shall adopt and publish, by 30 June 2006 at the latest, the laws, regulations and administrative provisions necessary to comply with this Directive. They shall forthwith communicate to the Commission the text of those provisions and a correlation table between those provisions and this Directive.They shall apply those provisions from 1 July 2006.When Member States adopt those provisions, they shall contain a reference to this Directive or be accompanied by such reference on the occasion of their official publication. Member States shall determine how such reference is to be made.

2. Member States shall communicate to the Commission the texts of the main provisions of national law, which they adopt in the field governed by this Directive.",True,,,,,,no_candidates,,,,,,,skip,"This article is solely a transposition and notification clause, which is boilerplate rather than a substantive client-facing rule.",,completed,,,,0,0,False,False,skip,,0.96,completed,,,,0,0,False,False,True,,,no_candidates
eurlex,http://data.europa.eu/eli/reg/2011/1077/art_14/oj,32011R1077,32011R1077,"Regulation (EU) No 1077/2011 of the European Parliament and of the Council of 25 October 2011 establishing a European Agency for the operational management of large-scale IT systems in the area of freedom, security and justice",False,no_refs,"Chairmanship of the Management Board

1. The Management Board shall elect a Chairperson and a deputy Chairperson from among its members.

2. The term of office of the Chairperson and the deputy Chairperson shall be 2 years. Their term of office may be renewed once. If, however, their membership of the Management Board ends at any time during their term of office, their term of office shall automatically expire on that date also.

3. The Chairperson and the deputy Chairperson shall be elected only from among those members of the Management Board who are appointed by Member States which are fully bound under Union law by the legislative instruments governing the development, establishment, operation and use of all large-scale IT systems managed by the Agency.",True,38,lookup,38,38,38,completed,,,,,,,fact_pattern,"A concrete Management Board election involving members’ appointing Member States, term renewals, and an early end to membership directly engages the article’s eligibility and tenure rules.",,completed,32,False,6,32,32,False,False,lookup,,0.91,completed,38,True,0,38,38,False,False,False,32,32,completed
eurlex,http://data.europa.eu/eli/reg/2011/1173/art_13/oj,32011R1173,32011R1173,Regulation (EU) No 1173/2011 of the European Parliament and of the Council of 16 November 2011 on the effective enforcement of budgetary surveillance in the euro area,False,no_refs,"Review

1. By 14 December 2014 and every 5 years thereafter, the Commission shall publish a report on the application of this Regulation.

That report shall evaluate, inter alia:

(a)
the effectiveness of this Regulation, including the possibility to enable the Council and the Commission to act in order to address situations which risk jeopardising the proper functioning of the monetary union;

(b)
the progress in ensuring closer coordination of economic policies and sustained convergence of economic performances of the Member States in accordance with the TFEU.

2. Where appropriate, that report shall be accompanied by a proposal for amendments to this Regulation.

3. The report shall be forwarded to the European Parliament and to the Council.

4. Before the end of 2011 the Commission shall present a report to the European Parliament and to the Council on the possibility of introducing euro-securities.",True,,,,,,no_candidates,,,,,,,skip,This article consists of institutional review and reporting clauses rather than a substantive rule governing a private party or national authority’s conduct.,,completed,,,,0,0,False,False,lookup,,0.61,completed,,,,0,0,False,False,False,,,no_candidates
eurlex,http://data.europa.eu/eli/reg/2005/1651/art_4/oj,32005R1651,32005R1651,Commission Regulation (EC) No 1651/2005 of 10 October 2005 opening a standing invitation to tender for the resale on the Community market of white sugar held by the Hungarian intervention agency,False,no_refs,"1. The period during which tenders may be submitted in response to the first partial invitation to tender shall begin on 20 October 2005 and shall end on 26 October 2005 at 15.00, Brussels time.

The periods during which tenders may be submitted in response to the second and subsequent partial invitations shall begin on the first working day following the end of the preceding period. They shall end at 15.00, Brussels time:

on 9 and 23 November 2005,

on 7 and 21 December 2005.

2. Tenders shall be lodged with the Hungarian intervention agency:

Mezőgazdasági és Vidékfejlesztési Hivatal (MVH)

(Agricultural and Rural Developement Agency)

Alkotmány utca 29

HU-1054 Budapest

Tel. (36-1) 219 45 14

Fax (36-1) 219 45 11 or (36-1) 219 45 12.",True,36,lookup,36,36,36,completed,,,,,,,fact_pattern,"A sugar trader’s tender submission date, time, and recipient agency directly determine whether it falls within an authorized partial-tender period.",,completed,33,False,3,33,33,False,False,lookup,,0.82,completed,36,True,0,36,36,False,False,False,33,33,completed
eurlex,http://data.europa.eu/eli/reg/2010/1031/art_48/oj,32010R1031,32010R1031,"Commission Regulation (EU) No 1031/2010 of 12 November 2010 on the timing, administration and other aspects of auctioning of greenhouse gas emission allowances pursuant to Directive 2003/87/EC of the European Parliament and of the Council establishing a scheme for greenhouse gas emission allowances trading within the Community (Text with EEA relevance)",False,no_refs,"Late delivery of the auctioned allowances

1. Where the clearing system or settlement system fails to deliver the whole or part of the auctioned allowances due to circumstances outside its control, the clearing system or settlement system shall deliver the allowances at the earliest opportunity and the successful bidders or their successors in title shall accept delivery at that later date.

2. The remedy provided for in paragraph 1 shall be the sole remedy to which a successful bidder or its successors in title shall be entitled to in case of any failure to deliver auctioned allowances, due to circumstances outside the control of the clearing system or settlement system concerned.",True,35,lookup,35,35,35,completed,,,,,,,fact_pattern,"A concrete auction case involving a clearing or settlement system’s externally caused partial or total delivery failure directly determines the required later delivery, acceptance duty, and exclusive remedy.",,completed,31,False,4,31,31,False,False,lookup,,0.47,completed,35,True,0,35,35,False,False,False,31,31,completed
eurlex,http://data.europa.eu/eli/dir/2006/60/art_2/oj,32006L0060,32006L0060,"Commission Directive 2006/60/CE of 7 July 2006 amending Annexes to Council Directive 90/642/EEC as regards the maximum residue levels of trifloxystrobin, thiabendazole, abamectin, benomyl, carbendazim, thiophanate-methyl, myclobutanyl, glyphosate, trimethylsulfonium, fenpropimorph and chlormequat (Text with EEA relevance)",False,no_refs,"1. Member States shall adopt and publish, by 20 January 2007 at the latest, the laws, regulations and administrative provisions necessary to comply with this Directive, except for the benomyl group and thiophanate-methyl for which they shall adopt and publish these by fourteen September 2006 and for chlormequat by thirty one July 2006. They shall forthwith communicate to the Commission the text of those provisions and a correlation table between those provisions and this Directive.They shall apply those provisions from 21 January 2007, except for the benomyl group and thiophanate-methyl for which they shall be applied by fifteen September 2006 and for chlormequat by the first of August 2006.When Member States adopt those provisions, they shall contain a reference to this Directive or be accompanied by such a reference on the occasion of their official publication. Member States shall determine how such reference is to be made.

2. Member States shall communicate to the Commission the text of the main provisions of national law which they adopt in the field covered by this Directive.",True,,,,,,no_candidates,,,,,,,skip,"This article contains only transposition, application, publication-reference, and notification obligations, which are generic implementation clauses rather than substantive client-facing rules.",,completed,,,,0,0,False,False,skip,,0.82,completed,,,,0,0,False,False,True,,,no_candidates
eurlex,http://data.europa.eu/eli/reg/2014/312/art_16/oj,32014R0312,32014R0312,Commission Regulation (EU) No 312/2014 of 26 March 2014 establishing a Network Code on Gas Balancing of Transmission Networks (Text with EEA relevance),False,no_refs,"Specific provisions at interconnection points

1. Where daily and hourly nominations and re-nominations co-exist at an interconnection point, the transmission system operators or national regulatory authorities (as appropriate) may consult the stakeholders for the purpose of identifying whether harmonised nominations and re-nominations should be submitted at both sides of this interconnection point. This consultation shall consider at least the following:

(a)
financial impact on transmission system operators and network users;

(b)
impact on cross-border trade;

(c)
impact on the daily balancing regime at the interconnection point(s).

2. Following this consultation, the proposed changes, if any, shall be approved by the national regulatory authorities. Once the proposed changes are approved the transmission system operators shall amend accordingly the existing interconnection agreements and the transport contracts or other legally binding agreements and publish those changes.",True,35,fact_pattern,,34,,completed,,,,,,,fact_pattern,"A concrete cross-border interconnection where daily and hourly nominations coexist, with impacts on operators, users, trade, and balancing, naturally supports questions about consultation, approval, and subsequent agreement amendments.",,completed,35,True,0,35,0,False,False,lookup,,0.62,completed,34,False,1,34,0,False,False,False,35,,completed
eurlex,http://data.europa.eu/eli/reg/2014/165/art_23/oj,32014R0165,32014R0165,"Regulation (EU) No 165/2014 of the European Parliament and of the Council of 4 February 2014 on tachographs in road transport, repealing Council Regulation (EEC) No 3821/85 on recording equipment in road transport and amending Regulation (EC) No 561/2006 of the European Parliament and of the Council on the harmonisation of certain social legislation relating to road transport (Text with EEA relevance)",False,no_refs,"Inspections of tachographs

1. Tachographs shall be subject to regular inspection by approved workshops. Regular inspections shall be carried out at least every two years.

2. The inspections referred to in paragraph 1 shall check at least the following:

the tachograph is correctly fitted and appropriate for the vehicle;

the tachograph is working properly;

the tachograph carries the type-approval mark;

the installation plaque is affixed;

all seals are intact and effective;

there are no manipulation devices attached to the tachograph or traces of the use of such devices;

the tyre size and the actual circumference of the tyres.

3. Workshops shall draw up an inspection report in cases where irregularities in the functioning of the tachograph had to be remedied, whether as a result of a periodic inspection or of an inspection carried out at the specific request of the national competent authority. They shall keep a list of all inspection reports drawn up.

4. Inspection reports shall be retained for a minimum period of two years from the time the report was made. Member States shall decide whether inspection reports are to be retained or sent to the competent authority during that period. In cases where the inspection reports are kept by the workshop, upon request from the competent authority, the workshop shall make available the reports of inspections and calibrations carried out during that period.",True,37,lookup,37,37,37,completed,,,,,,,fact_pattern,"Concrete cases involving a vehicle, an approved workshop, inspection timing, tachograph irregularities, or an authority’s request directly determine the applicable inspection, reporting, and record-retention duties.",,completed,36,False,1,36,36,False,False,lookup,,0.73,completed,37,True,0,37,37,False,False,False,36,36,completed
eurlex,http://data.europa.eu/eli/reg/2011/492/art_17/oj,32011R0492,32011R0492,Regulation (EU) No 492/2011 of the European Parliament and of the Council of 5 April 2011 on freedom of movement for workers within the Union (codification) (Text with EEA relevance),False,no_refs,"1. On the basis of a report from the Commission drawn up from information supplied by the Member States, the latter and the Commission shall at least once a year analyse jointly the results of Union arrangements regarding vacancies and applications.

2. The Member States shall examine with the Commission all the possibilities of giving priority to nationals of Member States when filling employment vacancies in order to achieve a balance between vacancies and applications for employment within the Union. They shall adopt all measures necessary for this purpose.

3. Every 2 years the Commission shall submit a report to the European Parliament, the Council and the European Economic and Social Committee on the implementation of Chapter II, summarising the information required and the data obtained from the studies and research carried out and highlighting any useful points with regard to developments on the Union’s labour market.",True,36,lookup,36,36,36,completed,,,,,,,lookup,"The article primarily sets out recurring analysis, reporting, and Member State cooperation obligations within the Union labour-market regime, making direct legal lookup more natural than a concrete case.",,completed,36,True,0,36,36,False,False,lookup,,0.77,completed,36,True,0,36,36,False,False,True,,,no_candidates
eurlex,http://data.europa.eu/eli/dir/2005/86/art_2/oj,32005L0086,32005L0086,Commission Directive 2005/86/EC of 5 December 2005 amending Annex I to Directive 2002/32/EC of the European Parliament and of the Council on undesirable substances in animal feed as regards camphechlor (Text with EEA relevance),False,no_refs,"1. Member States shall bring into force the laws, regulations and administrative provisions necessary to comply with this Directive 12 months after the entry into force at the latest. They shall forthwith communicate to the Commission the text of those provisions and a correlation table between those provisions and this Directive.When Member States adopt those provisions, they shall contain a reference to this Directive or be accompanied by such a reference on the occasion of their official publication. Member States shall determine how such reference is to be made.

2. Member States shall communicate to the Commission the texts of the provisions of national law which they adopt in the field covered by this Directive.",True,,,,,,no_candidates,,,,,,,skip,"This article is solely a transposition and notification clause, which is boilerplate rather than a substantive client-facing rule.",,completed,,,,0,0,False,False,skip,,0.86,completed,,,,0,0,False,False,True,,,no_candidates
eurlex,http://data.europa.eu/eli/reg/2012/966/art_56/oj,32012R0966,32012R0966,"Regulation (EU, Euratom ) No 966/2012 of the European Parliament and of the Council of 25 October 2012 on the financial rules applicable to the general budget of the Union and repealing Council Regulation (EC, Euratom) No 1605/2002",False,no_refs,"Delegation of budget implementation powers

1. The Commission and each of the other institutions may, within their departments, delegate their powers of budget implementation in accordance with the conditions laid down in this Regulation and by their internal rules and within the limits which they lay down in the instrument of delegation. Those so empowered shall act within the limits of the powers expressly conferred upon them.

2. However, the Commission may delegate its powers of budget implementation concerning the operational appropriations of its own section to the Heads of Union Delegations. It shall, at the same time, inform the High Representative thereof. When Heads of Union Delegations act as subdelegated authorising officers of the Commission, they shall apply the Commission rules for the implementation of the budget and shall be subject to the same duties, obligations and accountability as any other subdelegated authorising officer of the Commission.The Commission may withdraw the delegation in accordance with its own rules.For the purposes of the first subparagraph, the High Representative shall take the measures necessary to facilitate cooperation between Union Delegations and Commission departments.",True,37,lookup,37,37,37,completed,,,,,,,fact_pattern,"Concrete cases involving an EU institution or Union Delegation, a delegated budget power, and the limits or conditions in the delegation instrument can be directly resolved under this article.",,completed,,False,,0,0,True,False,lookup,,0.93,completed,37,True,0,37,37,False,False,False,,,no_candidates
eurlex,http://data.europa.eu/eli/dir/2007/68/art_2/oj,32007L0068,32007L0068,Commission Directive 2007/68/EC of 27 November 2007 amending Annex IIIa to Directive 2000/13/EC of the European Parliament and of the Council as regards certain food ingredients (Text with EEA relevance),False,no_refs,"1. Member States shall bring into force the laws, regulations and administrative provisions necessary to comply with this Directive by 31 May 2008 at the latest. They shall forthwith communicate to the Commission the text of those provisions and a correlation table between those provisions and this Directive.When Member States adopt those provisions, they shall contain a reference to this Directive or be accompanied by such a reference on the occasion of their official publication. Member States shall determine how such reference is to be made.

2. Member States shall communicate to the Commission the text of the main provisions of national law which they adopt in the field covered by this Directive.",True,,,,,,no_candidates,,,,,,,skip,"This article is solely a directive transposition and notification clause, which is boilerplate rather than a substantive client-facing rule.",,completed,,,,0,0,False,False,skip,,0.89,completed,,,,0,0,False,False,True,,,no_candidates
eurlex,http://data.europa.eu/eli/dir_impl/2011/54/art_3/oj,32011L0054,32011L0054,Commission Implementing Directive 2011/54/EU of 20 April 2011 amending Council Directive 91/414/EEC to include metaldehyde as active substance and amending Commission Decision 2008/934/EC (Text with EEA relevance),False,no_refs,"Member States shall adopt and publish by 30 November 2011 at the latest the laws, regulations and administrative provisions necessary to comply with this Directive. They shall forthwith communicate to the Commission the text of those provisions and a correlation table between those provisions and this Directive.They shall apply those provisions from 1 December 2011.When Member States adopt those provisions, they shall contain a reference to this Directive or be accompanied by such a reference on the occasion of their official publication. Member States shall determine how such reference is to be made.",True,,,,,,no_candidates,,,,,,,skip,"This article is solely a transposition, communication, application, and publication clause, so it contains no substantive rule suitable for question generation.",,completed,,,,0,0,False,False,skip,,0.94,completed,,,,0,0,False,False,True,,,no_candidates
eurlex,http://data.europa.eu/eli/dir/2004/66/art_2/oj,32004L0066,32004L0066,"Council Directive 2004/66/EC of 26 April 2004 adapting Directives 1999/45/EC, 2002/83/EC, 2003/37/EC and 2003/59/EC of the European Parliament and of the Council and Council Directives 77/388/EEC, 91/414/EEC, 96/26/EC, 2003/48/EC and 2003/49/EC, in the fields of free movement of goods, freedom to provide services, agriculture, transport policy and taxation, by reason of the accession of the Czech Republic, Estonia, Cyprus, Latvia, Lithuania, Hungary, Malta, Poland, Slovenia and Slovakia",False,no_refs,"Member States shall bring into force the laws, regulations and administrative provisions necessary to comply with this Directive by the date of entry into force of the Treaty of Accession. As regards the provisions of this Directive adapting Directive 91/414/EC as amended, as well as Directives 2002/83/EC, 2003/37/EC and 2003/59/EC, the date of transposition shall be that laid down therein. Member States shall forthwith submit the text of the provisions transposing this Directive to the Commission, with a table setting out their correlation with the specific provisions of this Directive.When Member States adopt those provisions, they shall contain a reference to this Directive or be accompanied by such a reference on the occasion of their official publication. The methods of making such reference shall be laid down by Member States.",True,,,,,,no_candidates,,,,,,,skip,"This article is solely a transposition, notification, and reference clause, without a substantive client-facing legal rule.",,completed,,,,0,0,False,False,skip,,0.89,completed,,,,0,0,False,False,True,,,no_candidates
eurlex,http://data.europa.eu/eli/reg/2008/1165/art_16/oj,32008R1165,32008R1165,"Regulation (EC) No 1165/2008 of the European Parliament and of the Council of 19 November 2008 concerning livestock and meat statistics and repealing Council Directives 93/23/EEC, 93/24/EEC and 93/25/EEC (Text with EEA relevance)",False,no_refs,"Transmission deadlines

Member States shall transmit to the Commission the meat production forecasts:

(a)
before 15 February for forecasts for bovine animals from the beginning of the first semester of the current year to the end of the first semester of the following year, and before 15 September for forecasts from the beginning of the second semester of the current year to the end of the second semester of the following year for Member States that produce forecasts twice a year;

(b)
before 15 February for forecasts for bovine animals from the beginning of the first semester of the current year to the end of the second semester of the following year for Member States that produce forecasts once a year;

(c)
before 15 February for forecasts for pigs from the beginning of the first quarter to the end of the fourth quarter of the current year, and before 15 September for forecasts from the beginning of the third quarter of the current year to the end of the second quarter of the following year for Member States that produce forecasts twice a year;

(d)
before 15 February for forecasts for pigs from the beginning of the first quarter of the current year to the end of the second quarter of the following year for Member States that produce forecasts once a year;

(e)
before 15 February for forecasts for sheep and goats from the beginning of the first semester of the current year to the end of the second semester of the current year.",True,36,lookup,36,36,36,completed,,,,,,,fact_pattern,"A national statistics authority’s reporting frequency, livestock category, and forecast period form a concrete case that determines the applicable transmission deadline.",,completed,32,False,4,32,32,False,False,lookup,,0.88,completed,36,True,0,36,36,False,False,False,32,32,completed
eurlex,http://data.europa.eu/eli/reg_impl/2011/1008/art_1/oj,32011R1008,32011R1008,"Council Implementing Regulation (EU) No 1008/2011 of 10 October 2011 imposing a definitive anti-dumping duty on imports of hand pallet trucks and their essential parts originating in the People’s Republic of China as extended to imports of hand pallet trucks and their essential parts consigned from Thailand, whether declared as originating in Thailand or not, following an expiry review pursuant to Article 11(2) of Regulation (EC) No 1225/2009",False,no_refs,"1. A definitive anti-dumping duty is hereby imposed on imports of hand pallet trucks and their essential parts, i.e. chassis and hydraulics, currently falling within CN codes ex84279000 (TARIC codes 8427900011 and 8427900019) and ex84312000 (TARIC codes 8431200011 and 8431200019), originating in the People’s Republic of China. For the purpose of this Regulation, hand pallet trucks shall be trucks with wheels supporting lifting fork arms for handling pallets, designed to be manually pushed, pulled and steered, on smooth, level, hard surfaces, by a pedestrian operator using an articulated tiller. The hand pallet trucks are only designed to raise a load, by pumping the tiller, to a height sufficient for transporting and do not have any other additional functions or uses such as for example (i) to move and to lift the loads in order to place them higher or assist in storage of loads (highlifters); (ii) to stack one pallet above the other (stackers); (iii) to lift the load to a working level (scissorlifts); or (iv) to lift and to weigh the loads (weighing trucks).

2. The rate of the definitive anti-dumping duty applicable to the net free-at-Union-frontier price, before duty, for the products described in paragraph 1 and produced by the companies listed below shall be as follows:
Company
Rate of duty

(%)
TARIC additional codeNingbo Liftstar Material Transport Equipment Factory, Zhouyi Village, Zhanqi Town, Yin Zhou District, Ningbo City, Zhejiang Province, 315144, PRC32,2A600Ningbo Ruyi Joint Stock Co. Ltd, 656 North Taoyuan Road, Ninghai, Zhejiang Province, 315600, PRC28,5A601Ningbo Tailong Machinery Co. Ltd, Economic Developing Zone, Ninghai, Ningbo City, Zhejiang Province, 315600, PRC39,9A602Zhejiang Noblelift Equipment Joint Stock Co. Ltd, 58, Jing Yi Road, Economy Development Zone, Changxin, Zhejiang Province, 313100, PRC7,6A603All other companies46,7A999
3. The definitive anti-dumping duty applicable to ‘all other companies’, as set out in paragraph 2, is hereby extended to imports of hand pallet trucks and their essential parts, i.e. chassis and hydraulics, as further defined in paragraph 1, currently falling within CN codes ex84279000 and ex84312000 (TARIC codes 8427900011 and 8431200011) and consigned from Thailand, whether declared as originating in Thailand or not.

4. Unless otherwise specified, the provisions in force concerning customs duties shall apply.",True,33,lookup,33,33,33,completed,,,,,,,fact_pattern,"Concrete import details such as the product’s features, Chinese origin or Thai consignment, exporting company, and customs value directly determine whether the anti-dumping duty applies and at what rate.",,completed,32,False,1,32,32,False,False,lookup,,0.39,completed,33,True,0,33,33,False,False,False,32,32,completed
eurlex,http://data.europa.eu/eli/dir/2015/566/art_9/oj,32015L0566,32015L0566,Commission Directive (EU) 2015/566 of 8 April 2015 implementing Directive 2004/23/EC as regards the procedures for verifying the equivalent standards of quality and safety of imported tissues and cells (Text with EEA relevance),False,no_refs,"Transposition

1. Member States shall adopt and publish the laws, regulations and administrative provisions necessary to comply with this Directive by 29 October 2016 at the latest. They shall forthwith communicate to the Commission the text of those provisions.They shall apply those provisions from 29 April 2017.When Member States adopt those provisions, they shall contain a reference to this Directive or be accompanied by such a reference on the occasion of their official publication. Member States shall determine how such reference is to be made.

2. Member States shall communicate to the Commission the text of the main provisions of national law which they adopt in the field covered by this Directive.",True,,,,,,no_candidates,,,,,,,skip,"This article is solely a transposition and communication clause, so it does not present a substantive client-facing rule suitable for either mode.",,completed,,,,0,0,False,False,skip,,0.95,completed,,,,0,0,False,False,True,,,no_candidates
eurlex,http://data.europa.eu/eli/reg/2009/193/art_1/oj,32009R0193,32009R0193,Commission Regulation (EC) No 193/2009 of 11 March 2009 imposing a provisional anti-dumping duty on imports of biodiesel originating in the United States of America,False,no_refs,"1. A provisional anti-dumping duty is hereby imposed on imports of fatty-acid mono-alkyl esters and/or paraffinic gasoil obtained from synthesis and/or hydro-treatment, of non-fossil origin, commonly known as ‘biodiesel’, in pure form or in a blend containing by weight more than 20 % of fatty-acid mono-alkyl esters and/or paraffinic gasoil obtained from synthesis and/or hydro-treatment, of non-fossil origin, falling within CN codes ex15162098 (TARIC code 1516209820), ex15180091 (TARIC code 1518009120), ex15180099 (TARIC code 1518009920), ex27101941 (TARIC code 2710194120), 38249091, ex38249097 (TARIC code 3824909787), and originating in the United States of America.

2. The rate of the provisional anti-dumping duty applicable to the products described in paragraph 1 and manufactured by the companies below shall be:
CompanyAD duty rate Euro per tonne netTARIC additional codeArcher Daniels Midland Company, Decatur23,6A933Cargill Inc., Wayzata60,5A934Green Earth Fuels of Houston LLC, Houston70,6A935Imperium Renewables Inc., Seattle76,5A936Peter Cremer North America LP, Cincinnati208,2A937World Energy Alternatives LLC, Boston82,7A939Companies listed in the Annex122,9see AnnexAll other companies182,4A999The anti-dumping duty on blends shall be applicable in proportion in the blend, by weight, of the total content of fatty-acid mono-alkyl esters and of paraffinic gasoils obtained from synthesis and/or hydro-treatment, of non-fossil origin (biodiesel content).
3. The release for free circulation in the Community of the product referred to in paragraph 1 shall be subject to the provision of a security, equivalent to the amount of the provisional duty.

4. Unless otherwise specified, the provisions in force concerning customs duties shall apply.",True,36,lookup,36,36,36,completed,,,,,,,fact_pattern,"Concrete import details such as the product composition, US origin, manufacturer, tariff classification, and release for free circulation determine whether the provisional duty, applicable rate, and security requirement apply.",,completed,33,False,3,33,33,False,False,lookup,,0.55,completed,36,True,0,36,36,False,False,False,33,33,completed
eurlex,http://data.europa.eu/eli/reg_impl/2011/452/art_1/oj,32011R0452,32011R0452,Council Implementing Regulation (EU) No 452/2011 of 6 May 2011 imposing a definitive anti-subsidy duty on imports of coated fine paper originating in the People's Republic of China,False,no_refs,"1. A definitive countervailing duty is hereby imposed on coated fine paper, which is paper or paperboard coated on one or both sides (excluding kraft paper or kraft paperboard), in either sheets or rolls, and with a weight of 70 g/m2 or more but not exceeding 400 g/m2 and brightness of more than 84 (measured according to ISO 2470-1), currently falling within CN codes ex48101320, ex48101380, ex48101420, ex48101480, ex48101910, ex48101990, ex48102210, ex48102290, ex48102930, ex48102980, ex48109910, ex48109930 and ex48109990 (TARIC codes 4810132020, 4810138020, 4810142020, 4810148020, 4810191020, 4810199020, 4810221020, 4810229020, 4810293020, 4810298020, 4810991020, 4810993020 and 4810999020) and originating in the People's Republic of China.The definitive countervailing duty does not concern rolls suitable for use in web-fed presses. Rolls suitable for use in web-fed presses are defined as those rolls which, if tested according to the ISO test standard ISO 3783:2006 concerning the determination of resistance to picking – accelerated speed method using the IGT tester (electric model), give a result of less than 30 N/m when measuring in the cross-direction of the paper (CD) and a result of less than 50 N/m when measuring in the machine direction (MD). The definitive countervailing duty does also not concern multi-ply paper and multi-ply paperboard.

2. The rate of the definitive countervailing duty applicable to the net, free-at-Union-frontier price, before duty, of the products described in paragraph 1 and manufactured by the companies listed below shall be as follows:
CompanyCountervailing duty rateTARIC additional codeGold East Paper (Jiangsu) Co., Ltd, Zhenjiang City, Jiangsu Province, PRC; Gold Huasheng Paper (Suzhou Industrial Park) Co., Ltd, Suzhou City, Jiangsu Province, PRC12 %B001Shangdong Chenming Paper Holdings Limited, Shouguang City, Shandong Province, PRC; Shouguang Chenming Art Paper Co., Ltd, Shouguang City, Shandong Province, PRC4 %B013All other companies12 %B999
3. Unless otherwise specified, the provisions in force concerning customs duties shall apply.",True,39,lookup,39,39,39,completed,,,,,,,fact_pattern,"Concrete import details such as the paper’s characteristics, Chinese origin, manufacturer, format, and customs value directly determine whether the countervailing duty applies and at what rate.",,completed,33,False,6,33,33,False,False,lookup,,0.41,completed,39,True,0,39,39,False,False,False,33,33,completed
eurlex,http://data.europa.eu/eli/reg/2014/912/art_8/oj,32014R0912,32014R0912,Regulation (EU) No 912/2014 of the European Parliament and of the Council of 23 July 2014 establishing a framework for managing financial responsibility linked to investor-to-state dispute settlement tribunals established by international agreements to which the European Union is party,False,no_refs,"Notice of intention to initiate arbitration proceedings

1. Where the Commission receives notice by which a claimant states its intention to initiate arbitration proceedings, in accordance with an agreement, it shall immediately notify the Member State concerned. When a claimant states its intention to initiate arbitration proceedings against the Union or a Member State, the Commission shall inform the European Parliament and the Council, within 15 working days of receiving the notice, of the name of the claimant, the provisions of the agreement alleged to have been breached, the economic sector involved, the treatment alleged to be in breach of the agreement and the amount of damages claimed.

2. Where a Member State receives notice by which a claimant states its intention to initiate arbitration proceedings, it shall immediately notify the Commission.

3. The Commission shall inform the European Parliament and the Council of any such notices of intention to initiate arbitration proceedings.",True,37,lookup,37,37,37,completed,,,,,,,fact_pattern,"A concrete arbitration-notice scenario involving a claimant, the Commission, and a Member State can meaningfully test the immediate notification duties and the 15-working-day reporting requirement.",,completed,36,False,1,36,36,False,False,lookup,,0.7,completed,37,True,0,37,37,False,False,False,36,36,completed
eurlex,http://data.europa.eu/eli/dir/2014/50/art_5/oj,32014L0050,32014L0050,Directive 2014/50/EU of the European Parliament and of the Council of 16 April 2014 on minimum requirements for enhancing worker mobility between Member States by improving the acquisition and preservation of supplementary pension rights (Text with EEA relevance),False,no_refs,"Preservation of dormant pension rights

1. Subject to paragraphs 3 and 4, Member States shall adopt the measures necessary to ensure that the vested pension rights of outgoing workers can remain in the supplementary pension scheme in which they vested. The initial value of those rights for the purposes of paragraph 2 shall be calculated at the moment in time when an outgoing worker's current employment relationship terminates.

2. Member States shall, having regard to the nature of the pension scheme rules and practice, adopt the measures necessary to ensure that outgoing workers' and their survivors' dormant pension rights or their values are treated in line with the value of the rights of active scheme members or the development of pension benefits currently in payment, or are treated in other ways which are considered as fair, such as:

(a)
where the pension rights in the supplementary pension scheme are acquired as an entitlement to a nominal sum, by safeguarding the nominal value of the dormant pension rights;

(b)
where the value of accrued pensions rights changes over time, by adjusting the value of the dormant pension rights by applying:

(i)
a rate of interest built into the supplementary pension scheme; or

(ii)
the return on investments derived by the supplementary pension scheme;

or

(c)
where the value of the accrued pension rights is adjusted, for instance, in accordance with the inflation rate or salary levels, by adjusting the value of the dormant pension rights accordingly subject to any proportionate limit set by national law or agreed by the social partners.

3. Member States may allow supplementary pension schemes not to retain the vested rights of an outgoing worker but to pay, with the worker's informed consent, including as regards applicable charges, a capital sum equivalent to the value of the vested pension rights to the outgoing worker, as long as the value of the vested pension rights does not exceed a threshold established by the Member State concerned. The Member State shall inform the Commission of the threshold applied.

4. Member States shall have the option of allowing the social partners to lay down different provisions by collective agreement, to the extent that those provisions provide no less favourable protection and do not create obstacles to the freedom of movement for workers.",True,35,lookup,35,35,35,completed,,,,,,,fact_pattern,"Concrete cases involving an outgoing worker, a supplementary pension scheme, vested rights, and possible payment or adjustment conditions are directly governed by the article.",,completed,33,False,2,33,33,False,False,lookup,,0.5,completed,35,True,0,35,35,False,False,False,33,33,completed
eurlex,http://data.europa.eu/eli/dir/2014/59/art_77/oj,32014L0059,32014L0059,"Directive 2014/59/EU of the European Parliament and of the Council of 15 May 2014 establishing a framework for the recovery and resolution of credit institutions and investment firms and amending Council Directive 82/891/EEC, and Directives 2001/24/EC, 2002/47/EC, 2004/25/EC, 2005/56/EC, 2007/36/EC, 2011/35/EU, 2012/30/EU and 2013/36/EU, and Regulations (EU) No 1093/2010 and (EU) No 648/2012, of the European Parliament and of the Council (Text with EEA relevance)",False,no_refs,"Protection for financial collateral, set off and netting agreements

1. Member States shall ensure that there is appropriate protection for title transfer financial collateral arrangements and set-off and netting arrangements so as to prevent the transfer of some, but not all, of the rights and liabilities that are protected under a title transfer financial collateral arrangement, a set-off arrangement or a netting arrangement between the institution under resolution and another person and the modification or termination of rights and liabilities that are protected under such a title transfer financial collateral arrangement, a set-off arrangement or a netting arrangement through the use of ancillary powers.For the purposes of the first subparagraph, rights and liabilities are to be treated as protected under such an arrangement if the parties to the arrangement are entitled to set-off or net those rights and liabilities.

2. Notwithstanding paragraph 1, where necessary in order to ensure availability of the covered deposits the resolution authority may:

(a)
transfer covered deposits which are part of any of the arrangements mentioned in paragraph 1 without transferring other assets, rights or liabilities that are part of the same arrangement; and

(b)
transfer, modify or terminate those assets, rights or liabilities without transferring the covered deposits.",True,34,lookup,34,34,34,completed,,,,,,,fact_pattern,"A concrete resolution scenario involving a financial-collateral, set-off or netting arrangement and covered deposits can meaningfully test the protections and exceptions governing the resolution authority’s transfer, modification or termination powers.",,completed,32,False,2,32,32,False,False,lookup,,0.45,completed,34,True,0,34,34,False,False,False,32,32,completed
eurlex,http://data.europa.eu/eli/reg_impl/2011/1333/art_11/oj,32011R1333,32011R1333,"Commission Implementing Regulation (EU) No 1333/2011 of 19 December 2011 laying down marketing standards for bananas, rules on the verification of compliance with those marketing standards and requirements for notifications in the banana sector (codification)",False,no_refs,"1. Member States shall notify the Commission in respect of each reporting period of the following:

(a)
the quantity of bananas produced in the Union which are marketed:

(i)
in their region of production;

(ii)
outside their region of production;

(b)
the average selling prices on local markets of green bananas produced in the Union which are marketed in their region of production;

(c)
the average selling prices for green bananas at the stage of delivery at first port of unloading (goods not unloaded) in respect of bananas produced in the Union which are marketed in the Union outside their region of production;

(d)
forecasts of the data referred to in points (a), (b) and (c) for the two subsequent reporting periods.

2. The regions of production shall be:

(a)
the Canary Islands;

(b)
Guadeloupe;

(c)
Martinique;

(d)
Madeira, the Azores and the Algarve;

(e)
Crete and Lakonia;

(f)
Cyprus.

3. The reporting periods for a calendar year shall be:

(a)
January to April inclusive;

(b)
May to August inclusive;

(c)
September to December inclusive.

The notifications for each reporting period shall be made at the latest by the fifteenth day of the second month following the reporting period.
4. The notifications referred to in this Chapter shall be made in accordance with Commission Regulation (EC) No 792/2009.",True,37,lookup,37,37,37,completed,,,,,,,fact_pattern,A Member State reporting specified banana quantities and prices for a particular production region and reporting period creates a concrete compliance case governed by the article’s notification content and deadline.,,completed,29,False,8,29,29,False,False,lookup,,0.9,completed,37,True,0,37,37,False,False,False,29,29,completed
eurlex,http://data.europa.eu/eli/reg_impl/2012/282/art_1/oj,32012R0282,32012R0282,Commission Implementing Regulation (EU) No 282/2012 of 28 March 2012 laying down common detailed rules for the application of the system of securities for agricultural products (codification),False,no_refs,"This Regulation lays down the rules governing securities to be provided, either under the following regulations or under any regulations adopted pursuant to those regulations, unless other rules are laid down by those regulations:

(a)
regulations laying down the common organisation of markets in certain agricultural products:

Regulation (EC) No 104/2000 (fishery and aquaculture products),

Regulation (EC) No 1234/2007 (Single CMO Regulation);

(b)
Regulation (EC) No 73/2009 (direct support schemes);

(c)
Regulation (EC) No 1216/2009 (trade arrangements applicable to certain goods resulting from the processing of agricultural products).",True,34,lookup,34,34,34,completed,,,,,,,fact_pattern,"A concrete agricultural operator or trader providing a security under a specified support, market, or processed-goods trade scheme can meaningfully raise whether this Regulation’s common security rules apply.",,completed,32,False,2,32,0,False,False,lookup,,0.86,completed,34,True,0,34,34,False,False,False,32,,completed
eurlex,http://data.europa.eu/eli/reg_impl/2012/1081/art_10/oj,32012R1081,32012R1081,Commission Implementing Regulation (EU) No 1081/2012 of 9 November 2012 for the purposes of Council Regulation (EC) No 116/2009 on the export of cultural goods (codification),False,no_refs,"1. Specific open licences may be issued for a specific cultural good which is liable to be temporarily exported from the Union on a regular basis for use and/or exhibition in a third country. The cultural good must be owned by, or be in the legitimate possession of, the particular person or organisation that uses and/or exhibits the good.

2. A licence may only be issued provided the authorities are convinced that the person or organisation concerned offers all the guarantees considered necessary for the good to be returned in good condition to the Union and that the good can be so described or marked that there will be no doubt at the moment of temporary export that the good being exported is that described in the specific open licence.

3. A licence may not be valid for a period that exceeds five years.",True,36,lookup,36,36,36,completed,,,,,,,fact_pattern,"A concrete case involving an organisation, a cultural good regularly exhibited outside the Union, return guarantees, identification markings, and a proposed licence duration directly tests the article’s conditions for a specific open licence.",,completed,35,False,1,35,35,False,False,lookup,,0.46,completed,36,True,0,36,36,False,False,False,35,35,completed
eurlex,http://data.europa.eu/eli/reg/2006/1906/art_50/oj,32006R1906,32006R1906,"Regulation (EC) No 1906/2006 of the European Parliament and of the Council of 18 December 2006 laying down the rules for the participation of undertakings, research centres and universities in actions under the Seventh Framework Programme and for the dissemination of research results (2007-2013) (Text with EEA relevance)",False,no_refs,"Access rights for use

1. Participants in the same indirect action shall enjoy access rights to foreground, if it is needed to use their own foreground.Subject to agreement, such access rights shall be granted either under fair and reasonable conditions or be royalty-free.

2. Participants in the same indirect action shall enjoy access rights to background, if it is needed to use their own foreground provided that the participant concerned is entitled to grant them.Subject to agreement, such access rights shall be granted either under fair and reasonable conditions or be royalty-free.

3. An affiliated entity established in a Member State or associated country shall also have access rights, referred to in paragraphs 1 and 2, to foreground or background under the same conditions as the participant to which it is affiliated, unless otherwise provided for in the grant agreement or consortium agreement.

4. A request for access rights under paragraphs 1, 2 and 3 may be made up to one year after either of the following events:

(a)
the end of the indirect action;

(b)
termination of participation by the owner of the background or foreground concerned.

However, the participants concerned may agree on a different time-limit.
5. Subject to the agreement of all the owners concerned, access rights to foreground shall be granted to a RTD performer, on fair and reasonable conditions to be agreed, for the purposes of pursuing further research activities.

6. RTD performers shall grant access on a royalty-free basis, or on fair and reasonable conditions to be agreed prior to the signing of the grant agreement, to background needed to use the foreground generated in the indirect action.",True,35,lookup,35,35,35,completed,,,,,,,fact_pattern,"Concrete disputes between participants, affiliated entities, or RTD performers about needed foreground or background, access conditions, and the one-year request period are directly governed by the article.",,completed,34,False,1,34,34,False,False,lookup,,0.54,completed,35,True,0,35,35,False,False,False,34,34,completed
eurlex,http://data.europa.eu/eli/reg/2007/520/art_24/oj,32007R0520,32007R0520,Council Regulation (EC) No 520/2007 of 7 May 2007 laying down technical measures for the conservation of certain stocks of highly migratory species and repealing Regulation (EC) No 973/2001,False,no_refs,"Requests for DMLs

Member States shall send the Commission before 15 September each year:

(a)
a list of vessels flying their flag with a load capacity greater than 363 metric tonnes (400 net tonnes) which have applied for a DML for the whole of the following year;

(b)
a list of vessels flying their flag with a load capacity greater than 363 metric tonnes (400 net tonnes) which have applied for a DML for the first or second half of the following year;

(c)
for each vessel requesting a DML, a certificate stating that the vessel has all the proper gears and equipment to protect dolphins and that its captain has completed an approved training course on rescuing and releasing dolphins;

(d)
a list of vessels flying their flag which are likely to operate in the area in the course of the following year.",True,32,fact_pattern|lookup,30,32,30,completed,,,,,,,fact_pattern,A Member State compiling applications for dolphin-mortality limits for flagged vessels of specified capacities before the annual deadline presents concrete facts directly governed by the article’s reporting and certification requirements.,,completed,32,True,0,32,29,False,False,lookup,,0.8,completed,32,True,0,32,30,False,False,False,32,29,completed
eurlex,http://data.europa.eu/eli/dir/2005/9/art_2/oj,32005L0009,32005L0009,"Commission Directive 2005/9/EC of 28 January 2005 amending Council Directive 76/768/EEC, concerning cosmetic products, for the purposes of adapting Annex VII thereto to technical progress (Text with EEA relevance)",False,no_refs,"1. Member States shall bring into force the laws, regulations and administrative provisions necessary to comply with this Directive by 28 July 2005 at the latest. They shall forthwith communicate to the Commission the text of those provisions and a correlation table between those provisions and this Directive.When Member States adopt those provisions, they shall contain a reference to this Directive or be accompanied by such a reference on the occasion of their official publication. Member States shall determine how such reference is to be made.

2. Member States shall communicate to the Commission the text of the main provisions of the national law which they adopt in the field covered by this Directive.",True,,,,,,no_candidates,,,,,,,skip,"This article is solely a transposition, publication-reference, and notification clause, so it contains no substantive client-facing rule suitable for either mode.",,completed,,,,0,0,False,False,skip,,0.87,completed,,,,0,0,False,False,True,,,no_candidates
eurlex,http://data.europa.eu/eli/reg/2014/788/art_20/oj,32014R0788,32014R0788,Commission Regulation (EU) No 788/2014 of 18 July 2014 laying down detailed rules for the imposition of fines and periodic penalty payments and the withdrawal of recognition of ship inspection and survey organisations pursuant to Articles 6 and 7 of Regulation (EC) No 391/2009 of the European Parliament and of the Council (Text with EEA relevance),False,no_refs,"Judicial remedies, notification and publication

1. The Commission shall inform the recognised organisation concerned of the judicial remedies available to it.

2. The Commission shall notify its decision to the European Maritime Safety Agency and to the Member States for information.

3. When justified, in particular on grounds of safety or protection of the environment, the Commission may make its decision public. When publishing details of its decision or informing the Member States, the Commission shall have regard to the legitimate interests of the recognised organisation concerned and other interested persons.",True,35,lookup,35,35,35,completed,,,,,,,lookup,"The article sets out direct procedural duties and conditions governing remedies, notifications, and publication of Commission decisions, which are most naturally addressed through legal-point lookups.",,completed,35,True,0,35,35,False,False,lookup,,0.88,completed,35,True,0,35,35,False,False,True,34,34,completed
eurlex,http://data.europa.eu/eli/reg/2011/333/art_2/oj,32011R0333,32011R0333,Council Regulation (EU) No 333/2011 of 31 March 2011 establishing criteria determining when certain types of scrap metal cease to be waste under Directive 2008/98/EC of the European Parliament and of the Council,False,no_refs,"Definitions
For the purposes of this Regulation, the definitions set out in Directive 2008/98/EC shall apply.
In addition, the following definitions shall apply:

(a)
‘iron and steel scrap’ means scrap metal which consists mainly of iron and steel;

(b)
‘aluminium scrap’ means scrap metal which consists mainly of aluminium and aluminium alloy;

(c)
‘holder’ means the natural or legal person who is in possession of scrap metal;

(d)
‘producer’ means the holder who transfers scrap metal to another holder for the first time as scrap metal which has ceased to be waste;

(e)
‘importer’ means any natural or legal person established within the Union who introduces scrap metal which has ceased to be waste into the customs territory of the Union;

(f)
‘qualified staff’ means staff which is qualified by experience or training to monitor and assess the properties of scrap metal;

(g)
‘visual inspection’ means inspection of scrap metal covering all parts of a consignment and using human senses or any non-specialised equipment;

(h)
‘consignment’ means a batch of scrap metal which is intended for delivery from a producer to another holder and may be contained in either one or several transport units, such as containers.",True,34,lookup,34,34,34,completed,,,,,,,fact_pattern,"The article defines roles and operational terms that can be applied to concrete scrap-metal situations involving possession, transfer, Union import, inspection, staff qualifications, or consignments.",,completed,31,False,3,31,31,False,False,lookup,,0.94,completed,34,True,0,34,34,False,False,False,31,31,completed
eurlex,http://data.europa.eu/eli/dir/2014/65/art_36/oj,32014L0065,32014L0065,Directive 2014/65/EU of the European Parliament and of the Council of 15 May 2014 on markets in financial instruments and amending Directive 2002/92/EC and Directive 2011/61/EU (recast) (Text with EEA relevance),False,no_refs,"Access to regulated markets

1. Member States shall require that investment firms from other Member States which are authorised to execute client orders or to deal on own account have the right of membership or have access to regulated markets established in their territory by means of any of the following arrangements:

(a)
directly, by setting up branches in the host Member States;

(b)
by becoming remote members of or having remote access to the regulated market without having to be established in the home Member State of the regulated market, where the trading procedures and systems of the market in question do not require a physical presence for conclusion of transactions on the market.

2. Member States shall not impose any additional regulatory or administrative requirements, in respect of matters covered by this Directive, on investment firms exercising the right conferred by paragraph 1.",True,38,lookup,38,38,38,completed,,,,,,,fact_pattern,A cross-border investment firm seeking membership or remote access to a host Member State’s regulated market presents concrete facts that directly determine the access right and whether additional requirements may be imposed.,,completed,34,False,4,34,34,False,False,lookup,,0.47,completed,38,True,0,38,38,False,False,False,34,34,completed
eurlex,http://data.europa.eu/eli/reg_del/2013/811/art_1/oj,32013R0811,32013R0811,"Commission Delegated Regulation (EU) No 811/2013 of 18 February 2013 supplementing Directive 2010/30/EU of the European Parliament and of the Council with regard to the energy labelling of space heaters, combination heaters, packages of space heater, temperature control and solar device and packages of combination heater, temperature control and solar device (Text with EEA relevance)",False,no_refs,"Subject matter and scope

1. This Regulation establishes requirements for the energy labelling of, and the provision of supplementary product information on, space heaters and combination heaters with a rated heat output ≤ 70 kW, packages of space heater ≤ 70 kW, temperature control and solar device and packages of combination heater ≤ 70 kW, temperature control and solar device.

2. This Regulation shall not apply to:

(a)
heaters specifically designed for using gaseous or liquid fuels predominantly produced from biomass;

(b)
heaters using solid fuels;

(c)
heaters within the scope of Directive 2010/75/EU of the European Parliament and of the Council;

(d)
heaters generating heat only for the purpose of providing hot drinking or sanitary water;

(e)
heaters for heating and distributing gaseous heat transfer media such as vapour or air;

(f)
cogeneration space heaters with a maximum electrical capacity of 50 kW or above.",True,35,lookup,35,35,35,completed,,,,,,,fact_pattern,"The regulation’s coverage and exclusions can be applied to a concrete heater or package by considering particulars such as heat output, fuel type, function, and electrical capacity.",,completed,32,False,3,32,32,False,False,lookup,,0.6,completed,35,True,0,35,35,False,False,False,32,32,completed
eurlex,http://data.europa.eu/eli/reg/2009/1072/art_1/oj,32009R1072,32009R1072,Regulation (EC) No 1072/2009 of the European Parliament and of the Council of 21 October 2009 on common rules for access to the international road haulage market (recast) (Text with EEA relevance),False,no_refs,"Scope

1. This Regulation shall apply to the international carriage of goods by road for hire or reward for journeys carried out within the territory of the Community.

2. In the event of carriage from a Member State to a third country and vice versa, this Regulation shall apply to the part of the journey on the territory of any Member State crossed in transit. It shall not apply to that part of the journey on the territory of the Member State of loading or unloading, as long as the necessary agreement between the Community and the third country concerned has not been concluded.

3. Pending the conclusion of the agreements referred to in paragraph 2, this Regulation shall not affect:

(a)
provisions relating to the carriage from a Member State to a third country and vice versa included in bilateral agreements concluded by Member States with those third countries;

(b)
provisions relating to the carriage from a Member State to a third country and vice versa included in bilateral agreements concluded between Member States which, under either bilateral authorisations or liberalisation arrangements, allow loading and unloading in a Member State by hauliers not established in that Member State.

4. This Regulation shall apply to the national carriage of goods by road undertaken on a temporary basis by a non-resident haulier as provided for in Chapter III.

5. The following types of carriage and unladen journeys made in conjunction with such carriage shall not require a Community licence and shall be exempt from any carriage authorisation:

(a)
carriage of mail as a universal service;

(b)
carriage of vehicles which have suffered damage or breakdown;

(c)
carriage of goods in motor vehicles the permissible laden mass of which, including that of trailers, does not exceed 3,5 tonnes;

(d)
carriage of goods in motor vehicles provided the following conditions are fulfilled:

(i)
the goods carried are the property of the undertaking or have been sold, bought, let out on hire or hired, produced, extracted, processed or repaired by the undertaking;

(ii)
the purpose of the journey is to carry the goods to or from the undertaking or to move them, either inside or outside the undertaking for its own requirements;

(iii)
motor vehicles used for such carriage are driven by personnel employed by, or put at the disposal of, the undertaking under a contractual obligation;

(iv)
the vehicles carrying the goods are owned by the undertaking, have been bought by it on deferred terms or have been hired provided that in the latter case they meet the conditions of Directive 2006/1/EC of the European Parliament and of the Council of 18 January 2006 on the use of vehicles hired without drivers for the carriage of goods by road; and

(v)
such carriage is no more than ancillary to the overall activities of the undertaking;

(e)
carriage of medicinal products, appliances, equipment and other articles required for medical care in emergency relief, in particular for natural disasters.

Point (d)(iv) of the first subparagraph shall not apply to the use of a replacement vehicle during a short breakdown of the vehicle normally used.

6. The provisions of paragraph 5 shall not affect the conditions under which a Member State authorises its nationals to engage in the activities referred to in that paragraph.",True,32,fact_pattern|lookup,32,32,32,completed,,,,,,,fact_pattern,"The article directly determines coverage and exemptions for concrete haulage cases based on particulars such as journey route, carrier status, cargo, vehicle mass, and purpose.",,completed,32,True,0,32,32,False,False,lookup,,0.29,completed,32,True,0,32,32,False,False,False,32,32,completed
eurlex,http://data.europa.eu/eli/reg/2005/1572/art_4/oj,32005R1572,32005R1572,Commission Regulation (EC) No 1572/2005 of 28 September 2005 opening a standing invitation to tender for the resale on the Spanish market of rye held by the German intervention agency,False,no_refs,"1. The first partial invitation to tender shall expire at 15.00 (Brussels time) on 5 October 2005.The closing dates for the submission of tenders for subsequent partial invitations to tender shall be each Wednesday at 15.00 (Brussels time), with the exception of 2 November 2005, 28 December 2005, 12 April 2006, 24 May 2006 and 14 June 2006, there being no invitation to tender in the weeks concerned.The closing date for the submission of tenders for the last partial invitation to tender shall be 28 June 2006 at 15.00 (Brussels time).

2. Tenders must be lodged with the German intervention agency:

Bundesanstalt für Landwirtschaft und Ernährung (BLE)

Deichmannsaue 29

D-53179 Bonn

Fax 1: (49-228) 6845 3985

Fax 2: (49-228) 6845 3276
.",True,37,lookup,37,37,37,completed,,,,,,,fact_pattern,"A bidder’s submission date, tender round, and filing destination form a concrete case directly governed by the article’s deadlines and lodging requirements.",,completed,36,False,1,36,36,False,False,lookup,,0.88,completed,37,True,0,37,37,False,False,False,36,36,completed
eurlex,http://data.europa.eu/eli/reg/2013/1290/art_57/oj,32013R1290,32013R1290,"Regulation (EU) No 1290/2013 of the European Parliament and of the Council of 11 December 2013 laying down the rules for participation and dissemination in ""Horizon 2020 - the Framework Programme for Research and Innovation (2014-2020)"" and repealing Regulation (EC) No 1906/2006 (Text with EEA relevance)",False,no_refs,"Repeal and transitional provisions

1. Regulation (EC) No 1906/2006 is repealed with effect from 1 January 2014.

2. Without prejudice to paragraph 1, this Regulation shall not affect the continuation or modification, including the total or partial termination, of the actions concerned, until their closure, or until the award of financial assistance by the Commission or funding bodies under Decision No 1982/2006/EC or any other legislation applying to that assistance on 31 December 2013, which shall continue to apply to the actions concerned until their closure.

3. Any sums from the participant Guarantee Fund set up by Regulation (EC) No 1906/2006 as well as all its rights and obligations shall be transferred to the Fund as of 31 December 2013. The participants in actions under Decision No 1982/2006/EC signing grant agreements after 31 December 2013 shall make their contribution to the Fund.",True,35,fact_pattern|lookup,35,35,35,completed,,,,,,,fact_pattern,"Concrete post-2013 grant actions, their closure status, and participant contributions or Fund transfers are directly governed by the transitional rules in this article.",,completed,35,True,0,35,35,False,False,lookup,,0.64,completed,35,True,0,35,35,False,False,False,35,35,completed
eurlex,http://data.europa.eu/eli/reg/2013/1381/art_5/oj,32013R1381,32013R1381,"Regulation (EU) No 1381/2013 of the European Parliament and of the Council of 17 December 2013 establishing a Rights, Equality and Citizenship Programme for the period 2014 to 2020 (Text with EEA relevance)",False,no_refs,"Types of actions

1. The Programme shall finance inter alia the following types of actions:

(a)
analytical activities, such as the collection of data and statistics; the development of common methodologies and, where appropriate, indicators or benchmarks; studies, researches, analyses and surveys; evaluations; the elaboration and publication of guides, reports and educational material; workshops, seminars, experts' meetings and conferences;

(b)
training activities, such as staff exchanges, workshops, seminars, train-the-trainer events and the development of online training tools or other training modules;

(c)
mutual learning, cooperation, awareness-raising and dissemination activities, such as the identification of, and exchanges concerning, good practices, innovative approaches and experiences; the organisation of peer reviews and mutual learning; the organisation of conferences, seminars, media campaigns, including in the online media, information campaigns, including institutional communication on the political priorities of the Union as far as they relate to the objectives of the Programme; the compilation and publication of materials to disseminate information about the Programme and its results; the development, operation and maintenance of systems and tools using information and communication technologies;

(d)
support for main actors whose activities contribute to the implementation of the objectives of the Programme, such as support for NGOs in the implementation of actions with European added value, support for key European actors, European-level networks and harmonised services of social value; support for Member States in the implementation of Union law and policies; and support for networking activities at European level among specialised bodies and entities as well as national, regional and local authorities and NGOs, including support by way of action grants or operating grants.

2. In order to ensure an inclusive perspective, beneficiaries shall encourage the participation of relevant target groups in actions financed by the Programme.",True,34,lookup,34,34,34,completed,,,,,,,fact_pattern,"A concrete Programme-funded project involving specified analytical, training, cooperation, or support activities and participation by relevant target groups can be assessed directly under the article.",,completed,31,False,3,31,31,False,False,lookup,,0.88,completed,34,True,0,34,34,False,False,False,31,31,completed
eurlex,http://data.europa.eu/eli/reg/2007/1386/art_55/oj,32007R1386,32007R1386,Council Regulation (EC) No 1386/2007 of 22 October 2007 laying down conservation and enforcement measures applicable in the Regulatory Area of the Northwest Atlantic Fisheries Organisation,False,one_ref,"Inspection in port following a re-routing

1. On arrival in the designated port, the vessel suspected of having committed a serious infringement shall undergo a thorough inspection under the authority of its flag Member State and in the presence of an inspector from any other Contracting Party which wishes to participate. The port inspection report in Annex XII shall be used.

2. The flag Member State shall inform the Commission promptly of the outcome of the thorough inspection and of the measures it has adopted as a result of the infringement, including measures taken to prevent a repetition of the infringement.",True,31,lookup,30,31,,completed,,,,,,,fact_pattern,"A vessel suspected of a serious infringement arriving at a designated port after re-routing presents concrete facts that determine the required thorough inspection, participation, reporting, and notification duties.",,completed,30,False,1,30,30,False,False,lookup,,0.68,completed,31,True,0,31,0,False,False,False,30,30,completed
eurlex,http://data.europa.eu/eli/reg/2009/436/art_36/oj,32009R0436,32009R0436,"Commission Regulation (EC) No 436/2009 of 26 May 2009 laying down detailed rules for the application of Council Regulation (EC) No 479/2008 as regards the vineyard register, compulsory declarations and the gathering of information to monitor the wine market, the documents accompanying consignments of wine products and the wine sector registers to be kept",False,one_ref,"Purpose

1. Natural or legal persons and groups of persons who hold wine products, for whatever professional or commercial purposes, shall be required to keep entry and withdrawal registers for those products, hereinafter called ‘registers’.

2. Member States may require traders who do not hold stocks to keep registers in accordance with the rules and procedures they shall specify.

3. Persons required to keep registers shall record the entry and withdrawal of each batch of products as referred to in paragraph 1 to or from their premises, and such of the operations specified in Article 41(1) as are carried out on their premises. Those persons must also be able to present, for each annotation in the entry and withdrawal registers of products, a document which has accompanied the relevant consignment or any other supporting document, in particular a commercial document.",True,34,fact_pattern,34,33,33,completed,,,,,,,fact_pattern,"Concrete cases involving wine-product holders, their professional or commercial purpose, stock status, and consignments directly determine the register-keeping and supporting-document obligations.",,completed,34,True,0,34,34,False,False,lookup,,0.7,completed,33,False,1,33,33,False,False,False,34,34,completed
eurlex,http://data.europa.eu/eli/dir/2006/112/art_111/oj,32006L0112,32006L0112,Council Directive 2006/112/EC of 28 November 2006 on the common system of value added tax,False,one_ref,"Subject to the conditions laid down in the second paragraph of Article 110, exemptions with deductibility of the VAT paid at the preceding stage may continue to be granted in the following cases:

(a)
by Finland in respect of the supply of newspapers and periodicals sold by subscription and the printing of publications distributed to the members of corporations for the public good;

(b)
by Sweden in respect of the supply of newspapers, including radio and cassette newspapers for the visually impaired, pharmaceutical products supplied to hospitals or on prescription, and the production of, or other related services concerning, periodicals of non-profit-making organisations.",True,36,lookup,36,36,36,completed,,,,,,,fact_pattern,"Country-specific supplies of newspapers, pharmaceutical products, and periodical-related services can be presented as concrete transactions whose facts determine whether the special VAT exemption applies.",,completed,29,False,7,29,29,False,False,lookup,,0.53,completed,36,True,0,36,36,False,False,False,29,29,completed
eurlex,http://data.europa.eu/eli/reg_del/2013/231/art_43/oj,32013R0231,32013R0231,"Commission Delegated Regulation (EU) No 231/2013 of 19 December 2012 supplementing Directive 2011/61/EU of the European Parliament and of the Council with regard to exemptions, general operating conditions, depositaries, leverage, transparency and supervision (Text with EEA relevance)",False,one_ref,"Safeguards against conflicts of interest

1. The safeguards against conflicts of interest referred to in Article 15(1) of Directive 2011/61/EU shall ensure, at least, that:

(a)
decisions taken by the risk management function are based on reliable data, which are subject to an appropriate degree of control by the risk management function;

(b)
the remuneration of those engaged in the performance of the risk management function reflects the achievement of the objectives linked to the risk management function, independently of the performance of the business areas in which they are engaged;

(c)
the risk management function is subject to an appropriate independent review to ensure that decisions are being arrived at independently;

(d)
the risk management function is represented in the governing body or the supervisory function, where it has been established, at least with the same authority as the portfolio management function;

(e)
any conflicting duties are properly segregated.

2. Where proportionate, taking into account the nature, scale and complexity of the AIFM, the safeguards referred to in paragraph 1 shall also ensure that:

(a)
the performance of the risk management function is reviewed regularly by the internal audit function, or, if the latter has not been established, by an external party appointed by the governing body;

(b)
where a risk committee has been established, it is appropriately resourced and its non-independent members do not have undue influence over the performance of the risk management function.

3. The governing body of the AIFM and, where it exists, the supervisory function shall establish the safeguards against conflicts of interest laid down in paragraphs 1 and 2, regularly review their effectiveness and take timely remedial action to address any deficiencies.",True,34,lookup,34,34,34,completed,,,,,,,fact_pattern,"The article directly governs concrete AIFM arrangements involving risk-function data, remuneration, oversight, representation, segregation, committees, and remedial action, so case particulars meaningfully determine compliance.",,completed,33,False,1,33,33,False,False,lookup,,0.89,completed,34,True,0,34,34,False,False,False,33,33,completed
eurlex,http://data.europa.eu/eli/reg/2006/1083/art_47/oj,32006R1083,32006R1083,"Council Regulation (EC) N o 1083/2006 of 11 July 2006 laying down general provisions on the European Regional Development Fund, the European Social Fund and the Cohesion Fund and repealing Regulation (EC) No 1260/1999",False,few_refs,"General provisions

1. Evaluations shall aim to improve the quality, effectiveness and consistency of the assistance from the Funds and the strategy and implementation of operational programmes with respect to the specific structural problems affecting the Member States and regions concerned, while taking account of the objective of sustainable development and of the relevant Community legislation concerning environmental impact and strategic environmental assessment.

2. Evaluations may be of a strategic nature in order to examine the evolution of a programme or group of programmes in relation to Community and national priorities, or of an operational nature in order to support the monitoring of an operational programme. Evaluations shall be carried out before, during and after the programming period.

3. Evaluations shall be carried out under the responsibility of the Member State or the Commission, as appropriate, in accordance with the principle of proportionality laid down in Article 13.Evaluations shall be carried out by experts or bodies, internal or external, functionally independent of the authorities referred to in Article 59(b) and (c). The results shall be published according to the applicable rules on access to documents.

4. Evaluations shall be financed from the budget for technical assistance.

5. The Commission shall provide indicative guidance on evaluation methods, including quality standards, in accordance with the procedure laid down in Article 103(2).",True,35,fact_pattern|lookup,35,35,35,completed,,,,,,,fact_pattern,"A concrete Member State or Commission evaluation of an operational programme can instantiate the timing, purpose, responsible authority, evaluator independence, publication, and funding requirements addressed by the article.",,completed,35,True,0,35,35,False,False,lookup,,0.91,completed,35,True,0,35,35,False,False,False,35,35,completed
eurlex,http://data.europa.eu/eli/reg_impl/2014/181/art_5/oj,32014R0181,32014R0181,Commission Implementing Regulation (EU) No 181/2014 of 20 February 2014 laying down rules for the application of Regulation (EU) No 229/2013 of the European Parliament and of the Council laying down specific measures for agriculture in favour of the smaller Aegean islands,False,few_refs,"Register of operators

1. In order to be eligible for entry in the register referred to in the second subparagraph of Article 11(1) of Regulation (EU) No 229/2013, operators shall undertake to:

(a)
communicate to the competent authorities, at their request, all relevant information about their commercial activities, particularly regarding the prices and profit margins they practise;

(b)
operate exclusively in their own name and on their own account;

(c)
submit certificate applications commensurate with their real capacity to dispose of the products concerned, such capacity being proven by reference to objective factors;

(d)
refrain from acting in any way likely to create artificial shortages of products and from marketing the available products at artificially low prices;

(e)
ensure to the satisfaction of the competent authorities that, when the agricultural products are disposed of in the smaller islands, the advantage is passed on to the end-user.

2. Operators intending to dispatch to the rest of the Union or export to third countries unprocessed, processed or packaged products under the conditions referred to in Article 11 shall, at the time of applying for entry in the register or later, declare their intention to engage in this activity and indicate the location of the packaging plant where applicable.

3. Processors intending to export to third countries or dispatch to the rest of the Union processed products under the conditions referred to in Article 11 or 12 shall, at the time of applying for entry in the register or later, declare their intention to engage in this activity, indicate the location of the processing plant and, where applicable, provide analytical lists of the processed products.",True,37,lookup,37,37,37,completed,,,,,,,fact_pattern,"The article directly governs concrete operators seeking registration or planning dispatch/export, where their activities, capacity, pricing, and declared plant details determine the applicable commitments.",,completed,32,False,5,32,0,False,False,lookup,,0.73,completed,37,True,0,37,37,False,False,False,32,,completed
eurlex,http://data.europa.eu/eli/reg/2009/1130/art_22/oj,32009R1130,32009R1130,Commission Regulation (EC) No 1130/2009 of 24 November 2009 laying down common detailed rules for verifying the use and/or destination of products from intervention (codified version),False,few_refs,"1. Where products have been dispatched to another Member State for processing and the processed products:

(a)
are to be sent to a third Member State or another Member State for further processing;
or

(b)
are to cross the territory of a third Member State or other Member State in order to be exported;

then the competent authority referred to in Article 21(2) or (3), as appropriate, shall issue one or more T5 control copies.

The T5 control copy or copies shall be completed:

(a)
where point (a) of the first subparagraph applies, as indicated in Article 21(2)(b);

(b)
where point (b) of the first subparagraph applies, as indicated in Article 21(3)(b);

using the information given in the original T5 control copy. In addition, in box 106 of the T5 control copy or copies, the registration number and date of issue of the preceding document and the name of the authority that issued it, shall be entered.

2. In the case referred to under paragraph 1, the competent authority which verified the operation shall, after the appropriate endorsement, immediately return the original T5 control copy directly to the agency referred to in Article 3(5) and shall indicate on the original T5 control copy in the box headed ‘Control of use and/or destination’, that the product has been dispatched to another Member State for further processing, packaging, taking over or export. The original T5 control copy shall show the registration number or numbers of, or a reference to, the T5 control copies issued for that purpose.

3. The document referred to in Article 4(a) shall carry similar endorsements to those provided for in paragraph 2.",True,36,lookup,36,36,36,completed,,,,,,,fact_pattern,Concrete movements of intervention products between Member States for further processing or export directly determine which T5 control copies must be issued and how the original documents must be endorsed and returned.,,completed,34,False,2,34,32,False,False,lookup,,0.38,completed,36,True,0,36,36,False,False,False,34,32,completed
eurlex,http://data.europa.eu/eli/dir/2014/26/art_2/oj,32014L0026,32014L0026,Directive 2014/26/EU of the European Parliament and of the Council of 26 February 2014 on collective management of copyright and related rights and multi-territorial licensing of rights in musical works for online use in the internal market (Text with EEA relevance),False,many_refs,"Scope

1. Titles I, II, IV and V with the exception of Article 34(2) and Article 38 apply to all collective management organisations established in the Union.

2. Title III and Article 34(2) and Article 38 apply to collective management organisations established in the Union managing authors’ rights in musical works for online use on a multi-territorial basis.

3. The relevant provisions of this Directive apply to entities directly or indirectly owned or controlled, wholly or in part, by a collective management organisation, provided that such entities carry out an activity which, if carried out by the collective management organisation, would be subject to the provisions of this Directive.

4. Article 16(1), Articles 18 and 20, points (a), (b), (c), (e), (f) and (g) of Article 21(1) and Articles 36 and 42 apply to all independent management entities established in the Union.",True,36,lookup,36,36,36,completed,,,,,,,fact_pattern,"The article’s applicability depends on concrete particulars such as the entity’s type, Union establishment, ownership or control, and whether it manages musical rights for online use on a multi-territorial basis.",,completed,31,False,5,31,28,False,False,lookup,,0.69,completed,36,True,0,36,36,False,False,False,31,28,completed
eurlex,http://data.europa.eu/eli/reg/2012/493/art_3/oj,32012R0493,32012R0493,"Commission Regulation (EU) No 493/2012 of 11 June 2012 laying down, pursuant to Directive 2006/66/EC of the European Parliament and of the Council, detailed rules regarding the calculation of recycling efficiencies of the recycling processes of waste batteries and accumulators (Text with EEA relevance)",False,many_refs,"Calculation of recycling efficiency

1. The method set out in Annex I shall be used to calculate the recycling efficiency of a process for recycling waste lead-acid, nickel-cadmium and other batteries and accumulators.

2. The method set out in Annex II shall be used to calculate the rate of recycled lead content for any recycling process.

3. The method set out in Annex III shall be used to calculate the rate of recycled cadmium content for any recycling process.

4. Recyclers shall report the information shown in Annex IV, Annex V and Annex VI, as applicable, on an annual basis and shall send it to the Member State’s competent authorities by no later than four months from the end of a calendar year concerned. Recyclers shall send their first annual reports no later than the 30 April 2015.

5. Reporting on the recycling efficiency shall cover all individual steps of recycling and all corresponding output fractions.

6. Where a recycling process is carried out at more than one facility, the first recycler is responsible for submitting the information required under point 4 to the Member State’s competent authorities.",True,37,lookup,37,37,37,completed,,,,,,,fact_pattern,"A recycler handling specified waste-battery types across one or more facilities and submitting an annual report at a particular time presents concrete facts that directly determine the applicable calculation, reporting duty, deadline, and responsible party.",,completed,33,False,4,33,33,False,False,lookup,,0.92,completed,37,True,0,37,37,False,False,False,33,33,completed
eurlex,http://data.europa.eu/eli/reg/2014/1141/art_16/oj,32014R1141,32014R1141,"Regulation (EU, Euratom ) No 1141/2014 of the European Parliament and of the Council of 22 October 2014 on the statute and funding of European political parties and European political foundations",False,many_refs,"Termination of European legal personality

1. A European political party or a European political foundation shall lose its European legal personality upon the entry into force of a decision of the Authority to remove it from the Register as published in the Official Journal of the European Union . The decision shall enter into force three months after such publication unless the European political party or the European political foundation concerned requests a shorter period.

2. A European political party or a European political foundation shall be removed from the Register by a decision of the Authority:

(a)
as a consequence of a decision adopted pursuant to Article 10(2) to (5);

(b)
in the circumstances provided for in Article 10(6);

(c)
at the request of the European political party or European political foundation concerned; or

(d)
in the cases referred to in point (b) of the first subparagraph of paragraph 3 of this Article.

3. If a European political party or a European political foundation has seriously failed to fulfil relevant obligations under national law applicable by virtue of the first subparagraph of Article 14(2), the Member State of the seat may address to the Authority a duly reasoned request for de-registration which must identify precisely and exhaustively the illegal actions and the specific national requirements that have not been complied with. In such cases, the Authority shall:

(a)
for matters relating exclusively or predominantly to elements affecting respect for the values on which the Union is founded, as expressed in Article 2 TEU, initiate a verification procedure in accordance with Article 10(3). Article 10(4), (5) and (6) shall also apply;

(b)
for any other matter, and when the reasoned request of the Member State concerned confirms that all national remedies have been exhausted, decide to remove the European political party or European political foundation concerned from the Register.

If a European political party or a European political foundation has seriously failed to fulfil relevant obligations under national law applicable by virtue of the second subparagraph of Article 14(2), and if the matter relates exclusively or predominantly to elements affecting respect of the values on which the Union is founded, as expressed in Article 2 TEU, the Member State concerned may address a request to the Authority in accordance with the provisions of the first subparagraph of this paragraph. The Authority shall proceed in accordance with point (a) of the first subparagraph of this paragraph.In all cases, the Authority shall act without undue delay. The Authority shall inform the Member State concerned and the European political party or European political foundation concerned of the follow-up given to the reasoned request for de-registration.
4. The Authority shall fix the date of the publication referred to in paragraph 1 after consultation with the Member State in which the European political party or European political foundation has its seat.

5. If the European political party or European political foundation concerned acquires legal personality under the law of the Member State of its seat, such acquisition shall be regarded by that Member State as a conversion of the European legal personality into a national legal personality that fully maintains the pre-existing rights and obligations of the former European legal entity. The Member State in question shall not apply prohibitive conditions in the context of such conversion.

6. If the European political party or European political foundation does not acquire legal personality under the law of the Member State of its seat, it shall be wound up in accordance with the applicable law of that Member State. The Member State concerned may require that such winding-up be preceded by the acquisition by the party or foundation concerned of national legal personality in accordance with paragraph 5.

7. In all situations referred to in paragraphs 5 and 6, the Member State concerned shall ensure that the not-for-profit condition laid down in Article 3 is fully respected. The Authority and the Authorising Officer of the European Parliament may agree with the Member State concerned the modalities for termination of the European legal personality, in particular in order to ensure the recovery of any funds received from the general budget of the European Union and the payment of any financial sanctions imposed in accordance with Article 27.",True,37,lookup,37,37,37,completed,,,,,,,fact_pattern,"Concrete cases involving a European political party or foundation, the Authority’s removal decision, national-law breaches, or acquisition of national legal personality directly determine the termination procedure and its consequences.",,completed,33,False,4,33,33,False,False,lookup,,0.55,completed,37,True,0,37,37,False,False,False,33,33,completed
