corpus,target_id,document_id,symbol,is_meeting,stratum,mode,eligible,status,error,candidate_count,graded_count,grounded_count,audit_clear_count,mean_candidate_score,best_score,best_faithfulness,best_quality,best_audit_status,best_question,best_answer,audit_clear_best_score,generation_skip_reason
un,2011/a/res/65/212#13,2011/a/res/65/212,A/RES/65/212,False,resolution,lookup,True,completed,,3,3,3,3,34.333333333333336,36,15,21,clear,What concerns did the General Assembly raise about impunity and migrants’ rights in its 21 December 2010 resolution on protecting migrants?,"the high level of impunity enjoyed by traffickers and their accomplices as well as other members of organized crime entities and, in this context, the denial of rights and justice to migrants who have suffered from abuse",36,
un,2011/a/res/65/212#13,2011/a/res/65/212,A/RES/65/212,False,resolution,practitioner,True,completed,,3,3,3,1,29.666666666666668,32,15,17,minor_issues,What concern did the General Assembly express on 21 December 2010 about organized crime entities profiting from crimes against migrants?,"Expresses its concern about the increase in the activities of transnational and national organized crime entities and others who profit from crimes against migrants, especially women and children, without regard for dangerous and inhumane conditions and in flagrant violation of domestic laws and international law and contrary to international standards;",32,
un,2011/a/res/65/212#13,2011/a/res/65/212,A/RES/65/212,False,resolution,semantic,True,completed,,2,2,2,2,33,34,14,20,clear,What concerns did the General Assembly identify in December 2010 about crimes against migrants and the treatment of their victims?,"(a) Expresses its concern about the increase in the activities of transnational and national organized crime entities and others who profit from crimes against migrants, especially women and children, without regard for dangerous and inhumane conditions and in flagrant violation of domestic laws and international law and contrary to international standards;
(b) Also expresses its concern about the high level of impunity enjoyed by traffickers and their accomplices as well as other members of organized crime entities and, in this context, the denial of rights and justice to migrants who have suffered from abuse;",34,
un,2006/a/res/61/183#3,2006/a/res/61/183,A/RES/61/183,False,resolution,lookup,True,completed,,3,3,3,2,32,35,15,20,clear,What approach between demand reduction and supply reduction did the General Assembly reaffirm in its 20 December 2006 resolution on international cooperation against the world drug problem?,"a balanced approach between demand reduction and supply reduction, each reinforcing the other, in an integrated approach to solving the drug problem",35,
un,2006/a/res/61/183#3,2006/a/res/61/183,A/RES/61/183,False,resolution,practitioner,True,completed,,3,3,3,2,32.666666666666664,35,15,20,clear,"For States outside the three international drug-control conventions, and for States parties, what steps did the 20 December 2006 resolution urge?","Urges States that have not done so to consider ratifying or acceding to, and States parties to implement all the provisions of, the Single Convention on Narcotic Drugs of 1961 as amended by the 1972 Protocol, the Convention on Psychotropic Substances of 1971 and the United Nations Convention against Illicit Traffic in Narcotic Drugs and Psychotropic Substances of 1988;",35,
un,2006/a/res/61/183#3,2006/a/res/61/183,A/RES/61/183,False,resolution,semantic,True,completed,,3,3,3,2,32.333333333333336,35,15,20,minor_issues,How did the General Assembly frame the relationship between demand and supply reduction in its 20 December 2006 drug-policy resolution?,"Also reaffirms that there shall be a balanced approach between demand reduction and supply reduction, each reinforcing the other, in an integrated approach to solving the drug problem;",35,
un,2013/a/res/67/199#12,2013/a/res/67/199,A/RES/67/199,False,resolution,lookup,True,completed,,3,3,3,3,32,35,15,20,clear,"What objectives does the General Assembly resolution adopted on 21 December 2012 identify for national, regional and international efforts addressing the financial crisis?","to ensure a full return to growth with quality jobs, to reform and strengthen financial systems and to create strong, sustainable and balanced global growth",35,
un,2013/a/res/67/199#12,2013/a/res/67/199,A/RES/67/199,False,resolution,practitioner,True,completed,,3,3,3,3,31.333333333333332,34,15,19,minor_issues,What consequences did the 21 December 2012 resolution associate with sovereign debt crises?,"sovereign debt crises tend to be costly and disruptive, including for employment and productive investments, and tend to be followed by cuts in public spending, including on health and education, affecting, in particular, the poor and vulnerable",34,
un,2013/a/res/67/199#12,2013/a/res/67/199,A/RES/67/199,False,resolution,semantic,True,completed,,3,3,3,3,32.333333333333336,34,15,19,minor_issues,How did the financial and economic crisis shape calls for reform of the international financial system in December 2012?,"Stresses that the financial and economic crisis has highlighted the need for reform as well as added new impetus to ongoing international discussions on the reform of the international financial system and architecture, including on issues related to mandate, scope, governance, responsiveness and development orientation, as appropriate, and in this regard encourages continued open, inclusive and transparent dialogue;",34,
un,2011/a/res/65/263#2,2011/a/res/65/263,A/RES/65/263,False,resolution,lookup,True,completed,,3,3,3,3,29.666666666666668,32,15,17,minor_issues,What areas did the International Organization of la Francophonie commit to multilateral cooperation on in the General Assembly resolution adopted on 14 January 2011?,"peace, democratic governance and the rule of law, economic governance and solidarity, the environment, sustainable development, and climate change",32,
un,2011/a/res/65/263#2,2011/a/res/65/263,A/RES/65/263,False,resolution,practitioner,True,completed,,3,3,3,0,22.666666666666668,24,12,12,blocking,When and where were the 2010 meetings associated with reaffirmed Francophonie commitments held?,"Noting with satisfaction also the commitments made at the High-level Plenary Meeting of the General Assembly on the Millennium Development Goals, held in New York from 20 to 22 September 2010, and reaffirmed by the Heads of State and Government of countries using French as a common language at the thirteenth Summit of la Francophonie, held in Montreux, Switzerland, from 22 to 24 October 2010, and their determination to work together to bring about, through targeted action, added value in these areas,",,
un,2011/a/res/65/263#2,2011/a/res/65/263,A/RES/65/263,False,resolution,semantic,True,completed,,2,2,2,2,30.5,32,15,17,minor_issues,What areas did the General Assembly associate with the International Organization of la Francophonie’s commitment in its 14 January 2011 resolution?,"Noting with satisfaction the commitment of the International Organization of la Francophonie to multilateral cooperation for peace, democratic governance and the rule of law, economic governance and solidarity, the environment, sustainable development, and climate change,",32,
un,2013/a/res/68/143#7,2013/a/res/68/143,A/RES/68/143,False,resolution,lookup,True,completed,,3,3,3,3,33.333333333333336,35,14,21,clear,"When States cannot register refugees on their territory, what did the General Assembly's 2013 resolution on assistance to refugees, returnees and displaced persons in Africa call upon the Office of the High Commissioner to do?",to help States to conduct this procedure should they be unable to register refugees on their territory,35,
un,2013/a/res/68/143#7,2013/a/res/68/143,A/RES/68/143,False,resolution,practitioner,True,completed,,3,3,3,0,31.333333333333332,35,15,20,blocking,"When States cannot register refugees on their territory, what assistance is requested from the Office of the High Commissioner?","calls upon the Office, as appropriate, to help States to conduct this procedure should they be unable to register refugees on their territory;",,
un,2013/a/res/68/143#7,2013/a/res/68/143,A/RES/68/143,False,resolution,semantic,True,completed,,2,2,2,0,31.5,32,14,18,blocking,How should refugee registration be handled when refugees and asylum seekers in Africa lack documentation?,"Recalls the conclusion on registration of refugees and asylum seekers adopted by the Executive Committee of the Programme of the High Commissioner at its fifty-second session, notes the many forms of harassment faced by refugees and asylum seekers who remain without any form of documentation attesting to their status, recalls the responsibility of States to register refugees on their territories and, as appropriate, the responsibility of the Office of the High Commissioner or mandated international bodies to do so, reiterates in this context the central role that early and effective registration and documentation can play, guided by protection considerations, in enhancing protection and supporting efforts to find durable solutions, and calls upon the Office, as appropriate, to help States to conduct this procedure should they be unable to register refugees on their territory;",,
un,2014/a/res/68/254#2,2014/a/res/68/254,A/RES/68/254,False,resolution,lookup,True,completed,,3,3,3,3,32,33,15,18,clear,What access requirement for staff members did the General Assembly stress in the 2013 resolution on administration of justice?,"ensuring access for all staff members to the system of administration of justice, regardless of their duty station",33,
un,2014/a/res/68/254#2,2014/a/res/68/254,A/RES/68/254,False,resolution,practitioner,True,completed,,3,3,3,1,31.333333333333332,34,14,20,minor_issues,What revised assessment proposal was the Secretary-General asked to submit for consideration at the sixty-ninth session?,"Recalls paragraph 20 of the report of the Advisory Committee, and requests the Secretary-General to submit to the General Assembly for consideration at its sixty-ninth session a revised proposal for conducting an interim independent assessment of the system of administration of justice, to be carried out in a cost-efficient manner by independent experts, including experts familiar with internal labour dispute mechanisms;",34,
un,2014/a/res/68/254#2,2014/a/res/68/254,A/RES/68/254,False,resolution,semantic,True,completed,,3,3,3,3,31.333333333333332,33,15,18,minor_issues,What characteristics and purpose did the General Assembly reaffirm for the new United Nations administration-of-justice system?,"Reaffirms its decision, contained in paragraph 4 of resolution 61/261, to establish a new, independent, transparent, professionalized, adequately resourced and decentralized system of administration of justice consistent with the relevant rules of international law and the principles of the rule of law and due process to ensure respect for the rights and obligations of staff members and the accountability of managers and staff members alike;",33,
un,2001/a/res/55/114#5,2001/a/res/55/114,A/RES/55/114,False,resolution,lookup,True,completed,,3,3,3,3,36.333333333333336,37,15,22,minor_issues,What did the General Assembly call upon the Government of the Islamic Republic of Iran to do regarding capital punishment in its 2000 resolution on the situation of human rights in Iran?,To ensure that capital punishment will not be imposed for crimes other than the most serious and will not be pronounced in disregard of the provisions of the International Covenant on Civil and Political Rights2 and United Nations safeguards and to provide the Special Representative with relevant statistics on this matter,37,
un,2001/a/res/55/114#5,2001/a/res/55/114,A/RES/55/114,False,resolution,practitioner,True,completed,,3,3,3,2,33,35,15,20,minor_issues,What restrictions and reporting task did the General Assembly seek regarding capital punishment in the Islamic Republic of Iran?,(e) To ensure that capital punishment will not be imposed for crimes other than the most serious and will not be pronounced in disregard of the provisions of the International Covenant on Civil and Political Rights2 and United Nations safeguards and to provide the Special Representative with relevant statistics on this matter;,35,
un,2001/a/res/55/114#5,2001/a/res/55/114,A/RES/55/114,False,resolution,semantic,True,completed,,3,3,3,3,31.333333333333332,33,14,19,minor_issues,How did the General Assembly address suspicious deaths and killings of Iranian intellectuals and political activists in 2000?,To accelerate the process of the investigation into the suspicious deaths and killings of intellectuals and political activists and to bring the alleged perpetrators to justice;,33,
un,2007/a/res/62/137#12,2007/a/res/62/137,A/RES/62/137,False,resolution,lookup,True,completed,,2,2,2,2,31,31,15,16,minor_issues,"What did the General Assembly urge Governments, United Nations entities and civil-society actors to do regarding gender perspectives in the resolution adopted on 18 December 2007?","to ensure the integration of gender perspectives in the implementation of and follow-up to all United Nations summits, conferences and special sessions and to give attention to gender perspectives in preparation for such events",31,
un,2007/a/res/62/137#12,2007/a/res/62/137,A/RES/62/137,False,resolution,practitioner,True,completed,,2,2,2,0,30.5,32,14,18,review,Which 2007 and 2008 events were specifically named for gender attention in preparation under this General Assembly follow-up?,"Urges Governments and all entities of the United Nations system, including United Nations agencies, funds and programmes, and all relevant actors of civil society, to ensure the integration of gender perspectives in the implementation of and follow-up to all United Nations summits, conferences and special sessions and to give attention to gender perspectives in preparation for such events, including the commemorative high-level plenary meeting devoted to the follow-up to the outcome of the special session of the General Assembly on children in 2007, the thirteenth session of the Conference of the Parties to the United Nations Framework Convention on Climate Change, and the third session of the Conference of the Parties serving as the Meeting of the Parties to the Kyoto Protocol, in Bali, Indonesia, in 2007, the Follow-up International Conference on Financing for Development to Review the Implementation of the Monterey Consensus in Doha in 2008, and the Third High-level Forum on Aid Effectiveness in Accra in 2008;",,
un,2007/a/res/62/137#12,2007/a/res/62/137,A/RES/62/137,False,resolution,semantic,True,completed,,2,2,2,1,29,31,14,17,minor_issues,What did the General Assembly urge actors to do regarding gender perspectives in UN events in 2007 and 2008?,"Urges Governments and all entities of the United Nations system, including United Nations agencies, funds and programmes, and all relevant actors of civil society, to ensure the integration of gender perspectives in the implementation of and follow-up to all United Nations summits, conferences and special sessions and to give attention to gender perspectives in preparation for such events, including the commemorative high-level plenary meeting devoted to the follow-up to the outcome of the special session of the General Assembly on children in 2007, the thirteenth session of the Conference of the Parties to the United Nations Framework Convention on Climate Change, and the third session of the Conference of the Parties serving as the Meeting of the Parties to the Kyoto Protocol, in Bali, Indonesia, in 2007, the Follow-up International Conference on Financing for Development to Review the Implementation of the Monterey Consensus in Doha in 2008, and the Third High-level Forum on Aid Effectiveness in Accra in 2008;",31,
un,2005/a/res/60/226#3,2005/a/res/60/226,A/RES/60/226,False,resolution,lookup,True,completed,,3,3,3,2,30.666666666666668,33,13,20,clear,What did the General Assembly request the Secretary-General to prepare concerning the Register in its 23 December 2005 resolution on transparency in armaments?,"to prepare a report on the continuing operation of the Register and its further development, taking into account the work of the Conference on Disarmament, the views expressed by Member States and the reports of the Secretary-General on the continuing operation of the Register and its further development, with a view to taking a decision at its sixty-first session;",33,
un,2005/a/res/60/226#3,2005/a/res/60/226,A/RES/60/226,False,resolution,practitioner,True,completed,,3,3,3,1,30.666666666666668,32,13,19,minor_issues,"For the 2005 review of the United Nations Register of Conventional Arms, what report was the Secretary-General asked to prepare and toward what decision?","Requests the Secretary-General, with the assistance of a group of governmental experts to be convened in 2006, within available resources, on the basis of equitable geographical representation, to prepare a report on the continuing operation of the Register and its further development, taking into account the work of the Conference on Disarmament, the views expressed by Member States and the reports of the Secretary-General on the continuing operation of the Register and its further development, with a view to taking a decision at its sixty-first session;",32,
un,2005/a/res/60/226#3,2005/a/res/60/226,A/RES/60/226,False,resolution,semantic,True,completed,,2,2,2,2,33,36,15,21,minor_issues,What review process did the General Assembly set in motion in December 2005 to guide a decision on the Register at its sixty-first session?,"Requests the Secretary-General, with the assistance of a group of governmental experts to be convened in 2006, within available resources, on the basis of equitable geographical representation, to prepare a report on the continuing operation of the Register and its further development, taking into account the work of the Conference on Disarmament, the views expressed by Member States and the reports of the Secretary-General on the continuing operation of the Register and its further development, with a view to taking a decision at its sixty-first session;",36,
un,2013/a/res/68/18#1,2013/a/res/68/18,A/RES/68/18,False,resolution,lookup,True,completed,,3,3,3,3,35,35,14,21,clear,What additional preparatory period did the General Assembly grant Equatorial Guinea before graduation in its 2013 resolution on least developed country graduation?,an additional preparatory period of six months before the start of the three-year preparatory period leading to graduation,35,
un,2013/a/res/68/18#1,2013/a/res/68/18,A/RES/68/18,False,resolution,practitioner,True,completed,,3,3,3,2,31.666666666666668,34,15,19,minor_issues,What national transition-planning task was Equatorial Guinea invited to undertake during the period before graduation?,"Invites Equatorial Guinea to prepare, during the three and a half year period between the adoption of the present resolution and its graduation from the least developed country category, its national smooth-transition strategy, with the support of the United Nations system and in cooperation with its bilateral and multilateral development and trading partners;",34,
un,2013/a/res/68/18#1,2013/a/res/68/18,A/RES/68/18,False,resolution,semantic,True,completed,,3,3,3,3,34.333333333333336,35,15,20,minor_issues,What transition planning was Equatorial Guinea invited to undertake during the three-and-a-half-year period before graduation?,"Invites Equatorial Guinea to prepare, during the three and a half year period between the adoption of the present resolution and its graduation from the least developed country category, its national smooth-transition strategy, with the support of the United Nations system and in cooperation with its bilateral and multilateral development and trading partners",35,
un,2001/s/res/1376_2001_#2,2001/s/res/1376_2001_,S/RES/1376(2001),False,resolution,lookup,True,completed,,3,3,3,3,32.666666666666664,35,15,20,clear,What did the Security Council demand regarding illegal exploitation of the DRC’s natural resources in the resolution adopted on 9 November 2001?,that such exploitation cease,35,
un,2001/s/res/1376_2001_#2,2001/s/res/1376_2001_,S/RES/1376(2001),False,resolution,practitioner,True,completed,,3,3,3,0,29.666666666666668,32,14,18,blocking,What did the Council demand concerning illegal exploitation of the DRC’s natural resources and financing of the conflict?,"Reiterates its condemnation of all illegal exploitation of the natural resources of the Democratic Republic of the Congo, demands that such exploitation cease and stresses that the natural resources of the Democratic Republic of the Congo should not be exploited to finance the conflict in that country;",,
un,2001/s/res/1376_2001_#2,2001/s/res/1376_2001_,S/RES/1376(2001),False,resolution,semantic,True,completed,,3,3,3,3,32.333333333333336,34,15,19,minor_issues,What position did the Security Council take in November 2001 on exploiting the Democratic Republic of the Congo’s natural resources to finance the conflict?,"Reiterates its condemnation of all illegal exploitation of the natural resources of the Democratic Republic of the Congo, demands that such exploitation cease and stresses that the natural resources of the Democratic Republic of the Congo should not be exploited to finance the conflict in that country;",34,
un,2008/s/res/1806_2008_#8,2008/s/res/1806_2008_,S/RES/1806(2008),False,resolution,lookup,True,completed,,3,3,2,2,30.666666666666668,34,15,19,clear,Where and when did France offer to host the international conference to review Afghanistan Compact implementation under the Security Council's 2008 resolution?,in Paris in June 2008,34,
un,2008/s/res/1806_2008_#8,2008/s/res/1806_2008_,S/RES/1806(2008),False,resolution,practitioner,True,completed,,3,3,3,0,35,39,15,24,repair,What report was the Secretary-General requested to provide on the proposed June 2008 Paris conference on Afghanistan Compact implementation?,"requests the Secretary-General to report to the Security Council on its outcome and to include in this report, if necessary, further recommendations concerning UNAMA's mandate;",,
un,2008/s/res/1806_2008_#8,2008/s/res/1806_2008_,S/RES/1806(2008),False,resolution,semantic,True,completed,,3,3,3,3,32.666666666666664,36,13,23,clear,How was the proposed June 2008 Paris conference on the Afghanistan Compact to be organized and followed up?,"Notes with interest the intention, expressed by JCMB members at the Political Directors Meeting on Afghanistan held in Tokyo on 5 February 2008, to prepare an international conference to review progress on the implementation of the Afghanistan Compact, welcomes the offer of France to host such conference in Paris in June 2008, and requests the Secretary-General to report to the Security Council on its outcome and to include in this report, if necessary, further recommendations concerning UNAMA's mandate;",36,
un,2003/s/res/1466_2003_#3,2003/s/res/1466_2003_,S/RES/1466(2003),False,resolution,lookup,True,completed,,3,3,3,3,34.333333333333336,36,15,21,clear,What immediate measures did the Security Council demand concerning UNMEE’s freedom of movement and work in its 2003 resolution on Ethiopia and Eritrea?,"that the parties allow UNMEE full freedom of movement and remove with immediate effect any and all restrictions on, and impediments to the work of, UNMEE and its staff in the discharge of its mandate",36,
un,2003/s/res/1466_2003_#3,2003/s/res/1466_2003_,S/RES/1466(2003),False,resolution,practitioner,True,completed,,3,3,3,0,33.333333333333336,36,15,21,review,What did the Council call on Ethiopia and Eritrea to do regarding incursions across the southern boundary of the Temporary Security Zone?,calls on both parties to ensure an immediate end to such incidents and to cooperate fully with UNMEE investigations in this regard,,
un,2003/s/res/1466_2003_#3,2003/s/res/1466_2003_,S/RES/1466(2003),False,resolution,semantic,True,completed,,3,3,3,3,31.333333333333332,33,15,18,minor_issues,What freedom of movement and access measures were demanded for UNMEE and its staff during the 2003 Ethiopia-Eritrea peace process?,"Demands that the parties allow UNMEE full freedom of movement and remove with immediate effect any and all restrictions on, and impediments to the work of, UNMEE and its staff in the discharge of its mandate",33,
un,2008/s/res/1845_2008_#3,2008/s/res/1845_2008_,S/RES/1845(2008),False,resolution,lookup,True,completed,,3,3,3,3,34.333333333333336,36,15,21,clear,What military-presence commitment did the Security Council note from the 14 May 2007 EU conclusions in its November 2008 resolution concerning Bosnia and Herzegovina?,"the EU would retain a military presence in the country as long as necessary, in order to continue contributing to the maintenance of a safe and secure environment",36,
un,2008/s/res/1845_2008_#3,2008/s/res/1845_2008_,S/RES/1845(2008),False,resolution,practitioner,True,completed,,3,3,3,2,31,35,14,21,minor_issues,What did EU Foreign Ministers and Ministers of Defence reiterate on 14 May 2007 about the EU military presence in Bosnia and Herzegovina?,"the conclusions of EU Foreign Ministers and Ministers of Defence at their joint meeting on 14 May 2007, which reiterate that the EU would retain a military presence in the country as long as necessary, in order to continue contributing to the maintenance of a safe and secure environment,",35,
un,2008/s/res/1845_2008_#3,2008/s/res/1845_2008_,S/RES/1845(2008),False,resolution,semantic,True,completed,,3,3,3,2,30.666666666666668,34,14,20,clear,How did the EU's 14 May 2007 ministerial conclusions frame its military presence in Bosnia and Herzegovina?,"which reiterate that the EU would retain a military presence in the country as long as necessary, in order to continue contributing to the maintenance of a safe and secure environment,",34,
un,2004/s/res/1565_2004_#11,2004/s/res/1565_2004_,S/RES/1565(2004),False,resolution,lookup,True,completed,,3,3,3,3,34.333333333333336,35,15,20,minor_issues,What did the Security Council demand that parties and regional Governments do regarding violations of international humanitarian law and human rights in its October 2004 resolution?,"take without delay all necessary steps to bring to justice those responsible for these violations and to ensure respect for human rights and international humanitarian law, as appropriate with relevant international assistance, as well as to guarantee the security and well-being of the civilian population",35,
un,2004/s/res/1565_2004_#11,2004/s/res/1565_2004_,S/RES/1565(2004),False,resolution,practitioner,True,completed,,2,2,2,2,35,36,15,21,minor_issues,What did the 1 October 2004 Council decision demand of parties and Governments concerned in the DRC regarding violations and civilian security?,"Strongly condemns violence and other violations of international humanitarian law and human rights, in particular those perpetrated against civilians, in the Democratic Republic of the Congo, and demands that all parties and Governments concerned in the region, including the Government of National Unity and Transition, take without delay all necessary steps to bring to justice those responsible for these violations and to ensure respect for human rights and international humanitarian law, as appropriate with relevant international assistance, as well as to guarantee the security and well-being of the civilian population;",36,
un,2004/s/res/1565_2004_#11,2004/s/res/1565_2004_,S/RES/1565(2004),False,resolution,semantic,True,completed,,2,2,2,2,34,35,15,20,minor_issues,"What cooperation, safety guarantees and access did parties have to provide to MONUC across the Democratic Republic of the Congo in October 2004?","Demands that all parties cooperate fully with the operations of MONUC and that they ensure the safety of as well as unhindered and immediate access for United Nations and associated personnel in carrying out their mandate, throughout the territory of the Democratic Republic of the Congo, demands in particular that all parties provide full access to MONUC military observers, including in all ports, airports, airfields, military bases and border crossings, and requests the Secretary-General to report without delay any failure to comply with these demands;",35,
un,2002/a/res/56/188#8,2002/a/res/56/188,A/RES/56/188,False,resolution,lookup,True,completed,,3,3,3,1,34,35,14,21,review,What measures did the General Assembly identify for achieving equal treatment of women clients in the financial sector in its 2001 resolution on women in development?,comprehensive gender-awareness training for staff at all levels and better representation of women in decision-making positions,33,
un,2002/a/res/56/188#8,2002/a/res/56/188,A/RES/56/188,False,resolution,practitioner,True,completed,,2,2,2,0,29,29,13,16,blocking,What legal and administrative measures did the women in development framework urge States to adopt for women’s economic rights?,"Urges States to design and revise laws that ensure that women are accorded full and equal rights to own land and other property, including through inheritance, and to undertake administrative reforms and other necessary measures to give women the same right as men to credit, capital and appropriate technologies and access to markets and information;",,
un,2002/a/res/56/188#8,2002/a/res/56/188,A/RES/56/188,False,resolution,semantic,True,completed,,3,3,3,0,30.666666666666668,33,14,19,blocking,How should States remove legal and administrative barriers to women's equal control of property and economic resources?,"Urges States to design and revise laws that ensure that women are accorded full and equal rights to own land and other property, including through inheritance, and to undertake administrative reforms and other necessary measures to give women the same right as men to credit, capital and appropriate technologies and access to markets and information;",,
un,2005/a/res/60/47#0,2005/a/res/60/47,A/RES/60/47,False,resolution,lookup,True,completed,,3,3,3,3,32.333333333333336,34,15,19,clear,"On 8 December 2005, what did the General Assembly reaffirm about the management and use of Antarctica in the resolution concerning the Question of Antarctica?",that the management and use of Antarctica should be conducted in accordance with the purposes and principles of the Charter of the United Nations and in the interest of maintaining international peace and security and of promoting international cooperation for the benefit of mankind as a whole,34,
un,2005/a/res/60/47#0,2005/a/res/60/47,A/RES/60/47,False,resolution,practitioner,True,completed,,3,3,3,3,31.666666666666668,33,15,18,minor_issues,What did resolution 57/51 of 22 November 2002 request the Secretary-General to submit concerning Antarctica?,"requested the Secretary-General to submit a report consisting of the information provided by the Antarctic Treaty Consultative Parties on their consultative meetings, on their activities in Antarctica and on developments in relation to Antarctica",33,
un,2005/a/res/60/47#0,2005/a/res/60/47,A/RES/60/47,False,resolution,semantic,True,completed,,3,3,3,3,34.666666666666664,36,15,21,minor_issues,What aspects made Antarctica particularly significant to the international community in the General Assembly's 8 December 2005 resolution?,"Conscious of the particular significance of Antarctica to the international community, including for international peace and security, the global and regional environment, its effects on global and regional climate conditions, and scientific research",36,
un,2011/s/res/1988_2011_#19,2011/s/res/1988_2011_,S/RES/1988(2011),False,resolution,lookup,True,completed,,3,3,3,3,31.666666666666668,36,15,21,clear,What reporting duty did the Security Council’s 2011 resolution establishing the new sanctions committee assign concerning implementation of the resolution?,"To make periodic reports to the Council on information submitted to the Committee regarding the implementation of the resolution, including regarding noncompliance with the measures imposed by the resolution",36,
un,2011/s/res/1988_2011_#19,2011/s/res/1988_2011_,S/RES/1988(2011),False,resolution,practitioner,True,completed,,3,3,3,1,33.333333333333336,36,15,21,clear,"What procedures was the Committee required to ensure for listing, delisting, and humanitarian exemptions in the 2011 Afghanistan Taliban sanctions regime?",(g) To ensure that fair and clear procedures exist for placing individuals and entities on the List and for removing them as well as for granting humanitarian exemptions;,36,
un,2011/s/res/1988_2011_#19,2011/s/res/1988_2011_,S/RES/1988(2011),False,resolution,semantic,True,completed,,3,3,3,3,34,35,15,20,clear,"Under the 2011 Afghanistan Taliban sanctions regime, how must the Committee explain why listed entries were designated?",(d) To make accessible on the Committee's website narrative summaries of reasons for listing for all entries on the List;,35,
un,2004/a/res/59/61#0,2004/a/res/59/61,A/RES/59/61,False,resolution,lookup,True,completed,,2,2,2,2,29,30,15,15,minor_issues,What progress did the General Assembly note regarding information and telecommunications in international security in its resolution adopted on 3 December 2004?,considerable progress has been achieved in developing and applying the latest information technologies and means of telecommunication,30,
un,2004/a/res/59/61#0,2004/a/res/59/61,A/RES/59/61,False,resolution,practitioner,True,completed,,3,3,3,0,24,25,13,12,blocking,"In the General Assembly resolution adopted on 3 December 2004, what did it recognize about scientific and technological developments and civilian applications?","Recalling also its resolutions on the role of science and technology in the context of international security, in which, inter alia, it recognized that scientific and technological developments could have both civilian and military applications and that progress in science and technology for civilian applications needed to be maintained and encouraged,",,
un,2004/a/res/59/61#0,2004/a/res/59/61,A/RES/59/61,False,resolution,semantic,True,completed,,2,2,2,1,31.5,35,15,20,clear,How did the General Assembly assess advances in information technologies and telecommunications on 3 December 2004?,"Noting that considerable progress has been achieved in developing and applying the latest information technologies and means of telecommunication,
Affirming that it sees in this process the broadest positive opportunities for the further development of civilization, the expansion of opportunities for cooperation for the common good of all States, the enhancement of the creative potential of humankind and additional improvements in the circulation of information in the global community,",35,
un,2013/a/res/67/145#7,2013/a/res/67/145,A/RES/67/145,False,resolution,lookup,True,completed,,3,3,3,3,33.333333333333336,38,15,23,clear,What did the General Assembly encourage the Commission on the Status of Women to consider at its fifty-seventh session in its resolution adopted on 20 December 2012 on trafficking in women and girls?,"the issue of trafficking in women and girls within the framework of the priority theme for 2013, ""Elimination and prevention of all forms of violence against women and girls""",38,
un,2013/a/res/67/145#7,2013/a/res/67/145,A/RES/67/145,False,resolution,practitioner,True,completed,,3,3,3,3,31.333333333333332,32,14,18,minor_issues,What gender-specific barriers and response does the General Assembly resolution adopted on 20 December 2012 identify for women and girl victims of trafficking?,"Acknowledging that women and girl victims of trafficking, on account of their gender, are further disadvantaged and marginalized by a general lack of information on or awareness and recognition of their human rights and by the stigmatization often associated with trafficking, as well as by the obstacles they meet in gaining access to accurate information and recourse mechanisms in cases of violation of their rights, and that special measures are required for their protection and to increase their awareness,",32,
un,2013/a/res/67/145#7,2013/a/res/67/145,A/RES/67/145,False,resolution,semantic,True,completed,,3,3,3,3,32.666666666666664,35,15,20,clear,What disadvantages and protection needs did the 20 December 2012 resolution identify for women and girl victims of trafficking?,"Acknowledging that women and girl victims of trafficking, on account of their gender, are further disadvantaged and marginalized by a general lack of information on or awareness and recognition of their human rights and by the stigmatization often associated with trafficking, as well as by the obstacles they meet in gaining access to accurate information and recourse mechanisms in cases of violation of their rights, and that special measures are required for their protection and to increase their awareness,",35,
un,2003/a/res/58/298#4,2003/a/res/58/298,A/RES/58/298,False,resolution,lookup,True,completed,,3,3,3,3,34.333333333333336,38,15,23,clear,What support account requirements did the General Assembly approve for 1 July 2004 to 30 June 2005 in the General Assembly resolution adopted on 18 June 2004?,"121,610,300 United States dollars for the period from 1 July 2004 to 30 June 2005, including 743 continuing and 18 new temporary posts and their related post and non-post requirements",38,
un,2003/a/res/58/298#4,2003/a/res/58/298,A/RES/58/298,False,resolution,practitioner,True,completed,,3,3,3,1,31.666666666666668,37,15,22,clear,"What support account requirements did the General Assembly approve for 1 July 2004 to 30 June 2005, including staffing?","Approves the support account requirements in the amount of 121,610,300 United States dollars for the period from 1 July 2004 to 30 June 2005, including 743 continuing and 18 new temporary posts and their related post and non-post requirements;",37,
un,2003/a/res/58/298#4,2003/a/res/58/298,A/RES/58/298,False,resolution,semantic,True,completed,,3,3,3,2,29.333333333333332,35,15,20,clear,What support-account budget and staffing requirements did the General Assembly approve for 1 July 2004 to 30 June 2005?,"Approves the support account requirements in the amount of 121,610,300 United States dollars for the period from 1 July 2004 to 30 June 2005, including 743 continuing and 18 new temporary posts and their related post and non-post requirements;",35,
un,2003/a/res/57/300#10,2003/a/res/57/300,A/RES/57/300,False,resolution,lookup,True,completed,,3,3,3,3,34,36,15,21,clear,What condition did the General Assembly set for creating a partnership office to enhance cooperation with the private sector in the General Assembly resolution on strengthening the United Nations adopted at the fifty-seventh session?,"the creation of a partnership office as part of the effort to enhance cooperation in the work of the Organization with the private sector, taking into account the outcome of the major United Nations conferences and summits, should be subject to its resolutions 55/215 of 21 December 2000 and 56/76 of 11 December 2001",36,
un,2003/a/res/57/300#10,2003/a/res/57/300,A/RES/57/300,False,resolution,practitioner,True,completed,,3,3,3,0,32,33,14,19,review,"For the proposed panel reviewing United Nations–civil society relations, what should its terms of reference underscore, and how would its recommendations be considered?","Concurs with the intention of the Secretary-General to establish a panel of eminent persons, reflecting a diversity of views, to review the relationship between the United Nations and civil society, stresses that the terms of reference of such a panel should underscore the intergovernmental character of the United Nations, and decides to consider the recommendations of the panel through the respective intergovernmental process;",,
un,2003/a/res/57/300#10,2003/a/res/57/300,A/RES/57/300,False,resolution,semantic,True,completed,,3,3,3,3,33,34,14,20,minor_issues,How did the General Assembly propose reviewing the United Nations’ relationship with civil society?,"Concurs with the intention of the Secretary-General to establish a panel of eminent persons, reflecting a diversity of views, to review the relationship between the United Nations and civil society, stresses that the terms of reference of such a panel should underscore the intergovernmental character of the United Nations, and decides to consider the recommendations of the panel through the respective intergovernmental process;",34,
un,2013/a/res/67/222#6,2013/a/res/67/222,A/RES/67/222,False,resolution,lookup,True,completed,,3,3,3,3,31.333333333333332,33,15,18,clear,What did the General Assembly recognize about the export economies of many landlocked developing countries in its 21 December 2012 resolution?,"that the economies of many landlocked developing countries are still reliant on a few export commodities, which often have low value addition",33,
un,2013/a/res/67/222#6,2013/a/res/67/222,A/RES/67/222,False,resolution,practitioner,True,completed,,2,2,2,2,32,34,15,19,minor_issues,"In the General Assembly’s 21 December 2012 treatment of landlocked developing countries, what did it call upon development partners to implement through Aid for Trade?","Calls upon development partners to effectively implement the Aid for Trade initiative, giving adequate consideration to the special needs and requirements of landlocked developing countries, including capacity-building for the formulation of trade policies, participation in trade negotiations and implementation of trade facilitation measures, as well as the diversification of export products through private sector involvement, including the development of small and medium-sized enterprises, with a view to increasing the competitiveness of the products of landlocked developing countries in export markets;",34,
un,2013/a/res/67/222#6,2013/a/res/67/222,A/RES/67/222,False,resolution,semantic,True,completed,,2,2,2,2,34,35,14,21,clear,How did the General Assembly in December 2012 propose using Aid for Trade to improve landlocked developing countries’ export competitiveness?,"Calls upon development partners to effectively implement the Aid for Trade initiative, giving adequate consideration to the special needs and requirements of landlocked developing countries, including capacity-building for the formulation of trade policies, participation in trade negotiations and implementation of trade facilitation measures, as well as the diversification of export products through private sector involvement, including the development of small and medium-sized enterprises, with a view to increasing the competitiveness of the products of landlocked developing countries in export markets;",35,
un,2003/a/res/57/137#1,2003/a/res/57/137,A/RES/57/137,False,resolution,lookup,True,completed,,3,3,3,3,30.666666666666668,36,15,21,clear,"When was the United Nations Mission to Tokelau dispatched, and at whose invitation, according to the 2002 General Assembly resolution on Tokelau?","August 2002, at the invitation of the Government of New Zealand and the representatives of Tokelau",36,
un,2003/a/res/57/137#1,2003/a/res/57/137,A/RES/57/137,False,resolution,practitioner,True,completed,,3,3,3,0,27.666666666666668,33,15,18,repair,"When was the United Nations Mission to Tokelau dispatched, and at whose invitation?","Welcoming the dispatch in August 2002 of a United Nations Mission to Tokelau, at the invitation of the Government of New Zealand and the representatives of Tokelau,",,
un,2003/a/res/57/137#1,2003/a/res/57/137,A/RES/57/137,False,resolution,semantic,True,completed,,3,3,3,3,29.333333333333332,32,15,17,minor_issues,"What United Nations mission was dispatched to Tokelau in August 2002, and at whose invitation?","Welcoming the dispatch in August 2002 of a United Nations Mission to Tokelau, at the invitation of the Government of New Zealand and the representatives of Tokelau,",32,
un,2014/s/res/2140__2014_#13,2014/s/res/2140__2014_,S/RES/2140(2014),False,resolution,lookup,True,completed,,3,3,3,3,33.666666666666664,34,14,20,clear,What reporting deadline did the Security Council's 2014 resolution establishing the Yemen sanctions Committee set for its work?,To report within 60 days to the Security Council on its work and thereafter to report as deemed necessary by the Committee;,34,
un,2014/s/res/2140__2014_#13,2014/s/res/2140__2014_,S/RES/2140(2014),False,resolution,practitioner,True,completed,,3,3,3,3,32.666666666666664,34,15,19,minor_issues,What reporting schedule applied to the 2014 Yemen sanctions committee regarding its work?,To report within 60 days to the Security Council on its work and thereafter to report as deemed necessary by the Committee;,34,
un,2014/s/res/2140__2014_#13,2014/s/res/2140__2014_,S/RES/2140(2014),False,resolution,semantic,True,completed,,3,3,3,3,33,36,15,21,clear,How did the committee engage States and respond to suspected breaches of Yemen sanctions in 2014?,"(f) To encourage a dialogue between the Committee and interested Member States, in particular those in the region, including by inviting representatives of such States to meet with the Committee to discuss implementation of the measures;
(g) To seek from all States whatever information it may consider useful regarding the actions taken by them to implement effectively the measures imposed;
(h) To examine and take appropriate action on information regarding alleged violations or non-compliance with the measures contained in paragraphs 11 and 15;",36,
un,2004/a/c_2/58/sr_24#18,2004/a/c_2/58/sr_24,A/C.2/58/SR.24,True,meeting,lookup,True,completed,,3,3,3,3,33,36,15,21,clear,What intersectoral activities did UNIDO’s special programmes include in the 2003 Second Committee meeting record on science and technology for development?,"Those programmes included a series of intersectoral activities, such as developing competitive manufacturing capacities for products with a high export potential, building the capacity of technical support institutions and associations, upgrading enterprises through technology acquisition, creating an enabling environment through training and the introduction of working methods, and upgrading marketing capabilities.",36,
un,2004/a/c_2/58/sr_24#18,2004/a/c_2/58/sr_24,A/C.2/58/SR.24,True,meeting,practitioner,True,completed,,3,3,3,0,31.333333333333332,34,15,19,review,"What activities did UNIDO’s special programmes include to build developing countries’ policy-making, institutional and industrial capacities?","Those programmes included a series of intersectoral activities, such as developing competitive manufacturing capacities for products with a high export potential, building the capacity of technical support institutions and associations, upgrading enterprises through technology acquisition, creating an enabling environment through training and the introduction of working methods, and upgrading marketing capabilities.",,
un,2004/a/c_2/58/sr_24#18,2004/a/c_2/58/sr_24,A/C.2/58/SR.24,True,meeting,semantic,True,completed,,3,3,3,1,31,35,15,20,minor_issues,How were UNIDO’s special programmes designed to strengthen developing countries’ ability to meet market requirements and international standards?,"UNIDO had formulated special programmes to build those countries policy-making, institutional and industrial capacities and to help them to meet market requirements and international standards. Those programmes included a series of intersectoral activities, such as developing competitive manufacturing capacities for products with a high export potential, building the capacity of technical support institutions and associations, upgrading enterprises through technology acquisition, creating an enabling environment through training and the introduction of working methods, and upgrading marketing capabilities.",35,
un,2008/cd/pv_1097#14,2008/cd/pv_1097,CD/PV.1097,True,meeting,lookup,True,completed,,3,3,3,3,29,32,15,17,clear,"According to Ukraine's 2008 statement in the Conference on Disarmament plenary meeting record, what remained a threat to international peace and security?","The proliferation of weapons of mass destruction and their means of delivery, together with international terrorism, remain a threat to international peace and security.",32,
un,2008/cd/pv_1097#14,2008/cd/pv_1097,CD/PV.1097,True,meeting,practitioner,True,completed,,3,3,3,0,27.666666666666668,30,15,15,review,What approach did Ukraine say it was open to for breaking the Conference on Disarmament's impasse?,Ukraine is open to a constructive dialogue aimed at breaking the current impasse and getting the CD back to effective work.,,
un,2008/cd/pv_1097#14,2008/cd/pv_1097,CD/PV.1097,True,meeting,semantic,True,completed,,3,3,3,2,31,35,15,20,clear,What threats did Ukraine identify as especially serious in the 2008 global security environment?,"The proliferation of weapons of mass destruction and their means of delivery, together with international terrorism, remain a threat to international peace and security. Today's risks and challenges are much more diverse and multifaceted than decades ago, since they include a real possibility to use WMD or respective materials as a weapon of terror.",35,
un,2006/a/c_5/60/sr_64#14,2006/a/c_5/60/sr_64,A/C.5/60/SR.64,True,meeting,lookup,True,completed,,3,3,3,3,34,36,15,21,clear,"Which developments did Pakistan say UNAMA had critically supported, according to the 2006 Fifth Committee meeting record?","the implementation of the Bonn Agreement, the convening of the constitutional Loya Jirga, the conduct of provincial and presidential elections and the demobilization and reintegration of soldiers",36,
un,2006/a/c_5/60/sr_64#14,2006/a/c_5/60/sr_64,A/C.5/60/SR.64,True,meeting,practitioner,True,completed,,3,3,3,1,30,32,15,17,repair,Which Afghanistan processes did Pakistan say UNAMA had critically supported?,"Mr. Hussain (Pakistan) said that UNAMA had provided critical support for the implementation of the Bonn Agreement, the convening of the constitutional Loya Jirga, the conduct of provincial and presidential elections and the demobilization and reintegration of soldiers.",29,
un,2006/a/c_5/60/sr_64#14,2006/a/c_5/60/sr_64,A/C.5/60/SR.64,True,meeting,semantic,True,completed,,3,3,3,3,31.333333333333332,34,13,21,clear,"According to Pakistan in 2006, what factors were sustaining Afghanistan's instability and affecting neighbouring countries?","However, Pakistan remained concerned about recent developments and the ongoing instability in Afghanistan, which directly affected neighbouring countries such as itself.
Inadequate international support for economic rehabilitation and for extending security coverage beyond the capital had been a critical factor.
The continuing drug problem and the presence of regional warlords had kept Afghanistan in a state of perpetual instability.
Such issues were of concern for the Afghan people and for neighbouring countries.",34,
un,2001/cedaw/c/sr_451#4,2001/cedaw/c/sr_451,CEDAW/C/SR.451,True,meeting,lookup,True,completed,,3,3,3,2,31.666666666666668,38,15,23,clear,What border-control measures did the Committee ask Myanmar to explain regarding trafficking and women aged 16 to 25 on 21 January 2000?,"any practical measures taken to control trafficking in women along Myanmar's borders with its five neighbours, and, in particular, how the authorities enforced the prohibition on women between the ages of 16 and 25 years crossing the border unless accompanied by a legal guardian, in a situation where so many families were divided",38,
un,2001/cedaw/c/sr_451#4,2001/cedaw/c/sr_451,CEDAW/C/SR.451,True,meeting,practitioner,True,completed,,3,3,3,3,31.333333333333332,34,15,19,minor_issues,"What practical measures were sought to control trafficking along Myanmar's borders, including enforcement of the restriction on women between the ages of 16 and 25 years crossing the border?","She wished to know more about any practical measures taken to control trafficking in women along Myanmar's borders with its five neighbours, and, in particular, how the authorities enforced the prohibition on women between the ages of 16 and 25 years crossing the border unless accompanied by a legal guardian, in a situation where so many families were divided.",34,
un,2001/cedaw/c/sr_451#4,2001/cedaw/c/sr_451,CEDAW/C/SR.451,True,meeting,semantic,True,completed,,3,3,3,2,29.666666666666668,33,15,18,minor_issues,What border-control measures and enforcement details were sought regarding trafficking and divided families in Myanmar?,"She wished to know more about any practical measures taken to control trafficking in women along Myanmar's borders with its five neighbours, and, in particular, how the authorities enforced the prohibition on women between the ages of 16 and 25 years crossing the border unless accompanied by a legal guardian, in a situation where so many families were divided.",33,
un,2008/a/ac_109/2008/sr_2#1,2008/a/ac_109/2008/sr_2,A/AC.109/2008/SR.2,True,meeting,lookup,True,completed,,3,3,3,3,33.333333333333336,36,15,21,clear,"According to the Special Committee's 15 April 2008 summary record, what venue and dates did the Bureau recommend for the Pacific regional seminar?","holding the Pacific regional seminar in Bandung, Indonesia from 14 to 16 May 2008",36,
un,2008/a/ac_109/2008/sr_2#1,2008/a/ac_109/2008/sr_2,A/AC.109/2008/SR.2,True,meeting,practitioner,True,completed,,3,3,3,3,32,33,13,20,clear,Where and during what dates did the Committee decide to hold the Pacific regional seminar in 2008?,"The Chairman said that the Bureau of the Committee had recommended holding the Pacific regional seminar in Bandung, Indonesia from 14 to 16 May 2008.",33,
un,2008/a/ac_109/2008/sr_2#1,2008/a/ac_109/2008/sr_2,A/AC.109/2008/SR.2,True,meeting,semantic,True,completed,,2,2,2,2,35,37,15,22,clear,"How was the Special Committee’s official delegation to the 2008 Pacific seminar composed, and who would cover its travel costs?","Following consultations with the regional groups, the Bureau, at his recommendation, had agreed ad referendum that the Committee would be represented at the seminar by the Republic of the Congo and Ethiopia, on behalf of the Group of African States; the Syrian Arab Republic and India, on behalf of the Group of Asian States; Cuba and Dominica, on behalf of the Latin American and Caribbean Group of States; and the Russian Federation, on behalf of the Eastern European Group of States.
The United Nations would bear the costs of travel for the members of that delegation.",37,
un,2010/ccpr/c/sr_2695#25,2010/ccpr/c/sr_2695,CCPR/C/SR.2695,True,meeting,lookup,True,completed,,3,3,3,2,30.333333333333332,32,13,19,minor_issues,"According to the Human Rights Committee's 15 March 2010 summary record, how did the Chair propose revising and relocating paragraph 57 regarding alternative military service?","Therefore, for the purpose of informing States how the issue was to be dealt with, perhaps paragraph 57 should contain a reference to article 18, and the present paragraph 57 should be moved to the section covering article 18.",32,
un,2010/ccpr/c/sr_2695#25,2010/ccpr/c/sr_2695,CCPR/C/SR.2695,True,meeting,practitioner,True,completed,,2,2,2,1,32,33,14,19,minor_issues,"After Uzbekistan referred to alternative military service under article 8, what did the Chair propose for the draft text?","Therefore, for the purpose of informing States how the issue was to be dealt with, perhaps paragraph 57 should contain a reference to article 18, and the present paragraph 57 should be moved to the section covering article 18.",33,
un,2010/ccpr/c/sr_2695#25,2010/ccpr/c/sr_2695,CCPR/C/SR.2695,True,meeting,semantic,True,completed,,3,3,3,1,27.666666666666668,32,13,19,minor_issues,How did the Chair propose clarifying alternative military service in the guidelines on 15 March 2010?,"The Chair said that just a few days earlier, Uzbekistan had referred to alternative military service under article 8. Therefore, for the purpose of informing States how the issue was to be dealt with, perhaps paragraph 57 should contain a reference to article 18, and the present paragraph 57 should be moved to the section covering article 18.",32,
un,2007/gc_12/c_1/sr_1#10,2007/gc_12/c_1/sr_1,GC.12/C.1/SR.1,True,meeting,lookup,True,completed,,3,3,3,3,35.666666666666664,37,15,22,clear,"According to the LDC ministers’ draft declaration in the General Conference’s 4 December 2007 summary record, what did it call for regarding a special Trust Fund?","We call upon UNIDO to create a special Trust Fund for least developed countries, and urge donors to contribute generously to the Fund.",37,
un,2007/gc_12/c_1/sr_1#10,2007/gc_12/c_1/sr_1,GC.12/C.1/SR.1,True,meeting,practitioner,True,completed,,3,3,3,3,36,38,15,23,clear,"In the 2007 LDC Ministerial Declaration, what was UNIDO called upon to do under Aid for Trade and the Enhanced Integrated Framework?","We call upon UNIDO to work closely with countries engaged in the Framework process and, wherever possible, to act as an implementing agency, particularly concentrating in developing industrial capacity and standards and conformity related infrastructure.",38,
un,2007/gc_12/c_1/sr_1#10,2007/gc_12/c_1/sr_1,GC.12/C.1/SR.1,True,meeting,semantic,True,completed,,3,3,3,2,31.333333333333332,33,14,19,minor_issues,What role was UNIDO asked to play in the Enhanced Integrated Framework process in December 2007?,"We call upon UNIDO to work closely with countries engaged in the Framework process and, wherever possible, to act as an implementing agency, particularly concentrating in developing industrial capacity and standards and conformity related infrastructure.",33,
un,2006/cedaw/c/sr_724#18,2006/cedaw/c/sr_724,CEDAW/C/SR.724,True,meeting,lookup,True,completed,,3,3,3,3,33.333333333333336,36,15,21,clear,What did Ms. Zou say paragraph 129 failed to specify about land ownership and leasing rights in the Committee's 17 May 2006 summary record on Turkmenistan?,paragraph 129 of the report indicated neither the conditions that must be satisfied in order for individuals to own or lease land nor whether women and men enjoyed equal rights as lessees,36,
un,2006/cedaw/c/sr_724#18,2006/cedaw/c/sr_724,CEDAW/C/SR.724,True,meeting,practitioner,True,completed,,3,3,3,0,30.333333333333332,33,15,18,blocking,What measures was Turkmenistan asked to describe for ensuring rural women's access to reproductive-health information?,"Given the importance of reproductive health services, it would be helpful to know what measures the State was taking to ensure that rural women had access to information on reproductive health.",,
un,2006/cedaw/c/sr_724#18,2006/cedaw/c/sr_724,CEDAW/C/SR.724,True,meeting,semantic,True,completed,,3,3,3,3,33,34,15,19,minor_issues,What measures did the Committee ask Turkmenistan to describe for ensuring rural women access to reproductive-health information in May 2006?,"Given the importance of reproductive health services, it would be helpful to know what measures the State was taking to ensure that rural women had access to information on reproductive health.",34,
un,2005/cd/pv_983#13,2005/cd/pv_983,CD/PV.983,True,meeting,lookup,True,completed,,3,3,3,1,28.666666666666668,31,15,16,minor_issues,How did Algeria characterize the present international context in its 2005 statement to the Conference on Disarmament?,This context is very hostile to the disarmament endeavour.,31,
un,2005/cd/pv_983#13,2005/cd/pv_983,CD/PV.983,True,meeting,practitioner,True,completed,,2,2,2,1,27,31,15,16,minor_issues,What made the Chair’s task especially difficult in the 2005 Conference on Disarmament context?,"Your task is a very difficult one given the present international context and the outcome of the seventh Review Conference which you have described as dismal.
This context is very hostile to the disarmament endeavour.",31,
un,2005/cd/pv_983#13,2005/cd/pv_983,CD/PV.983,True,meeting,semantic,True,completed,,3,3,3,1,28.666666666666668,34,15,19,minor_issues,Why did Algeria characterize the Chair’s task as especially difficult during the 2005 Conference on Disarmament session?,"Your task is a very difficult one given the present international context and the outcome of the seventh Review Conference which you have described as dismal.
This context is very hostile to the disarmament endeavour.",34,
un,1998/gc_7/c_1/sr_5#16,1998/gc_7/c_1/sr_5,GC.7/C.1/SR.5,True,meeting,lookup,True,completed,,3,3,3,3,34.333333333333336,36,14,22,clear,"What did UNIDO’s Director, Personnel Services, say suspension of tax-reimbursement payments would require in the 1997 committee meeting record?",Suspension of payment would require the amendment of Staff Regulation 6.8.,36,
un,1998/gc_7/c_1/sr_5#16,1998/gc_7/c_1/sr_5,GC.7/C.1/SR.5,True,meeting,practitioner,True,completed,,3,3,3,2,32.666666666666664,34,14,20,minor_issues,What procedure and safeguard governed amendment of the UNIDO Staff Regulations?,"Staff Regulation 13.1 specified that the Staff Regulations might “be amended by the General Conference upon recommendation of the Industrial Development Board, without prejudice to the acquired rights of the staff”. So if the Staff Regulations were to be amended, such amendment had to be recommended by the Board and must not prejudice the acquired rights of staff members.",34,
un,1998/gc_7/c_1/sr_5#16,1998/gc_7/c_1/sr_5,GC.7/C.1/SR.5,True,meeting,semantic,True,completed,,3,3,2,0,28.666666666666668,35,15,20,review,"How could UNIDO Staff Regulations be amended, and what protection for staff members would apply?","Staff Regulation 13.1 specified that the Staff Regulations might “be amended by the General Conference upon recommendation of the Industrial Development Board, without prejudice to the acquired rights of the staff”.
So if the Staff Regulations were to be amended, such amendment had to be recommended by the Board and must not prejudice the acquired rights of staff members.",,
un,2006/ccw/conf_iii/sr_2#8,2006/ccw/conf_iii/sr_2,CCW/CONF.III/SR.2,True,meeting,lookup,True,completed,,3,3,3,3,30.333333333333332,33,15,18,minor_issues,"During the 2006 general exchange of views, what did Japan urge all States parties to demonstrate in the Third Review Conference meeting record regarding the Convention’s compliance mechanism?",the will to compromise and cooperate on a universally applicable mechanism to promote compliance with the Convention and its protocols,33,
un,2006/ccw/conf_iii/sr_2#8,2006/ccw/conf_iii/sr_2,CCW/CONF.III/SR.2,True,meeting,practitioner,True,completed,,3,3,3,1,25.666666666666668,28,13,15,minor_issues,What compliance mechanism did Japan urge States parties to pursue during the Third Review Conference?,Japan urged all States parties to demonstrate the will to compromise and cooperate on a universally applicable mechanism to promote compliance with the Convention and its protocols.,28,
un,2006/ccw/conf_iii/sr_2#8,2006/ccw/conf_iii/sr_2,CCW/CONF.III/SR.2,True,meeting,semantic,True,completed,,3,3,3,3,31,35,15,20,clear,What position did Ukraine take in 2006 on compliance with the Convention and strengthening its instruments?,"Ukraine remained committed to full compliance with the Convention and all its protocols and emphasized the need to increase their effectiveness, for the benefit of both combatants and civilians. He hoped that the instruments would be further strengthened in the global and regional efforts towards disarmament and arms control.",35,
un,2001/cd/pv_880#1,2001/cd/pv_880,CD/PV.880,True,meeting,lookup,True,completed,,3,3,3,3,29.666666666666668,32,15,17,minor_issues,What did the President ask delegations to do regarding the special coordinators’ questionnaires in the Conference on Disarmament’s 2001 plenary meeting record?,to consider the appropriateness of replying to the questionnaires prepared by the special coordinators and ... to participate as actively as possible in the consultations which are convened in that connection so as to lay the bases necessary for making headway on these matters,32,
un,2001/cd/pv_880#1,2001/cd/pv_880,CD/PV.880,True,meeting,practitioner,True,completed,,3,3,3,0,27.666666666666668,31,15,16,review,What did the President request delegations to do about the questionnaires prepared by the special coordinators and related consultations?,I will take this opportunity to ask delegations to consider the appropriateness of replying to the questionnaires prepared by the special coordinators and I would also ask them to participate as actively as possible in the consultations which are convened in that connection so as to lay the bases necessary for making headway on these matters.,,
un,2001/cd/pv_880#1,2001/cd/pv_880,CD/PV.880,True,meeting,semantic,True,completed,,3,3,3,3,33.333333333333336,34,15,19,clear,How did most delegations assess prospects for substantive progress in the Conference on Disarmament’s final weeks in 2001?,The great majority of delegations have indicated that they think it would be very difficult to make headway on substantive issues in these final weeks of the Conference's work.,34,
un,2010/a/cn_9/sr_917#10,2010/a/cn_9/sr_917,A/CN.9/SR.917,True,meeting,lookup,True,completed,,2,2,2,2,31,32,15,17,minor_issues,What reservations did the World Bank express about the Swiss proposal on bank resolutions in the Commission’s meeting record on directors’ and officers’ liability and bank resolutions?,"However, the World Bank had reservations about the timing of the proposal, and the appropriateness of the Commission as a forum.",32,
un,2010/a/cn_9/sr_917#10,2010/a/cn_9/sr_917,A/CN.9/SR.917,True,meeting,practitioner,True,completed,,3,3,3,1,31,34,14,20,minor_issues,What reservations did the World Bank express about the Swiss proposal on bank resolutions?,"However, the World Bank had reservations about the timing of the proposal, and the appropriateness of the Commission as a forum.",34,
un,2010/a/cn_9/sr_917#10,2010/a/cn_9/sr_917,A/CN.9/SR.917,True,meeting,semantic,True,completed,,2,2,2,0,30.5,31,14,17,blocking,Why did the World Bank particularly favor the United Kingdom proposals in its work on developing and emerging markets?,"Mr. Mokal (World Bank) said that while the World Bank supported both the United States and United Kingdom proposals, it had a particular preference for the latter in the context of its work in developing and emerging markets.
In virtually all the jurisdictions in which the World Bank was engaged, the issues touched on by the representative of INSOL International were key.
It was essential for legal systems to create incentives for directors and officers to take the right steps at the right time, and the proposals on liability put forward by the United Kingdom were highly relevant. It would assist the World Bank in its own work of suggesting improvements in legislation on liability if the Commission laid down standards on international best practice in that domain.",,
un,2003/a/58/pv_1#15,2003/a/58/pv_1,A/58/PV.1,True,meeting,lookup,True,completed,,3,3,3,3,30,32,14,18,minor_issues,What did Saint Lucia say the fifty-eighth-session general debate pronouncements would determine about Security Council reform in its opening address?,whether the political will exists to move reform forward,32,
un,2003/a/58/pv_1#15,2003/a/58/pv_1,A/58/PV.1,True,meeting,practitioner,True,completed,,3,3,3,0,29,32,14,18,blocking,What did Saint Lucia say would determine whether Security Council reform moved forward during the fifty-eighth session?,I expect that the pronouncements made on this issue in the general debate of the fifty-eighth session will determine whether the political will exists to move reform forward.,,
un,2003/a/58/pv_1#15,2003/a/58/pv_1,A/58/PV.1,True,meeting,semantic,True,completed,,3,3,3,3,30.333333333333332,35,14,21,minor_issues,What political test did Saint Lucia identify for advancing Security Council reform during the fifty-eighth session?,"On the issue of Security Council reform, we cannot retreat from taking a decision on this matter.
For more than a decade, we have deliberated on this issue and have made very little progress.
I expect that the pronouncements made on this issue in the general debate of the fifty-eighth session will determine whether the political will exists to move reform forward.",35,
un,2007/cedaw/c/sr_770_b_#18,2007/cedaw/c/sr_770_b_,CEDAW/C/SR(770.B),True,meeting,lookup,True,completed,,3,3,3,3,33.333333333333336,35,15,20,clear,"What affirmative-action measures did Colombia report introducing for women heads of household at the Committee’s 25 January 2007 meeting, as recorded in the meeting record?",including access to credit and to housing subsidies,35,
un,2007/cedaw/c/sr_770_b_#18,2007/cedaw/c/sr_770_b_,CEDAW/C/SR(770.B),True,meeting,practitioner,True,completed,,3,3,3,0,32.333333333333336,34,15,19,repair,What heavier burdens did Colombia report for female heads of household compared with male heads in 2007?,"While 80 per cent of male heads of household had a companion, most female heads of household lived alone, and therefore bore a heavier burden, both in terms of income level and in terms of childcare and household chores.",,
un,2007/cedaw/c/sr_770_b_#18,2007/cedaw/c/sr_770_b_,CEDAW/C/SR(770.B),True,meeting,semantic,True,completed,,3,3,3,3,33.333333333333336,35,15,20,clear,"During Colombia’s January 2007 CEDAW review, what support was introduced for women heads of household facing heavier financial and domestic burdens?","Affirmative action measures had therefore been introduced to protect such women, including access to credit and to housing subsidies.",35,
un,2002/a/c_4/57/sr_18#15,2002/a/c_4/57/sr_18,A/C.4/57/SR.18,True,meeting,lookup,True,completed,,3,3,3,3,29.333333333333332,33,13,20,minor_issues,What did the speaker claim about the Proyecto Varela initiative and the subsequent constitutional ratification in the 31 October 2002 summary record?,"The Proyecto Varela supposedly supported by some 11,000 Cubans, was in fact an American-inspired initiative. Moreover, 8.2 million Cubans had freely decided to ratify their Constitution shortly after the small Proyecto Varela group, sponsored by the United States interests section in Havana, had submitted its petition on constitutional reform, which was currently being reviewed by the appropriate constitutional authorities.",33,
un,2002/a/c_4/57/sr_18#15,2002/a/c_4/57/sr_18,A/C.4/57/SR.18,True,meeting,practitioner,True,completed,,3,3,3,0,27,27,13,14,review,"At the 31 October 2002 Fourth Committee meeting, what did the delegation say it had denounced regarding broadcasts against Cuba?","His delegation had not tried to politicize the debate; it had simply denounced, as in the past, the flagrant violations of international broadcasting norms which were committed daily against Cuba in the name of so-called freedom of information.",,
un,2002/a/c_4/57/sr_18#15,2002/a/c_4/57/sr_18,A/C.4/57/SR.18,True,meeting,semantic,True,completed,,3,3,3,0,33,34,14,20,review,What position did Cuba express about the Proyecto Varela initiative and the subsequent constitutional ratification in 2002?,"The Proyecto Varela supposedly supported by some 11,000 Cubans, was in fact an American-inspired initiative. Moreover, 8.2 million Cubans had freely decided to ratify their Constitution shortly after the small Proyecto Varela group, sponsored by the United States interests section in Havana, had submitted its petition on constitutional reform, which was currently being reviewed by the appropriate constitutional authorities.",,
un,2007/cedaw/c/sr_778#5,2007/cedaw/c/sr_778,CEDAW/C/SR.778,True,meeting,lookup,True,completed,,3,3,3,3,34,35,14,21,minor_issues,How did the Committee's 17 May 2007 summary record describe educational support for teenage mothers in Sierra Leone?,"Teenage mothers were readmitted to school, where they had the opportunity to learn parenting skills along with academic and technical subjects.",35,
un,2007/cedaw/c/sr_778#5,2007/cedaw/c/sr_778,CEDAW/C/SR.778,True,meeting,practitioner,True,completed,,3,3,3,3,33.666666666666664,35,15,20,minor_issues,"What did Sierra Leone report about the readmission of teenage mothers to school during the 2007 review, including the subjects available to them?","Teenage mothers were readmitted to school, where they had the opportunity to learn parenting skills along with academic and technical subjects.",35,
un,2007/cedaw/c/sr_778#5,2007/cedaw/c/sr_778,CEDAW/C/SR.778,True,meeting,semantic,True,completed,,3,3,3,3,34.666666666666664,36,15,21,clear,"How did Sierra Leone support teenage mothers and adults who had missed schooling during the 11-year war, as reported in May 2007?","Teenage mothers were readmitted to school, where they had the opportunity to learn parenting skills along with academic and technical subjects.
More opportunities were available for adult students, especially those who had missed the chance to go to school during the 11 years of war.",36,
un,2000/cd/pv_841#11,2000/cd/pv_841,CD/PV.841,True,meeting,lookup,True,completed,,3,3,3,1,31.666666666666668,36,15,21,repair,"What condition did the United Kingdom identify on 10 February 2000 in its Conference on Disarmament statement as preceding an effective, verifiable global ban on nuclear weapons?","In our view, it remains the case that before there can be an effective and verifiable ban on nuclear weapons globally, there must be confidence that no new fissile material for such weapons can be produced.",31,
un,2000/cd/pv_841#11,2000/cd/pv_841,CD/PV.841,True,meeting,practitioner,True,completed,,3,3,3,0,27,33,15,18,blocking,What condition was identified as necessary before an effective and verifiable global ban on nuclear weapons?,"In our view, it remains the case that before there can be an effective and verifiable ban on nuclear weapons globally, there must be confidence that no new fissile material for such weapons can be produced.",,
un,2000/cd/pv_841#11,2000/cd/pv_841,CD/PV.841,True,meeting,semantic,True,completed,,3,3,3,0,30,33,15,18,review,Why was an FMCT viewed as a foundation for achieving global nuclear disarmament?,"In our view, it remains the case that before there can be an effective and verifiable ban on nuclear weapons globally, there must be confidence that no new fissile material for such weapons can be produced. An FMCT would deliver such an assurance, and in so doing, put in place a vital foundation for the achievement of global nuclear disarmament.",,
un,1999/cedaw/c/sr_434#16,1999/cedaw/c/sr_434,CEDAW/C/SR.434,True,meeting,lookup,True,completed,,3,3,3,2,31.333333333333332,34,15,19,clear,What information did a Committee expert seek about Nepal’s gender management plan and institutional coordination in the 15 June 1999 summary record of its consideration of Nepal’s initial report?,"whether the Government had developed any gender management plan and, if so, how the various institutions would coordinate action under the plan",34,
un,1999/cedaw/c/sr_434#16,1999/cedaw/c/sr_434,CEDAW/C/SR.434,True,meeting,practitioner,True,completed,,3,3,3,3,31,33,15,18,minor_issues,"What international redress possibility was identified for Nepalese women, subject to exhaustion of domestic remedies and Government action?","Although no Nepalese woman had yet done so, the option of appealing for international redress under the Optional Protocol to the International Covenant on Civil and Political Rights, after the exhaustion of domestic remedies -- and soon under an Optional Protocol to the Convention -- was a distinct possibility unless the Government acted quickly to remedy the situation of women in the country.",33,
un,1999/cedaw/c/sr_434#16,1999/cedaw/c/sr_434,CEDAW/C/SR.434,True,meeting,semantic,True,completed,,3,3,3,2,31,33,15,18,minor_issues,What condition was identified as essential to achieving poverty alleviation in Nepal during the 1999 review?,"Poverty alleviation had to be the main goal, but if women were not brought into the process, it would not happen.",33,
un,2009/a/ac_109/2009/sr_7#4,2009/a/ac_109/2009/sr_7,A/AC.109/2009/SR.7,True,meeting,lookup,True,completed,,3,3,3,3,32.333333333333336,36,15,21,minor_issues,What did Tanzania’s representative say denial of the Saharawi people’s right to self-determination constituted in the Special Committee’s 16 June 2009 summary record on Western Sahara?,a human rights issue that should be taken up by the relevant organs of the United Nations,36,
un,2009/a/ac_109/2009/sr_7#4,2009/a/ac_109/2009/sr_7,A/AC.109/2009/SR.7,True,meeting,practitioner,True,completed,,3,3,3,2,33,35,15,20,clear,"In the Special Committee’s 16 June 2009 discussion of Western Sahara, how did Tanzania characterize denial of the Saharawi people’s self-determination?","Moreover, denial of that right constituted a human rights issue that should be taken up by the relevant organs of the United Nations.",35,
un,2009/a/ac_109/2009/sr_7#4,2009/a/ac_109/2009/sr_7,A/AC.109/2009/SR.7,True,meeting,semantic,True,completed,,3,3,3,3,34,35,15,20,clear,What role did Cuba assign the Committee in addressing Western Sahara as a decolonization issue in 2009?,Since the conflict in Western Sahara was a question of decolonization the Committee must play a central role in reviewing the issue.,35,
un,2008/s/2008/774#11,2008/s/2008/774,S/2008/774,False,letter,lookup,True,completed,,3,3,3,3,33.333333333333336,36,15,21,clear,What formal basis for regional cooperation did Serbia’s 11 December 2008 letter to the Security Council describe among the four war-crimes prosecutor offices?,"a formally established means of cooperation through Memoranda of Understanding signed between the Republic of Serbia and the Republic of Croatia, Bosnia and Herzegovina and Montenegro",36,
un,2008/s/2008/774#11,2008/s/2008/774,S/2008/774,False,letter,practitioner,True,completed,,3,3,3,0,32.666666666666664,33,15,18,repair,What assessment did Serbia report in its 11 December 2008 letter regarding the Belgrade War Crimes Chamber and Serbian War Crimes Prosecutor's Office?,Both the War Crimes Chamber of the Belgrade District Court and the Republic of Serbia Office of the War Crimes Prosecutor have shown high level of professionalism and technical capability for processing the aforementioned cases in accordance with the international legal standards. The aforesaid was confirmed by the OTP on numerous occasions.,,
un,2008/s/2008/774#11,2008/s/2008/774,S/2008/774,False,letter,semantic,True,completed,,3,3,3,3,32,36,15,21,clear,"How were regional prosecutorial contacts among Serbia, Montenegro, Croatia and Bosnia and Herzegovina formally supported in 2008?","It should also be stated that the War Crimes Prosecutor Offices from Serbia, Montenegro, Croatia, and Bosnia and Herzegovina have been maintaining regular contacts and implementing efforts in order to improve regional cooperation. These efforts are based on a formally established means of cooperation through Memoranda of Understanding signed between the Republic of Serbia and the Republic of Croatia, Bosnia and Herzegovina and Montenegro.",36,
un,2012/s/2012/718#7,2012/s/2012/718,S/2012/718,False,letter,lookup,True,completed,,3,3,3,2,32,35,14,21,clear,What locations did Sri Lanka's Government plan to use for tracing children separated from their parents in the Working Group's 2012 report?,"hospitals, children's homes and police posts through the country",35,
un,2012/s/2012/718#7,2012/s/2012/718,S/2012/718,False,letter,practitioner,True,completed,,3,3,3,0,28,30,13,17,blocking,What plan was the Government developing for children who had been separated from their parents in the final stages of the conflict?,"In particular, the Government was developing a plan to undertake tracing activities in hospitals, children's homes and police posts through the country;",,
un,2012/s/2012/718#7,2012/s/2012/718,S/2012/718,False,letter,semantic,True,completed,,3,3,3,2,30.333333333333332,32,15,17,minor_issues,"What progress was reported in Sri Lanka on child reintegration and tracing, and where would tracing occur?","Progress had been achieved in separating children from Tamil Makkal Viduthalai Pulikal (TMVP) and Liberation Tigers of Tamil Eelam (LTTE) and reintegrating them into society, and in tracing children who had been separated from their parents in the final stages of the conflict.
In particular, the Government was developing a plan to undertake tracing activities in hospitals, children's homes and police posts through the country;",32,
un,1998/s/1998/458#1,1998/s/1998/458,S/1998/458,False,letter,lookup,True,completed,,3,3,3,3,32,34,15,19,minor_issues,What did the European Union urge Pakistan and other States in the region to refrain from in the United Kingdom Permanent Representative’s 2 June 1998 letter to the Secretary-General transmitting the EU statement?,to refrain from further tests and the deployment of nuclear weapons or ballistic missiles,34,
un,1998/s/1998/458#1,1998/s/1998/458,S/1998/458,False,letter,practitioner,True,completed,,3,3,3,0,29.666666666666668,32,15,17,blocking,What did the European Union urge Pakistan and other States in the region to refrain from?,"We urge Pakistan, along with other States in the region, to refrain from further tests and the deployment of nuclear weapons or ballistic missiles.",,
un,1998/s/1998/458#1,1998/s/1998/458,S/1998/458,False,letter,semantic,True,completed,,3,3,3,3,32,35,15,20,clear,What restraint did the European Union seek from Pakistan and other regional States amid concern over South Asian nuclear and missile proliferation in 1998?,"We urge Pakistan, along with other States in the region, to refrain from further tests and the deployment of nuclear weapons or ballistic missiles.",35,
un,2004/s/2004/505#15,2004/s/2004/505,S/2004/505,False,letter,lookup,True,completed,,3,3,3,3,31.333333333333332,36,15,21,clear,"According to the April 2004 assessment of the Council's work attached to Germany's letter, who were the guest speakers at the 15 April public meeting on business's role in conflict prevention?","Guests speakers in the public meeting were the Secretary-General Kofi Annan, the World Bank President, the President and CEO of Siemens, Heinrich von Pierer, the President of the Economic and Social Council, Ambassador Marjatta Rasi, and the Chairman of the Advisory Groups of the Economic and Social Council for African countries emerging from conflict, Ambassador Dumisani Shadrak Kumalo.",36,
un,2004/s/2004/505#15,2004/s/2004/505,S/2004/505,False,letter,practitioner,True,completed,,3,3,3,2,35,38,15,23,clear,What initial implementation-reporting requirement applied to all Member States under the April 2004 resolution on non-proliferation of weapons of mass destruction?,"Under the terms of the resolution, all Member States are to submit, within the next six months, a first report on steps they have taken or intend to take to implement it.",38,
un,2004/s/2004/505#15,2004/s/2004/505,S/2004/505,False,letter,semantic,True,completed,,3,3,3,0,30.666666666666668,32,15,17,blocking,"Who addressed the Security Council’s 15 April 2004 public meeting on business’s role in conflict prevention, peacekeeping and post-conflict peace-building?","Guests speakers in the public meeting were the Secretary-General Kofi Annan, the World Bank President, the President and CEO of Siemens, Heinrich von Pierer, the President of the Economic and Social Council, Ambassador Marjatta Rasi, and the Chairman of the Advisory Groups of the Economic and Social Council for African countries emerging from conflict, Ambassador Dumisani Shadrak Kumalo.",,
un,2004/s/2004/674#6,2004/s/2004/674,S/2004/674,False,letter,lookup,True,completed,,3,3,3,2,34,36,15,21,clear,What arrangements concerning Darfur did the League of Arab States' August 2004 extraordinary-session resolution welcome?,"the joint communiqué issued on 3 July 2004 by the Government of the Sudan and the Secretary-General of the United Nations, including the establishment of a Joint Implementation Mechanism for the undertakings and commitments contained in the communiqué, and the Darfur Plan of Action signed on 5 August 2004 by the Minister for Foreign Affairs of the Sudan and the Special Representative of the Secretary-General of the United Nations to the Sudan",36,
un,2004/s/2004/674#6,2004/s/2004/674,S/2004/674,False,letter,practitioner,True,completed,,3,3,3,1,28,31,14,17,minor_issues,Which 3 July and 5 August 2004 Sudan-related instruments and implementation arrangement were welcomed concerning Darfur?,"Welcoming the joint communiqué issued on 3 July 2004 by the Government of the Sudan and the Secretary-General of the United Nations, including the establishment of a Joint Implementation Mechanism for the undertakings and commitments contained in the communiqué, and the Darfur Plan of Action signed on 5 August 2004 by the Minister for Foreign Affairs of the Sudan and the Special Representative of the Secretary-General of the United Nations,",31,
un,2004/s/2004/674#6,2004/s/2004/674,S/2004/674,False,letter,semantic,True,completed,,3,3,3,2,32.333333333333336,35,15,20,clear,"What position did the Arab League declaration adopt on Sudan’s sovereignty, territorial integrity and independence in August 2004?","Reaffirming its commitment to respect, and ensure respect for, the sovereignty, territorial integrity and independence of the Sudan, and calling on all States actively to affirm that commitment,",35,
eurlex,http://data.europa.eu/eli/dir/2010/42/art_2/oj,32010L0042,32010L0042,False,no_refs,fact_pattern,True,no_candidates,,0,0,0,0,,,,,,,,,Transposition and application-date provisions only
eurlex,http://data.europa.eu/eli/dir/2010/42/art_2/oj,32010L0042,32010L0042,False,no_refs,lookup,True,no_candidates,,0,0,0,0,,,,,,,,,boilerplate clause only
eurlex,http://data.europa.eu/eli/reg/2014/910/art_41/oj,32014R0910,32014R0910,False,no_refs,fact_pattern,True,completed,,3,3,3,2,35.666666666666664,37,15,22,repair,A German logistics company relies in a payment dispute on a qualified electronic time stamp attached to an electronic delivery record. What is presumed about the date and time shown and the integrity of the linked delivery data?,A qualified electronic time stamp shall enjoy the presumption of the accuracy of the date and the time it indicates and the integrity of the data to which the date and time are bound.,36,
eurlex,http://data.europa.eu/eli/reg/2014/910/art_41/oj,32014R0910,32014R0910,False,no_refs,lookup,True,completed,,3,3,3,3,35.333333333333336,36,15,21,minor_issues,What presumption does a qualified electronic time stamp create concerning the accuracy of its indicated date and time and the integrity of the data to which they are bound?,A qualified electronic time stamp shall enjoy the presumption of the accuracy of the date and the time it indicates and the integrity of the data to which the date and time are bound.,36,
eurlex,http://data.europa.eu/eli/reg/2011/1043/art_1/oj,32011R1043,32011R1043,False,no_refs,fact_pattern,True,completed,,3,3,3,3,32.666666666666664,33,14,19,minor_issues,"An Indian producer, Punjab Chemicals and Crop Protection Limited, ships anhydrous oxalic acid under CN code ex29171100 to the Union. What provisional anti-dumping duty rate applies to the net, free-at-Union-frontier price before duty?","22,8 %",33,
eurlex,http://data.europa.eu/eli/reg/2011/1043/art_1/oj,32011R1043,32011R1043,False,no_refs,lookup,True,completed,,3,3,3,3,37,40,15,25,clear,"For the provisional anti-dumping duty on imports of oxalic acid originating in India and the People’s Republic of China, what rate applies to the product manufactured by Punjab Chemicals and Crop Protection Limited?","22,8 %",40,
eurlex,http://data.europa.eu/eli/dir/2011/81/art_2/oj,32011L0081,32011L0081,False,no_refs,fact_pattern,True,no_candidates,,0,0,0,0,,,,,,,,,Boilerplate transposition and notification duties only
eurlex,http://data.europa.eu/eli/dir/2011/81/art_2/oj,32011L0081,32011L0081,False,no_refs,lookup,True,no_candidates,,0,0,0,0,,,,,,,,,boilerplate clause only
eurlex,http://data.europa.eu/eli/dir/2006/28/art_3/oj,32006L0028,32006L0028,False,no_refs,fact_pattern,True,no_candidates,,0,0,0,0,,,,,,,,,transposition and application-date provisions only
eurlex,http://data.europa.eu/eli/dir/2006/28/art_3/oj,32006L0028,32006L0028,False,no_refs,lookup,True,no_candidates,,0,0,0,0,,,,,,,,,boilerplate clause only
eurlex,http://data.europa.eu/eli/reg/2011/1077/art_14/oj,32011R1077,32011R1077,False,no_refs,fact_pattern,True,completed,,3,3,3,0,31.333333333333332,34,15,19,blocking,A deputy Chairperson's membership of the Management Board ends 14 months into the deputy's term of office. What happens to the deputy's term of office?,"If, however, their membership of the Management Board ends at any time during their term of office, their term of office shall automatically expire on that date also.",,
eurlex,http://data.europa.eu/eli/reg/2011/1077/art_14/oj,32011R1077,32011R1077,False,no_refs,lookup,True,completed,,3,3,3,3,37.333333333333336,38,15,23,clear,What is the term of office for the Chairperson and deputy Chairperson of the European Agency for the operational management of large-scale IT systems?,The term of office of the Chairperson and the deputy Chairperson shall be 2 years.,38,
eurlex,http://data.europa.eu/eli/reg/2011/1173/art_13/oj,32011R1173,32011R1173,False,no_refs,fact_pattern,True,no_candidates,,0,0,0,0,,,,,,,,,Commission review and reporting clause only
eurlex,http://data.europa.eu/eli/reg/2011/1173/art_13/oj,32011R1173,32011R1173,False,no_refs,lookup,True,no_candidates,,0,0,0,0,,,,,,,,,boilerplate review and reporting clauses only
eurlex,http://data.europa.eu/eli/reg/2005/1651/art_4/oj,32005R1651,32005R1651,False,no_refs,fact_pattern,True,completed,,3,3,3,3,34.666666666666664,37,15,22,clear,A sugar wholesaler wants to submit a tender in response to the first partial invitation to tender for white sugar held by the Hungarian intervention agency. What is the submission period?,"shall begin on 20 October 2005 and shall end on 26 October 2005 at 15.00, Brussels time",37,
eurlex,http://data.europa.eu/eli/reg/2005/1651/art_4/oj,32005R1651,32005R1651,False,no_refs,lookup,True,completed,,3,3,3,3,35.666666666666664,36,15,21,minor_issues,What is the submission window for tenders under the standing invitation to tender for the resale on the Community market of white sugar held by the Hungarian intervention agency's first partial invitation to tender?,"shall begin on 20 October 2005 and shall end on 26 October 2005 at 15.00, Brussels time",36,
eurlex,http://data.europa.eu/eli/reg/2010/1031/art_48/oj,32010R1031,32010R1031,False,no_refs,fact_pattern,True,completed,,2,2,2,2,34,36,15,21,clear,"A successful bidder at an auction of greenhouse gas emission allowances is due to receive part of the allowances, but the settlement system cannot deliver them because of circumstances outside its control. What must happen to the undelivered allowances and the bidder’s acceptance of delivery?",the settlement system shall deliver the allowances at the earliest opportunity and the successful bidders or their successors in title shall accept delivery at that later date,36,
eurlex,http://data.europa.eu/eli/reg/2010/1031/art_48/oj,32010R1031,32010R1031,False,no_refs,lookup,True,completed,,3,3,3,3,35,37,15,22,clear,"When a clearing system or settlement system cannot deliver auctioned allowances because of circumstances outside its control, by when must it make delivery?",at the earliest opportunity,37,
eurlex,http://data.europa.eu/eli/dir/2006/60/art_2/oj,32006L0060,32006L0060,False,no_refs,fact_pattern,True,no_candidates,,0,0,0,0,,,,,,,,,"Boilerplate transposition, application-date and communication clauses only"
eurlex,http://data.europa.eu/eli/dir/2006/60/art_2/oj,32006L0060,32006L0060,False,no_refs,lookup,True,no_candidates,,0,0,0,0,,,,,,,,,boilerplate clause only
eurlex,http://data.europa.eu/eli/reg/2014/312/art_16/oj,32014R0312,32014R0312,False,no_refs,fact_pattern,True,completed,,2,2,2,2,35,36,15,21,minor_issues,A gas transmission system operator at an interconnection point has daily and hourly nominations and re-nominations in use and consults stakeholders about harmonising submissions on both sides. Which impacts must the consultation consider?,financial impact on transmission system operators and network users; impact on cross-border trade; impact on the daily balancing regime at the interconnection point(s).,36,
eurlex,http://data.europa.eu/eli/reg/2014/312/art_16/oj,32014R0312,32014R0312,False,no_refs,lookup,True,completed,,3,3,3,2,33.666666666666664,35,15,20,clear,Which impacts must the consultation on harmonised nominations and re-nominations assess for gas balancing at an interconnection point?,"This consultation shall consider at least the following:

(a)
financial impact on transmission system operators and network users;

(b)
impact on cross-border trade;

(c)
impact on the daily balancing regime at the interconnection point(s).",35,
eurlex,http://data.europa.eu/eli/reg/2014/165/art_23/oj,32014R0165,32014R0165,False,no_refs,fact_pattern,True,completed,,3,3,3,2,35,36,14,22,clear,"An approved workshop remedied irregular functioning found during a tachograph inspection and prepared an inspection report. The Member State has decided that workshops retain such reports, and the national competent authority now requests the records. What must the workshop make available?",the reports of inspections and calibrations carried out during that period,36,
eurlex,http://data.europa.eu/eli/reg/2014/165/art_23/oj,32014R0165,32014R0165,False,no_refs,lookup,True,completed,,3,3,3,3,37.666666666666664,38,15,23,clear,How often must tachographs in road transport undergo regular inspection by approved workshops?,at least every two years,38,
eurlex,http://data.europa.eu/eli/reg/2011/492/art_17/oj,32011R0492,32011R0492,False,no_refs,fact_pattern,True,completed,,2,2,2,1,30,31,15,16,minor_issues,A Member State's employment ministry has supplied information about vacancies and applications and is participating with the Commission in the Union's system for matching them. How often and on what basis must the results be assessed jointly?,"On the basis of a report from the Commission drawn up from information supplied by the Member States, the latter and the Commission shall at least once a year analyse jointly the results of Union arrangements regarding vacancies and applications.",31,
eurlex,http://data.europa.eu/eli/reg/2011/492/art_17/oj,32011R0492,32011R0492,False,no_refs,lookup,True,completed,,2,2,2,2,32.5,35,15,20,clear,How often must the Member States and the Commission jointly analyse the results of Union arrangements regarding vacancies and applications?,at least once a year,35,
eurlex,http://data.europa.eu/eli/dir/2005/86/art_2/oj,32005L0086,32005L0086,False,no_refs,fact_pattern,True,no_candidates,,0,0,0,0,,,,,,,,,boilerplate transposition and notification provisions only
eurlex,http://data.europa.eu/eli/dir/2005/86/art_2/oj,32005L0086,32005L0086,False,no_refs,lookup,True,no_candidates,,0,0,0,0,,,,,,,,,boilerplate clause only
eurlex,http://data.europa.eu/eli/reg/2012/966/art_56/oj,32012R0966,32012R0966,False,no_refs,fact_pattern,True,no_candidates,,0,0,0,0,,,,,,,,,exercise-of-the-delegation clause
eurlex,http://data.europa.eu/eli/reg/2012/966/art_56/oj,32012R0966,32012R0966,False,no_refs,lookup,True,completed,,3,3,3,3,36.666666666666664,37,15,22,clear,What budget rules must Heads of Union Delegations apply when acting as subdelegated authorising officers of the Commission?,they shall apply the Commission rules for the implementation of the budget,37,
eurlex,http://data.europa.eu/eli/dir/2007/68/art_2/oj,32007L0068,32007L0068,False,no_refs,fact_pattern,True,no_candidates,,0,0,0,0,,,,,,,,,Boilerplate transposition and communication obligations only
eurlex,http://data.europa.eu/eli/dir/2007/68/art_2/oj,32007L0068,32007L0068,False,no_refs,lookup,True,no_candidates,,0,0,0,0,,,,,,,,,boilerplate clause only
eurlex,http://data.europa.eu/eli/dir_impl/2011/54/art_3/oj,32011L0054,32011L0054,False,no_refs,fact_pattern,True,no_candidates,,0,0,0,0,,,,,,,,,transposition and application-date provisions only
eurlex,http://data.europa.eu/eli/dir_impl/2011/54/art_3/oj,32011L0054,32011L0054,False,no_refs,lookup,True,no_candidates,,0,0,0,0,,,,,,,,,boilerplate clause only
eurlex,http://data.europa.eu/eli/dir/2004/66/art_2/oj,32004L0066,32004L0066,False,no_refs,fact_pattern,True,no_candidates,,0,0,0,0,,,,,,,,,boilerplate transposition and notification provisions only
eurlex,http://data.europa.eu/eli/dir/2004/66/art_2/oj,32004L0066,32004L0066,False,no_refs,lookup,True,no_candidates,,0,0,0,0,,,,,,,,,boilerplate clause only
eurlex,http://data.europa.eu/eli/reg/2008/1165/art_16/oj,32008R1165,32008R1165,False,no_refs,fact_pattern,True,completed,,1,1,1,1,35,35,15,20,minor_issues,"A national statistics office responsible for livestock and meat statistics produces forecasts twice a year for bovine animals, covering the period from the beginning of the first semester of the current year to the end of the first semester of the following year. By when must it transmit those forecasts to the Commission?",before 15 February,35,
eurlex,http://data.europa.eu/eli/reg/2008/1165/art_16/oj,32008R1165,32008R1165,False,no_refs,lookup,True,completed,,3,3,3,3,36.333333333333336,37,15,22,clear,What is the transmission deadline for livestock and meat statistics forecasts for sheep and goats covering the current year?,before 15 February,37,
eurlex,http://data.europa.eu/eli/reg_impl/2011/1008/art_1/oj,32011R1008,32011R1008,False,no_refs,fact_pattern,True,completed,,3,3,3,3,33.666666666666664,36,15,21,minor_issues,Ningbo Ruyi Joint Stock Co. Ltd produces hand pallet trucks in Zhejiang Province for import into the Union from the People’s Republic of China. What definitive anti-dumping duty rate applies to those imports?,"28,5 %",36,
eurlex,http://data.europa.eu/eli/reg_impl/2011/1008/art_1/oj,32011R1008,32011R1008,False,no_refs,lookup,True,completed,,3,3,3,3,37.333333333333336,38,15,23,clear,What characteristics define the hand pallet trucks subject to the definitive anti-dumping duty on imports of hand pallet trucks and their essential parts?,"trucks with wheels supporting lifting fork arms for handling pallets, designed to be manually pushed, pulled and steered, on smooth, level, hard surfaces, by a pedestrian operator using an articulated tiller. The hand pallet trucks are only designed to raise a load, by pumping the tiller, to a height sufficient for transporting and do not have any other additional functions or uses such as for example (i) to move and to lift the loads in order to place them higher or assist in storage of loads (highlifters); (ii) to stack one pallet above the other (stackers); (iii) to lift the load to a working level (scissorlifts); or (iv) to lift and to weigh the loads (weighing trucks).",38,
eurlex,http://data.europa.eu/eli/dir/2015/566/art_9/oj,32015L0566,32015L0566,False,no_refs,fact_pattern,True,no_candidates,,0,0,0,0,,,,,,,,,transposition clause only
eurlex,http://data.europa.eu/eli/dir/2015/566/art_9/oj,32015L0566,32015L0566,False,no_refs,lookup,True,no_candidates,,0,0,0,0,,,,,,,,,boilerplate clause only
eurlex,http://data.europa.eu/eli/reg/2009/193/art_1/oj,32009R0193,32009R0193,False,no_refs,fact_pattern,True,completed,,3,3,3,3,35,39,15,24,minor_issues,Cargill Inc. in Wayzata manufactures biodiesel in the United States of America for import into the Union. What provisional anti-dumping duty rate applies to its product?,"60,5 Euro per tonne net",39,
eurlex,http://data.europa.eu/eli/reg/2009/193/art_1/oj,32009R0193,32009R0193,False,no_refs,lookup,True,completed,,3,3,3,3,38,39,15,24,clear,What provisional anti-dumping duty rate applies to biodiesel imports originating in the United States of America manufactured by all other companies?,"182,4 Euro per tonne net",39,
eurlex,http://data.europa.eu/eli/reg_impl/2011/452/art_1/oj,32011R0452,32011R0452,False,no_refs,fact_pattern,True,completed,,3,3,3,3,36,37,15,22,clear,"Gold East Paper (Jiangsu) Co., Ltd in Jiangsu, People's Republic of China, manufactures coated fine paper weighing 100 g/m2 with brightness of 88 for export to the Union. What countervailing duty rate applies to the net, free-at-Union-frontier price before duty?",12 %,37,
eurlex,http://data.europa.eu/eli/reg_impl/2011/452/art_1/oj,32011R0452,32011R0452,False,no_refs,lookup,True,completed,,3,3,3,3,36.666666666666664,40,15,25,clear,"What definitive countervailing duty rate applies to coated fine paper originating in the People's Republic of China manufactured by Shangdong Chenming Paper Holdings Limited or Shouguang Chenming Art Paper Co., Ltd?",4 %,40,
eurlex,http://data.europa.eu/eli/reg/2014/912/art_8/oj,32014R0912,32014R0912,False,no_refs,fact_pattern,True,completed,,2,2,2,2,33.5,34,15,19,minor_issues,A Member State’s investment ministry receives a notice from a claimant stating its intention to initiate arbitration proceedings against that Member State under an international investment agreement. What must the ministry do?,it shall immediately notify the Commission,34,
eurlex,http://data.europa.eu/eli/reg/2014/912/art_8/oj,32014R0912,32014R0912,False,no_refs,lookup,True,completed,,3,3,3,3,33.666666666666664,34,15,19,minor_issues,Within what period must the Commission inform the European Parliament and the Council after receiving a notice of intention to initiate arbitration proceedings against the Union or a Member State?,within 15 working days of receiving the notice,34,
eurlex,http://data.europa.eu/eli/dir/2014/50/art_5/oj,32014L0050,32014L0050,False,no_refs,fact_pattern,True,completed,,3,3,3,0,29,30,15,15,blocking,"An outgoing worker’s accrued pension rights are adjusted over time in accordance with the inflation rate, and the worker’s rights have become dormant after the employment relationship ended. How must the value of those dormant rights be handled?",by adjusting the value of the dormant pension rights accordingly subject to any proportionate limit set by national law or agreed by the social partners,,
eurlex,http://data.europa.eu/eli/dir/2014/50/art_5/oj,32014L0050,32014L0050,False,no_refs,lookup,True,completed,,3,3,3,3,35.666666666666664,37,14,23,clear,Under what conditions may a supplementary pension scheme pay a capital sum instead of retaining the vested pension rights of an outgoing worker?,"Member States may allow supplementary pension schemes not to retain the vested rights of an outgoing worker but to pay, with the worker's informed consent, including as regards applicable charges, a capital sum equivalent to the value of the vested pension rights to the outgoing worker, as long as the value of the vested pension rights does not exceed a threshold established by the Member State concerned.",37,
eurlex,http://data.europa.eu/eli/dir/2014/59/art_77/oj,32014L0059,32014L0059,False,no_refs,fact_pattern,True,completed,,3,3,3,3,35.333333333333336,37,15,22,minor_issues,A resolution authority handling a credit institution under resolution needs to ensure the availability of its covered deposits. Those deposits form part of a title transfer financial collateral arrangement that also includes other assets and liabilities. May the authority transfer the covered deposits without transferring the other assets and liabilities in that arrangement?,"transfer covered deposits which are part of any of the arrangements mentioned in paragraph 1 without transferring other assets, rights or liabilities that are part of the same arrangement",37,
eurlex,http://data.europa.eu/eli/dir/2014/59/art_77/oj,32014L0059,32014L0059,False,no_refs,lookup,True,completed,,3,3,3,3,34.666666666666664,37,15,22,clear,Under what condition may the resolution authority transfer covered deposits that form part of a title transfer financial collateral arrangement without transferring the other assets in that arrangement?,where necessary in order to ensure availability of the covered deposits,37,
eurlex,http://data.europa.eu/eli/reg_impl/2011/1333/art_11/oj,32011R1333,32011R1333,False,no_refs,fact_pattern,True,completed,,3,3,3,2,31.666666666666668,35,15,20,clear,"A Portuguese agricultural authority is preparing the notification for the January to April reporting period concerning Union-produced bananas marketed in Madeira, the Azores and the Algarve. By when must the notification be made?",at the latest by the fifteenth day of the second month following the reporting period,35,
eurlex,http://data.europa.eu/eli/reg_impl/2011/1333/art_11/oj,32011R1333,32011R1333,False,no_refs,lookup,True,completed,,3,3,3,3,37,38,15,23,clear,By what deadline must Member States make banana-sector notifications for each reporting period?,at the latest by the fifteenth day of the second month following the reporting period,38,
eurlex,http://data.europa.eu/eli/reg_impl/2012/282/art_1/oj,32012R0282,32012R0282,False,no_refs,fact_pattern,True,completed,,1,1,1,0,30,30,14,16,review,A fishery cooperative is required to provide a security for a measure concerning fishery and aquaculture products under the common organisation of markets rules. Which EU rules govern that security?,"This Regulation lays down the rules governing securities to be provided, either under the following regulations or under any regulations adopted pursuant to those regulations, unless other rules are laid down by those regulations:

(a)
regulations laying down the common organisation of markets in certain agricultural products:

Regulation (EC) No 104/2000 (fishery and aquaculture products)",,
eurlex,http://data.europa.eu/eli/reg_impl/2012/282/art_1/oj,32012R0282,32012R0282,False,no_refs,lookup,True,completed,,2,2,2,2,33,36,15,21,clear,Which regulations are covered by the common rules for securities for agricultural products?,"Regulation (EC) No 104/2000 (fishery and aquaculture products), Regulation (EC) No 1234/2007 (Single CMO Regulation), Regulation (EC) No 73/2009 (direct support schemes), and Regulation (EC) No 1216/2009 (trade arrangements applicable to certain goods resulting from the processing of agricultural products).",36,
eurlex,http://data.europa.eu/eli/reg_impl/2012/1081/art_10/oj,32012R1081,32012R1081,False,no_refs,fact_pattern,True,completed,,3,3,3,2,32.666666666666664,35,13,22,clear,A museum owns a painting that it temporarily sends from the Union to a third country several times a year for exhibition. Can it obtain a specific open licence for the painting?,"Specific open licences may be issued for a specific cultural good which is liable to be temporarily exported from the Union on a regular basis for use and/or exhibition in a third country. The cultural good must be owned by, or be in the legitimate possession of, the particular person or organisation that uses and/or exhibits the good.",35,
eurlex,http://data.europa.eu/eli/reg_impl/2012/1081/art_10/oj,32012R1081,32012R1081,False,no_refs,lookup,True,completed,,3,3,3,3,36,37,15,22,clear,What must the authorities be satisfied about before issuing a specific open licence for a cultural good?,A licence may only be issued provided the authorities are convinced that the person or organisation concerned offers all the guarantees considered necessary for the good to be returned in good condition to the Union and that the good can be so described or marked that there will be no doubt at the moment of temporary export that the good being exported is that described in the specific open licence.,37,
eurlex,http://data.europa.eu/eli/reg/2006/1906/art_50/oj,32006R1906,32006R1906,False,no_refs,fact_pattern,True,completed,,3,3,3,3,36.333333333333336,37,15,22,clear,"A university and a research centre are participants in the same indirect action, and the university needs the research centre's foreground to use its own foreground. On what terms must the access be granted?","Subject to agreement, such access rights shall be granted either under fair and reasonable conditions or be royalty-free.",37,
eurlex,http://data.europa.eu/eli/reg/2006/1906/art_50/oj,32006R1906,32006R1906,False,no_refs,lookup,True,completed,,3,3,3,3,34,37,15,22,clear,Whose agreement is required before a RTD performer receives access to foreground for pursuing further research activities?,Subject to the agreement of all the owners concerned,37,
eurlex,http://data.europa.eu/eli/reg/2007/520/art_24/oj,32007R0520,32007R0520,False,no_refs,fact_pattern,True,completed,,3,3,3,2,32,33,15,18,minor_issues,A national fisheries authority is preparing the submission for a 500-metric-tonne vessel flying its flag that has applied for a DML for the whole of the following year. What must the certificate for that vessel state?,a certificate stating that the vessel has all the proper gears and equipment to protect dolphins and that its captain has completed an approved training course on rescuing and releasing dolphins,33,
eurlex,http://data.europa.eu/eli/reg/2007/520/art_24/oj,32007R0520,32007R0520,False,no_refs,lookup,True,completed,,3,3,3,0,32.333333333333336,34,15,19,blocking,What must the certificate state for each vessel requesting a DML?,that the vessel has all the proper gears and equipment to protect dolphins and that its captain has completed an approved training course on rescuing and releasing dolphins,,
eurlex,http://data.europa.eu/eli/dir/2005/9/art_2/oj,32005L0009,32005L0009,False,no_refs,fact_pattern,True,no_candidates,,0,0,0,0,,,,,,,,,Boilerplate transposition and notification provisions only
eurlex,http://data.europa.eu/eli/dir/2005/9/art_2/oj,32005L0009,32005L0009,False,no_refs,lookup,True,no_candidates,,0,0,0,0,,,,,,,,,boilerplate clause only
eurlex,http://data.europa.eu/eli/reg/2014/788/art_20/oj,32014R0788,32014R0788,False,no_refs,fact_pattern,True,completed,,3,3,3,0,32.333333333333336,33,15,18,blocking,A recognised organisation has received a Commission decision imposing a measure against it and wants to challenge that decision. What must the organisation be told about its legal options?,the judicial remedies available to it,,
eurlex,http://data.europa.eu/eli/reg/2014/788/art_20/oj,32014R0788,32014R0788,False,no_refs,lookup,True,completed,,3,3,3,3,36,37,15,22,clear,To whom must the Commission send its decision in proceedings concerning a recognised ship inspection and survey organisation?,The Commission shall notify its decision to the European Maritime Safety Agency and to the Member States for information.,37,
eurlex,http://data.europa.eu/eli/reg/2011/333/art_2/oj,32011R0333,32011R0333,False,no_refs,fact_pattern,True,completed,,3,3,3,3,31.333333333333332,32,15,17,minor_issues,A Belgian recycling company is in possession of aluminium scrap that has ceased to be waste. Does the company fall within the defined category of a holder?,the natural or legal person who is in possession of scrap metal,32,
eurlex,http://data.europa.eu/eli/reg/2011/333/art_2/oj,32011R0333,32011R0333,False,no_refs,lookup,True,completed,,3,3,3,3,35,36,15,21,clear,Which persons qualify as importers of scrap metal which has ceased to be waste?,any natural or legal person established within the Union who introduces scrap metal which has ceased to be waste into the customs territory of the Union,36,
eurlex,http://data.europa.eu/eli/dir/2014/65/art_36/oj,32014L0065,32014L0065,False,no_refs,fact_pattern,True,completed,,2,2,2,2,33.5,35,15,20,minor_issues,"A French investment firm authorised to execute client orders seeks access to a regulated market established in Germany, whose trading procedures and systems do not require a physical presence to conclude transactions. By what arrangement may it access that market without establishing itself in Germany?","by becoming remote members of or having remote access to the regulated market without having to be established in the home Member State of the regulated market, where the trading procedures and systems of the market in question do not require a physical presence for conclusion of transactions on the market",35,
eurlex,http://data.europa.eu/eli/dir/2014/65/art_36/oj,32014L0065,32014L0065,False,no_refs,lookup,True,completed,,3,3,3,3,34.666666666666664,36,15,21,clear,Through what arrangements may investment firms from other Member States authorised to execute client orders or to deal on own account obtain membership of or access to regulated markets established in the host Member States?,"(a) directly, by setting up branches in the host Member States; (b) by becoming remote members of or having remote access to the regulated market without having to be established in the home Member State of the regulated market, where the trading procedures and systems of the market in question do not require a physical presence for conclusion of transactions on the market",36,
eurlex,http://data.europa.eu/eli/reg_del/2013/811/art_1/oj,32013R0811,32013R0811,False,no_refs,fact_pattern,True,completed,,3,3,3,3,34,35,15,20,clear,A supplier is preparing energy-label documentation for a combination heater with a rated heat output of 65 kW. Is this type of product within the energy-labelling regime?,combination heaters with a rated heat output ≤ 70 kW,35,
eurlex,http://data.europa.eu/eli/reg_del/2013/811/art_1/oj,32013R0811,32013R0811,False,no_refs,lookup,True,completed,,3,3,3,3,37.666666666666664,38,15,23,clear,What rated heat-output limit applies to space heaters and combination heaters subject to the energy-labelling requirements?,with a rated heat output ≤ 70 kW,38,
eurlex,http://data.europa.eu/eli/reg/2009/1072/art_1/oj,32009R1072,32009R1072,False,no_refs,fact_pattern,True,completed,,3,3,3,3,33.666666666666664,35,15,20,minor_issues,A Romanian haulier is paid to carry goods by road from France to Belgium. Does this journey fall within the EU rules for international road haulage?,This Regulation shall apply to the international carriage of goods by road for hire or reward for journeys carried out within the territory of the Community.,35,
eurlex,http://data.europa.eu/eli/reg/2009/1072/art_1/oj,32009R1072,32009R1072,False,no_refs,lookup,True,completed,,3,3,3,3,35.666666666666664,37,15,22,clear,Do the EU rules on access to the international road haulage market apply to national carriage of goods by road undertaken temporarily by a non-resident haulier?,This Regulation shall apply to the national carriage of goods by road undertaken on a temporary basis by a non-resident haulier as provided for in Chapter III.,37,
eurlex,http://data.europa.eu/eli/reg/2005/1572/art_4/oj,32005R1572,32005R1572,False,no_refs,fact_pattern,True,completed,,3,3,3,3,37.333333333333336,39,15,24,clear,A grain trader wants to bid for rye held by the German intervention agency for resale on the Spanish market and is preparing a tender for the first partial invitation. When does that invitation expire?,15.00 (Brussels time) on 5 October 2005,39,
eurlex,http://data.europa.eu/eli/reg/2005/1572/art_4/oj,32005R1572,32005R1572,False,no_refs,lookup,True,completed,,3,3,3,3,36,37,15,22,clear,When does the first partial invitation to tender for the resale on the Spanish market of rye held by the German intervention agency expire?,at 15.00 (Brussels time) on 5 October 2005,37,
eurlex,http://data.europa.eu/eli/reg/2013/1290/art_57/oj,32013R1290,32013R1290,False,no_refs,fact_pattern,True,completed,,2,2,2,1,33.5,36,15,21,clear,A participant in an action under the preceding EU research framework programme signs its grant agreement on 15 January 2014. What must the participant do regarding the participant Guarantee Fund?,shall make their contribution to the Fund,36,
eurlex,http://data.europa.eu/eli/reg/2013/1290/art_57/oj,32013R1290,32013R1290,False,no_refs,lookup,True,completed,,3,3,3,1,31.333333333333332,35,15,20,clear,"As of what date are sums from the participant Guarantee Fund, together with its rights and obligations, transferred to the Fund?",as of 31 December 2013,35,
eurlex,http://data.europa.eu/eli/reg/2013/1381/art_5/oj,32013R1381,32013R1381,False,no_refs,fact_pattern,True,completed,,3,3,3,2,33,35,15,20,minor_issues,"An NGO applying for funding under an EU rights, equality and citizenship programme proposes to collect data and statistics and develop a common methodology on access to justice. What type of action does this proposal represent?","analytical activities, such as the collection of data and statistics; the development of common methodologies",35,
eurlex,http://data.europa.eu/eli/reg/2013/1381/art_5/oj,32013R1381,32013R1381,False,no_refs,lookup,True,completed,,3,3,3,3,38,39,15,24,clear,"What analytical activities may the Rights, Equality and Citizenship Programme finance?","analytical activities, such as the collection of data and statistics; the development of common methodologies and, where appropriate, indicators or benchmarks; studies, researches, analyses and surveys; evaluations; the elaboration and publication of guides, reports and educational material; workshops, seminars, experts' meetings and conferences",39,
eurlex,http://data.europa.eu/eli/reg/2007/1386/art_55/oj,32007R1386,32007R1386,False,one_ref,fact_pattern,True,completed,,2,2,2,2,33,33,14,19,minor_issues,"A fishing vessel operating in the Regulatory Area of the Northwest Atlantic Fisheries Organization was re-routed to a designated port after being suspected of a serious infringement, and an inspector from another Contracting Party wants to attend. What inspection arrangements apply on the vessel's arrival?",the vessel suspected of having committed a serious infringement shall undergo a thorough inspection under the authority of its flag Member State and in the presence of an inspector from any other Contracting Party which wishes to participate. The port inspection report in Annex XII shall be used.,33,
eurlex,http://data.europa.eu/eli/reg/2007/1386/art_55/oj,32007R1386,32007R1386,False,one_ref,lookup,True,completed,,3,3,3,3,36.666666666666664,38,15,23,clear,What must the flag Member State promptly communicate to the Commission after inspecting a vessel suspected of a serious infringement in the Regulatory Area of the Northwest Atlantic Fisheries Organisation?,"the outcome of the thorough inspection and of the measures it has adopted as a result of the infringement, including measures taken to prevent a repetition of the infringement",38,
eurlex,http://data.europa.eu/eli/reg/2009/436/art_36/oj,32009R0436,32009R0436,False,one_ref,fact_pattern,True,completed,,3,3,3,3,34.333333333333336,37,15,22,clear,A wine producer is required to keep entry and withdrawal registers and has made an annotation for a consignment of wine delivered to its premises. What supporting material must it be able to present for that annotation?,"a document which has accompanied the relevant consignment or any other supporting document, in particular a commercial document",37,
eurlex,http://data.europa.eu/eli/reg/2009/436/art_36/oj,32009R0436,32009R0436,False,one_ref,lookup,True,completed,,3,3,3,3,36,38,15,23,clear,What supporting document must persons keeping entry and withdrawal registers for wine products be able to present for each register annotation?,"a document which has accompanied the relevant consignment or any other supporting document, in particular a commercial document",38,
eurlex,http://data.europa.eu/eli/dir/2006/112/art_111/oj,32006L0112,32006L0112,False,one_ref,fact_pattern,True,completed,,2,2,2,2,27.5,29,14,15,minor_issues,A Finnish publisher supplies periodicals sold by subscription to readers. Is this one of the categories for which an exemption with deductibility of the VAT paid at the preceding stage may continue to be granted?,by Finland in respect of the supply of newspapers and periodicals sold by subscription,29,
eurlex,http://data.europa.eu/eli/dir/2006/112/art_111/oj,32006L0112,32006L0112,False,one_ref,lookup,True,completed,,3,3,3,2,31.333333333333332,34,15,19,minor_issues,Which Finnish supplies may continue to be granted VAT exemptions with deductibility of the VAT paid at the preceding stage?,by Finland in respect of the supply of newspapers and periodicals sold by subscription and the printing of publications distributed to the members of corporations for the public good,34,
eurlex,http://data.europa.eu/eli/reg_del/2013/231/art_43/oj,32013R0231,32013R0231,False,one_ref,fact_pattern,True,completed,,3,3,3,2,34,36,15,21,minor_issues,"An AIFM pays risk-management staff bonuses according to the returns of the business area where they work, rather than according to risk-management objectives. How must their remuneration be structured?","the remuneration of those engaged in the performance of the risk management function reflects the achievement of the objectives linked to the risk management function, independently of the performance of the business areas in which they are engaged",36,
eurlex,http://data.europa.eu/eli/reg_del/2013/231/art_43/oj,32013R0231,32013R0231,False,one_ref,lookup,True,completed,,3,3,3,2,32,33,15,18,minor_issues,"What must the remuneration of personnel performing an AIFM's risk management function reflect, regardless of the performance of their business areas?","the achievement of the objectives linked to the risk management function, independently of the performance of the business areas in which they are engaged",33,
eurlex,http://data.europa.eu/eli/reg/2006/1083/art_47/oj,32006R1083,32006R1083,False,few_refs,fact_pattern,True,completed,,3,3,3,1,34.333333333333336,38,15,23,clear,A managing authority is preparing the budget for an evaluation of an operational programme supported by the Funds. Which budget must finance the evaluation?,the budget for technical assistance,38,
eurlex,http://data.europa.eu/eli/reg/2006/1083/art_47/oj,32006R1083,32006R1083,False,few_refs,lookup,True,completed,,3,3,3,3,33.333333333333336,35,15,20,minor_issues,From which budget must evaluations of assistance from the Funds be financed?,the budget for technical assistance,35,
eurlex,http://data.europa.eu/eli/reg_impl/2014/181/art_5/oj,32014R0181,32014R0181,False,few_refs,fact_pattern,True,completed,,3,3,3,3,33.333333333333336,35,15,20,minor_issues,An operator applying for certificates under the smaller Aegean islands supply arrangements has warehouse and distribution records showing its actual capacity to dispose of the products concerned. How must the operator determine the scale of its certificate applications?,"submit certificate applications commensurate with their real capacity to dispose of the products concerned, such capacity being proven by reference to objective factors",35,
eurlex,http://data.europa.eu/eli/reg_impl/2014/181/art_5/oj,32014R0181,32014R0181,False,few_refs,lookup,True,completed,,3,3,3,3,36.666666666666664,38,15,23,clear,What commercial information must operators participating in the specific supply arrangements for agriculture in favour of the smaller Aegean islands communicate on request to qualify for entry in the register of operators?,"communicate to the competent authorities, at their request, all relevant information about their commercial activities, particularly regarding the prices and profit margins they practise",38,
eurlex,http://data.europa.eu/eli/reg/2009/1130/art_22/oj,32009R1130,32009R1130,False,few_refs,fact_pattern,True,completed,,3,3,3,2,32.666666666666664,36,15,21,clear,"An intervention-products operator has sent goods to another Member State for processing, after which they will cross a third Member State before export. When a further control copy is issued, what additional information must be entered in its box 106?",the registration number and date of issue of the preceding document and the name of the authority that issued it,36,
eurlex,http://data.europa.eu/eli/reg/2009/1130/art_22/oj,32009R1130,32009R1130,False,few_refs,lookup,True,completed,,3,3,3,3,36,37,15,22,clear,What additional information must be entered in box 106 of T5 control copies issued for the onward movement of processed products from intervention?,the registration number and date of issue of the preceding document and the name of the authority that issued it,37,
eurlex,http://data.europa.eu/eli/dir/2014/26/art_2/oj,32014L0026,32014L0026,False,many_refs,fact_pattern,True,completed,,3,3,3,2,32.666666666666664,35,15,20,minor_issues,A company is partly owned by a collective management organisation established in the Union and carries out licensing administration that would be subject to the EU copyright-management rules if performed by that organisation itself. Do the relevant provisions apply to the company?,"The relevant provisions of this Directive apply to entities directly or indirectly owned or controlled, wholly or in part, by a collective management organisation, provided that such entities carry out an activity which, if carried out by the collective management organisation, would be subject to the provisions of this Directive.",35,
eurlex,http://data.europa.eu/eli/dir/2014/26/art_2/oj,32014L0026,32014L0026,False,many_refs,lookup,True,completed,,3,3,3,3,36.333333333333336,37,15,22,clear,Which provisions of the collective copyright management regime apply to all independent management entities established in the Union?,"Article 16(1), Articles 18 and 20, points (a), (b), (c), (e), (f) and (g) of Article 21(1) and Articles 36 and 42",37,
eurlex,http://data.europa.eu/eli/reg/2012/493/art_3/oj,32012R0493,32012R0493,False,many_refs,fact_pattern,True,completed,,3,3,3,3,35.666666666666664,37,15,22,clear,"A recycler processes waste lead-acid batteries through crushing at one facility and smelting at another, but plans to report only the output from the final facility. What must its recycling-efficiency reporting cover?",all individual steps of recycling and all corresponding output fractions,37,
eurlex,http://data.europa.eu/eli/reg/2012/493/art_3/oj,32012R0493,32012R0493,False,many_refs,lookup,True,completed,,3,3,3,3,36.333333333333336,38,15,23,clear,By what date must recyclers of waste batteries and accumulators submit their first annual reports?,no later than the 30 April 2015,38,
eurlex,http://data.europa.eu/eli/reg/2014/1141/art_16/oj,32014R1141,32014R1141,False,many_refs,fact_pattern,True,completed,,3,3,3,3,36.333333333333336,37,15,22,clear,"A European political party has been removed from the Register, and the decision is published in the Official Journal of the European Union. The party has not asked for a shorter period. When does it lose its European legal personality?",The decision shall enter into force three months after such publication unless the European political party or the European political foundation concerned requests a shorter period.,37,
eurlex,http://data.europa.eu/eli/reg/2014/1141/art_16/oj,32014R1141,32014R1141,False,many_refs,lookup,True,completed,,3,3,3,3,37,38,15,23,clear,What must a Member State's duly reasoned de-registration request concerning a European political party or European political foundation identify when the entity has seriously failed to fulfil relevant obligations under applicable national law?,The request must identify precisely and exhaustively the illegal actions and the specific national requirements that have not been complied with.,38,
