corpus,target_id,document_id,symbol,is_meeting,stratum,mode,eligible,status,error,candidate_count,graded_count,grounded_count,audit_clear_count,mean_candidate_score,best_score,best_faithfulness,best_quality,best_audit_status,best_question,best_answer,audit_clear_best_score,generation_skip_reason
un,2002/a/res/56/150#3,2002/a/res/56/150,A/RES/56/150,False,resolution,lookup,True,completed,,1,1,1,1,36,36,15,21,clear,"According to the General Assembly's resolution on the right to development, what does the realization of the right to development require at the national and international levels?",effective development policies at the national level as well as equitable economic relations and a favourable economic environment at the international level,36,
un,2002/a/res/56/150#3,2002/a/res/56/150,A/RES/56/150,False,resolution,practitioner,True,completed,,2,2,2,2,36.5,37,15,22,clear,A UN development-policy team is assessing the right to development. What conditions does the General Assembly identify as necessary for its realization?,effective development policies at the national level as well as equitable economic relations and a favourable economic environment at the international level,37,
un,2002/a/res/56/150#3,2002/a/res/56/150,A/RES/56/150,False,resolution,conceptual,True,completed,,3,3,3,1,37.666666666666664,40,15,25,clear,How did the General Assembly link good governance objectives to the international economic order?,"Underlining the fact that meeting the objectives of good governance also depends on good governance at the international level and on transparency in the financial, monetary and trading systems and an open, equitable, rules-based, predictable and non-discriminatory multilateral trading and financial system,",40,
un,2002/a/res/56/150#3,2002/a/res/56/150,A/RES/56/150,False,resolution,comparison,True,completed,,1,1,1,1,36,36,15,21,clear,"In General Assembly resolution 56/150 on the right to development, how are national-level development policies compared with international economic relations and the economic environment in relation to realizing the right to development?","Underlining also the fact that the realization of the right to development requires effective development policies at the national level as well as equitable economic relations and a favourable economic environment at the international level,",36,
un,2002/a/res/56/150#3,2002/a/res/56/150,A/RES/56/150,False,resolution,claim_verification,True,completed,,1,1,1,1,31,31,15,16,minor_issues,"In its consideration of the right to development, did the General Assembly underline that meeting the objectives of good governance depends on good governance at the international level and on transparency in financial, monetary and trading systems?","Underlining the fact that meeting the objectives of good governance also depends on good governance at the international level and on transparency in the financial, monetary and trading systems and an open, equitable, rules-based, predictable and non-discriminatory multilateral trading and financial system,",31,
un,2002/a/res/56/150#3,2002/a/res/56/150,A/RES/56/150,False,resolution,source_finding,True,completed,,1,1,1,1,37,37,15,22,clear,"Which General Assembly resolution underlines that good governance depends on transparency in financial, monetary and trading systems and an open, equitable, rules-based, predictable and non-discriminatory multilateral system?",A/RES/56/150,37,
un,2012/a/res/66/106#10,2012/a/res/66/106,A/RES/66/106,False,resolution,lookup,True,completed,,2,2,2,2,39.5,40,15,25,clear,"Under the code of conduct for judges of the United Nations Dispute Tribunal and the United Nations Appeals Tribunal in the General Assembly's resolution adopted on 9 December 2011, what must judges do to maintain their professional competence?","Judges must take reasonable steps to maintain the necessary level of professional competence and to keep themselves informed about relevant developments in international administrative and employment law, as well as international human rights norms",40,
un,2012/a/res/66/106#10,2012/a/res/66/106,A/RES/66/106,False,resolution,practitioner,True,completed,,3,3,3,3,39.666666666666664,40,15,25,clear,A judge of the United Nations Dispute Tribunal or the United Nations Appeals Tribunal is subject to a formal inquiry into their conduct in office. What must the judge do?,Judges must cooperate with any formal inquiry into their conduct in office;,40,
un,2012/a/res/66/106#10,2012/a/res/66/106,A/RES/66/106,False,resolution,conceptual,True,completed,,2,2,2,2,38.5,40,15,25,clear,What attendance and absence requirements did the 2011 code of conduct set for judges of the United Nations Dispute Tribunal and United Nations Appeals Tribunal?,"When engaged in the administration of justice, judges must attend chambers during their normal working hours, as determined by the members of the Tribunal, and attend hearings and deliberations of the Tribunal during stipulated hours, unless they have a good reason not to do so.
Judges must inform the presiding judge of the Tribunal in advance if they need to be absent.
If they are to be absent for longer than three days, they must obtain the approval of the presiding judge of their Tribunal;",40,
un,2012/a/res/66/106#10,2012/a/res/66/106,A/RES/66/106,False,resolution,comparison,True,completed,,1,1,1,1,36,36,14,22,clear,"Under the code of conduct for judges of the United Nations Dispute Tribunal and the United Nations Appeals Tribunal, how does the attendance obligation for chambers during normal working hours compare with the attendance obligation for hearings and deliberations during stipulated hours?","(e) When engaged in the administration of justice, judges must attend chambers during their normal working hours, as determined by the members of the Tribunal, and attend hearings and deliberations of the Tribunal during stipulated hours, unless they have a good reason not to do so. Judges must inform the presiding judge of the Tribunal in advance if they need to be absent. If they are to be absent for longer than three days, they must obtain the approval of the presiding judge of their Tribunal;",36,
un,2012/a/res/66/106#10,2012/a/res/66/106,A/RES/66/106,False,resolution,claim_verification,True,completed,,2,2,2,2,38.5,39,15,24,clear,"Under the 2011 code of conduct for judges of the United Nations Dispute Tribunal and United Nations Appeals Tribunal, do judges' judicial duties take precedence over other duties and activities?",(h) Judges' judicial duties must take precedence over other duties and activities.,39,
un,2012/a/res/66/106#10,2012/a/res/66/106,A/RES/66/106,False,resolution,source_finding,True,completed,,1,1,1,1,39,39,15,24,clear,Which General Assembly resolution contains the United Nations tribunal judges’ requirements to maintain the necessary level of professional competence and give judicial duties precedence over other activities?,A/RES/66/106,39,
un,2008/s/res/1825_2008_#3,2008/s/res/1825_2008_,S/RES/1825(2008),False,resolution,lookup,True,completed,,1,1,1,1,40,40,15,25,clear,Until what date did the Security Council renew the mandate of UNMIN in its 2008 resolution on Nepal?,23 January 2009,40,
un,2008/s/res/1825_2008_#3,2008/s/res/1825_2008_,S/RES/1825(2008),False,resolution,practitioner,True,completed,,1,1,1,0,34,34,15,19,blocking,"For the United Nations Mission in Nepal (UNMIN) during Nepal's peace process, what did the Security Council decide about the mission's mandate?","to renew the mandate of UNMIN as established under resolution 1740 (2007) until 23 January 2009, taking into account the completion of some elements of the mandate, the ongoing work on the monitoring and the management of arms and armed personnel in line with the 25 June Agreement among the political parties, which will support the completion of the peace process",,
un,2008/s/res/1825_2008_#3,2008/s/res/1825_2008_,S/RES/1825(2008),False,resolution,conceptual,True,completed,,1,1,1,1,38,38,14,24,clear,Why did the Security Council renew UNMIN's mandate in Nepal until 23 January 2009?,"Decides in line with the request from the Government of Nepal and the Secretary-General's recommendations, to renew the mandate of UNMIN as established under resolution 1740 (2007) until 23 January 2009, taking into account the completion of some elements of the mandate, the ongoing work on the monitoring and the management of arms and armed personnel in line with the 25 June Agreement among the political parties, which will support the completion of the peace process;",38,
un,2008/s/res/1825_2008_#3,2008/s/res/1825_2008_,S/RES/1825(2008),False,resolution,comparison,True,no_candidates,,0,0,0,0,,,,,,,,,"The text does not provide two meaningful sides with a shared, explicitly comparable substantive treatment."
un,2008/s/res/1825_2008_#3,2008/s/res/1825_2008_,S/RES/1825(2008),False,resolution,claim_verification,True,completed,,1,1,1,1,36,36,14,22,clear,"In resolution 1825 (2008), did the Security Council renew UNMIN's mandate until 23 January 2009?","1. Decides in line with the request from the Government of Nepal and the Secretary-General's recommendations, to renew the mandate of UNMIN as established under resolution 1740 (2007) until 23 January 2009, taking into account the completion of some elements of the mandate, the ongoing work on the monitoring and the management of arms and armed personnel in line with the 25 June Agreement among the political parties, which will support the completion of the peace process;",36,
un,2008/s/res/1825_2008_#3,2008/s/res/1825_2008_,S/RES/1825(2008),False,resolution,source_finding,True,completed,,1,1,1,1,39,39,15,24,clear,"Which Security Council resolution renewed the mandate of the United Nations Mission in Nepal (UNMIN) until 23 January 2009, while noting ongoing monitoring and management of arms and armed personnel?",S/RES/1825(2008),39,
un,2010/s/res/1912_2010_#2,2010/s/res/1912_2010_,S/RES/1912(2010),False,resolution,lookup,True,completed,,3,3,3,2,35.333333333333336,39,15,24,clear,What role did the Security Council support for the international security forces in its 2010 resolution on Timor-Leste?,"the role of the international security forces in assisting the Government of Timor-Leste and UNMIT, in the maintenance of law and stability, in response to the requests of the Government of Timor-Leste",39,
un,2010/s/res/1912_2010_#2,2010/s/res/1912_2010_,S/RES/1912(2010),False,resolution,practitioner,True,completed,,2,2,2,1,29,32,15,17,clear,"For international partners planning support to address unemployment and poverty in Timor-Leste, what does the Security Council underline?",the importance of continued support by the international community for the socio-economic development of Timor-Leste,32,
un,2010/s/res/1912_2010_#2,2010/s/res/1912_2010_,S/RES/1912(2010),False,resolution,conceptual,True,completed,,1,1,1,0,38,38,15,23,blocking,How did Resolution 1912 (2010) characterize the relationship between poverty and its associated deprivations and Timor-Leste’s political and institutional challenges?,"Recalling that while the manifestations of the current challenges in Timor-Leste are political and institutional in nature, poverty and its associated deprivations also contribute to these challenges,",,
un,2010/s/res/1912_2010_#2,2010/s/res/1912_2010_,S/RES/1912(2010),False,resolution,comparison,True,completed,,1,1,1,1,36,36,15,21,clear,"In Resolution 1912 (2010), how does the Security Council compare the roles of political and institutional manifestations and poverty and its associated deprivations in Timor-Leste's current challenges?","Recalling that while the manifestations of the current challenges in Timor-Leste are political and institutional in nature, poverty and its associated deprivations also contribute to these challenges",36,
un,2010/s/res/1912_2010_#2,2010/s/res/1912_2010_,S/RES/1912(2010),False,resolution,claim_verification,True,completed,,1,1,1,0,36,36,15,21,repair,"In Resolution 1912 (2010), did the Security Council express full support for the role of international security forces in assisting the Government of Timor-Leste and UNMIT with maintaining law and stability?","Expressing its full support for the role of the international security forces in assisting the Government of Timor-Leste and UNMIT, in the maintenance of law and stability, in response to the requests of the Government of Timor-Leste,",,
un,2010/s/res/1912_2010_#2,2010/s/res/1912_2010_,S/RES/1912(2010),False,resolution,source_finding,True,completed,,1,1,1,1,38,38,15,23,clear,Which Security Council resolution notes President José Ramos-Horta’s 9 December 2009 statement on the Timorese authorities’ views regarding the future role of UNMIT police during 2010–2012?,S/RES/1912(2010),38,
un,2009/s/res/1900_2009_#2,2009/s/res/1900_2009_,S/RES/1900(2009),False,resolution,lookup,True,completed,,3,3,3,1,39,40,15,25,clear,What extension of the International Tribunal judges' terms of office did the Security Council intend in its December 2009 resolution on the Former Yugoslavia Tribunal?,"extend, by 30 June 2010, the terms of office of all trial judges at the International Tribunal based on the Tribunal's projected trial schedule and the terms of office of all appeals judges until 31 December 2012, or until the completion of the cases to which they are assigned if sooner",40,
un,2009/s/res/1900_2009_#2,2009/s/res/1900_2009_,S/RES/1900(2009),False,resolution,practitioner,True,completed,,2,2,2,1,37.5,38,14,24,clear,"For the President of the International Tribunal preparing the Security Council submission, what information must the updated trial and appeals schedule include?",information on the judges whose extension of the terms of office or redeployment to the Appeals Chamber will be sought,38,
un,2009/s/res/1900_2009_#2,2009/s/res/1900_2009_,S/RES/1900(2009),False,resolution,conceptual,True,completed,,2,2,2,0,31.5,32,14,18,blocking,What exception did Resolution 1900 (2009) make for Judges Kimberley Prost and Ole Bjørn Støle after their terms of office expired?,"Decides that, notwithstanding the expiry of their terms of office on 31 December 2009, Judges Kimberley Prost (Canada) and Ole Bjørn Støle (Norway) complete the Popović case which they began before the expiry of their terms of office; and takes note of the intention of the International Tribunal to complete the case before the end of March 2010;",,
un,2009/s/res/1900_2009_#2,2009/s/res/1900_2009_,S/RES/1900(2009),False,resolution,comparison,True,completed,,1,1,1,1,32,32,12,20,clear,"Under Security Council resolution 1900 (2009), how did the planned extensions of the terms of office differ for all trial judges and all appeals judges at the International Tribunal?","1. Underlines its intention to extend, by 30 June 2010, the terms of office of all trial judges at the International Tribunal based on the Tribunal's projected trial schedule and the terms of office of all appeals judges until 31 December 2012, or until the completion of the cases to which they are assigned if sooner, and requests the President of the International Tribunal to submit to the Council an updated trial and appeals schedule, including information on the judges whose extension of the terms of office or redeployment to the Appeals Chamber will be sought;",32,
un,2009/s/res/1900_2009_#2,2009/s/res/1900_2009_,S/RES/1900(2009),False,resolution,claim_verification,True,completed,,2,2,2,2,36,38,14,24,clear,Did Security Council resolution 1900 (2009) decide that Judges Kimberley Prost and Ole Bjørn Støle could complete the Popović case despite the expiry of their terms of office?,"2. Decides that, notwithstanding the expiry of their terms of office on 31 December 2009, Judges Kimberley Prost (Canada) and Ole Bjørn Støle (Norway) complete the Popović case which they began before the expiry of their terms of office; and takes note of the intention of the International Tribunal to complete the case before the end of March 2010;",38,
un,2009/s/res/1900_2009_#2,2009/s/res/1900_2009_,S/RES/1900(2009),False,resolution,source_finding,True,completed,,1,1,1,0,32,32,12,20,blocking,Which Security Council resolution extended the terms of office of judges at the International Tribunal and allowed Judges Kimberley Prost and Ole Bjørn Støle to complete the Popović case?,S/RES/1900(2009),,
un,2011/a/res/64/155#6,2011/a/res/64/155,A/RES/64/155,False,resolution,lookup,True,completed,,2,2,2,2,37.5,40,15,25,clear,What did the General Assembly recommend in its 18 December 2009 resolution regarding assistance throughout the entire electoral cycle?,"throughout the time span of the entire electoral cycle, including before and after elections, as appropriate, based on a needs assessment and in accordance with the evolving needs of requesting Member States, bearing in mind sustainability and costeffectiveness, the United Nations continue to provide technical advice and other assistance to requesting States and electoral institutions in order to help to strengthen their democratic processes",40,
un,2011/a/res/64/155#6,2011/a/res/64/155,A/RES/64/155,False,resolution,practitioner,True,completed,,2,2,2,0,37.5,39,15,24,blocking,"A United Nations electoral assistance team is planning support for a requesting Member State throughout its electoral cycle under General Assembly resolution 64/155. What does the resolution recommend about the timing, basis and purpose of that support?","throughout the time span of the entire electoral cycle, including before and after elections, as appropriate, based on a needs assessment and in accordance with the evolving needs of requesting Member States, bearing in mind sustainability and costeffectiveness, the United Nations continue to provide technical advice and other assistance to requesting States and electoral institutions in order to help to strengthen their democratic processes",,
un,2011/a/res/64/155#6,2011/a/res/64/155,A/RES/64/155,False,resolution,conceptual,True,completed,,2,2,2,2,37.5,39,14,25,clear,How did the 2009 General Assembly resolution on strengthening the United Nations role in electoral assistance propose tailoring support to requesting States?,"Recommends that, throughout the time span of the entire electoral cycle, including before and after elections, as appropriate, based on a needs assessment and in accordance with the evolving needs of requesting Member States, bearing in mind sustainability and costeffectiveness, the United Nations continue to provide technical advice and other assistance to requesting States and electoral institutions in order to help to strengthen their democratic processes;",39,
un,2011/a/res/64/155#6,2011/a/res/64/155,A/RES/64/155,False,resolution,comparison,True,completed,,1,1,1,1,32,32,12,20,clear,"In the resolution on strengthening the United Nations role in promoting democratization, how is the United Nations' role in electoral assistance described compared with that of other international, governmental and nongovernmental organizations?","6. Recommends that, throughout the time span of the entire electoral cycle, including before and after elections, as appropriate, based on a needs assessment and in accordance with the evolving needs of requesting Member States, bearing in mind sustainability and costeffectiveness, the United Nations continue to provide technical advice and other assistance to requesting States and electoral institutions in order to help to strengthen their democratic processes;
7. Notes with appreciation the additional efforts being made to enhance cooperation with other international, governmental and nongovernmental organizations in order to facilitate more comprehensive and needsspecific responses to requests for electoral assistance, encourages those organizations to share knowledge and experience in order to promote best practices in the assistance they provide and in their reporting on electoral processes, and expresses its appreciation to those Member States, regional organizations and nongovernmental organizations that have provided observers or technical experts in support of United Nations electoral assistance efforts;",32,
un,2011/a/res/64/155#6,2011/a/res/64/155,A/RES/64/155,False,resolution,claim_verification,True,completed,,1,1,1,1,36,36,15,21,clear,"In its 2009 resolution on strengthening United Nations electoral assistance, did the General Assembly recommend continued technical advice throughout the entire electoral cycle, including before and after elections?","6. Recommends that, throughout the time span of the entire electoral cycle, including before and after elections, as appropriate, based on a needs assessment and in accordance with the evolving needs of requesting Member States, bearing in mind sustainability and costeffectiveness, the United Nations continue to provide technical advice and other assistance to requesting States and electoral institutions in order to help to strengthen their democratic processes;",36,
un,2011/a/res/64/155#6,2011/a/res/64/155,A/RES/64/155,False,resolution,source_finding,True,completed,,2,2,2,2,37,38,15,23,clear,"Which General Assembly resolution recommends that United Nations electoral assistance continue throughout the entire electoral cycle, based on needs assessments and the evolving needs of requesting Member States?",A/RES/64/155,38,
un,2001/a/res/55/203#3,2001/a/res/55/203,A/RES/55/203,False,resolution,lookup,True,completed,,2,2,2,1,30.5,35,15,20,clear,What resolution did the General Assembly take note of concerning the safety of transport of radioactive materials in its resolution on the Caribbean Sea area?,resolution GC(44)/RES/17 of 22 September 2000 of the General Conference of the International Atomic Energy Agency on safety of transport of radioactive materials,35,
un,2001/a/res/55/203#3,2001/a/res/55/203,A/RES/55/203,False,resolution,practitioner,True,completed,,2,2,2,1,31.5,36,14,22,clear,A Caribbean coastal-management team is mapping the pressures affecting coastal areas and the marine environment. What does the General Assembly identify as competing for their use?,the diversity and dynamic interaction and competition among socio-economic activities for the use of the coastal areas and the marine environment and their resources,36,
un,2001/a/res/55/203#3,2001/a/res/55/203,A/RES/55/203,False,resolution,conceptual,True,completed,,1,1,1,0,37,37,14,23,repair,What approach were Caribbean countries using to address sectoral issues in managing the Caribbean Sea area?,"Mindful also of the efforts of the Caribbean countries to address in a more holistic manner the sectoral issues relating to the management of the Caribbean Sea area and, in so doing, to promote an integrated management approach to the Caribbean Sea area in the context of sustainable development, through a regional cooperative effort among Caribbean countries,",,
un,2001/a/res/55/203#3,2001/a/res/55/203,A/RES/55/203,False,resolution,comparison,True,completed,,1,1,1,0,28,28,15,13,blocking,"In the General Assembly's resolution on an integrated management approach to the Caribbean Sea area, how are sectoral issues and the integrated management approach related?","Mindful also of the efforts of the Caribbean countries to address in a more holistic manner the sectoral issues relating to the management of the Caribbean Sea area and, in so doing, to promote an integrated management approach to the Caribbean Sea area in the context of sustainable development, through a regional cooperative effort among Caribbean countries,",,
un,2001/a/res/55/203#3,2001/a/res/55/203,A/RES/55/203,False,resolution,claim_verification,True,completed,,1,1,1,1,37,37,15,22,clear,"In its resolution on integrated management of the Caribbean Sea area, did the General Assembly note the efforts of Caribbean countries within the Association of Caribbean States to develop further support for treating the Caribbean Sea as an area of special importance?","Noting the efforts of the Caribbean countries, within the framework of the Association of Caribbean States, to develop further support for their concept of the Caribbean Sea as an area of special importance, in the context of sustainable development and in conformity with the relevant provisions of the United Nations Convention on the Law of the Sea,5",37,
un,2001/a/res/55/203#3,2001/a/res/55/203,A/RES/55/203,False,resolution,source_finding,True,completed,,1,1,1,0,37,37,15,22,repair,Which General Assembly resolution on the integrated management of the Caribbean Sea area records taking note of IAEA resolution GC(44)/RES/17 on the safety of transporting radioactive materials?,A/RES/55/203,,
un,2002/a/res/56/29#1,2002/a/res/56/29,A/RES/56/29,False,resolution,lookup,True,completed,,2,2,2,2,39,39,14,25,clear,"In the General Assembly's resolution on strengthening security and cooperation in the Mediterranean, what did it say about the peace negotiations in the Middle East?",which should be of a comprehensive nature and represent an appropriate framework for the peaceful settlement of contentious issues in the region,39,
un,2002/a/res/56/29#1,2002/a/res/56/29,A/RES/56/29,False,resolution,practitioner,True,completed,,2,2,2,1,33.5,36,15,21,clear,A UN mediator is assessing the peace negotiations in the Middle East. How does the General Assembly characterize those negotiations?,"the peace negotiations in the Middle East, which should be of a comprehensive nature and represent an appropriate framework for the peaceful settlement of contentious issues in the region",36,
un,2002/a/res/56/29#1,2002/a/res/56/29,A/RES/56/29,False,resolution,conceptual,True,completed,,2,2,2,1,37.5,38,15,23,clear,How did the General Assembly characterize peace negotiations in the Middle East in its resolution on strengthening security and cooperation in the Mediterranean region?,"Noting the peace negotiations in the Middle East, which should be of a comprehensive nature and represent an appropriate framework for the peaceful settlement of contentious issues in the region,",38,
un,2002/a/res/56/29#1,2002/a/res/56/29,A/RES/56/29,False,resolution,comparison,True,completed,,1,1,1,0,31,31,15,16,blocking,"In resolution 56/29 on strengthening security and cooperation in the Mediterranean region, how does the General Assembly compare all States' responsibility to contribute to regional stability and prosperity with their commitment to respect the Charter and the principles of friendly relations among States?","Reaffirming the responsibility of all States to contribute to the stability and prosperity of the Mediterranean region and their commitment to respecting the purposes and principles of the Charter of the United Nations, as well as the provisions of the Declaration on Principles of International Law concerning Friendly Relations and Cooperation among States in accordance with the Charter of the United Nations,",,
un,2002/a/res/56/29#1,2002/a/res/56/29,A/RES/56/29,False,resolution,claim_verification,True,completed,,2,2,2,1,34,34,15,19,repair,"In its resolution on strengthening security and cooperation in the Mediterranean region, did the General Assembly note that the Middle East peace negotiations should be comprehensive and provide an appropriate framework for the peaceful settlement of contentious issues in the region?","Noting the peace negotiations in the Middle East, which should be of a comprehensive nature and represent an appropriate framework for the peaceful settlement of contentious issues in the region,",34,
un,2002/a/res/56/29#1,2002/a/res/56/29,A/RES/56/29,False,resolution,source_finding,True,completed,,1,1,1,1,34,34,15,19,clear,"Which General Assembly resolution records that prospects for closer Euro-Mediterranean cooperation can be enhanced by positive developments worldwide, particularly in Europe, the Maghreb and the Middle East?",A/RES/56/29,34,
un,2014/a/hrc/res/26/31#3,2014/a/hrc/res/26/31,A/HRC/RES/26/31,False,resolution,lookup,True,completed,,3,3,3,2,37.333333333333336,38,15,23,clear,Whom did the Human Rights Council request the High Commissioner to invite to the panel discussion on the human rights situation in South Sudan in its resolution on technical assistance and capacity-building for South Sudan?,"the Government of South Sudan, the Chairperson of the African Union Commission of Inquiry for South Sudan, the Chief Mediator of the Intergovernmental Authority on Development, the Special Representative of the Secretary-General for South Sudan and the Chairperson of the South Sudan Human Rights Commission",38,
un,2014/a/hrc/res/26/31#3,2014/a/hrc/res/26/31,A/HRC/RES/26/31,False,resolution,practitioner,True,completed,,2,2,2,0,32.5,33,15,18,blocking,"For the Human Rights Council's South Sudan technical-assistance and capacity-building process, what urgent monitoring and reporting task does the High Commissioner have?","to monitor the situation of human rights in South Sudan and to report thereon to the Human Rights Council at its twenty-eighth session, with recommendations on technical assistance and capacity-building measures, including on human rights education to overcome challenges in the areas of security and on the importance of accountability and transitional justice in South Sudan",,
un,2014/a/hrc/res/26/31#3,2014/a/hrc/res/26/31,A/HRC/RES/26/31,False,resolution,conceptual,True,completed,,2,2,2,2,37,38,14,24,clear,How did the Human Rights Council arrange its panel discussion on the human rights situation in South Sudan?,"Decides to convene, at its twenty-seventh session, a panel discussion on the human rights situation in South Sudan, and in this regard;
(a) Requests the High Commissioner to submit an interim report on the human rights situation in South Sudan for discussion by the panel;
(b) Also requests the High Commissioner to invite the Government of South Sudan, the Chairperson of the African Union Commission of Inquiry for South Sudan, the Chief Mediator of the Intergovernmental Authority on Development, the Special Representative of the Secretary-General for South Sudan and the Chairperson of the South Sudan Human Rights Commission;",38,
un,2014/a/hrc/res/26/31#3,2014/a/hrc/res/26/31,A/HRC/RES/26/31,False,resolution,comparison,True,completed,,1,1,1,1,35,35,15,20,clear,"In Human Rights Council resolution 26/31's South Sudan monitoring and panel process, how did the report requested under paragraph 8 differ from the interim report requested under paragraph 9(a)?","8. Requests the United Nations High Commissioner for Human Rights, as a matter of urgency, to monitor the situation of human rights in South Sudan and to report thereon to the Human Rights Council at its twenty-eighth session, with recommendations on technical assistance and capacity-building measures, including on human rights education to overcome challenges in the areas of security and on the importance of accountability and transitional justice in South Sudan;
9. Decides to convene, at its twenty-seventh session, a panel discussion on the human rights situation in South Sudan, and in this regard;
(a) Requests the High Commissioner to submit an interim report on the human rights situation in South Sudan for discussion by the panel;",35,
un,2014/a/hrc/res/26/31#3,2014/a/hrc/res/26/31,A/HRC/RES/26/31,False,resolution,claim_verification,True,completed,,2,2,2,2,40,40,15,25,clear,"Did the Human Rights Council, in its resolution on technical assistance and capacity-building for South Sudan, request the High Commissioner to monitor the human rights situation and report to the Council at its twenty-eighth session?","8. Requests the United Nations High Commissioner for Human Rights, as a matter of urgency, to monitor the situation of human rights in South Sudan and to report thereon to the Human Rights Council at its twenty-eighth session, with recommendations on technical assistance and capacity-building measures, including on human rights education to overcome challenges in the areas of security and on the importance of accountability and transitional justice in South Sudan;",40,
un,2014/a/hrc/res/26/31#3,2014/a/hrc/res/26/31,A/HRC/RES/26/31,False,resolution,source_finding,True,completed,,1,1,1,0,39,39,15,24,repair,Which Human Rights Council resolution on technical assistance and capacity-building requests the United Nations High Commissioner for Human Rights to monitor the human rights situation in South Sudan and report to the Council at its twenty-eighth session?,A/HRC/RES/26/31,,
un,2006/a/res/61/163#4,2006/a/res/61/163,A/RES/61/163,False,resolution,lookup,True,completed,,3,3,3,3,39,40,15,25,clear,What measures did the General Assembly encourage States to take in its 19 December 2006 resolution on the right to food to address gender inequality and discrimination against women?,"take action to address gender inequality and discrimination against women, in particular where it contributes to the malnutrition of women and girls, including measures to ensure the full and equal realization of the right to food and ensuring that women have equal access to resources, including income, land and water, to enable them to feed themselves and their families",40,
un,2006/a/res/61/163#4,2006/a/res/61/163,A/RES/61/163,False,resolution,practitioner,True,completed,,3,3,3,0,32,33,15,18,blocking,"For work on the right to food, what gender-mainstreaming actions does the General Assembly encourage the Special Rapporteur and relevant United Nations bodies to undertake?","to continue mainstreaming a gender perspective in the fulfilment of his mandate, and encourages the Food and Agriculture Organization of the United Nations and all other United Nations bodies and mechanisms addressing the right to food and food insecurity to integrate a gender perspective into their relevant policies, programmes and activities",,
un,2006/a/res/61/163#4,2006/a/res/61/163,A/RES/61/163,False,resolution,conceptual,True,completed,,3,3,3,1,39.666666666666664,40,15,25,clear,How does the General Assembly’s 19 December 2006 resolution on the right to food address gender inequality and discrimination against women?,"Encourages all States to take action to address gender inequality and discrimination against women, in particular where it contributes to the malnutrition of women and girls, including measures to ensure the full and equal realization of the right to food and ensuring that women have equal access to resources, including income, land and water, to enable them to feed themselves and their families;",40,
un,2006/a/res/61/163#4,2006/a/res/61/163,A/RES/61/163,False,resolution,comparison,True,completed,,1,1,1,1,37,37,15,22,clear,"In the General Assembly's 19 December 2006 resolution on the right to food, how did the treatment of all States compare with that of the Special Rapporteur and United Nations bodies regarding gender-responsive action?","5. Encourages all States to take action to address gender inequality and discrimination against women, in particular where it contributes to the malnutrition of women and girls, including measures to ensure the full and equal realization of the right to food and ensuring that women have equal access to resources, including income, land and water, to enable them to feed themselves and their families;
6. Encourages the Special Rapporteur of the Human Rights Council on the right to food to continue mainstreaming a gender perspective in the fulfilment of his mandate, and encourages the Food and Agriculture Organization of the United Nations and all other United Nations bodies and mechanisms addressing the right to food and food insecurity to integrate a gender perspective into their relevant policies, programmes and activities;",37,
un,2006/a/res/61/163#4,2006/a/res/61/163,A/RES/61/163,False,resolution,claim_verification,True,completed,,1,1,1,0,39,39,14,25,repair,"In its 19 December 2006 resolution on the right to food, did the General Assembly encourage States to create and adopt national plans to combat hunger?","7. Encourages all States to take steps with a view to achieving progressively the full realization of the right to food, including steps to promote the conditions for everyone to be free from hunger and, as soon as possible, to enjoy fully the right to food, and to create and adopt national plans to combat hunger;",,
un,2006/a/res/61/163#4,2006/a/res/61/163,A/RES/61/163,False,resolution,source_finding,True,completed,,1,1,1,1,35,35,15,20,clear,"Which General Assembly resolution encourages the Food and Agriculture Organization and other United Nations bodies addressing the right to food and food insecurity to integrate a gender perspective into their relevant policies, programmes and activities?",A/RES/61/163,35,
un,2012/a/res/66/30#2,2012/a/res/66/30,A/RES/66/30,False,resolution,lookup,True,completed,,1,1,1,1,40,40,15,25,clear,What did the General Assembly request the Secretary-General to do regarding the United Nations role in the disarmament-development relationship in its 2 December 2011 resolution?,"to strengthen further the role of the Organization in this field, in particular the high-level Steering Group on Disarmament and Development, in order to ensure continued and effective coordination and close cooperation between the relevant United Nations departments, agencies and sub-agencies",40,
un,2012/a/res/66/30#2,2012/a/res/66/30,A/RES/66/30,False,resolution,practitioner,True,completed,,1,1,1,1,37,37,15,22,clear,"In carrying out the General Assembly's 2011 resolution on the relationship between disarmament and development, what does the Secretary-General need to do to improve coordination within the United Nations?","to strengthen further the role of the Organization in this field, in particular the high-level Steering Group on Disarmament and Development, in order to ensure continued and effective coordination and close cooperation between the relevant United Nations departments, agencies and sub-agencies",37,
un,2012/a/res/66/30#2,2012/a/res/66/30,A/RES/66/30,False,resolution,conceptual,True,completed,,1,1,1,1,39,39,15,24,clear,How did the General Assembly seek to strengthen United Nations coordination on the disarmament-development relationship in its resolution adopted on 2 December 2011?,"1. Stresses the central role of the United Nations in the disarmament-development relationship, and requests the Secretary-General to strengthen further the role of the Organization in this field, in particular the high-level Steering Group on Disarmament and Development, in order to ensure continued and effective coordination and close cooperation between the relevant United Nations departments, agencies and sub-agencies;",39,
un,2012/a/res/66/30#2,2012/a/res/66/30,A/RES/66/30,False,resolution,comparison,True,completed,,1,1,1,0,31,31,14,17,blocking,"In the General Assembly's 2 December 2011 resolution on the relationship between disarmament and development, how are the roles of the United Nations and the high-level Steering Group on Disarmament and Development treated?","1. Stresses the central role of the United Nations in the disarmament-development relationship, and requests the Secretary-General to strengthen further the role of the Organization in this field, in particular the high-level Steering Group on Disarmament and Development, in order to ensure continued and effective coordination and close cooperation between the relevant United Nations departments, agencies and sub-agencies;",,
un,2012/a/res/66/30#2,2012/a/res/66/30,A/RES/66/30,False,resolution,claim_verification,True,completed,,1,1,1,1,38,38,15,23,clear,"In its 2 December 2011 resolution on the relationship between disarmament and development, did the General Assembly request the Secretary-General to strengthen the United Nations role, particularly the high-level Steering Group, to ensure coordination and cooperation among relevant United Nations bodies?","1. Stresses the central role of the United Nations in the disarmament-development relationship, and requests the Secretary-General to strengthen further the role of the Organization in this field, in particular the high-level Steering Group on Disarmament and Development, in order to ensure continued and effective coordination and close cooperation between the relevant United Nations departments, agencies and sub-agencies;",38,
un,2012/a/res/66/30#2,2012/a/res/66/30,A/RES/66/30,False,resolution,source_finding,True,completed,,1,1,1,1,38,38,15,23,clear,Which General Assembly resolution requests strengthening the high-level Steering Group on Disarmament and Development to ensure continued coordination and cooperation among relevant United Nations entities?,A/RES/66/30,38,
un,2010/a/hrc/res/14/9#2,2010/a/hrc/res/14/9,A/HRC/RES/14/9,False,resolution,lookup,True,completed,,3,3,3,2,36.666666666666664,39,15,24,clear,"In the Human Rights Council resolution on cultural rights and cultural diversity, what status did the Council reaffirm for cultural rights?","cultural rights are an integral part of human rights, which are universal, indivisible, interrelated and interdependent",39,
un,2010/a/hrc/res/14/9#2,2010/a/hrc/res/14/9,A/HRC/RES/14/9,False,resolution,practitioner,True,completed,,2,2,2,0,35.5,36,15,21,blocking,"A State is reviewing a policy affecting cultural life under the Human Rights Council's cultural-rights resolution. What duty applies regardless of its political, economic and cultural system?","it is the duty of the States, regardless of their political, economic and cultural systems, to promote and protect all human rights and fundamental freedoms",,
un,2010/a/hrc/res/14/9#2,2010/a/hrc/res/14/9,A/HRC/RES/14/9,False,resolution,conceptual,True,completed,,1,1,1,1,35,35,14,21,clear,How does the Human Rights Council's resolution on the promotion and protection of all human rights reconcile national and regional particularities with universal human-rights duties?,"3. Reaffirms that, while the significance of national and regional particularities and various historical, cultural and religious backgrounds must be borne in mind, it is the duty of the States, regardless of their political, economic and cultural systems, to promote and protect all human rights and fundamental freedoms;
4. Recalls that, as expressed in the Universal Declaration on Cultural Diversity, no one may invoke cultural diversity to infringe upon human rights guaranteed by international law, nor to limit their scope;",35,
un,2010/a/hrc/res/14/9#2,2010/a/hrc/res/14/9,A/HRC/RES/14/9,False,resolution,comparison,True,completed,,1,1,1,1,33,33,15,18,clear,"In Human Rights Council resolution 14/9 on the promotion and protection of all human rights, how does the treatment of national and regional particularities and various historical, cultural and religious backgrounds compare with the treatment of cultural diversity in relation to human rights?","3. Reaffirms that, while the significance of national and regional particularities and various historical, cultural and religious backgrounds must be borne in mind, it is the duty of the States, regardless of their political, economic and cultural systems, to promote and protect all human rights and fundamental freedoms;
4. Recalls that, as expressed in the Universal Declaration on Cultural Diversity, no one may invoke cultural diversity to infringe upon human rights guaranteed by international law, nor to limit their scope;",33,
un,2010/a/hrc/res/14/9#2,2010/a/hrc/res/14/9,A/HRC/RES/14/9,False,resolution,claim_verification,True,completed,,2,2,2,2,37.5,38,14,24,clear,"In its resolution on the promotion and protection of cultural rights, did the Human Rights Council state that cultural diversity cannot be invoked to infringe human rights guaranteed by international law?","4. Recalls that, as expressed in the Universal Declaration on Cultural Diversity, no one may invoke cultural diversity to infringe upon human rights guaranteed by international law, nor to limit their scope;",38,
un,2010/a/hrc/res/14/9#2,2010/a/hrc/res/14/9,A/HRC/RES/14/9,False,resolution,source_finding,True,completed,,1,1,1,1,35,35,15,20,clear,Which Human Rights Council resolution states that cultural diversity may not be invoked to infringe human rights guaranteed by international law?,A/HRC/RES/14/9,35,
un,2008/a/res/63/114#2,2008/a/res/63/114,A/RES/63/114,False,resolution,lookup,True,completed,,2,2,2,1,38.5,39,14,25,clear,"In the General Assembly's 5 December 2008 resolution on cooperation between the United Nations and the Organization of the Islamic Conference, in which fields did the two organizations desire to continue cooperating closely?","the political, economic, social, humanitarian, cultural and scientific fields and in their common search for solutions to global problems, such as questions relating to international peace and security, disarmament, self-determination, the promotion of a culture of peace through dialogue and cooperation, decolonization, fundamental human rights and economic and social development",39,
un,2008/a/res/63/114#2,2008/a/res/63/114,A/RES/63/114,False,resolution,practitioner,True,completed,,2,2,2,2,36.5,37,15,22,clear,A coordinator is drafting a joint United Nations–Organization of the Islamic Conference cooperation plan. What fields and global problems does the General Assembly identify as covered by the organizations' desire to continue cooperating and their common search for solutions?,"the desire of the two organizations to continue to cooperate closely in the political, economic, social, humanitarian, cultural and scientific fields and in their common search for solutions to global problems, such as questions relating to international peace and security, disarmament, self-determination, the promotion of a culture of peace through dialogue and cooperation, decolonization, fundamental human rights and economic and social development",37,
un,2008/a/res/63/114#2,2008/a/res/63/114,A/RES/63/114,False,resolution,conceptual,True,completed,,1,1,1,1,37,37,15,22,clear,How did the General Assembly’s 5 December 2008 resolution connect continued cooperation between the United Nations and the Organization of the Islamic Conference with addressing global problems?,"Taking into account the desire of the two organizations to continue to cooperate closely in the political, economic, social, humanitarian, cultural and scientific fields and in their common search for solutions to global problems, such as questions relating to international peace and security, disarmament, self-determination, the promotion of a culture of peace through dialogue and cooperation, decolonization, fundamental human rights and economic and social development,",37,
un,2008/a/res/63/114#2,2008/a/res/63/114,A/RES/63/114,False,resolution,comparison,True,completed,,1,1,1,0,28,28,14,14,blocking,"In the General Assembly's 5 December 2008 resolution on cooperation between the United Nations and the Organization of the Islamic Conference, what shared cooperation was identified for the two organizations?","Taking into account the desire of the two organizations to continue to cooperate closely in the political, economic, social, humanitarian, cultural and scientific fields and in their common search for solutions to global problems, such as questions relating to international peace and security, disarmament, self-determination, the promotion of a culture of peace through dialogue and cooperation, decolonization, fundamental human rights and economic and social development,",,
un,2008/a/res/63/114#2,2008/a/res/63/114,A/RES/63/114,False,resolution,claim_verification,True,completed,,1,1,1,1,36,36,15,21,clear,"In its 5 December 2008 resolution on cooperation between the United Nations and the Organization of the Islamic Conference, did the General Assembly identify international peace and security, disarmament and self-determination among the global problems for which the two organizations sought solutions?","Taking into account the desire of the two organizations to continue to cooperate closely in the political, economic, social, humanitarian, cultural and scientific fields and in their common search for solutions to global problems, such as questions relating to international peace and security, disarmament, self-determination, the promotion of a culture of peace through dialogue and cooperation, decolonization, fundamental human rights and economic and social development,",36,
un,2008/a/res/63/114#2,2008/a/res/63/114,A/RES/63/114,False,resolution,source_finding,True,completed,,1,1,1,1,39,39,15,24,clear,Which General Assembly resolution records the decision to recognize the merit of celebrating the fortieth anniversary of the Organization of the Islamic Conference in 2009 through national and international programmes?,A/RES/63/114,39,
un,1999/a/54/pv_76#9,1999/a/54/pv_76,A/54/PV.76,True,meeting,lookup,True,completed,,3,3,3,1,32.333333333333336,37,15,22,repair,"In the General Assembly meeting record for its consideration of the Sixth Committee's report under agenda item 159, what further work did the draft resolution request the Special Committee to continue on the peaceful settlement of disputes and related institutional matters?","to continue its work on the question of the peaceful settlement of disputes between States, to continue to consider proposals concerning the Trusteeship Council and to continue to consider, on a priority basis, ways and means to improve its working methods and enhance its efficiency",31,
un,1999/a/54/pv_76#9,1999/a/54/pv_76,A/54/PV.76,True,meeting,practitioner,True,completed,,2,2,2,0,32.5,33,15,18,blocking,"Under the Sixth Committee's proposed action on assistance to third States affected by sanctions imposed under Chapter VII, what would the General Assembly request the Special Committee to do?","to continue to consider, on a priority basis, the question of the implementation of the provisions of the Charter of the United Nations related to assistance to third States affected by the application of sanctions imposed under Chapter VII of the Charter.",,
un,1999/a/54/pv_76#9,1999/a/54/pv_76,A/54/PV.76,True,meeting,conceptual,True,completed,,1,1,1,1,39,39,14,25,clear,What continuing work would the General Assembly request of the Special Committee on the Charter of the United Nations and on the Strengthening of the Role of the Organization regarding assistance to States affected by sanctions and the peaceful settlement of disputes?,"It would also request the Special Committee to continue to consider, on a priority basis, the question of the implementation of the provisions of the Charter of the United Nations related to assistance to third States affected by the application of sanctions imposed under Chapter VII of the Charter.
The Assembly would further request the Special Committee to continue its work on the question of the peaceful settlement of disputes between States, to continue to consider proposals concerning the Trusteeship Council and to continue to consider, on a priority basis, ways and means to improve its working methods and enhance its efficiency.",39,
un,1999/a/54/pv_76#9,1999/a/54/pv_76,A/54/PV.76,True,meeting,comparison,True,completed,,1,1,1,1,36,36,15,21,clear,"In the General Assembly's consideration of the Sixth Committee report, how did it treat the Secretary-General's efforts concerning the backlog in the publication of the Repertory of Practice of United Nations Organs compared with the backlog in the publication of the Repertoire of the Practice of the Security Council?",It would also commend the Secretary-General for his continued efforts to reduce the backlog in the publication of the Repertory of Practice of United Nations Organs and endorse his efforts to eliminate the backlog in the publication of the Repertoire of the Practice of the Security Council.,36,
un,1999/a/54/pv_76#9,1999/a/54/pv_76,A/54/PV.76,True,meeting,claim_verification,True,completed,,2,2,2,0,33.5,38,15,23,repair,"In the draft resolution on the Special Committee on the Charter of the United Nations, was the Committee asked to continue considering assistance to third States affected by Chapter VII sanctions as a priority?","It would also request the Special Committee to continue to consider, on a priority basis, the question of the implementation of the provisions of the Charter of the United Nations related to assistance to third States affected by the application of sanctions imposed under Chapter VII of the Charter.",,
un,1999/a/54/pv_76#9,1999/a/54/pv_76,A/54/PV.76,True,meeting,source_finding,True,completed,,1,1,1,1,39,39,15,24,clear,"Which General Assembly meeting record contains draft-resolution language requesting the Special Committee on the Charter to consider, as a priority, assistance to third States affected by sanctions imposed under Chapter VII?",A/54/PV.76,39,
un,2006/a/c_4/61/sr_10#17,2006/a/c_4/61/sr_10,A/C.4/61/SR.10,True,meeting,lookup,True,completed,,2,2,2,2,40,40,15,25,clear,"At the 16 October 2006 discussion of questions relating to information, what did the Rio Group representative urge the Department of Public Information to do to reach a worldwide audience, according to the Special Political and Decolonization Committee's summary record?",expand its links with national broadcasters and journalists in order to reach a worldwide audience,40,
un,2006/a/c_4/61/sr_10#17,2006/a/c_4/61/sr_10,A/C.4/61/SR.10,True,meeting,practitioner,True,completed,,2,2,2,2,32.5,35,15,20,minor_issues,How should DPI reach audiences in the developing world where radio and print media remain key sources of information?,It should therefore expand its links with national broadcasters and journalists in order to reach a worldwide audience.,35,
un,2006/a/c_4/61/sr_10#17,2006/a/c_4/61/sr_10,A/C.4/61/SR.10,True,meeting,conceptual,True,completed,,2,2,2,2,40,40,15,25,clear,Why did the Rio Group urge the Department of Public Information to expand its links with national broadcasters and journalists?,"The Department should be aware that, even though the new information and communication technology was readily available in the developed world, the traditional means of communication like radio and the print media were to many in the developing world still the only means of obtaining information.
It should therefore expand its links with national broadcasters and journalists in order to reach a worldwide audience.",40,
un,2006/a/c_4/61/sr_10#17,2006/a/c_4/61/sr_10,A/C.4/61/SR.10,True,meeting,comparison,True,completed,,1,1,1,1,33,33,13,20,minor_issues,"In the Department of Public Information's global outreach work in 2006, how did access to communication technologies differ between the developed world and the developing world?","The Department should be aware that, even though the new information and communication technology was readily available in the developed world, the traditional means of communication like radio and the print media were to many in the developing world still the only means of obtaining information. It should therefore expand its links with national broadcasters and journalists in order to reach a worldwide audience.",33,
un,2006/a/c_4/61/sr_10#17,2006/a/c_4/61/sr_10,A/C.4/61/SR.10,True,meeting,claim_verification,True,completed,,1,1,1,1,35,35,15,20,minor_issues,"In the discussion of the Department of Public Information's public-information work, did the statement recommend expanding DPI's links with national broadcasters and journalists to reach a worldwide audience?","The Department should be aware that, even though the new information and communication technology was readily available in the developed world, the traditional means of communication like radio and the print media were to many in the developing world still the only means of obtaining information.
It should therefore expand its links with national broadcasters and journalists in order to reach a worldwide audience.",35,
un,2006/a/c_4/61/sr_10#17,2006/a/c_4/61/sr_10,A/C.4/61/SR.10,True,meeting,source_finding,True,completed,,1,1,1,1,40,40,15,25,clear,"Which Fourth Committee meeting record contains the Rio Group's recommendation that the Department of Public Information expand its links with national broadcasters and journalists to reach a worldwide audience, given the continuing importance of radio and print media in the developing world?",A/C.4/61/SR.10,40,
un,2006/cd/pv_1007#19,2006/cd/pv_1007,CD/PV.1007,True,meeting,lookup,True,completed,,3,3,0,0,30.666666666666668,,,,,,,,
un,2006/cd/pv_1007#19,2006/cd/pv_1007,CD/PV.1007,True,meeting,practitioner,True,completed,,2,2,2,1,36,38,15,23,clear,"In the Conference on Disarmament's nuclear-disarmament debate, a delegation is preparing its position on the upcoming renewal of the Moscow Treaty. What concrete contribution does the statement identify for Russia and the United States?","The upcoming renewal of the Moscow Treaty provides Russia and the United States with the opportunity to make an effective concrete contribution to nuclear disarmament, by agreeing to destroy rather than stockpile the weapons covered by the Treaty.",38,
un,2006/cd/pv_1007#19,2006/cd/pv_1007,CD/PV.1007,True,meeting,conceptual,True,completed,,2,2,2,1,35.5,37,15,22,repair,How does the statement explain the contribution of nuclear-weapon-free zones to nuclear disarmament?,"In addition to the CTBT, the creation of nuclear-weapon-free zones acts as a powerful symbol for demonstrating renunciation of weapons of mass destruction to the international community. This is particularly valuable at a regional level.
Nuclear-weapon-free zones' potential to contribute to nuclear disarmament is most comprehensively illustrated in the case of the Treaty of Tlatelolco, where Latin American countries moved together to discard the nuclear weapons option as a region.",34,
un,2006/cd/pv_1007#19,2006/cd/pv_1007,CD/PV.1007,True,meeting,comparison,True,completed,,1,1,1,0,31,31,15,16,blocking,"During the Conference on Disarmament's nuclear-disarmament debate, what common opportunity does the renewal of the Moscow Treaty give Russia and the United States?","The upcoming renewal of the Moscow Treaty provides Russia and the United States with the opportunity to make an effective concrete contribution to nuclear disarmament, by agreeing to destroy rather than stockpile the weapons covered by the Treaty.",,
un,2006/cd/pv_1007#19,2006/cd/pv_1007,CD/PV.1007,True,meeting,claim_verification,True,completed,,2,2,2,2,35,35,15,20,clear,"In the Conference on Disarmament's nuclear-disarmament debate, did the speaker present the renewal of the Moscow Treaty as an opportunity for Russia and the United States to contribute by destroying rather than stockpiling the covered weapons?","The upcoming renewal of the Moscow Treaty provides Russia and the United States with the opportunity to make an effective concrete contribution to nuclear disarmament, by agreeing to destroy rather than stockpile the weapons covered by the Treaty.",35,
un,2006/cd/pv_1007#19,2006/cd/pv_1007,CD/PV.1007,True,meeting,source_finding,True,completed,,1,1,1,0,39,39,15,24,repair,"Which Conference on Disarmament record contains the proposal that, when the Moscow Treaty is renewed, Russia and the United States should destroy rather than stockpile the weapons covered by it?",CD/PV.1007,,
un,2009/cedaw/c/sr_858_b_#22,2009/cedaw/c/sr_858_b_,CEDAW/C/SR(858.B),True,meeting,lookup,True,completed,,3,3,3,1,34.666666666666664,38,15,23,repair,What complaint figures did Ms. Natsagdolgor of Mongolia report in the Committee's 24 October 2008 summary record?,"two complaints of human trafficking, three complaints of sexual harassment in the workplace and one complaint of discriminatory treatment had been filed since 2005; there was no record of any complaints prior to that year.",29,
un,2009/cedaw/c/sr_858_b_#22,2009/cedaw/c/sr_858_b_,CEDAW/C/SR(858.B),True,meeting,practitioner,True,completed,,3,3,3,2,32,36,15,21,minor_issues,A Mongolian delegation is preparing its reply to the CEDAW Committee. What minimum coverage did the Chairperson require?,the delegation should reply to at least some of the questions raised by each expert,36,
un,2009/cedaw/c/sr_858_b_#22,2009/cedaw/c/sr_858_b_,CEDAW/C/SR(858.B),True,meeting,conceptual,True,completed,,1,1,1,1,37,37,14,23,clear,What measures did Mongolia report to the Committee on the Elimination of Discrimination against Women to address domestic violence?,"Ms. Altangerel (Mongolia) said that the Government campaigned widely against domestic violence in cooperation with the media and local communities.
An extensive programme for the perpetrators of violence was being implemented and an innovative programme for their rehabilitation through training, as an alternative to imprisonment, was being developed; women themselves favoured that measure.",37,
un,2009/cedaw/c/sr_858_b_#22,2009/cedaw/c/sr_858_b_,CEDAW/C/SR(858.B),True,meeting,comparison,True,completed,,1,1,1,1,33,33,14,19,clear,"During Mongolia's review by the Committee on the Elimination of Discrimination against Women, how did the reported numbers of complaints of human trafficking and sexual harassment in the workplace compare since 2005?","38. Ms. Natsagdolgor (Mongolia) said that two complaints of human trafficking, three complaints of sexual harassment in the workplace and one complaint of discriminatory treatment had been filed since 2005; there was no record of any complaints prior to that year.",33,
un,2009/cedaw/c/sr_858_b_#22,2009/cedaw/c/sr_858_b_,CEDAW/C/SR(858.B),True,meeting,claim_verification,True,completed,,2,2,2,1,35.5,38,15,23,repair,"At the Committee's examination of Mongolia, was an innovative programme for perpetrators' rehabilitation already being implemented as an alternative to imprisonment?","An extensive programme for the perpetrators of violence was being implemented and an innovative programme for their rehabilitation through training, as an alternative to imprisonment, was being developed;",33,
un,2009/cedaw/c/sr_858_b_#22,2009/cedaw/c/sr_858_b_,CEDAW/C/SR(858.B),True,meeting,source_finding,True,completed,,2,2,2,2,40,40,15,25,clear,Which CEDAW summary record contains the Mongolian delegation's statement that an extensive programme for perpetrators of domestic violence was being implemented and that rehabilitation through training was being developed as an alternative to imprisonment?,CEDAW/C/SR(858.B),40,
un,2009/cedaw/c/sr_877#19,2009/cedaw/c/sr_877,CEDAW/C/SR.877,True,meeting,lookup,True,completed,,3,3,3,3,36.333333333333336,38,15,23,clear,Which two ministries did Cameroon identify as responsible for labour during its discussion of the combined second and third periodic report?,Cameroon had two ministries responsible for labour: the Ministry of Labour and Professional Education and Ministry of Labour and Social Security.,38,
un,2009/cedaw/c/sr_877#19,2009/cedaw/c/sr_877,CEDAW/C/SR.877,True,meeting,practitioner,True,completed,,3,3,3,3,38.333333333333336,40,15,25,clear,A Cameroonian health worker needs to explain the stated exceptions to the Penal Code prohibition on abortion. In which circumstances did Cameroon say abortion was permitted?,Abortion was permitted in the case of rape or when the life of the mother was in danger.,40,
un,2009/cedaw/c/sr_877#19,2009/cedaw/c/sr_877,CEDAW/C/SR.877,True,meeting,conceptual,True,completed,,3,3,3,2,34.333333333333336,37,15,22,clear,How did Cameroon’s Penal Code’s prohibition on abortion address pregnancies resulting from rape or threats to the mother’s life?,"Although article 337 of the Penal Code prohibited abortion, there were exceptions which covered the cases referred to.
Abortion was permitted in the case of rape or when the life of the mother was in danger.",37,
un,2009/cedaw/c/sr_877#19,2009/cedaw/c/sr_877,CEDAW/C/SR.877,True,meeting,comparison,True,completed,,1,1,1,0,36,36,15,21,repair,"During the CEDAW review of Cameroon's combined second and third periodic report, how did the article 337 abortion exception for rape compare with the exception when the life of the mother was in danger?","45. Although article 337 of the Penal Code prohibited abortion, there were exceptions which covered the cases referred to. Abortion was permitted in the case of rape or when the life of the mother was in danger.",,
un,2009/cedaw/c/sr_877#19,2009/cedaw/c/sr_877,CEDAW/C/SR.877,True,meeting,claim_verification,True,completed,,1,1,1,1,37,37,15,22,clear,"In the CEDAW review of Cameroon's combined second and third periodic report, did the reported exceptions to article 337 permit abortion in cases of rape or when the mother's life was in danger?","45. Although article 337 of the Penal Code prohibited abortion, there were exceptions which covered the cases referred to.
Abortion was permitted in the case of rape or when the life of the mother was in danger.",37,
un,2009/cedaw/c/sr_877#19,2009/cedaw/c/sr_877,CEDAW/C/SR.877,True,meeting,source_finding,True,completed,,1,1,1,1,39,39,14,25,clear,"Which CEDAW Committee record contains Cameroon's statement, during the review of its combined second and third periodic report, that article 337 of the Penal Code prohibited abortion but allowed exceptions for rape or danger to the mother's life?",CEDAW/C/SR.877,39,
un,2013/a/cn_9/sr_943#2,2013/a/cn_9/sr_943,A/CN.9/SR.943,True,meeting,lookup,True,completed,,2,2,2,1,34,35,15,20,minor_issues,"What role did the Regional Centre for Asia and the Pacific have, according to the UNCITRAL session record discussing its opening since the previous session?",The Centre was an important means of promoting the adoption and use of the Commission's texts.,35,
un,2013/a/cn_9/sr_943#2,2013/a/cn_9/sr_943,A/CN.9/SR.943,True,meeting,practitioner,True,completed,,2,2,2,2,33.5,37,15,22,clear,"As UNCITRAL prepares to consider a strategic-direction document on technical assistance, what would the document seek to optimize and expand?",optimizing the use of resources and expanding the role of the Working Groups and the UNCITRAL secretariat in promoting the Commission's work,37,
un,2013/a/cn_9/sr_943#2,2013/a/cn_9/sr_943,A/CN.9/SR.943,True,meeting,conceptual,True,completed,,2,2,2,2,36,38,15,23,clear,How was the strategic-direction document intended to strengthen UNCITRAL's technical-assistance work?,"On the related subject of technical assistance, the Commission would be taking up a document on a strategic direction for UNCITRAL with a view to optimizing the use of resources and expanding the role of the Working Groups and the UNCITRAL secretariat in promoting the Commission's work.",38,
un,2013/a/cn_9/sr_943#2,2013/a/cn_9/sr_943,A/CN.9/SR.943,True,meeting,comparison,True,completed,,1,1,1,0,26,26,13,13,blocking,How were the UNCITRAL Model Law and the Regional Centre for Asia and the Pacific described as contributing to the Commission's work?,"Indeed the UNCITRAL Model Law was an important tool for the effective implementation of that Convention.
2. Since the previous session, the Regional Centre for Asia and the Pacific had been opened with the support of the Government of the Republic of Korea.
The Centre was an important means of promoting the adoption and use of the Commission's texts.",,
un,2013/a/cn_9/sr_943#2,2013/a/cn_9/sr_943,A/CN.9/SR.943,True,meeting,claim_verification,True,completed,,2,2,2,2,34.5,35,15,20,clear,Did the UNCITRAL Regional Centre for Asia and the Pacific open since the previous session with the support of the Government of the Republic of Korea?,"Since the previous session, the Regional Centre for Asia and the Pacific had been opened with the support of the Government of the Republic of Korea.",35,
un,2013/a/cn_9/sr_943#2,2013/a/cn_9/sr_943,A/CN.9/SR.943,True,meeting,source_finding,True,completed,,1,1,1,1,39,39,15,24,clear,Which UNCITRAL meeting record reports that the Regional Centre for Asia and the Pacific had opened with the support of the Government of the Republic of Korea?,A/CN.9/SR.943,39,
un,2008/pbc/3/gnb/sr_1#15,2008/pbc/3/gnb/sr_1,PBC/3/GNB/SR.1,True,meeting,lookup,True,completed,,2,2,2,2,36.5,37,15,22,clear,"What did Canada say was needed for the Peacebuilding Commission to assess progress towards the objectives set out in the Strategic Framework, in Canada's intervention on the tracking and monitoring mechanism in the Peacebuilding Commission's 1 October 2008 Guinea-Bissau session?","realistic, concrete indicators would be needed for the Peacebuilding Commission to assess progress towards the objectives set out in the Strategic Framework",37,
un,2008/pbc/3/gnb/sr_1#15,2008/pbc/3/gnb/sr_1,PBC/3/GNB/SR.1,True,meeting,practitioner,True,completed,,2,2,2,1,32,35,15,20,clear,"While helping refine the tracking and monitoring mechanism for the Guinea-Bissau Strategic Framework, what did Canada consider necessary for the Peacebuilding Commission to assess progress?","realistic, concrete indicators would be needed for the Peacebuilding Commission to assess progress towards the objectives set out in the Strategic Framework",35,
un,2008/pbc/3/gnb/sr_1#15,2008/pbc/3/gnb/sr_1,PBC/3/GNB/SR.1,True,meeting,conceptual,True,completed,,1,1,1,1,36,36,15,21,clear,How did Canada want the tracking and monitoring mechanism for the Peacebuilding Commission's Guinea-Bissau Strategic Framework to balance specificity with flexibility?,"Canada looked forward to working on that mechanism to sharpen its focus and increase its specificity since, while aware of the perils of over-rigid benchmarks, it considered that realistic, concrete indicators would be needed for the Peacebuilding Commission to assess progress towards the objectives set out in the Strategic Framework.",36,
un,2008/pbc/3/gnb/sr_1#15,2008/pbc/3/gnb/sr_1,PBC/3/GNB/SR.1,True,meeting,comparison,True,completed,,1,1,1,1,38,38,14,24,clear,How did Canada and Egypt differ in their priorities for the tracking and monitoring mechanism for the Guinea-Bissau Strategic Framework?,"36. Since such efforts could not be fully addressed by the elections alone, her delegation welcomed discussions to see how those dimensions could be fully taken into account through the monitoring mechanism.
Canada looked forward to working on that mechanism to sharpen its focus and increase its specificity since, while aware of the perils of over-rigid benchmarks, it considered that realistic, concrete indicators would be needed for the Peacebuilding Commission to assess progress towards the objectives set out in the Strategic Framework.
37. Mr. El Shinawy (Egypt) said that it was necessary to reach a rapid agreement on the tracking and monitoring mechanism and to determine benchmarks for success. The regional dimension was especially important.
The country-specific configuration for Guinea-Bissau should therefore keep all regional and subregional African organizations informed of developments in the implementation of the Strategic Framework.
In the same way, it was vital that the Government of Guinea-Bissau notify the Peacebuilding Commission of any difficulties that arose.",38,
un,2008/pbc/3/gnb/sr_1#15,2008/pbc/3/gnb/sr_1,PBC/3/GNB/SR.1,True,meeting,claim_verification,True,completed,,2,2,2,0,38,38,15,23,repair,"Did Canada consider realistic, concrete indicators necessary for the Peacebuilding Commission to assess progress towards the objectives set out in the Strategic Framework for Guinea-Bissau?","Canada looked forward to working on that mechanism to sharpen its focus and increase its specificity since, while aware of the perils of over-rigid benchmarks, it considered that realistic, concrete indicators would be needed for the Peacebuilding Commission to assess progress towards the objectives set out in the Strategic Framework.",,
un,2008/pbc/3/gnb/sr_1#15,2008/pbc/3/gnb/sr_1,PBC/3/GNB/SR.1,True,meeting,source_finding,True,completed,,1,1,1,1,38,38,14,24,clear,Which Peacebuilding Commission summary record contains Egypt’s call for the Guinea-Bissau configuration to keep regional and subregional African organizations informed about implementation of the Strategic Framework?,PBC/3/GNB/SR.1,38,
un,2007/pbc/1/bdi/sr_4#3,2007/pbc/1/bdi/sr_4,PBC/1/BDI/SR.4,True,meeting,lookup,True,completed,,3,3,3,3,39.666666666666664,40,15,25,clear,"According to the summary record of the Peacebuilding Commission's 4th meeting on Burundi in December 2006, what meeting were Uganda and South Africa trying to secure to address PALIPEHUTU-FNL's concerns about immunity for its members?",a meeting with Burundi on the sidelines of the upcoming Great Lakes Conference to try to address the concerns of PALIPEHUTU-FNL with regard to immunity for its members,40,
un,2007/pbc/1/bdi/sr_4#3,2007/pbc/1/bdi/sr_4,PBC/1/BDI/SR.4,True,meeting,practitioner,True,completed,,3,3,3,1,34.666666666666664,36,15,21,blocking,"Uganda and South Africa are seeking a meeting with Burundi on the sidelines of the upcoming Great Lakes Conference. What issue concerning PALIPEHUTU-FNL are they trying to address, and what could assurances on that issue encourage?","to try to address the concerns of PALIPEHUTU-FNL with regard to immunity for its members, which was provided for under the Agreement. Assurances on that score could encourage leaders of that movement to return to Burundi.",33,
un,2007/pbc/1/bdi/sr_4#3,2007/pbc/1/bdi/sr_4,PBC/1/BDI/SR.4,True,meeting,conceptual,True,completed,,3,3,3,1,39.666666666666664,40,15,25,clear,Why was Burundi's recent accession to the East African Community considered an institutional and peacebuilding landmark?,The move was an important institutional and peacebuilding landmark as it meant that the country's Parliament and court system would have to be harmonized with that of the Community.,40,
un,2007/pbc/1/bdi/sr_4#3,2007/pbc/1/bdi/sr_4,PBC/1/BDI/SR.4,True,meeting,comparison,True,completed,,1,1,1,0,31,31,13,18,blocking,"During the Peacebuilding Commission's discussion of peacebuilding in Burundi, what roles did Uganda and South Africa play in addressing the concerns of PALIPEHUTU-FNL?","3. Uganda had been involved in the talks between the Government and the Parti pour la libération du peuple Hutu-Forces nationales de libération (PALIPEHUTU-FNL) which led to the Comprehensive Ceasefire Agreement and was working hard to ensure that the Agreement was implemented. Together with South Africa, it was currently trying to secure a meeting with Burundi on the sidelines of the upcoming Great Lakes Conference to try to address the concerns of PALIPEHUTU-FNL with regard to immunity for its members, which was provided for under the Agreement.",,
un,2007/pbc/1/bdi/sr_4#3,2007/pbc/1/bdi/sr_4,PBC/1/BDI/SR.4,True,meeting,claim_verification,True,completed,,1,1,1,1,39,39,15,24,clear,"At the Peacebuilding Commission's fourth Burundi configuration meeting, did Uganda and South Africa try to secure a meeting with Burundi to address PALIPEHUTU-FNL's concerns about immunity?","Together with South Africa, it was currently trying to secure a meeting with Burundi on the sidelines of the upcoming Great Lakes Conference to try to address the concerns of PALIPEHUTU-FNL with regard to immunity for its members, which was provided for under the Agreement.",39,
un,2007/pbc/1/bdi/sr_4#3,2007/pbc/1/bdi/sr_4,PBC/1/BDI/SR.4,True,meeting,source_finding,True,completed,,1,1,1,1,39,39,15,24,clear,Which Peacebuilding Commission Burundi configuration meeting record reports that Uganda and South Africa were seeking a meeting to address PALIPEHUTU-FNL concerns about immunity for its members under the Comprehensive Ceasefire Agreement?,PBC/1/BDI/SR.4,39,
un,2007/a/c_3/61/sr_41#4,2007/a/c_3/61/sr_41,A/C.3/61/SR.41,True,meeting,lookup,True,completed,,3,3,3,3,37.333333333333336,38,15,23,clear,"What did the European Union support to address mixed migratory flows, and what did it say should be integral to migration policy in its statement during the Third Committee's discussion of refugee protection?",It supported the ten-point action plan proposed by UNHCR to address the issue of mixed migratory flows and felt that the protection of refugees should form an integral part of migration policy.,38,
un,2007/a/c_3/61/sr_41#4,2007/a/c_3/61/sr_41,A/C.3/61/SR.41,True,meeting,practitioner,True,completed,,3,3,3,3,36.333333333333336,38,15,23,clear,"As UNHCR expands its work protecting and assisting internally displaced persons, what did the European Union say was needed and what limit did it attach to that expansion?","While UNHCR needed to be given additional resources and capacity to perform its new role of protecting and assisting internally displaced persons, its core mandate should not be undermined.",38,
un,2007/a/c_3/61/sr_41#4,2007/a/c_3/61/sr_41,A/C.3/61/SR.41,True,meeting,conceptual,True,completed,,1,1,1,1,39,39,15,24,clear,How did the European Union frame refugee protection within migration policy when addressing mixed migratory flows?,It supported the ten-point action plan proposed by UNHCR to address the issue of mixed migratory flows and felt that the protection of refugees should form an integral part of migration policy.,39,
un,2007/a/c_3/61/sr_41#4,2007/a/c_3/61/sr_41,A/C.3/61/SR.41,True,meeting,comparison,True,completed,,1,1,1,1,34,34,13,21,clear,"In the European Union's statement on UNHCR's humanitarian role, how did it distinguish UNHCR's responsibilities toward internally displaced persons from its core mandate concerning refugees?","While UNHCR needed to be given additional resources and capacity to perform its new role of protecting and assisting internally displaced persons, its core mandate should not be undermined.",34,
un,2007/a/c_3/61/sr_41#4,2007/a/c_3/61/sr_41,A/C.3/61/SR.41,True,meeting,claim_verification,True,completed,,2,2,2,2,38,39,14,25,clear,"In its discussion of mixed migratory flows and refugee protection, did the European Union support UNHCR's ten-point action plan?",It supported the ten-point action plan proposed by UNHCR to address the issue of mixed migratory flows and felt that the protection of refugees should form an integral part of migration policy.,39,
un,2007/a/c_3/61/sr_41#4,2007/a/c_3/61/sr_41,A/C.3/61/SR.41,True,meeting,source_finding,True,completed,,1,1,1,1,38,38,15,23,clear,Which Third Committee meeting record contains the European Union’s position that UNHCR should receive additional resources and capacity to protect and assist internally displaced persons without undermining its core mandate?,A/C.3/61/SR.41,38,
un,2000/a/c_3/55/sr_30#11,2000/a/c_3/55/sr_30,A/C.3/55/SR.30,True,meeting,lookup,True,completed,,2,2,2,1,31.5,36,13,23,clear,"According to the fifty-fifth-session summary record of the General Assembly's Third Committee on the World Conference against Racism, what action should the World Conference take regarding vulnerable groups?","analyse the situation of vulnerable groups, particularly indigenous peoples and migrants, and, taking into account indigenous traditions and customs, must strengthen action to guarantee access to justice",36,
un,2000/a/c_3/55/sr_30#11,2000/a/c_3/55/sr_30,A/C.3/55/SR.30,True,meeting,practitioner,True,completed,,2,2,2,0,25.5,28,15,13,blocking,"For the World Conference against Racism, what must the World Conference do concerning vulnerable groups and access to justice?","The World Conference must analyse the situation of vulnerable groups, particularly indigenous peoples and migrants, and, taking into account indigenous traditions and customs, must strengthen action to guarantee access to justice.",,
un,2000/a/c_3/55/sr_30#11,2000/a/c_3/55/sr_30,A/C.3/55/SR.30,True,meeting,conceptual,True,completed,,1,1,1,0,31,31,14,17,blocking,How does the World Conference against Racism propose addressing vulnerable groups and migrants?,"The World Conference must analyse the situation of vulnerable groups, particularly indigenous peoples and migrants, and, taking into account indigenous traditions and customs, must strengthen action to guarantee access to justice.
It should also consider the issue of the human rights of migrants, who were being subjected to acts of xenophobia, in various parts of the world, without regard for their contribution to the society and economy of the host country.",,
un,2000/a/c_3/55/sr_30#11,2000/a/c_3/55/sr_30,A/C.3/55/SR.30,True,meeting,comparison,True,completed,,1,1,1,1,40,40,15,25,clear,How did Haiti's first Constitution compare with Haiti's 1987 Constitution in addressing racial discrimination?,"Since its founding in 1804, Haiti had instituted a tradition of racial tolerance, and that principle had been enshrined in the first Constitution. Although the 1987 Constitution did not explicitly refer to racial discrimination, it did refer to the Universal Declaration of Human Rights and the first Constitution.",40,
un,2000/a/c_3/55/sr_30#11,2000/a/c_3/55/sr_30,A/C.3/55/SR.30,True,meeting,claim_verification,True,completed,,2,2,2,1,33.5,39,15,24,clear,Did Haiti's 1987 Constitution explicitly refer to racial discrimination?,"Although the 1987 Constitution did not explicitly refer to racial discrimination, it did refer to the Universal Declaration of Human Rights and the first Constitution.",39,
un,2000/a/c_3/55/sr_30#11,2000/a/c_3/55/sr_30,A/C.3/55/SR.30,True,meeting,source_finding,True,completed,,1,1,1,1,38,38,13,25,clear,Which United Nations Third Committee meeting record contains Haiti’s statement that its tradition of racial tolerance dated from 1804 and was reflected in its Constitutions?,A/C.3/55/SR.30,38,
un,1998/s/1998/927#3,1998/s/1998/927,S/1998/927,False,letter,lookup,True,completed,,2,2,2,1,38,40,15,25,repair,"What access rights did Iraq have to accept unconditionally under the IAEA's OMV plan, according to the report conveyed in the Secretary-General's 7 October 1998 letter to the Security Council?","full and free access at any time to all sites, facilities, areas, locations, activities, materials and other items, including documentation, and to all persons and all information that, in the Agency's judgement, may be necessary for its OMV activities",36,
un,1998/s/1998/927#3,1998/s/1998/927,S/1998/927,False,letter,practitioner,True,completed,,2,2,2,1,38,40,15,25,clear,An IAEA monitoring team must plan inspections under Iraq’s ongoing monitoring and verification (OMV) plan after Iraq suspended cooperation. What access and cooperation terms did Iraq communicate?,"(a) Iraq will continue to facilitate OMV inspections at sites for which it routinely provides declarations under the OMV plan;
(b) Iraq will continue to allow IAEA access to locations for the purpose of collecting environmental samples or carrying out radiation surveys;
(c) Iraq will not permit access to capable sites or indeed to any sites other than those for which Iraq routinely provides declarations under the OMV plan;b
(d) Iraq will not cooperate in any activity involving investigation of its clandestine nuclear programme.",40,
un,1998/s/1998/927#3,1998/s/1998/927,S/1998/927,False,letter,conceptual,True,completed,,1,1,1,0,29,29,12,17,blocking,Why did the IAEA say its ongoing monitoring and verification inspections in Iraq could not ensure that prohibited activities would be detected in October 1998?,"The Agency's OMV plan, which Iraq formally accepted on 26 November 1993, obliges Iraq to accept unconditionally all of the rights of IAEA enumerated in the plan. The rights include full and free access at any time to all sites, facilities, areas, locations, activities, materials and other items, including documentation, and to all persons and all information that, in the Agency's judgement, may be necessary for its OMV activities.
As a consequence, IAEA is unable, through capable site inspections, to ensure that prohibited activities are not being carried out in Iraq, free from the risk of detection through direct inspection measures.
Iraq's refusal to address any matters related to its clandestine nuclear programme constitutes a further limitation of the Agency's right of full and free access, specifically to information.",,
un,1998/s/1998/927#3,1998/s/1998/927,S/1998/927,False,letter,comparison,True,completed,,1,1,1,1,37,37,14,23,clear,"Under Iraq's stated position on the IAEA ongoing monitoring and verification (OMV) plan, how did its access and cooperation for routinely declared sites compare with those for capable or other sites?","(a) Iraq will continue to facilitate OMV inspections at sites for which it routinely provides declarations under the OMV plan;
(b) Iraq will continue to allow IAEA access to locations for the purpose of collecting environmental samples or carrying out radiation surveys;
(c) Iraq will not permit access to capable sites or indeed to any sites other than those for which Iraq routinely provides declarations under the OMV plan;b
(d) Iraq will not cooperate in any activity involving investigation of its clandestine nuclear programme.",37,
un,1998/s/1998/927#3,1998/s/1998/927,S/1998/927,False,letter,claim_verification,True,completed,,1,1,1,1,36,36,15,21,clear,"In the October 1998 IAEA assessment of Iraq's OMV cooperation, did the IAEA report that Iraq would permit access to capable sites?",(c) Iraq will not permit access to capable sites or indeed to any sites other than those for which Iraq routinely provides declarations under the OMV plan;b,36,
un,1998/s/1998/927#3,1998/s/1998/927,S/1998/927,False,letter,source_finding,True,completed,,1,1,1,1,37,37,14,23,clear,Which Security Council document contains the IAEA assessment that Iraq’s refusal to address its clandestine nuclear programme further limited the Agency’s right of full and free access to information under its ongoing monitoring and verification plan?,S/1998/927,37,
un,2011/a/66/613#3,2011/a/66/613,A/66/613,False,letter,lookup,True,completed,,2,2,2,2,39.5,40,15,25,clear,What annual CERF funding target did the Advisory Group commend efforts to reach in the Secretary-General's 13 December 2011 letter on the Fund?,the target of US$ 450 million in annual funding,40,
un,2011/a/66/613#3,2011/a/66/613,A/66/613,False,letter,practitioner,True,completed,,3,3,3,1,33.666666666666664,39,15,24,clear,A humanitarian country team is assessing when the Central Emergency Response Fund (CERF) can complement and reinforce humanitarian reform. Under what circumstances did the Advisory Group acknowledge that it can do so?,when there was effective leadership from the humanitarian country team and solid coordination arrangements were in place,39,
un,2011/a/66/613#3,2011/a/66/613,A/66/613,False,letter,conceptual,True,completed,,1,1,1,0,40,40,15,25,repair,Under what conditions did the Advisory Group say that the Central Emergency Response Fund complemented and reinforced humanitarian reform?,Members of the Advisory Group acknowledged the role of the Fund in complementing and reinforcing humanitarian reform when there was effective leadership from the humanitarian country team and solid coordination arrangements were in place.,,
un,2011/a/66/613#3,2011/a/66/613,A/66/613,False,letter,comparison,True,completed,,1,1,1,1,36,36,15,21,clear,How did the Advisory Group's assessment of CERF reporting differ between efforts to improve the quality and timeliness of field reporting and the overall quality of country-level-results reporting?,"10. The Advisory Group acknowledged the effort made by the CERF secretariat to improve the quality and timeliness of field reporting over the past five years and the special attention given to working with resident coordinators/humanitarian coordinators who had provided substandard draft reports. The Group expressed concern for the overall quality of reporting by resident coordinators/humanitarian coordinators on country-level results, and stressed the need to move towards improved measurement of outcome.",36,
un,2011/a/66/613#3,2011/a/66/613,A/66/613,False,letter,claim_verification,True,completed,,1,1,1,0,36,36,15,21,repair,"At its October 2011 meeting concerning the Central Emergency Response Fund (CERF), did the Advisory Group agree to revisit and continue monitoring implementation of the management response plan at subsequent meetings?",7. The Advisory Group agreed to revisit and continue monitoring the progress of implementation of the management response plan at its subsequent meetings.,,
un,2011/a/66/613#3,2011/a/66/613,A/66/613,False,letter,source_finding,True,completed,,1,1,1,1,39,39,15,24,clear,Which United Nations document records the Advisory Group of the Central Emergency Response Fund's concern about the quality of country-level results reporting and its call for improved outcome measurement?,A/66/613,39,
eurlex,http://data.europa.eu/eli/reg/2007/41/art_79/oj,32007R0041,32007R0041,False,no_refs,lookup,True,completed,,2,2,2,2,39,40,15,25,clear,What must each Member State ensure for fishing vessels operating in the SEAFO Convention Area and targeting species covered by the SEAFO Convention?,"that all its fishing vessels operating in the SEAFO Convention Area, and targeting species covered by the SEAFO Convention, carry qualified scientific observers",40,
eurlex,http://data.europa.eu/eli/reg/2007/41/art_79/oj,32007R0041,32007R0041,False,no_refs,fact_pattern,True,completed,,1,1,1,1,33,33,14,19,minor_issues,A Member State receives observer data from each of its flagged vessels after they leave the SEAFO Convention Area. What submission and onward-sharing rules apply?,"the submission of the information collected by the observers, in respect of each vessel flying its flag, within 30 days of leaving the SEAFO Convention Area. The data shall be submitted in the format specified by the SEAFO Scientific Committee. The Member State shall provide the Commission with a copy of the information as soon as possible, taking account of the need to maintain confidentiality of non-aggregated data. The Member State may also provide the SEAFO Executive Secretary with a copy of the information.",33,
eurlex,http://data.europa.eu/eli/reg/2007/41/art_79/oj,32007R0041,32007R0041,False,no_refs,conceptual,True,completed,,1,1,1,1,34,34,14,20,clear,How must Member States support stock assessment for vessels targeting species covered by the SEAFO Convention in the SEAFO Convention Area?,"Each Member State shall ensure that all its fishing vessels operating in the SEAFO Convention Area, and targeting species covered by the SEAFO Convention, carry qualified scientific observers. Each Member State shall require the submission of the information collected by the observers, in respect of each vessel flying its flag, within 30 days of leaving the SEAFO Convention Area. The data shall be submitted in the format specified by the SEAFO Scientific Committee. The Member State shall provide the Commission with a copy of the information as soon as possible, taking account of the need to maintain confidentiality of non-aggregated data. The Member State may also provide the SEAFO Executive Secretary with a copy of the information.",34,
eurlex,http://data.europa.eu/eli/reg/2007/41/art_79/oj,32007R0041,32007R0041,False,no_refs,comparison,True,completed,,1,1,1,1,38,38,15,23,clear,"For information collected by scientific observers on fishing vessels in the SEAFO Convention Area, what is the difference between providing a copy to the Commission and providing one to the SEAFO Executive Secretary?","The Member State shall provide the Commission with a copy of the information as soon as possible, taking account of the need to maintain confidentiality of non-aggregated data. The Member State may also provide the SEAFO Executive Secretary with a copy of the information.",38,
eurlex,http://data.europa.eu/eli/reg/2007/41/art_79/oj,32007R0041,32007R0041,False,no_refs,claim_verification,True,completed,,1,1,1,0,32,32,15,17,blocking,Does Article 79 require each Member State to ensure that all its fishing vessels operating in the SEAFO Convention Area and targeting species covered by the SEAFO Convention carry qualified scientific observers?,"Each Member State shall ensure that all its fishing vessels operating in the SEAFO Convention Area, and targeting species covered by the SEAFO Convention, carry qualified scientific observers.",,
eurlex,http://data.europa.eu/eli/reg/2007/41/art_79/oj,32007R0041,32007R0041,False,no_refs,source_finding,True,completed,,1,1,1,1,39,39,15,24,clear,Which EU provision requires Member States to ensure that fishing vessels operating in the SEAFO Convention Area and targeting species covered by the SEAFO Convention carry qualified scientific observers?,Article 79 — Council Regulation (EC) No 41/2006,39,
eurlex,http://data.europa.eu/eli/reg/2009/194/art_1/oj,32009R0194,32009R0194,False,no_refs,lookup,True,completed,,1,1,1,1,39,39,15,24,clear,What must be provided for the release for free circulation of biodiesel imports subject to the provisional countervailing duty?,"subject to the provision of a security, equivalent to the amount of the provisional duty",39,
eurlex,http://data.europa.eu/eli/reg/2009/194/art_1/oj,32009R0194,32009R0194,False,no_refs,fact_pattern,True,completed,,2,2,2,1,35,39,15,24,clear,A customs authority is examining a United States-origin biodiesel blend containing 25 % by weight of non-fossil fatty-acid mono-alkyl esters and classified under CN code ex15162098. Is the product subject to the provisional countervailing duty?,"A provisional countervailing duty is hereby imposed on imports of fatty-acid mono-alkyl esters and/or paraffinic gas oil obtained from synthesis and/or hydro-treatment, of non-fossil origin, commonly known as ‘biodiesel’, in pure form or in a blend containing by weight more than 20 % of fatty-acid mono-alkyl esters and/or paraffinic gas oil obtained from synthesis and/or hydro-treatment, of non-fossil origin, falling within CN codes ex15162098 (TARIC code 1516209820), ex15180091 (TARIC code 1518009120), ex15180099 (TARIC code 1518009920), ex27101941 (TARIC code 2710194120), 38249091, ex38249097 (TARIC code 3824909787), and originating in the United States of America.",39,
eurlex,http://data.europa.eu/eli/reg/2009/194/art_1/oj,32009R0194,32009R0194,False,no_refs,conceptual,True,completed,,1,1,1,1,39,39,15,24,clear,"For the provisional countervailing duty on US-origin biodiesel, how is the duty on blends calculated?","The countervailing duty on blends shall be applicable in proportion in the blend, by weight, of the total content of fatty-acid mono-alkyl esters and of paraffinic gasoils obtained from synthesis and/or hydro-treatment, of non-fossil origin (biodiesel content).",39,
eurlex,http://data.europa.eu/eli/reg/2009/194/art_1/oj,32009R0194,32009R0194,False,no_refs,comparison,True,completed,,1,1,1,1,37,37,13,24,clear,"Under Commission Regulation (EC) No 194/2009, what provisional countervailing duty rates apply to biodiesel imports originating in the United States for Archer Daniels Midland Company compared with Cargill Inc.?","Archer Daniels Midland Company, Decatur237,0A933Cargill Inc., Wayzata213,8A934",37,
eurlex,http://data.europa.eu/eli/reg/2009/194/art_1/oj,32009R0194,32009R0194,False,no_refs,claim_verification,True,completed,,2,2,2,2,36.5,40,15,25,clear,Is it true that release for free circulation in the Community of US biodiesel covered by the provisional countervailing duty may occur without providing security?,"The release for free circulation in the Community of the product referred to in paragraph 1 shall be subject to the provision of a security, equivalent to the amount of the provisional duty.",40,
eurlex,http://data.europa.eu/eli/reg/2009/194/art_1/oj,32009R0194,32009R0194,False,no_refs,source_finding,True,completed,,1,1,1,1,36,36,15,21,clear,Which provision imposes a provisional countervailing duty on imports of biodiesel originating in the United States of America?,Article 1 — Regulation (EC) No 194/2009,36,
eurlex,http://data.europa.eu/eli/reg/2009/1221/art_42/oj,32009R1221,32009R1221,False,no_refs,lookup,True,completed,,2,2,2,2,39.5,40,15,25,clear,What information must the Commission provide to the public about EMAS?,the objectives and principal components of EMAS,40,
eurlex,http://data.europa.eu/eli/reg/2009/1221/art_42/oj,32009R1221,32009R1221,False,no_refs,fact_pattern,True,completed,,1,1,1,0,28,28,12,16,blocking,An organisation preparing to participate in the Community eco-management and audit scheme (EMAS) needs to understand the rules governing its participation. What information must be provided to it?,organisations on the content of this Regulation,,
eurlex,http://data.europa.eu/eli/reg/2009/1221/art_42/oj,32009R1221,32009R1221,False,no_refs,conceptual,True,completed,,1,1,1,1,35,35,15,20,clear,What information must the Commission provide to the public and organisations about EMAS?,"The Commission shall provide information to:

(a)
the public on the objectives and principal components of EMAS;

(b)
organisations on the content of this Regulation.",35,
eurlex,http://data.europa.eu/eli/reg/2009/1221/art_42/oj,32009R1221,32009R1221,False,no_refs,comparison,True,completed,,1,1,1,1,37,37,15,22,clear,"Under EMAS, what information must the Commission provide to the public compared with organisations?","1. The Commission shall provide information to:

(a)
the public on the objectives and principal components of EMAS;

(b)
organisations on the content of this Regulation.",37,
eurlex,http://data.europa.eu/eli/reg/2009/1221/art_42/oj,32009R1221,32009R1221,False,no_refs,claim_verification,True,completed,,1,1,1,1,35,35,15,20,clear,"Is it true that, under the EMAS Regulation, the Commission must provide the public with information on the objectives and principal components of EMAS?","The Commission shall provide information to:

(a)
the public on the objectives and principal components of EMAS;",35,
eurlex,http://data.europa.eu/eli/reg/2009/1221/art_42/oj,32009R1221,32009R1221,False,no_refs,source_finding,True,completed,,1,1,1,1,40,40,15,25,clear,"Which provision of the EU Eco-Management and Audit Scheme (EMAS) rules requires the Commission to maintain and make publicly available a register, databases and a list of Community resources?",Article 42 — Regulation (EC) No 1221/2009,40,
eurlex,http://data.europa.eu/eli/reg/2008/683/art_22/oj,32008R0683,32008R0683,False,no_refs,lookup,True,no_candidates,,0,0,0,0,,,,,,,,,Only excluded institutional reporting and review content supports this need
eurlex,http://data.europa.eu/eli/reg/2008/683/art_22/oj,32008R0683,32008R0683,False,no_refs,fact_pattern,True,completed,,1,1,1,0,31,31,15,16,blocking,A private contractor handling an EGNOS and Galileo programme file needs to check the Commission's reporting duty when it presents the preliminary draft budget. What must the Commission present each year?,"Each year, when it presents the preliminary draft budget, it shall present a report to the European Parliament and to the Council on the implementation of the programmes.",,
eurlex,http://data.europa.eu/eli/reg/2008/683/art_22/oj,32008R0683,32008R0683,False,no_refs,conceptual,True,completed,,1,1,1,1,33,33,13,20,clear,How does the mid-term review of the EGNOS and Galileo programmes inform the European Parliament and the Council about progress?,"A mid-term review shall be carried out in 2010, which shall include a review of costs, risks and likely revenues from the services offered by Galileo, inter alia, in the light of technological and market developments, to inform the European Parliament and the Council of the progress made on the programmes.",33,
eurlex,http://data.europa.eu/eli/reg/2008/683/art_22/oj,32008R0683,32008R0683,False,no_refs,comparison,True,completed,,1,1,1,0,33,33,15,18,blocking,"Under the EU EGNOS and Galileo programme rules, does the Commission provide the European Parliament and the Council with the same annual implementation report?","Each year, when it presents the preliminary draft budget, it shall present a report to the European Parliament and to the Council on the implementation of the programmes.",,
eurlex,http://data.europa.eu/eli/reg/2008/683/art_22/oj,32008R0683,32008R0683,False,no_refs,claim_verification,True,completed,,1,1,1,1,39,39,15,24,clear,Does Regulation (EC) No 683/2008 require the Commission to report annually to the European Parliament and the Council on the implementation of the EGNOS and Galileo programmes?,"Each year, when it presents the preliminary draft budget, it shall present a report to the European Parliament and to the Council on the implementation of the programmes.",39,
eurlex,http://data.europa.eu/eli/reg/2008/683/art_22/oj,32008R0683,32008R0683,False,no_refs,source_finding,True,completed,,1,1,1,1,40,40,15,25,clear,"Which provision of the EU regulation on the further implementation of EGNOS and Galileo requires the Commission, when presenting the preliminary draft budget each year, to report to the European Parliament and the Council on implementation of the programmes?",Article 22 — Regulation (EC) No 683/2008,40,
eurlex,http://data.europa.eu/eli/dir/2009/90/art_4/oj,32009L0090,32009L0090,False,no_refs,lookup,True,completed,,2,2,2,2,38.5,39,15,24,clear,What minimum performance criteria must Member States ensure for methods of analysis applied to water-status monitoring?,an uncertainty of measurement of 50 % or below (k = 2) estimated at the level of relevant environmental quality standards and a limit of quantification equal or below a value of 30 % of the relevant environmental quality standards,39,
eurlex,http://data.europa.eu/eli/dir/2009/90/art_4/oj,32009L0090,32009L0090,False,no_refs,fact_pattern,True,completed,,2,2,2,0,34.5,35,15,20,blocking,A Member State applies a chemical-analysis method for monitoring water status whose measurement uncertainty at the level of the relevant environmental quality standard is 60 %. What minimum performance criteria must it ensure for all methods of analysis applied?,the minimum performance criteria for all methods of analysis applied are based on an uncertainty of measurement of 50 % or below (k = 2) estimated at the level of relevant environmental quality standards and a limit of quantification equal or below a value of 30 % of the relevant environmental quality standards,,
eurlex,http://data.europa.eu/eli/dir/2009/90/art_4/oj,32009L0090,32009L0090,False,no_refs,conceptual,True,completed,,1,1,1,1,30,30,14,16,minor_issues,What must Member States ensure for methods of analysis and monitoring of water status when applying minimum performance criteria?,"Member States shall ensure that the minimum performance criteria for all methods of analysis applied are based on an uncertainty of measurement of 50 % or below (k = 2) estimated at the level of relevant environmental quality standards and a limit of quantification equal or below a value of 30 % of the relevant environmental quality standards. In the absence of relevant environmental quality standard for a given parameter, or in the absence of method of analysis meeting the minimum performance criteria set out in paragraph 1, Member States shall ensure that monitoring is carried out using best available techniques not entailing excessive costs.",30,
eurlex,http://data.europa.eu/eli/dir/2009/90/art_4/oj,32009L0090,32009L0090,False,no_refs,comparison,True,completed,,1,1,1,1,35,35,15,20,clear,"Under EU water-monitoring rules, how do the method requirements compare for methods subject to the minimum performance criteria and for monitoring when a relevant environmental quality standard or compliant method is absent?","1. Member States shall ensure that the minimum performance criteria for all methods of analysis applied are based on an uncertainty of measurement of 50 % or below (k = 2) estimated at the level of relevant environmental quality standards and a limit of quantification equal or below a value of 30 % of the relevant environmental quality standards.

2. In the absence of relevant environmental quality standard for a given parameter, or in the absence of method of analysis meeting the minimum performance criteria set out in paragraph 1, Member States shall ensure that monitoring is carried out using best available techniques not entailing excessive costs.",35,
eurlex,http://data.europa.eu/eli/dir/2009/90/art_4/oj,32009L0090,32009L0090,False,no_refs,claim_verification,True,completed,,2,2,2,2,39,40,15,25,clear,"Under EU water-status monitoring rules, must Member States use the best available techniques not entailing excessive costs when no relevant environmental quality standard or compliant analytical method exists?","In the absence of relevant environmental quality standard for a given parameter, or in the absence of method of analysis meeting the minimum performance criteria set out in paragraph 1, Member States shall ensure that monitoring is carried out using best available techniques not entailing excessive costs.",40,
eurlex,http://data.europa.eu/eli/dir/2009/90/art_4/oj,32009L0090,32009L0090,False,no_refs,source_finding,True,completed,,1,1,1,1,39,39,15,24,clear,"Which EU provision sets the minimum performance criteria for methods of analysis used in chemical analysis and monitoring of water status, including the 50% measurement-uncertainty and 30% limit-of-quantification thresholds?",Article 4 — Commission Directive 2009/90/EC,39,
eurlex,http://data.europa.eu/eli/reg_impl/2014/727/art_4/oj,32014R0727,32014R0727,False,no_refs,lookup,True,completed,,3,3,3,2,38.333333333333336,40,15,25,clear,Within what period must interested parties submit representations or questionnaire replies for them to be taken into account in the new exporter review of trichloroisocyanuric acid imports from China?,"within 37 days from the date of the entry into force of this Regulation, unless otherwise specified",40,
eurlex,http://data.europa.eu/eli/reg_impl/2014/727/art_4/oj,32014R0727,32014R0727,False,no_refs,fact_pattern,True,completed,,3,3,3,3,35.333333333333336,36,15,21,clear,An interested party in the new exporter review of the anti-dumping duty on imports of trichloroisocyanuric acid originating in China wants its representations to be taken into account. What must it do within 37 days from the date of the entry into force of the Regulation?,"Interested parties, if their representations are to be taken into account during the investigation, must make themselves known by contacting the Commission, present their views in writing and submit a reply to the questionnaire indicated in recital 11 of this Regulation or any information to be taken into account within 37 days from the date of the entry into force of this Regulation, unless otherwise specified.",36,
eurlex,http://data.europa.eu/eli/reg_impl/2014/727/art_4/oj,32014R0727,32014R0727,False,no_refs,conceptual,True,completed,,3,3,3,1,37.666666666666664,39,15,24,repair,How may interested parties request a hearing during the new exporter review of anti-dumping measures on trichloroisocyanuric acid imports from China?,"Interested parties may request to be heard by the Commission investigation services. Any request to be heard must be made in writing and must specify the reasons for the request. For hearings on issues pertaining to the initial stage of the investigation the request must be submitted within 15 days of the date of entry into force of this Regulation. Thereafter, a request to be heard must be submitted within the specific deadlines set by the Commission in its communication with the parties.",38,
eurlex,http://data.europa.eu/eli/reg_impl/2014/727/art_4/oj,32014R0727,32014R0727,False,no_refs,comparison,True,completed,,1,1,1,1,37,37,14,23,clear,"Under the new exporter review concerning imports of trichloroisocyanuric acid originating in China, how do the deadlines for requests to be heard compare between the initial stage of the investigation and later stages?","Any request to be heard must be made in writing and must specify the reasons for the request. For hearings on issues pertaining to the initial stage of the investigation the request must be submitted within 15 days of the date of entry into force of this Regulation. Thereafter, a request to be heard must be submitted within the specific deadlines set by the Commission in its communication with the parties.",37,
eurlex,http://data.europa.eu/eli/reg_impl/2014/727/art_4/oj,32014R0727,32014R0727,False,no_refs,claim_verification,True,completed,,1,1,1,1,40,40,15,25,clear,Is it true that parties to the new exporter review of the anti-dumping duty on trichloroisocyanuric acid from China must submit comments on Japan's appropriateness as the envisaged market-economy third country within 10 days of the Regulation's entry into force?,"Parties to the investigation wanting to comment on the appropriateness of Japan, which is envisaged as a market-economy third country for the purpose of establishing normal value in respect of the People's Republic of China, must submit their comments within 10 days of the date of entry into force of this Regulation.",40,
eurlex,http://data.europa.eu/eli/reg_impl/2014/727/art_4/oj,32014R0727,32014R0727,False,no_refs,source_finding,True,completed,,1,1,1,1,37,37,15,22,clear,"Which provision of the new exporter review concerning anti-dumping measures on imports of trichloroisocyanuric acid originating in China sets the 37-day period for interested parties to contact the Commission, submit written views and provide a questionnaire reply or other information?",Article 4 — Commission Implementing Regulation (EU) No 727/2014,37,
eurlex,http://data.europa.eu/eli/reg/2011/349/art_1/oj,32011R0349,32011R0349,False,no_refs,lookup,True,completed,,3,3,3,3,38.333333333333336,40,15,25,clear,"For statistics on accidents at work, what is a fatal accident?",an accident which leads to the death of a victim within 1 year of the accident,40,
eurlex,http://data.europa.eu/eli/reg/2011/349/art_1/oj,32011R0349,32011R0349,False,no_refs,fact_pattern,True,completed,,3,3,3,2,37,39,15,24,clear,A national statistics authority is recording an accident in which the victim died 11 months later. What is a “fatal accident” under the EU accident-at-work statistics rules?,‘a fatal accident’ means an accident which leads to the death of a victim within 1 year of the accident,39,
eurlex,http://data.europa.eu/eli/reg/2011/349/art_1/oj,32011R0349,32011R0349,False,no_refs,conceptual,True,completed,,1,1,1,1,37,37,14,23,clear,How does the EU framework for statistics on accidents at work distinguish accidents occurring in the course of work from commuting accidents?,"‘accident at work’ means a discrete occurrence in the course of work which leads to physical or mental harm. The phrase ‘in the course of work’ means whilst engaged in an occupational activity or during the time spent at work. This includes road traffic accidents that occur in the course of work but excludes commuting accidents, i.e. road accidents that occur during the journey between home and the workplace;",37,
eurlex,http://data.europa.eu/eli/reg/2011/349/art_1/oj,32011R0349,32011R0349,False,no_refs,comparison,True,completed,,1,1,1,1,40,40,15,25,clear,"Under EU statistics rules on accidents at work, how do the definitions of an accident at work and a fatal accident differ in the harm required?","‘accident at work’ means a discrete occurrence in the course of work which leads to physical or mental harm. The phrase ‘in the course of work’ means whilst engaged in an occupational activity or during the time spent at work. This includes road traffic accidents that occur in the course of work but excludes commuting accidents, i.e. road accidents that occur during the journey between home and the workplace;

‘a fatal accident’ means an accident which leads to the death of a victim within 1 year of the accident;",40,
eurlex,http://data.europa.eu/eli/reg/2011/349/art_1/oj,32011R0349,32011R0349,False,no_refs,claim_verification,True,completed,,1,1,1,1,39,39,15,24,clear,"Under the EU rules on statistics on accidents at work, is it true that the definition of an ‘accident at work’ includes road accidents during the journey between home and the workplace?","This includes road traffic accidents that occur in the course of work but excludes commuting accidents, i.e. road accidents that occur during the journey between home and the workplace;",39,
eurlex,http://data.europa.eu/eli/reg/2011/349/art_1/oj,32011R0349,32011R0349,False,no_refs,source_finding,True,completed,,1,1,1,1,39,39,15,24,clear,Which EU provision implementing statistics on accidents at work defines a fatal accident as an accident leading to the victim’s death within one year?,Article 1 — Regulation (EU) No 349/2011,39,
eurlex,http://data.europa.eu/eli/reg/2007/1303/art_13/oj,32007R1303,32007R1303,False,no_refs,lookup,True,completed,,2,2,2,2,36,37,14,23,minor_issues,When must summaries of information on the functioning of Member States’ electronic reporting systems be sent to the Commission?,on its request in a format and at time intervals to be decided in consultation between Member States and the Commission,37,
eurlex,http://data.europa.eu/eli/reg/2007/1303/art_13/oj,32007R1303,32007R1303,False,no_refs,fact_pattern,True,completed,,2,2,2,1,34,35,15,20,clear,A Member State has received a Commission request for a summary of information on the functioning of its electronic reporting system. How are the summary’s format and timing determined?,Summaries of information on the functioning of Member States’ electronic reporting systems shall be sent to the Commission on its request in a format and at time intervals to be decided in consultation between Member States and the Commission.,35,
eurlex,http://data.europa.eu/eli/reg/2007/1303/art_13/oj,32007R1303,32007R1303,False,no_refs,conceptual,True,completed,,1,1,1,0,34,34,15,19,blocking,What information must Member States record in databases on the functioning of electronic reporting systems for fishing activities?,"Member States shall maintain databases on the functioning of their electronic reporting system. They shall contain at least the following information:

(a) the list of fishing vessels flying their flag whose electronic reporting systems have experienced technical failure or have failed to function;

(b) the number of electronic logbook transmissions received per day and the average number of transmissions received per vessel, broken down by flag Member State;

(c) the number of landing declaration, transhipment declaration, takeover declaration and sales note transmissions received, broken down by flag State.",,
eurlex,http://data.europa.eu/eli/reg/2007/1303/art_13/oj,32007R1303,32007R1303,False,no_refs,comparison,True,completed,,1,1,1,1,40,40,15,25,clear,"Under EU fishing-activity reporting rules, how does the required functioning data for electronic logbook transmissions compare with that for landing, transhipment, takeover and sales-note transmissions?","(b)
the number of electronic logbook transmissions received per day and the average number of transmissions received per vessel, broken down by flag Member State;

(c)
the number of landing declaration, transhipment declaration, takeover declaration and sales note transmissions received, broken down by flag State.",40,
eurlex,http://data.europa.eu/eli/reg/2007/1303/art_13/oj,32007R1303,32007R1303,False,no_refs,claim_verification,True,completed,,1,1,1,1,35,35,15,20,clear,Is it true that Member States must maintain databases on the functioning of their electronic reporting systems for fishing activities?,Member States shall maintain databases on the functioning of their electronic reporting system.,35,
eurlex,http://data.europa.eu/eli/reg/2007/1303/art_13/oj,32007R1303,32007R1303,False,no_refs,source_finding,True,completed,,1,1,1,1,39,39,15,24,clear,Which provision of the EU rules on electronic recording and reporting of fishing activities requires Member States to maintain databases on the functioning of their electronic reporting systems?,Article 13 — Regulation (EC) No 1303/2007,39,
eurlex,http://data.europa.eu/eli/reg/2005/356/art_14/oj,32005R0356,32005R0356,False,no_refs,lookup,True,completed,,3,3,3,2,34,40,15,25,clear,At what maximum spacing must intermediary marker buoys be deployed so that passive fishing gear is not left unmarked?,at distances of not more than 1 nautical mile so that no part of the gear extending 1 nautical mile or more shall be left unmarked,40,
eurlex,http://data.europa.eu/eli/reg/2005/356/art_14/oj,32005R0356,32005R0356,False,no_refs,fact_pattern,True,completed,,2,2,2,2,39.5,40,15,25,clear,"A fishing operator uses intermediary marker buoys on passive gear extending 1.5 nautical miles, but gives them blue flags and fits a radar reflector only to every sixth buoy. What characteristics must the intermediary marker buoys have?",Intermediary marker buoys shall have the same characteristics as those of the end marker buoy in the eastern sector except for the following: (a) the flags shall be white; (b) every fifth intermediary marker buoys shall be fitted with a radar reflector giving an echo at least two nautical miles.,40,
eurlex,http://data.europa.eu/eli/reg/2005/356/art_14/oj,32005R0356,32005R0356,False,no_refs,conceptual,True,completed,,1,1,1,1,36,36,14,22,clear,How must passive gear extending more than one nautical mile be marked with intermediary marker buoys?,"Intermediary marker buoys shall be fixed to passive gear extending more than 1 nautical mile.

Intermediary marker buoys shall be deployed at distances of not more than 1 nautical mile so that no part of the gear extending 1 nautical mile or more shall be left unmarked.",36,
eurlex,http://data.europa.eu/eli/reg/2005/356/art_14/oj,32005R0356,32005R0356,False,no_refs,comparison,True,completed,,1,1,1,1,39,39,15,24,clear,"Under EU passive fishing-gear marking rules, how do the characteristics of intermediary marker buoys compare with those of the end marker buoy in the eastern sector?","Intermediary marker buoys shall have the same characteristics as those of the end marker buoy in the eastern sector except for the following:

(a)
the flags shall be white;

(b)
every fifth intermediary marker buoys shall be fitted with a radar reflector giving an echo at least two nautical miles.",39,
eurlex,http://data.europa.eu/eli/reg/2005/356/art_14/oj,32005R0356,32005R0356,False,no_refs,claim_verification,True,completed,,1,1,1,1,35,35,15,20,clear,Do EU rules on marking passive fishing gear require intermediary marker buoys to be fixed to passive gear extending more than 1 nautical mile?,Intermediary marker buoys shall be fixed to passive gear extending more than 1 nautical mile.,35,
eurlex,http://data.europa.eu/eli/reg/2005/356/art_14/oj,32005R0356,32005R0356,False,no_refs,source_finding,True,completed,,1,1,1,1,39,39,15,24,clear,Which EU provision requires intermediary marker buoys on passive fishing gear extending more than one nautical mile and limits the distance between them to one nautical mile?,Article 14 — Regulation (EC) No 356/2005,39,
eurlex,http://data.europa.eu/eli/reg_impl/2014/1244/art_24/oj,32014R1244,32014R1244,False,no_refs,lookup,True,completed,,2,2,2,1,39,40,15,25,clear,What additional insurance coverage applies to an EU Aid Volunteer when coverage lasts longer than 12 weeks?,"For insurance coverage longer than 12 weeks, it shall be extended for a further 8 weeks in the insured's home country to cover follow-up medical treatment for illnesses and injuries that occurred during the first period of coverage.",40,
eurlex,http://data.europa.eu/eli/reg_impl/2014/1244/art_24/oj,32014R1244,32014R1244,False,no_refs,fact_pattern,True,completed,,2,2,2,1,35.5,39,15,24,clear,An EU Aid Volunteer has insurance coverage lasting longer than 12 weeks and needs follow-up medical treatment in their home country for an illness that occurred during the initial deployment coverage. How must the insurance coverage be extended?,it shall be extended for a further 8 weeks in the insured's home country to cover follow-up medical treatment for illnesses and injuries that occurred during the first period of coverage,39,
eurlex,http://data.europa.eu/eli/reg_impl/2014/1244/art_24/oj,32014R1244,32014R1244,False,no_refs,conceptual,True,completed,,2,2,2,2,37,40,15,25,clear,How is insurance protection for EU Aid Volunteers structured during deployment and after it?,"All EU Aid Volunteers shall be covered by a complete insurance policy specifically designed to protect them during the entire duration of their deployment in the third countries and relevant periods before and after.

The insurance coverage shall be worldwide, 24 hours a day. It shall start from the day the EU Aid Volunteer leaves home on the way to the third country of deployment until the day the EU Aid Volunteer leaves the third country of deployment on the way to, and arrives back at, their home (‘the first period of coverage’).

For insurance coverage longer than 12 weeks, it shall be extended for a further 8 weeks in the insured's home country to cover follow-up medical treatment for illnesses and injuries that occurred during the first period of coverage.",40,
eurlex,http://data.europa.eu/eli/reg_impl/2014/1244/art_24/oj,32014R1244,32014R1244,False,no_refs,comparison,True,completed,,1,1,1,1,35,35,12,23,clear,"For EU Aid Volunteers, how does insurance coverage during the first period of coverage compare with the further eight-week home-country coverage for deployments longer than 12 weeks?","2. The insurance coverage shall be worldwide, 24 hours a day. It shall start from the day the EU Aid Volunteer leaves home on the way to the third country of deployment until the day the EU Aid Volunteer leaves the third country of deployment on the way to, and arrives back at, their home (‘the first period of coverage’).

3. For insurance coverage longer than 12 weeks, it shall be extended for a further 8 weeks in the insured's home country to cover follow-up medical treatment for illnesses and injuries that occurred during the first period of coverage.

4. The coverage shall be applicable to all activities linked to the EU Aid Volunteers initiative and also the private activities of EU Aid Volunteers during the first period of coverage.",35,
eurlex,http://data.europa.eu/eli/reg_impl/2014/1244/art_24/oj,32014R1244,32014R1244,False,no_refs,claim_verification,True,completed,,1,1,1,1,39,39,15,24,clear,Is it true that insurance coverage for EU Aid Volunteers applies only to activities linked to the EU Aid Volunteers initiative during the first period of coverage?,The coverage shall be applicable to all activities linked to the EU Aid Volunteers initiative and also the private activities of EU Aid Volunteers during the first period of coverage.,39,
eurlex,http://data.europa.eu/eli/reg_impl/2014/1244/art_24/oj,32014R1244,32014R1244,False,no_refs,source_finding,True,completed,,1,1,1,1,37,37,15,22,clear,Which EU provision requires all EU Aid Volunteers to have complete insurance coverage throughout their deployment in third countries and relevant periods before and after?,Article 24 — Commission Implementing Regulation (EU) No 1244/2014,37,
eurlex,http://data.europa.eu/eli/dir/2009/133/art_4/oj,32009L0133,32009L0133,False,no_refs,lookup,True,completed,,1,1,1,1,37,37,15,22,minor_issues,Under what condition must the receiving company calculate depreciation and gains or losses for transferred assets and liabilities for the non-taxation rule to apply?,"only if the receiving company computes any new depreciation and any gains or losses in respect of the assets and liabilities transferred according to the rules that would have applied to the transferring company or companies if the merger, division or partial division had not taken place",37,
eurlex,http://data.europa.eu/eli/dir/2009/133/art_4/oj,32009L0133,32009L0133,False,no_refs,fact_pattern,True,completed,,1,1,1,1,34,34,15,19,clear,A receiving company applies the no-tax treatment to assets and liabilities transferred in a partial division. Under what rule must it compute new depreciation and any gains or losses for that treatment to apply?,"Paragraphs 1 and 3 shall apply only if the receiving company computes any new depreciation and any gains or losses in respect of the assets and liabilities transferred according to the rules that would have applied to the transferring company or companies if the merger, division or partial division had not taken place.",34,
eurlex,http://data.europa.eu/eli/dir/2009/133/art_4/oj,32009L0133,32009L0133,False,no_refs,conceptual,True,completed,,1,1,1,1,35,35,14,21,clear,"What condition governs the non-taxation of capital gains in cross-border mergers, divisions and partial divisions under the EU common tax system?","4. Paragraphs 1 and 3 shall apply only if the receiving company computes any new depreciation and any gains or losses in respect of the assets and liabilities transferred according to the rules that would have applied to the transferring company or companies if the merger, division or partial division had not taken place.

5. Where, under the laws of the Member State of the transferring company, the receiving company is entitled to have any new depreciation or any gains or losses in respect of the assets and liabilities transferred computed on a basis different from that set out in paragraph 4, paragraph 1 shall not apply to the assets and liabilities in respect of which that option is exercised.",35,
eurlex,http://data.europa.eu/eli/dir/2009/133/art_4/oj,32009L0133,32009L0133,False,no_refs,comparison,True,completed,,1,1,1,1,40,40,15,25,clear,"Under EU cross-border restructuring tax rules, are a merger and a partial division treated alike regarding taxation of capital gains?","A merger, division or partial division shall not give rise to any taxation of capital gains calculated by reference to the difference between the real values of the assets and liabilities transferred and their values for tax purposes.",40,
eurlex,http://data.europa.eu/eli/dir/2009/133/art_4/oj,32009L0133,32009L0133,False,no_refs,claim_verification,True,completed,,1,1,1,1,35,35,15,20,minor_issues,"Under the EU merger tax regime, do the tax rules in paragraphs 1 and 3 apply only if the receiving company computes new depreciation and gains or losses for the transferred assets and liabilities according to the rules that would have applied to the transferring company or companies if the restructuring had not taken place?","Paragraphs 1 and 3 shall apply only if the receiving company computes any new depreciation and any gains or losses in respect of the assets and liabilities transferred according to the rules that would have applied to the transferring company or companies if the merger, division or partial division had not taken place.",35,
eurlex,http://data.europa.eu/eli/dir/2009/133/art_4/oj,32009L0133,32009L0133,False,no_refs,source_finding,True,completed,,1,1,1,1,35,35,15,20,clear,"Which EU provision states that a merger, division or partial division must not give rise to taxation of capital gains calculated by reference to the difference between the real values of the assets and liabilities transferred and their values for tax purposes?",Article 4 — Council Directive 2009/133/EC,35,
eurlex,http://data.europa.eu/eli/reg/2006/950/art_8/oj,32006R0950,32006R0950,False,no_refs,lookup,True,completed,,1,1,1,1,40,40,15,25,clear,What must Member States communicate before the end of each month under the EU rules for importing and refining sugar under tariff quotas and preferential agreements?,"before the end of each month, the quantities of sugar, by tel quel weight and in white sugar equivalent actually imported three months before",40,
eurlex,http://data.europa.eu/eli/reg/2006/950/art_8/oj,32006R0950,32006R0950,False,no_refs,fact_pattern,True,completed,,1,1,1,0,34,34,14,20,blocking,A Member State is reporting under a sugar tariff quota for imports from a particular country of origin. What must it communicate before the end of each month?,"the quantities of sugar, by tel quel weight and in white sugar equivalent actually imported three months before",,
eurlex,http://data.europa.eu/eli/reg/2006/950/art_8/oj,32006R0950,32006R0950,False,no_refs,conceptual,True,no_candidates,,0,0,0,0,,,,,,,,,Only excluded reporting and collection formalities support a conceptual need
eurlex,http://data.europa.eu/eli/reg/2006/950/art_8/oj,32006R0950,32006R0950,False,no_refs,comparison,True,completed,,1,1,1,1,35,35,14,21,clear,"Under the EU reporting rules for sugar imported under tariff quotas and preferential agreements, are sugar for refining and sugar not intended for refining reported using the same quantity measurements for the previous marketing year or delivery period?","(i)
the total quantity actually imported:

in the form of sugar for refining, expressed in tel quel weight and in white sugar equivalent,

in the form of sugar not intended for refining, expressed in tel quel weight and in white sugar equivalent,",35,
eurlex,http://data.europa.eu/eli/reg/2006/950/art_8/oj,32006R0950,32006R0950,False,no_refs,claim_verification,True,completed,,1,1,1,1,36,36,15,21,clear,"Does the sugar-import reporting process under Commission Regulation (EC) No 950/2006 require Member States to report, before the end of each month, the quantities actually imported three months earlier, separately for each tariff quota or delivery obligation and country of origin?","Member States shall communicate to the Commission separately for each tariff quota or delivery obligation and for each country of origin:

(a)
before the end of each month, the quantities of sugar, by tel quel weight and in white sugar equivalent actually imported three months before;",36,
eurlex,http://data.europa.eu/eli/reg/2006/950/art_8/oj,32006R0950,32006R0950,False,no_refs,source_finding,True,completed,,1,1,1,1,37,37,14,23,clear,"Which provision requires Member States to communicate to the Commission, for each sugar tariff quota or delivery obligation and country of origin, the quantities actually imported and refined?",Article 8 — Regulation (EC) No 950/2006,37,
eurlex,http://data.europa.eu/eli/reg/2008/1221/art_2/oj,32008R1221,32008R1221,False,no_refs,lookup,True,no_candidates,,0,0,0,0,,,,,,,,,Only excluded repeal content supports this need
eurlex,http://data.europa.eu/eli/reg/2008/1221/art_2/oj,32008R1221,32008R1221,False,no_refs,fact_pattern,True,no_candidates,,0,0,0,0,,,,,,,,,Only excluded repeal content supports this need
eurlex,http://data.europa.eu/eli/reg/2008/1221/art_2/oj,32008R1221,32008R1221,False,no_refs,conceptual,True,no_candidates,,0,0,0,0,,,,,,,,,Only excluded repeal content supports a conceptual question
eurlex,http://data.europa.eu/eli/reg/2008/1221/art_2/oj,32008R1221,32008R1221,False,no_refs,comparison,True,no_candidates,,0,0,0,0,,,,,,,,,Only excluded repeal content supports this mode
eurlex,http://data.europa.eu/eli/reg/2008/1221/art_2/oj,32008R1221,32008R1221,False,no_refs,claim_verification,True,no_candidates,,0,0,0,0,,,,,,,,,Only excluded repeal content supports this need
eurlex,http://data.europa.eu/eli/reg/2008/1221/art_2/oj,32008R1221,32008R1221,False,no_refs,source_finding,True,no_candidates,,0,0,0,0,,,,,,,,,The target contains only excluded repeal content.
eurlex,http://data.europa.eu/eli/dir/2013/34/art_33/oj,32013L0034,32013L0034,False,no_refs,lookup,True,completed,,2,2,2,2,38,38,14,24,clear,Who bears collective responsibility for ensuring that an undertaking's financial statements and reports are properly drawn up and published?,"the members of the administrative, management and supervisory bodies of an undertaking, acting within the competences assigned to them by national law, have collective responsibility for ensuring that",38,
eurlex,http://data.europa.eu/eli/dir/2013/34/art_33/oj,32013L0034,32013L0034,False,no_refs,fact_pattern,True,completed,,1,1,1,0,28,28,14,14,blocking,"An undertaking's administrative, management and supervisory bodies act within competences assigned by national law, and the undertaking must draw up and publish its annual and consolidated financial statements and related management reports. What collective responsibility must the Member State ensure for those members?","Member States shall ensure that the members of the administrative, management and supervisory bodies of an undertaking, acting within the competences assigned to them by national law, have collective responsibility for ensuring that:

(a)
the annual financial statements, the management report and, when provided separately, the corporate governance statement; and

(b)
the consolidated financial statements, consolidated management reports and, when provided separately, the consolidated corporate governance statement,

are drawn up and published in accordance with the requirements of this Directive and, where applicable, with the international accounting standards adopted in accordance with Regulation (EC) No 1606/2002.",,
eurlex,http://data.europa.eu/eli/dir/2013/34/art_33/oj,32013L0034,32013L0034,False,no_refs,conceptual,True,completed,,1,1,1,1,33,33,15,18,clear,What responsibility and liability must Member States ensure for undertaking bodies regarding financial statements and management reports?,"Member States shall ensure that the members of the administrative, management and supervisory bodies of an undertaking, acting within the competences assigned to them by national law, have collective responsibility for ensuring that the annual financial statements, the management report and, when provided separately, the corporate governance statement, and the consolidated financial statements, consolidated management reports and, when provided separately, the consolidated corporate governance statement, are drawn up and published in accordance with the requirements of this Directive and, where applicable, with the international accounting standards adopted in accordance with Regulation (EC) No 1606/2002. Member States shall ensure that their laws, regulations and administrative provisions on liability, at least towards the undertaking, apply to the members of the administrative, management and supervisory bodies of the undertakings for breach of the duties referred to in paragraph 1.",33,
eurlex,http://data.europa.eu/eli/dir/2013/34/art_33/oj,32013L0034,32013L0034,False,no_refs,comparison,True,completed,,1,1,1,1,32,32,15,17,clear,"Under EU rules on annual and consolidated financial statements, how does the collective responsibility of the undertaking’s governing bodies compare for drawing up and publishing the annual and consolidated financial statements?","Member States shall ensure that the members of the administrative, management and supervisory bodies of an undertaking, acting within the competences assigned to them by national law, have collective responsibility for ensuring that:

(a)
the annual financial statements, the management report and, when provided separately, the corporate governance statement; and

(b)
the consolidated financial statements, consolidated management reports and, when provided separately, the consolidated corporate governance statement,

are drawn up and published in accordance with the requirements of this Directive and, where applicable, with the international accounting standards adopted in accordance with Regulation (EC) No 1606/2002.",32,
eurlex,http://data.europa.eu/eli/dir/2013/34/art_33/oj,32013L0034,32013L0034,False,no_refs,claim_verification,True,completed,,2,2,2,2,34.5,36,15,21,clear,"Does EU accounting law require Member States to apply their liability laws, at least towards the undertaking, to members of an undertaking’s administrative, management and supervisory bodies when they breach the duties concerning the drawing up and publication of the financial statements and reports?","Member States shall ensure that their laws, regulations and administrative provisions on liability, at least towards the undertaking, apply to the members of the administrative, management and supervisory bodies of the undertakings for breach of the duties referred to in paragraph 1.",36,
eurlex,http://data.europa.eu/eli/dir/2013/34/art_33/oj,32013L0034,32013L0034,False,no_refs,source_finding,True,completed,,1,1,1,1,38,38,15,23,clear,"Which EU provision makes the members of an undertaking’s administrative, management and supervisory bodies collectively responsible for ensuring that its financial statements and management reports are drawn up and published in accordance with the applicable requirements?",Article 33 — Directive 2013/34/EU,38,
eurlex,http://data.europa.eu/eli/dir/2010/35/art_15/oj,32010L0035,32010L0035,False,no_refs,lookup,True,completed,,3,3,3,2,37.333333333333336,40,15,25,clear,"What minimum height must the Pi marking have on transportable pressure equipment, including equipment with a diameter of 140 mm or less?","5 mm. For transportable pressure equipment with a diameter less than or equal to 140 mm the minimum height shall be 2,5 mm.",40,
eurlex,http://data.europa.eu/eli/dir/2010/35/art_15/oj,32010L0035,32010L0035,False,no_refs,fact_pattern,True,completed,,3,3,3,3,38.333333333333336,40,15,25,clear,A manufacturer is affixing the Pi marking to transportable pressure equipment with a diameter of 140 mm. What is the minimum height of the marking?,"The minimum height of the Pi marking shall be 5 mm. For transportable pressure equipment with a diameter less than or equal to 140 mm the minimum height shall be 2,5 mm.",40,
eurlex,http://data.europa.eu/eli/dir/2010/35/art_15/oj,32010L0035,32010L0035,False,no_refs,conceptual,True,completed,,2,2,2,1,31,37,14,23,clear,How must the Pi marking be placed on new transportable pressure equipment and safety-critical demountable parts?,"The Pi marking shall be affixed visibly, legibly and permanently to the transportable pressure equipment or to its data plate as well as to demountable parts of refillable transportable pressure equipment having a direct safety function. The Pi marking shall be affixed before the new transportable pressure equipment or demountable parts of refillable transportable pressure equipment having a direct safety function are placed on the market.",37,
eurlex,http://data.europa.eu/eli/dir/2010/35/art_15/oj,32010L0035,32010L0035,False,no_refs,comparison,True,completed,,1,1,1,1,38,38,15,23,clear,"Under EU rules for the Pi marking on transportable pressure equipment, what minimum-height requirement applies to transportable pressure equipment generally compared with transportable pressure equipment with a diameter less than or equal to 140 mm?","The minimum height of the Pi marking shall be 5 mm. For transportable pressure equipment with a diameter less than or equal to 140 mm the minimum height shall be 2,5 mm.",38,
eurlex,http://data.europa.eu/eli/dir/2010/35/art_15/oj,32010L0035,32010L0035,False,no_refs,claim_verification,True,completed,,1,1,1,1,35,35,15,20,clear,"Under EU rules on transportable pressure equipment, must the Pi marking be affixed before new transportable pressure equipment is placed on the market?",The Pi marking shall be affixed before the new transportable pressure equipment or demountable parts of refillable transportable pressure equipment having a direct safety function are placed on the market.,35,
eurlex,http://data.europa.eu/eli/dir/2010/35/art_15/oj,32010L0035,32010L0035,False,no_refs,source_finding,True,completed,,1,1,1,1,36,36,14,22,clear,"Which EU provision lays down the minimum dimensions, placement, timing and notified-body identification requirements for the Pi marking on transportable pressure equipment?",Article 15 — Directive 2010/35/EU,36,
eurlex,http://data.europa.eu/eli/reg/2007/715/art_3/oj,32007R0715,32007R0715,False,no_refs,lookup,True,completed,,2,2,2,2,40,40,15,25,clear,How is the ‘reference mass’ of a vehicle calculated for EU vehicle emissions type approval?,the mass of the vehicle in running order less the uniform mass of the driver of 75 kg and increased by a uniform mass of 100 kg,40,
eurlex,http://data.europa.eu/eli/reg/2007/715/art_3/oj,32007R0715,32007R0715,False,no_refs,fact_pattern,True,completed,,2,2,2,0,32,32,15,17,blocking,"For EU vehicle-emissions type-approval purposes, a vehicle manufacturer is classifying a vehicle that has two different energy converters and two different energy storage systems on the vehicle for propulsion. What does the regulation mean by “hybrid vehicle”?",‘hybrid vehicle’ means a vehicle with at least two different energy converters and two different energy storage systems (on vehicle) for the purpose of vehicle propulsion,,
eurlex,http://data.europa.eu/eli/reg/2007/715/art_3/oj,32007R0715,32007R0715,False,no_refs,conceptual,True,completed,,1,1,1,0,35,35,15,20,blocking,How do EU type-approval rules for light passenger and commercial vehicle emissions identify a design feature as a defeat device?,"‘defeat device’ means any element of design which senses temperature, vehicle speed, engine speed (RPM), transmission gear, manifold vacuum or any other parameter for the purpose of activating, modulating, delaying or deactivating the operation of any part of the emission control system, that reduces the effectiveness of the emission control system under conditions which may reasonably be expected to be encountered in normal vehicle operation and use;",,
eurlex,http://data.europa.eu/eli/reg/2007/715/art_3/oj,32007R0715,32007R0715,False,no_refs,comparison,True,completed,,1,1,1,1,38,38,15,23,clear,"Under EU Euro 5/Euro 6 vehicle-emissions rules, how are an original pollution control device and a replacement pollution control device defined in relation to type approval and vehicle replacement?","12.
‘original pollution control device’ means a pollution control device or an assembly of such devices covered by the type approval granted for the vehicle concerned;

13.
‘replacement pollution control device’ means a pollution control device or an assembly of such devices intended to replace an original pollution control device and which can be approved as a separate technical unit as defined in Directive 70/156/EEC;",38,
eurlex,http://data.europa.eu/eli/reg/2007/715/art_3/oj,32007R0715,32007R0715,False,no_refs,claim_verification,True,completed,,1,1,1,1,36,36,15,21,clear,"Under Regulation (EC) No 715/2007 on type approval of motor vehicles with respect to emissions, does a hybrid vehicle require at least two different energy converters and two different on-vehicle energy storage systems for vehicle propulsion?",‘hybrid vehicle’ means a vehicle with at least two different energy converters and two different energy storage systems (on vehicle) for the purpose of vehicle propulsion;,36,
eurlex,http://data.europa.eu/eli/reg/2007/715/art_3/oj,32007R0715,32007R0715,False,no_refs,source_finding,True,completed,,1,1,1,1,38,38,15,23,clear,Which EU provision defines a “defeat device” in the context of type approval for emissions from light passenger and commercial vehicles?,Article 3 — Regulation (EC) No 715/2007,38,
eurlex,http://data.europa.eu/eli/reg/2010/257/art_2/oj,32010R0257,32010R0257,False,no_refs,lookup,True,completed,,1,1,1,1,38,38,15,23,clear,What is meant by an ‘approved food additive’ in the programme for the re-evaluation of approved food additives?,"a food additive authorised before 20 January 2009 and listed in Directive 94/35/EC of the European Parliament and of the Council of 30 June 1994 on sweeteners for use in foodstuffs, Directive 94/36/EC of the European Parliament and of the Council of 30 June 1994 on colours for use in foodstuffs or in Directive 95/2/EC of the European Parliament and of the Council of 20 February 1995 on food additives other than colours and sweeteners",38,
eurlex,http://data.europa.eu/eli/reg/2010/257/art_2/oj,32010R0257,32010R0257,False,no_refs,fact_pattern,True,completed,,2,2,2,0,30.5,31,15,16,blocking,A food-business company is responsible for ensuring that Regulation (EC) No 1333/2008 is complied with within the food business it controls. What is that company under the food-additive re-evaluation programme?,‘business operator’ means any natural or legal person responsible for ensuring that the requirements of Regulation (EC) No 1333/2008 are met within the food business under its control,,
eurlex,http://data.europa.eu/eli/reg/2010/257/art_2/oj,32010R0257,32010R0257,False,no_refs,conceptual,True,no_candidates,,0,0,0,0,,,,,,,,,"The article contains only standalone definitions, which support lookup or comparison rather than a conceptual relationship."
eurlex,http://data.europa.eu/eli/reg/2010/257/art_2/oj,32010R0257,32010R0257,False,no_refs,comparison,True,completed,,1,1,1,1,40,40,15,25,clear,"Under the EU programme for re-evaluating approved food additives, how do the definitions of a business operator and an interested business operator differ regarding their role?","‘business operator’ means any natural or legal person responsible for ensuring that the requirements of Regulation (EC) No 1333/2008 are met within the food business under its control;

‘interested business operator’ means a business operator interested in the continuity of the authorisation of one or more approved food additives;",40,
eurlex,http://data.europa.eu/eli/reg/2010/257/art_2/oj,32010R0257,32010R0257,False,no_refs,claim_verification,True,completed,,1,1,1,1,39,39,15,24,clear,"Under the EU food-additive re-evaluation programme, does an ‘approved food additive’ mean a food additive authorised before 20 January 2009 and listed in one of the specified EU directives?","‘approved food additive’ means a food additive authorised before 20 January 2009 and listed in Directive 94/35/EC of the European Parliament and of the Council of 30 June 1994 on sweeteners for use in foodstuffs, Directive 94/36/EC of the European Parliament and of the Council of 30 June 1994 on colours for use in foodstuffs or in Directive 95/2/EC of the European Parliament and of the Council of 20 February 1995 on food additives other than colours and sweeteners;",39,
eurlex,http://data.europa.eu/eli/reg/2010/257/art_2/oj,32010R0257,32010R0257,False,no_refs,source_finding,True,completed,,1,1,1,1,40,40,15,25,clear,Which provision of the programme for the re-evaluation of approved food additives defines an ‘interested business operator’ as a business operator interested in the continuity of the authorisation of one or more approved food additives?,Article 2 — Commission Regulation (EU) No 257/2010,40,
eurlex,http://data.europa.eu/eli/reg/2014/909/art_43/oj,32014R0909,32014R0909,False,no_refs,lookup,True,completed,,3,3,3,3,39.333333333333336,40,15,25,clear,What must a central securities depository have for the authorisation and supervision of its activities and for informing its clients?,"rules, procedures, and contracts that are clear and understandable for all the securities settlement systems that it operates and all other services that it provides",40,
eurlex,http://data.europa.eu/eli/reg/2014/909/art_43/oj,32014R0909,32014R0909,False,no_refs,fact_pattern,True,completed,,3,3,3,3,35,37,15,22,clear,"A CSD is designing rules, procedures and contracts for operations in several jurisdictions, including a situation in which a participant may default. What must the CSD ensure about those rules, procedures and contracts?","A CSD shall design its rules, procedures and contracts so that they are enforceable in all relevant jurisdictions, including in the case of the default of a participant.",37,
eurlex,http://data.europa.eu/eli/reg/2014/909/art_43/oj,32014R0909,32014R0909,False,no_refs,conceptual,True,completed,,1,1,1,1,34,34,14,20,clear,"How must a central securities depository structure its rules, procedures and contracts to manage legal risks across jurisdictions?","For the purpose of its authorisation and supervision, as well as for the information of its clients, a CSD shall have rules, procedures, and contracts that are clear and understandable for all the securities settlement systems that it operates and all other services that it provides. A CSD shall design its rules, procedures and contracts so that they are enforceable in all relevant jurisdictions, including in the case of the default of a participant. A CSD conducting business in different jurisdictions shall take all reasonable steps to identify and mitigate the risks arising from potential conflicts of law across jurisdictions.",34,
eurlex,http://data.europa.eu/eli/reg/2014/909/art_43/oj,32014R0909,32014R0909,False,no_refs,comparison,True,completed,,1,1,1,0,36,36,15,21,repair,"Under EU CSD legal-risk rules, must a CSD's rules, procedures and contracts be clear and understandable for both its securities settlement systems and its other services?","For the purpose of its authorisation and supervision, as well as for the information of its clients, a CSD shall have rules, procedures, and contracts that are clear and understandable for all the securities settlement systems that it operates and all other services that it provides.",,
eurlex,http://data.europa.eu/eli/reg/2014/909/art_43/oj,32014R0909,32014R0909,False,no_refs,claim_verification,True,completed,,1,1,1,1,37,37,15,22,clear,Does the EU regulation on central securities depositories require a CSD operating in different jurisdictions to identify and mitigate risks arising from potential conflicts of law?,A CSD conducting business in different jurisdictions shall take all reasonable steps to identify and mitigate the risks arising from potential conflicts of law across jurisdictions.,37,
eurlex,http://data.europa.eu/eli/reg/2014/909/art_43/oj,32014R0909,32014R0909,False,no_refs,source_finding,True,completed,,1,1,1,1,39,39,15,24,clear,"Which EU provision requires a central securities depository to maintain clear and understandable rules, procedures and contracts for its securities settlement systems and other services?",Article 43 — Regulation (EU) No 909/2014,39,
eurlex,http://data.europa.eu/eli/reg/2013/575/art_435/oj,32013R0575,32013R0575,False,no_refs,lookup,True,completed,,2,2,2,2,38,39,15,24,clear,What assurance must an institution’s management-body-approved declaration provide about its risk management arrangements?,that the risk management systems put in place are adequate with regard to the institution's profile and strategy,39,
eurlex,http://data.europa.eu/eli/reg/2013/575/art_435/oj,32013R0575,32013R0575,False,no_refs,fact_pattern,True,completed,,1,1,1,0,31,31,15,16,blocking,"An institution is preparing a risk-management disclosure, and its management body approves a declaration on the adequacy of its risk-management arrangements. What assurance must that declaration provide?",a declaration approved by the management body on the adequacy of risk management arrangements of the institution providing assurance that the risk management systems put in place are adequate with regard to the institution's profile and strategy,,
eurlex,http://data.europa.eu/eli/reg/2013/575/art_435/oj,32013R0575,32013R0575,False,no_refs,conceptual,True,completed,,1,1,1,1,35,35,14,21,clear,What management-body-approved assurances and risk-profile information must institutions include in their risk management disclosures?,"(e) a declaration approved by the management body on the adequacy of risk management arrangements of the institution providing assurance that the risk management systems put in place are adequate with regard to the institution's profile and strategy;

(f) a concise risk statement approved by the management body succinctly describing the institution's overall risk profile associated with the business strategy. This statement shall include key ratios and figures providing external stakeholders with a comprehensive view of the institution's management of risk, including how the risk profile of the institution interacts with the risk tolerance set by the management body.",35,
eurlex,http://data.europa.eu/eli/reg/2013/575/art_435/oj,32013R0575,32013R0575,False,no_refs,comparison,True,completed,,1,1,1,0,32,32,15,17,blocking,"Under EU prudential disclosure rules for institutions, what governance-arrangement information must be disclosed about management-body diversity compared with the risk committee?","(c)
the policy on diversity with regard to selection of members of the management body, its objectives and any relevant targets set out in that policy, and the extent to which these objectives and targets have been achieved;

(d)
whether or not the institution has set up a separate risk committee and the number of times the risk committee has met;",,
eurlex,http://data.europa.eu/eli/reg/2013/575/art_435/oj,32013R0575,32013R0575,False,no_refs,claim_verification,True,completed,,1,1,1,1,35,35,14,21,clear,"Do EU prudential disclosure rules require institutions to provide regular, at least annual updates on specified governance arrangements?","Institutions shall disclose the following information, including regular, at least annual updates, regarding governance arrangements:",35,
eurlex,http://data.europa.eu/eli/reg/2013/575/art_435/oj,32013R0575,32013R0575,False,no_refs,source_finding,True,completed,,1,1,1,1,38,38,15,23,clear,"Which EU provision requires institutions to disclose, for each separate category of risk, their risk-management strategies and processes, organisational arrangements, reporting and measurement systems, and hedging and risk-mitigation policies?",Article 435 — Regulation (EU) No 575/2013,38,
eurlex,http://data.europa.eu/eli/reg_impl/2012/520/art_8/oj,32012R0520,32012R0520,False,no_refs,lookup,True,completed,,2,2,2,2,39.5,40,15,25,clear,"What must marketing authorisation holders, national competent authorities and the Agency establish and use for their pharmacovigilance activities?",a quality system that is adequate and effective for the performance of their pharmacovigilance activities,40,
eurlex,http://data.europa.eu/eli/reg_impl/2012/520/art_8/oj,32012R0520,32012R0520,False,no_refs,fact_pattern,True,completed,,1,1,1,1,36,36,15,21,minor_issues,A national competent authority's staff are involved in pharmacovigilance procedures and processes but do not take responsibility for the functioning of its quality system. What responsibility applies to those persons?,All persons involved in the procedures and processes of the quality systems established by the national competent authorities and the Agency for the performance of pharmacovigilance activities shall be responsible for the good functioning of those quality systems and shall ensure a systematic approach towards quality and towards the implementation and maintenance of the quality system.,36,
eurlex,http://data.europa.eu/eli/reg_impl/2012/520/art_8/oj,32012R0520,32012R0520,False,no_refs,conceptual,True,completed,,1,1,1,1,37,37,15,22,clear,How are persons involved in the pharmacovigilance quality systems of national competent authorities and the Agency made responsible for maintaining those systems?,All persons involved in the procedures and processes of the quality systems established by the national competent authorities and the Agency for the performance of pharmacovigilance activities shall be responsible for the good functioning of those quality systems and shall ensure a systematic approach towards quality and towards the implementation and maintenance of the quality system.,37,
eurlex,http://data.europa.eu/eli/reg_impl/2012/520/art_8/oj,32012R0520,32012R0520,False,no_refs,comparison,True,completed,,1,1,1,0,30,30,15,15,blocking,"Under EU pharmacovigilance rules, must marketing authorisation holders and national competent authorities establish and use an adequate and effective quality system for their pharmacovigilance activities?","Marketing authorisation holders, the national competent authorities and the Agency shall establish and use a quality system that is adequate and effective for the performance of their pharmacovigilance activities.",,
eurlex,http://data.europa.eu/eli/reg_impl/2012/520/art_8/oj,32012R0520,32012R0520,False,no_refs,claim_verification,True,completed,,1,1,1,1,34,34,15,19,minor_issues,"Does EU pharmacovigilance law require marketing authorisation holders, the national competent authorities and the Agency to establish and use an adequate and effective quality system for their pharmacovigilance activities?","Marketing authorisation holders, the national competent authorities and the Agency shall establish and use a quality system that is adequate and effective for the performance of their pharmacovigilance activities.",34,
eurlex,http://data.europa.eu/eli/reg_impl/2012/520/art_8/oj,32012R0520,32012R0520,False,no_refs,source_finding,True,completed,,1,1,1,1,39,39,15,24,clear,"Which EU provision requires marketing authorisation holders, national competent authorities and the Agency to establish and use an adequate and effective quality system for pharmacovigilance activities?",Article 8 — Commission Implementing Regulation (EU) No 520/2012,39,
eurlex,http://data.europa.eu/eli/reg/2005/1346/art_21/oj,32005R1346,32005R1346,False,one_ref,lookup,True,completed,,2,2,2,1,39,39,15,24,clear,What annual sampling and budget-coverage requirements apply to checks of programmes completed in the previous year under the agricultural-promotion Regulation?,"The checks described shall be undertaken each year on at least 20 % of the programmes completed in the previous year, covering a minimum of two programmes, and shall relate to at least 20 % of the total budget of the programmes completed during the previous year.",39,
eurlex,http://data.europa.eu/eli/reg/2005/1346/art_21/oj,32005R1346,32005R1346,False,one_ref,fact_pattern,True,completed,,3,3,3,2,31.666666666666668,33,14,19,clear,A Member State is carrying out technical and accounting checks at the premises of the contracting organisation and implementing body. What must it verify?,"the Member States shall take the steps necessary to verify that:

(a)
the information and supporting documents supplied are accurate, and

(b)
all the obligations laid down in the contract referred to in Article 12(1) have been fulfilled.",33,
eurlex,http://data.europa.eu/eli/reg/2005/1346/art_21/oj,32005R1346,32005R1346,False,one_ref,conceptual,True,completed,,1,1,1,1,36,36,15,21,clear,How do Member States verify that programmes promoting agricultural products in third countries comply with their requirements?,"In particular by means of technical and accounting checks at the premises of the contracting organisation and the implementing body, the Member States shall take the steps necessary to verify that:

(a) the information and supporting documents supplied are accurate, and

(b) all the obligations laid down in the contract referred to in Article 12(1) have been fulfilled.",36,
eurlex,http://data.europa.eu/eli/reg/2005/1346/art_21/oj,32005R1346,32005R1346,False,one_ref,comparison,True,completed,,1,1,1,1,36,36,12,24,clear,"For information and promotion programmes for agricultural products in third countries, how do the checking roles of the Member States and the Commission differ?","The Commission may take part at any time in the checks provided for in paragraphs 1, 2 and 3. To that end, the competent national authorities in the Member States shall send the Commission, at least 30 days prior to the checks, a provisional schedule of the checks to be carried out by the Member State. The Commission may carry out any additional checks it considers necessary.",36,
eurlex,http://data.europa.eu/eli/reg/2005/1346/art_21/oj,32005R1346,32005R1346,False,one_ref,claim_verification,True,completed,,1,1,1,0,32,32,14,18,blocking,"Is it true that Member States must each year check at least 20 % of agricultural-promotion programmes financed under Commission Regulation (EC) No 1346/2005, with a minimum of two programmes and coverage of at least 20 % of the relevant total budget?","The checks described shall be undertaken each year on at least 20 % of the programmes completed in the previous year, covering a minimum of two programmes, and shall relate to at least 20 % of the total budget of the programmes completed during the previous year.",,
eurlex,http://data.europa.eu/eli/reg/2005/1346/art_21/oj,32005R1346,32005R1346,False,one_ref,source_finding,True,completed,,1,1,1,1,39,39,15,24,clear,"Which EU provision governs Member State checks of programmes financed to provide information on and promote agricultural products in third countries, including annual risk-based sampling and reporting to the Commission?",Article 21 — Commission Regulation (EC) No 1346/2005,39,
eurlex,http://data.europa.eu/eli/dir/2012/18/art_4/oj,32012L0018,32012L0018,False,one_ref,lookup,True,completed,,3,3,3,3,38,40,15,25,clear,"Under EU rules on the control of major-accident hazards involving dangerous substances, what must the Commission assess for a particular dangerous substance?","whether it is impossible in practice for a particular dangerous substance covered by Part 1 or listed in Part 2 of Annex I, to cause a release of matter or energy that could create a major accident under both normal and abnormal conditions which can reasonably be foreseen",40,
eurlex,http://data.europa.eu/eli/dir/2012/18/art_4/oj,32012L0018,32012L0018,False,one_ref,fact_pattern,True,completed,,1,1,1,0,29,29,14,15,blocking,A Member State considers that a dangerous substance does not present a major-accident hazard under the EU major-accident regime. What must accompany its notification to the Commission?,"supporting justification, including the information referred to in paragraph 3",,
eurlex,http://data.europa.eu/eli/dir/2012/18/art_4/oj,32012L0018,32012L0018,False,one_ref,conceptual,True,completed,,3,3,3,1,37.666666666666664,39,15,24,repair,What must a Member State do if it considers that a dangerous substance does not present a major-accident hazard under the Commission's assessment rules?,"Where a Member State considers that a dangerous substance does not present a major-accident hazard in accordance with paragraph 1, it shall notify the Commission together with supporting justification, including the information referred to in paragraph 3.",37,
eurlex,http://data.europa.eu/eli/dir/2012/18/art_4/oj,32012L0018,32012L0018,False,one_ref,comparison,True,completed,,1,1,1,1,36,36,14,22,clear,"Under Directive 2012/18/EU rules on major-accident hazards involving dangerous substances, how do the Commission’s assessment role and a Member State’s notification role compare when a particular dangerous substance may not present a major-accident hazard?","1. The Commission shall assess, where appropriate or in any event on the basis of a notification by a Member State in accordance with paragraph 2, whether it is impossible in practice for a particular dangerous substance covered by Part 1 or listed in Part 2 of Annex I, to cause a release of matter or energy that could create a major accident under both normal and abnormal conditions which can reasonably be foreseen. That assessment shall take into account the information referred to in paragraph 3, and shall be based on one or more of the following characteristics:

(a)
the physical form of the dangerous substance under normal processing or handling conditions or in an unplanned loss of containment;

(b)
the inherent properties of the dangerous substance, in particular those related to dispersive behaviour in a major-accident scenario, such as molecular mass and saturated vapour pressure;

(c)
the maximum concentration of the substances in the case of mixtures.

For the purposes of the first subparagraph, the containment and generic packing of the dangerous substance should, where appropriate, also be taken into account, including in particular where covered under specific Union legislation.
2. Where a Member State considers that a dangerous substance does not present a major-accident hazard in accordance with paragraph 1, it shall notify the Commission together with supporting justification, including the information referred to in paragraph 3.",36,
eurlex,http://data.europa.eu/eli/dir/2012/18/art_4/oj,32012L0018,32012L0018,False,one_ref,claim_verification,True,completed,,1,1,1,1,39,39,15,24,clear,Is it true that the Commission’s assessment of whether a dangerous substance can cause a major accident must be based on every characteristic listed in Article 4(1)(a) to (c) of Directive 2012/18/EU?,"That assessment shall take into account the information referred to in paragraph 3, and shall be based on one or more of the following characteristics:",39,
eurlex,http://data.europa.eu/eli/dir/2012/18/art_4/oj,32012L0018,32012L0018,False,one_ref,source_finding,True,completed,,1,1,1,1,35,35,15,20,clear,"Which EU provision provides that, following the Commission’s assessment of a dangerous substance under the major-accident hazards Directive, it shall, if appropriate, present a legislative proposal to exclude that substance from the Directive’s scope?",Article 4 — Directive 2012/18/EU,35,
eurlex,http://data.europa.eu/eli/reg/2009/1107/art_31/oj,32009R1107,32009R1107,False,few_refs,lookup,True,completed,,2,2,2,2,38,40,15,25,clear,What must an authorisation for a plant protection product define regarding its permitted use?,"The authorisation shall define plants or plant products and non-agricultural areas (for example railways, public areas, storage rooms) on which and the purposes for which the plant protection product may be used.",40,
eurlex,http://data.europa.eu/eli/reg/2009/1107/art_31/oj,32009R1107,32009R1107,False,few_refs,fact_pattern,True,completed,,2,2,2,1,31,33,15,18,minor_issues,"A national authority authorises a plant protection product for use on railways and in storage rooms, but the authorisation names neither the permitted purposes nor the areas. What must the authorisation define?","The authorisation shall define plants or plant products and non-agricultural areas (for example railways, public areas, storage rooms) on which and the purposes for which the plant protection product may be used.",33,
eurlex,http://data.europa.eu/eli/reg/2009/1107/art_31/oj,32009R1107,32009R1107,False,few_refs,conceptual,True,completed,,1,1,1,1,36,36,15,21,clear,How may authorisations for plant protection products protect people and the environment through restrictions on distribution and use?,"a restriction with respect to the distribution and use of the plant protection product in order to protect the health of the distributors, users, bystanders, residents, consumers or workers concerned or the environment, taking into consideration requirements imposed by other Community provisions; such restriction shall be indicated on the label;",36,
eurlex,http://data.europa.eu/eli/reg/2009/1107/art_31/oj,32009R1107,32009R1107,False,few_refs,comparison,True,completed,,1,1,1,0,35,35,13,22,repair,"Under Regulation (EC) No 1107/2009, which application-related requirements must authorisations for plant protection products include where applicable, and which may they include?","3. The requirements referred to in paragraph 2 shall also include where applicable:

(a)
the maximum dose per hectare in each application;

(b)
the period between the last application and harvest;

(c)
the maximum number of applications per year.

4. The requirements referred to in paragraph 2 may include the following:

(a)
a restriction with respect to the distribution and use of the plant protection product in order to protect the health of the distributors, users, bystanders, residents, consumers or workers concerned or the environment, taking into consideration requirements imposed by other Community provisions; such restriction shall be indicated on the label;

(b)
the obligation before the product is used to inform any neighbours who could be exposed to the spray drift and who have requested to be informed;

(c)
indications for proper use according to the principles of Integrated Pest Management referred to in Article 14 of and Annex III to Directive 2009/128/EC;

(d)
designation of categories of users, such as professional and non-professional;

(e)
the approved label;

(f)
the interval between applications;

(g)
the period between the last application and consumption of the plant product where applicable;

(h)
the re-entry interval;

(i)
the packaging size and material.",,
eurlex,http://data.europa.eu/eli/reg/2009/1107/art_31/oj,32009R1107,32009R1107,False,few_refs,claim_verification,True,completed,,1,1,1,1,36,36,15,21,clear,"Is it true that an authorisation for a plant protection product must define the non-agricultural areas on which, and purposes for which, it may be used?","The authorisation shall define plants or plant products and non-agricultural areas (for example railways, public areas, storage rooms) on which and the purposes for which the plant protection product may be used.",36,
eurlex,http://data.europa.eu/eli/reg/2009/1107/art_31/oj,32009R1107,32009R1107,False,few_refs,source_finding,True,completed,,1,1,1,1,37,37,15,22,clear,"Which EU provision requires authorisations for plant protection products to set out requirements for placing them on the market and using them, including minimum conditions needed to comply with the approval conditions for their active substances, safeners and synergists?",Article 31 — Regulation (EC) No 1107/2009,37,
eurlex,http://data.europa.eu/eli/reg/2011/204/art_13/oj,32011R0204,32011R0204,False,few_refs,lookup,True,completed,,3,3,3,3,35.666666666666664,37,13,24,clear,"Subject to applicable reporting, confidentiality and professional secrecy rules, what must natural and legal persons, entities and bodies do immediately with information facilitating compliance with the EU restrictive measures concerning the situation in Libya?","supply immediately any information which would facilitate compliance with this Regulation, such as accounts and amounts frozen in accordance with Article 4, to the competent authority in the Member State where they are resident or located, as indicated on the websites listed in Annex IV, and shall transmit such information, either directly or through the Member States, to the Commission",37,
eurlex,http://data.europa.eu/eli/reg/2011/204/art_13/oj,32011R0204,32011R0204,False,few_refs,fact_pattern,True,completed,,1,1,1,1,38,38,15,23,clear,A company located in a Member State holds accounts frozen under the Libya restrictive measures and is subject to a verification of information by the competent authority. What must it do?,"supply immediately any information which would facilitate compliance with this Regulation, such as accounts and amounts frozen in accordance with Article 4, to the competent authority in the Member State where they are resident or located, as indicated on the websites listed in Annex IV, and shall transmit such information, either directly or through the Member States, to the Commission; and (b) cooperate with that competent authority in any verification of this information.",38,
eurlex,http://data.europa.eu/eli/reg/2011/204/art_13/oj,32011R0204,32011R0204,False,few_refs,conceptual,True,completed,,2,2,2,2,38.5,39,15,24,clear,"Under the EU restrictive measures concerning the situation in Libya, what must natural and legal persons, entities and bodies do with information that facilitates compliance?","Without prejudice to the applicable rules concerning reporting, confidentiality and professional secrecy, natural and legal persons, entities and bodies shall:

(a) supply immediately any information which would facilitate compliance with this Regulation, such as accounts and amounts frozen in accordance with Article 4, to the competent authority in the Member State where they are resident or located, as indicated on the websites listed in Annex IV, and shall transmit such information, either directly or through the Member States, to the Commission; and

(b) cooperate with that competent authority in any verification of this information.",39,
eurlex,http://data.europa.eu/eli/reg/2011/204/art_13/oj,32011R0204,32011R0204,False,few_refs,comparison,True,completed,,1,1,1,0,31,31,12,19,repair,"Under EU restrictive measures concerning Libya, how does the required communication of information to a competent authority in a Member State compare with its transmission to the Commission?","supply immediately any information which would facilitate compliance with this Regulation, such as accounts and amounts frozen in accordance with Article 4, to the competent authority in the Member State where they are resident or located, as indicated on the websites listed in Annex IV, and shall transmit such information, either directly or through the Member States, to the Commission",,
eurlex,http://data.europa.eu/eli/reg/2011/204/art_13/oj,32011R0204,32011R0204,False,few_refs,claim_verification,True,completed,,1,1,1,1,35,35,14,21,clear,Is it true that information provided or received under the Libya restrictive-measures Regulation may be used for any purpose?,Any information provided or received in accordance with this Article shall be used only for the purposes for which it was provided or received.,35,
eurlex,http://data.europa.eu/eli/reg/2011/204/art_13/oj,32011R0204,32011R0204,False,few_refs,source_finding,True,completed,,1,1,1,1,38,38,15,23,clear,"Which EU provision requires natural and legal persons, entities and bodies subject to the restrictive measures concerning the situation in Libya to immediately supply information facilitating compliance and cooperate with verification by the competent authority?",Article 13 — Council Regulation (EU) No 204/2011,38,
eurlex,http://data.europa.eu/eli/dir/2014/66/art_10/oj,32014L0066,32014L0066,False,many_refs,lookup,True,completed,,3,3,3,0,36.666666666666664,39,15,24,repair,What information must Member States make easily accessible to applicants for an intra-corporate transfer?,"the information on all the documentary evidence needed for an application and information on entry and residence, including the rights, obligations and procedural safeguards, of the intra-corporate transferee and of his or her family members",,
eurlex,http://data.europa.eu/eli/dir/2014/66/art_10/oj,32014L0066,32014L0066,False,many_refs,fact_pattern,True,completed,,2,2,2,1,34.5,37,14,23,clear,"A third-country national is applying for entry and residence as an intra-corporate transferee, and family members are included in the application. What information must Member States make easily accessible to the applicants?","Member States shall make easily accessible to applicants the information on all the documentary evidence needed for an application and information on entry and residence, including the rights, obligations and procedural safeguards, of the intra-corporate transferee and of his or her family members.",37,
eurlex,http://data.europa.eu/eli/dir/2014/66/art_10/oj,32014L0066,32014L0066,False,many_refs,conceptual,True,completed,,1,1,1,1,35,35,15,20,clear,How must Member States inform applicants for intra-corporate transfer permits about the application and mobility process?,"Member States shall make easily accessible to applicants the information on all the documentary evidence needed for an application and information on entry and residence, including the rights, obligations and procedural safeguards, of the intra-corporate transferee and of his or her family members. Member States shall also make easily available information on the procedures applicable to the short-term mobility referred to in Article 21(2) and to the long-term mobility referred to in Article 22(1).",35,
eurlex,http://data.europa.eu/eli/dir/2014/66/art_10/oj,32014L0066,32014L0066,False,many_refs,comparison,True,completed,,1,1,1,1,39,39,15,24,clear,"Under EU intra-corporate transfer rules, what information must Member States make accessible to applicants compared with what they must make available to host entities?","1. Member States shall make easily accessible to applicants the information on all the documentary evidence needed for an application and information on entry and residence, including the rights, obligations and procedural safeguards, of the intra-corporate transferee and of his or her family members. Member States shall also make easily available information on the procedures applicable to the short-term mobility referred to in Article 21(2) and to the long-term mobility referred to in Article 22(1).

2. The Member States concerned shall make available information to the host entity on the right of Member States to impose sanctions in accordance with Articles 9 and 23.",39,
eurlex,http://data.europa.eu/eli/dir/2014/66/art_10/oj,32014L0066,32014L0066,False,many_refs,claim_verification,True,completed,,2,2,2,2,38,39,15,24,clear,Does Directive 2014/66/EU on intra-corporate transfers require Member States to make information on the procedures for short-term and long-term mobility easily available?,Member States shall also make easily available information on the procedures applicable to the short-term mobility referred to in Article 21(2) and to the long-term mobility referred to in Article 22(1).,39,
eurlex,http://data.europa.eu/eli/dir/2014/66/art_10/oj,32014L0066,32014L0066,False,many_refs,source_finding,True,completed,,1,1,1,1,37,37,15,22,clear,"Which EU provision requires Member States to make information on application documents, entry and residence, procedural safeguards, and short- and long-term mobility accessible to applicants for intra-corporate transfers?",Article 10 — Directive 2014/66/EU,37,
