corpus,document_id,mode,previous_confidence,previous_pick,probability_yes,selected,source_payload_sha256,symbol,target_id,threshold,previous_selected,candidate_count,questions_json,verifier 1__graded_candidate_count,verifier 1__ungraded_candidate_count,verifier 1__best_total_40,verifier 1__mean_total_40,verifier 1__passing_candidate_count,verifier 1__has_passing_candidate,verifier 2__graded_candidate_count,verifier 2__ungraded_candidate_count,verifier 2__best_total_40,verifier 2__mean_total_40,verifier 2__passing_candidate_count,verifier 2__has_passing_candidate,verifier 3__graded_candidate_count,verifier 3__ungraded_candidate_count,verifier 3__best_total_40,verifier 3__mean_total_40,verifier 3__passing_candidate_count,verifier 3__has_passing_candidate,verifier 4__graded_candidate_count,verifier 4__ungraded_candidate_count,verifier 4__best_total_40,verifier 4__mean_total_40,verifier 4__passing_candidate_count,verifier 4__has_passing_candidate,verifier 5__graded_candidate_count,verifier 5__ungraded_candidate_count,verifier 5__best_total_40,verifier 5__mean_total_40,verifier 5__passing_candidate_count,verifier 5__has_passing_candidate
eurlex,32009L0133,fact_pattern,0.73,lookup,0.93,True,11600b8e5a6593c8845e6deb4e84f15f4bf3f546b2294fa212eae2bbc5e52754,32009L0133,http://data.europa.eu/eli/dir/2009/133/art_4/oj,0.5,False,1,"[""A receiving company applies the no-tax treatment to assets and liabilities transferred in a partial division. Under what rule must it compute new depreciation and any gains or losses for that treatment to apply?""]",1,0,34.0,34.0,1,True,1,0,40.0,40.0,0,False,1,0,39.0,39.0,1,True,1,0,40.0,40.0,1,True,1,0,40.0,40.0,1,True
eurlex,32009L0133,lookup,0.73,lookup,0.92,True,11600b8e5a6593c8845e6deb4e84f15f4bf3f546b2294fa212eae2bbc5e52754,32009L0133,http://data.europa.eu/eli/dir/2009/133/art_4/oj,0.5,True,1,"[""Under what condition must the receiving company calculate depreciation and gains or losses for transferred assets and liabilities for the non-taxation rule to apply?""]",1,0,37.0,37.0,1,True,1,0,39.0,39.0,0,False,1,0,38.0,38.0,0,False,1,0,37.0,37.0,1,True,1,0,40.0,40.0,1,True
eurlex,32009L0133,conceptual,0.73,lookup,0.9,True,11600b8e5a6593c8845e6deb4e84f15f4bf3f546b2294fa212eae2bbc5e52754,32009L0133,http://data.europa.eu/eli/dir/2009/133/art_4/oj,0.5,False,1,"[""What condition governs the non-taxation of capital gains in cross-border mergers, divisions and partial divisions under the EU common tax system?""]",1,0,35.0,35.0,1,True,1,0,40.0,40.0,1,True,1,0,39.0,39.0,1,True,1,0,39.0,39.0,1,True,1,0,40.0,40.0,1,True
eurlex,32009L0133,comparison,0.73,lookup,0.66,True,11600b8e5a6593c8845e6deb4e84f15f4bf3f546b2294fa212eae2bbc5e52754,32009L0133,http://data.europa.eu/eli/dir/2009/133/art_4/oj,0.5,False,1,"[""Under EU cross-border restructuring tax rules, are a merger and a partial division treated alike regarding taxation of capital gains?""]",1,0,40.0,40.0,1,True,1,0,33.0,33.0,0,False,1,0,36.0,36.0,0,False,1,0,40.0,40.0,1,True,1,0,40.0,40.0,1,True
eurlex,32009L0133,claim_verification,0.73,lookup,0.93,True,11600b8e5a6593c8845e6deb4e84f15f4bf3f546b2294fa212eae2bbc5e52754,32009L0133,http://data.europa.eu/eli/dir/2009/133/art_4/oj,0.5,False,1,"[""Under the EU merger tax regime, do the tax rules in paragraphs 1 and 3 apply only if the receiving company computes new depreciation and gains or losses for the transferred assets and liabilities according to the rules that would have applied to the transferring company or companies if the restructuring had not taken place?""]",1,0,35.0,35.0,1,True,1,0,40.0,40.0,1,True,1,0,37.0,37.0,1,True,1,0,26.0,26.0,0,False,1,0,40.0,40.0,1,True
eurlex,32009L0133,source_finding,0.73,lookup,0.81,True,11600b8e5a6593c8845e6deb4e84f15f4bf3f546b2294fa212eae2bbc5e52754,32009L0133,http://data.europa.eu/eli/dir/2009/133/art_4/oj,0.5,False,1,"[""Which EU provision states that a merger, division or partial division must not give rise to taxation of capital gains calculated by reference to the difference between the real values of the assets and liabilities transferred and their values for tax purposes?""]",1,0,35.0,35.0,1,True,1,0,40.0,40.0,1,True,1,0,39.0,39.0,1,True,1,0,39.0,39.0,1,True,1,0,39.0,39.0,1,True
eurlex,32009L0090,fact_pattern,0.87,lookup,0.89,True,b952412e9257d5364a027b5c01952b6530d55600d22c7b5d86a0571383cd7506,32009L0090,http://data.europa.eu/eli/dir/2009/90/art_4/oj,0.5,False,2,"[""A Member State applies a chemical-analysis method for monitoring water status whose measurement uncertainty at the level of the relevant environmental quality standard is 60 %. What minimum performance criteria must it ensure for all methods of analysis applied?"", ""A Member State monitors a water parameter for which there is no relevant environmental quality standard and no method of analysis meets the minimum performance criteria in paragraph 1. What must it ensure for the monitoring?""]",2,0,35.0,34.5,0,False,2,0,40.0,40.0,2,True,2,0,38.0,36.0,2,True,2,0,35.0,32.5,0,False,2,0,40.0,40.0,2,True
eurlex,32009L0090,lookup,0.87,lookup,0.91,True,b952412e9257d5364a027b5c01952b6530d55600d22c7b5d86a0571383cd7506,32009L0090,http://data.europa.eu/eli/dir/2009/90/art_4/oj,0.5,True,2,"[""What minimum performance criteria must Member States ensure for methods of analysis applied to water-status monitoring?"", ""When must water-status monitoring use best available techniques not entailing excessive costs?""]",2,0,39.0,38.5,2,True,2,0,40.0,40.0,0,False,2,0,40.0,40.0,0,False,2,0,40.0,39.5,2,True,2,0,40.0,40.0,2,True
eurlex,32009L0090,conceptual,0.87,lookup,0.76,True,b952412e9257d5364a027b5c01952b6530d55600d22c7b5d86a0571383cd7506,32009L0090,http://data.europa.eu/eli/dir/2009/90/art_4/oj,0.5,False,1,"[""What must Member States ensure for methods of analysis and monitoring of water status when applying minimum performance criteria?""]",1,0,30.0,30.0,1,True,1,0,40.0,40.0,1,True,1,0,34.0,34.0,1,True,1,0,32.0,32.0,1,True,1,0,38.0,38.0,1,True
eurlex,32009L0090,comparison,0.87,lookup,0.43,False,b952412e9257d5364a027b5c01952b6530d55600d22c7b5d86a0571383cd7506,32009L0090,http://data.europa.eu/eli/dir/2009/90/art_4/oj,0.5,False,1,"[""Under EU water-monitoring rules, how do the method requirements compare for methods subject to the minimum performance criteria and for monitoring when a relevant environmental quality standard or compliant method is absent?""]",1,0,35.0,35.0,1,True,1,0,40.0,40.0,1,True,1,0,37.0,37.0,1,True,1,0,40.0,40.0,1,True,1,0,40.0,40.0,1,True
eurlex,32009L0090,claim_verification,0.87,lookup,0.92,True,b952412e9257d5364a027b5c01952b6530d55600d22c7b5d86a0571383cd7506,32009L0090,http://data.europa.eu/eli/dir/2009/90/art_4/oj,0.5,False,2,"[""Under EU water-status monitoring rules, must Member States use the best available techniques not entailing excessive costs when no relevant environmental quality standard or compliant analytical method exists?"", ""Under EU water-status monitoring rules, must Member States ensure that all applied analytical methods have a measurement uncertainty of 50 % or below at the level of the relevant environmental quality standards?""]",2,0,40.0,39.0,2,True,2,0,40.0,38.0,1,True,2,0,38.0,35.0,1,True,2,0,40.0,40.0,2,True,2,0,39.0,39.0,2,True
eurlex,32009L0090,source_finding,0.87,lookup,0.81,True,b952412e9257d5364a027b5c01952b6530d55600d22c7b5d86a0571383cd7506,32009L0090,http://data.europa.eu/eli/dir/2009/90/art_4/oj,0.5,False,1,"[""Which EU provision sets the minimum performance criteria for methods of analysis used in chemical analysis and monitoring of water status, including the 50% measurement-uncertainty and 30% limit-of-quantification thresholds?""]",1,0,39.0,39.0,1,True,1,0,40.0,40.0,1,True,1,0,40.0,40.0,1,True,1,0,40.0,40.0,1,True,1,0,40.0,40.0,1,True
eurlex,32010L0035,fact_pattern,0.81,lookup,0.92,True,2f85cb89db9cc476a16043902f08b755981938f4ba5003efe3cd3cf001971384,32010L0035,http://data.europa.eu/eli/dir/2010/35/art_15/oj,0.5,False,3,"[""A manufacturer is affixing the Pi marking to transportable pressure equipment with a diameter of 140 mm. What is the minimum height of the marking?"", ""A manufacturer is preparing new transportable pressure equipment for placement on the market, including demountable parts of refillable equipment with a direct safety function. When must the Pi marking be affixed?"", ""A notified body has carried out the initial inspections and tests for a manufacturer's transportable pressure equipment. What must follow the Pi marking, and who may affix the identification number?""]",3,0,40.0,38.333333333333336,3,True,3,0,40.0,39.666666666666664,3,True,3,0,40.0,39.666666666666664,3,True,3,0,39.0,38.333333333333336,3,True,3,0,40.0,40.0,3,True
eurlex,32010L0035,lookup,0.81,lookup,0.91,True,2f85cb89db9cc476a16043902f08b755981938f4ba5003efe3cd3cf001971384,32010L0035,http://data.europa.eu/eli/dir/2010/35/art_15/oj,0.5,True,3,"[""What minimum height must the Pi marking have on transportable pressure equipment, including equipment with a diameter of 140 mm or less?"", ""Where must the Pi marking be affixed on transportable pressure equipment and its safety-related demountable parts?"", ""When must the Pi marking be affixed to new transportable pressure equipment or safety-related demountable parts before they are placed on the market?""]",3,0,40.0,37.333333333333336,2,True,3,0,40.0,37.333333333333336,0,False,3,0,39.0,36.666666666666664,0,False,3,0,40.0,33.333333333333336,2,True,3,0,40.0,38.333333333333336,2,True
eurlex,32010L0035,conceptual,0.81,lookup,0.78,True,2f85cb89db9cc476a16043902f08b755981938f4ba5003efe3cd3cf001971384,32010L0035,http://data.europa.eu/eli/dir/2010/35/art_15/oj,0.5,False,2,"[""How must the Pi marking be placed on new transportable pressure equipment and safety-critical demountable parts?"", ""How are notified bodies and manufacturers identified through the Pi marking on transportable pressure equipment?""]",2,0,37.0,31.0,1,True,2,0,40.0,37.5,1,True,2,0,38.0,37.0,2,True,2,0,38.0,31.0,0,False,2,0,40.0,39.5,2,True
eurlex,32010L0035,comparison,0.81,lookup,0.7,True,2f85cb89db9cc476a16043902f08b755981938f4ba5003efe3cd3cf001971384,32010L0035,http://data.europa.eu/eli/dir/2010/35/art_15/oj,0.5,False,1,"[""Under EU rules for the Pi marking on transportable pressure equipment, what minimum-height requirement applies to transportable pressure equipment generally compared with transportable pressure equipment with a diameter less than or equal to 140 mm?""]",1,0,38.0,38.0,1,True,1,0,40.0,40.0,1,True,1,0,39.0,39.0,1,True,1,0,40.0,40.0,1,True,1,0,40.0,40.0,1,True
eurlex,32010L0035,claim_verification,0.81,lookup,0.93,True,2f85cb89db9cc476a16043902f08b755981938f4ba5003efe3cd3cf001971384,32010L0035,http://data.europa.eu/eli/dir/2010/35/art_15/oj,0.5,False,1,"[""Under EU rules on transportable pressure equipment, must the Pi marking be affixed before new transportable pressure equipment is placed on the market?""]",1,0,35.0,35.0,1,True,1,0,39.0,39.0,1,True,1,0,39.0,39.0,1,True,1,0,40.0,40.0,1,True,1,0,39.0,39.0,1,True
eurlex,32010L0035,source_finding,0.81,lookup,0.79,True,2f85cb89db9cc476a16043902f08b755981938f4ba5003efe3cd3cf001971384,32010L0035,http://data.europa.eu/eli/dir/2010/35/art_15/oj,0.5,False,1,"[""Which EU provision lays down the minimum dimensions, placement, timing and notified-body identification requirements for the Pi marking on transportable pressure equipment?""]",1,0,36.0,36.0,1,True,1,0,40.0,40.0,1,True,1,0,40.0,40.0,1,True,1,0,40.0,40.0,1,True,1,0,40.0,40.0,1,True
eurlex,32012L0018,fact_pattern,0.67,lookup,0.84,True,9f864d23262d5bb32b7f64e21c9b7f8c53b59d0e7744cfc4b9079222d2116c95,32012L0018,http://data.europa.eu/eli/dir/2012/18/art_4/oj,0.5,False,1,"[""A Member State considers that a dangerous substance does not present a major-accident hazard under the EU major-accident regime. What must accompany its notification to the Commission?""]",1,0,29.0,29.0,0,False,1,0,40.0,40.0,1,True,1,0,39.0,39.0,0,False,1,0,30.0,30.0,0,False,1,0,40.0,40.0,1,True
eurlex,32012L0018,lookup,0.67,lookup,0.9,True,9f864d23262d5bb32b7f64e21c9b7f8c53b59d0e7744cfc4b9079222d2116c95,32012L0018,http://data.europa.eu/eli/dir/2012/18/art_4/oj,0.5,True,3,"[""Under EU rules on the control of major-accident hazards involving dangerous substances, what must the Commission assess for a particular dangerous substance?"", ""What must the Commission do after assessing a dangerous substance under EU major-accident hazard control rules?"", ""Which characteristics must form the basis of the Commission's assessment of a dangerous substance under EU major-accident hazard control rules?""]",3,0,40.0,38.0,3,True,3,0,40.0,39.333333333333336,0,False,3,0,40.0,37.0,2,True,3,0,40.0,37.333333333333336,2,True,3,0,40.0,40.0,3,True
eurlex,32012L0018,conceptual,0.67,lookup,0.88,True,9f864d23262d5bb32b7f64e21c9b7f8c53b59d0e7744cfc4b9079222d2116c95,32012L0018,http://data.europa.eu/eli/dir/2012/18/art_4/oj,0.5,False,3,"[""What must a Member State do if it considers that a dangerous substance does not present a major-accident hazard under the Commission's assessment rules?"", ""How must the Commission assess whether a particular dangerous substance can cause a major accident under foreseeable normal and abnormal conditions?"", ""What may the Commission do after assessing whether a particular dangerous substance can cause a major accident?""]",3,0,39.0,37.666666666666664,1,True,3,0,40.0,40.0,3,True,3,0,36.0,35.0,1,True,3,0,39.0,38.333333333333336,2,True,3,0,40.0,40.0,3,True
eurlex,32012L0018,comparison,0.67,lookup,0.48,False,9f864d23262d5bb32b7f64e21c9b7f8c53b59d0e7744cfc4b9079222d2116c95,32012L0018,http://data.europa.eu/eli/dir/2012/18/art_4/oj,0.5,False,1,"[""Under Directive 2012/18/EU rules on major-accident hazards involving dangerous substances, how do the Commission’s assessment role and a Member State’s notification role compare when a particular dangerous substance may not present a major-accident hazard?""]",1,0,36.0,36.0,1,True,1,0,38.0,38.0,1,True,1,0,39.0,39.0,1,True,1,0,40.0,40.0,1,True,1,0,39.0,39.0,1,True
eurlex,32012L0018,claim_verification,0.67,lookup,0.91,True,9f864d23262d5bb32b7f64e21c9b7f8c53b59d0e7744cfc4b9079222d2116c95,32012L0018,http://data.europa.eu/eli/dir/2012/18/art_4/oj,0.5,False,1,"[""Is it true that the Commission’s assessment of whether a dangerous substance can cause a major accident must be based on every characteristic listed in Article 4(1)(a) to (c) of Directive 2012/18/EU?""]",1,0,39.0,39.0,1,True,1,0,40.0,40.0,1,True,1,0,39.0,39.0,1,True,1,0,40.0,40.0,1,True,1,0,40.0,40.0,1,True
eurlex,32012L0018,source_finding,0.67,lookup,0.79,True,9f864d23262d5bb32b7f64e21c9b7f8c53b59d0e7744cfc4b9079222d2116c95,32012L0018,http://data.europa.eu/eli/dir/2012/18/art_4/oj,0.5,False,1,"[""Which EU provision provides that, following the Commission’s assessment of a dangerous substance under the major-accident hazards Directive, it shall, if appropriate, present a legislative proposal to exclude that substance from the Directive’s scope?""]",1,0,35.0,35.0,1,True,1,0,40.0,40.0,1,True,1,0,39.0,39.0,1,True,1,0,40.0,40.0,1,True,1,0,40.0,40.0,1,True
eurlex,32013L0034,fact_pattern,0.65,lookup,0.89,True,e76e960bea8760a4450203d273c3a1f6d4679e5483d9d0aa619fe83f6d4ee9d5,32013L0034,http://data.europa.eu/eli/dir/2013/34/art_33/oj,0.5,False,1,"[""An undertaking's administrative, management and supervisory bodies act within competences assigned by national law, and the undertaking must draw up and publish its annual and consolidated financial statements and related management reports. What collective responsibility must the Member State ensure for those members?""]",1,0,28.0,28.0,0,False,1,0,32.0,32.0,0,False,1,0,31.0,31.0,0,False,1,0,31.0,31.0,0,False,1,0,39.0,39.0,1,True
eurlex,32013L0034,lookup,0.65,lookup,0.9,True,e76e960bea8760a4450203d273c3a1f6d4679e5483d9d0aa619fe83f6d4ee9d5,32013L0034,http://data.europa.eu/eli/dir/2013/34/art_33/oj,0.5,True,2,"[""Who bears collective responsibility for ensuring that an undertaking's financial statements and reports are properly drawn up and published?"", ""What liability rules must Member States ensure apply to members of an undertaking's administrative, management and supervisory bodies for breaches of their duties concerning financial statements and reports?""]",2,0,38.0,38.0,2,True,2,0,40.0,40.0,0,False,2,0,38.0,37.0,0,False,2,0,39.0,37.0,2,True,2,0,40.0,40.0,2,True
eurlex,32013L0034,conceptual,0.65,lookup,0.89,True,e76e960bea8760a4450203d273c3a1f6d4679e5483d9d0aa619fe83f6d4ee9d5,32013L0034,http://data.europa.eu/eli/dir/2013/34/art_33/oj,0.5,False,1,"[""What responsibility and liability must Member States ensure for undertaking bodies regarding financial statements and management reports?""]",1,0,33.0,33.0,1,True,1,0,40.0,40.0,1,True,1,0,35.0,35.0,1,True,1,0,30.0,30.0,0,False,1,0,40.0,40.0,1,True
eurlex,32013L0034,comparison,0.65,lookup,0.43,False,e76e960bea8760a4450203d273c3a1f6d4679e5483d9d0aa619fe83f6d4ee9d5,32013L0034,http://data.europa.eu/eli/dir/2013/34/art_33/oj,0.5,False,1,"[""Under EU rules on annual and consolidated financial statements, how does the collective responsibility of the undertaking’s governing bodies compare for drawing up and publishing the annual and consolidated financial statements?""]",1,0,32.0,32.0,1,True,1,0,40.0,40.0,1,True,1,0,38.0,38.0,0,False,1,0,40.0,40.0,0,False,1,0,40.0,40.0,1,True
eurlex,32013L0034,claim_verification,0.65,lookup,0.92,True,e76e960bea8760a4450203d273c3a1f6d4679e5483d9d0aa619fe83f6d4ee9d5,32013L0034,http://data.europa.eu/eli/dir/2013/34/art_33/oj,0.5,False,2,"[""Does EU accounting law require Member States to apply their liability laws, at least towards the undertaking, to members of an undertaking’s administrative, management and supervisory bodies when they breach the duties concerning the drawing up and publication of the financial statements and reports?"", ""Does EU accounting law require Member States to ensure that members of an undertaking’s administrative, management and supervisory bodies, acting within the competences assigned to them by national law, have collective responsibility for drawing up and publishing the specified financial statements and reports in accordance with the Directive and, where applicable, adopted international accounting standards?""]",2,0,36.0,34.5,2,True,2,0,40.0,40.0,2,True,2,0,39.0,39.0,2,True,2,0,40.0,39.5,2,True,2,0,40.0,40.0,2,True
eurlex,32013L0034,source_finding,0.65,lookup,0.82,True,e76e960bea8760a4450203d273c3a1f6d4679e5483d9d0aa619fe83f6d4ee9d5,32013L0034,http://data.europa.eu/eli/dir/2013/34/art_33/oj,0.5,False,1,"[""Which EU provision makes the members of an undertaking’s administrative, management and supervisory bodies collectively responsible for ensuring that its financial statements and management reports are drawn up and published in accordance with the applicable requirements?""]",1,0,38.0,38.0,1,True,1,0,40.0,40.0,1,True,1,0,39.0,39.0,1,True,1,0,40.0,40.0,1,True,1,0,40.0,40.0,1,True
eurlex,32014L0066,fact_pattern,0.73,lookup,0.9,True,d17344966f0f837dd472b149c98e6cf2d05012209d728e2433c6b227bd7e8954,32014L0066,http://data.europa.eu/eli/dir/2014/66/art_10/oj,0.5,False,2,"[""A third-country national is applying for entry and residence as an intra-corporate transferee, and family members are included in the application. What information must Member States make easily accessible to the applicants?"", ""A host entity is involved in an intra-corporate transfer and needs to understand the consequences of non-compliance. What information must the Member States concerned make available to the host entity?""]",2,0,37.0,34.5,1,True,2,0,40.0,40.0,2,True,2,0,39.0,35.5,1,True,2,0,40.0,40.0,2,True,2,0,40.0,39.5,2,True
eurlex,32014L0066,lookup,0.73,lookup,0.92,True,d17344966f0f837dd472b149c98e6cf2d05012209d728e2433c6b227bd7e8954,32014L0066,http://data.europa.eu/eli/dir/2014/66/art_10/oj,0.5,True,3,"[""What information must Member States make easily accessible to applicants for an intra-corporate transfer?"", ""What must Member States make available to host entities concerning sanctions in the intra-corporate transfer framework?"", ""Which procedures must Member States make easily available in the intra-corporate transfer framework?""]",3,0,39.0,36.666666666666664,0,False,3,0,40.0,40.0,0,False,3,0,40.0,38.0,0,False,3,0,39.0,37.666666666666664,0,False,3,0,40.0,39.333333333333336,0,False
eurlex,32014L0066,conceptual,0.73,lookup,0.9,True,d17344966f0f837dd472b149c98e6cf2d05012209d728e2433c6b227bd7e8954,32014L0066,http://data.europa.eu/eli/dir/2014/66/art_10/oj,0.5,False,1,"[""How must Member States inform applicants for intra-corporate transfer permits about the application and mobility process?""]",1,0,35.0,35.0,1,True,1,0,40.0,40.0,1,True,1,0,38.0,38.0,1,True,1,0,40.0,40.0,1,True,1,0,40.0,40.0,1,True
eurlex,32014L0066,comparison,0.73,lookup,0.73,True,d17344966f0f837dd472b149c98e6cf2d05012209d728e2433c6b227bd7e8954,32014L0066,http://data.europa.eu/eli/dir/2014/66/art_10/oj,0.5,False,1,"[""Under EU intra-corporate transfer rules, what information must Member States make accessible to applicants compared with what they must make available to host entities?""]",1,0,39.0,39.0,1,True,1,0,40.0,40.0,1,True,1,0,37.0,37.0,1,True,1,0,40.0,40.0,1,True,1,0,40.0,40.0,1,True
eurlex,32014L0066,claim_verification,0.73,lookup,0.92,True,d17344966f0f837dd472b149c98e6cf2d05012209d728e2433c6b227bd7e8954,32014L0066,http://data.europa.eu/eli/dir/2014/66/art_10/oj,0.5,False,2,"[""Does Directive 2014/66/EU on intra-corporate transfers require Member States to make information on the procedures for short-term and long-term mobility easily available?"", ""Does Directive 2014/66/EU on intra-corporate transfers require Member States to make easily accessible to applicants information on all documentary evidence needed for an application?""]",2,0,39.0,38.0,2,True,2,0,40.0,39.5,2,True,2,0,37.0,36.5,2,True,2,0,39.0,38.5,2,True,2,0,40.0,40.0,2,True
eurlex,32014L0066,source_finding,0.73,lookup,0.86,True,d17344966f0f837dd472b149c98e6cf2d05012209d728e2433c6b227bd7e8954,32014L0066,http://data.europa.eu/eli/dir/2014/66/art_10/oj,0.5,False,1,"[""Which EU provision requires Member States to make information on application documents, entry and residence, procedural safeguards, and short- and long-term mobility accessible to applicants for intra-corporate transfers?""]",1,0,37.0,37.0,1,True,1,0,40.0,40.0,1,True,1,0,40.0,40.0,1,True,1,0,40.0,40.0,1,True,1,0,40.0,40.0,1,True
eurlex,32005R1346,fact_pattern,0.66,lookup,0.77,True,84532e711d97055d3ae8116bade229ca341de8bb0b5f558814b89a938670a410,32005R1346,http://data.europa.eu/eli/reg/2005/1346/art_21/oj,0.5,False,3,"[""A Member State is carrying out technical and accounting checks at the premises of the contracting organisation and implementing body. What must it verify?"", ""A Member State is scheduling checks in which the Commission may take part. How far in advance must the competent national authorities send the provisional schedule?"", ""A Member State concerned is selecting programmes completed in the previous year for annual checks. What sampling rules apply?""]",3,0,33.0,31.666666666666668,2,True,3,0,40.0,40.0,3,True,3,0,40.0,39.0,3,True,3,0,31.0,30.333333333333332,0,False,3,0,40.0,40.0,3,True
eurlex,32005R1346,lookup,0.66,lookup,0.85,True,84532e711d97055d3ae8116bade229ca341de8bb0b5f558814b89a938670a410,32005R1346,http://data.europa.eu/eli/reg/2005/1346/art_21/oj,0.5,True,2,"[""What annual sampling and budget-coverage requirements apply to checks of programmes completed in the previous year under the agricultural-promotion Regulation?"", ""What must Member States report to the Commission for each programme checked under the agricultural-promotion Regulation, and when must the report be sent?""]",2,0,39.0,39.0,1,True,2,0,40.0,40.0,0,False,2,0,39.0,39.0,0,False,2,0,39.0,39.0,2,True,2,0,40.0,40.0,2,True
eurlex,32005R1346,conceptual,0.66,lookup,0.85,True,84532e711d97055d3ae8116bade229ca341de8bb0b5f558814b89a938670a410,32005R1346,http://data.europa.eu/eli/reg/2005/1346/art_21/oj,0.5,False,1,"[""How do Member States verify that programmes promoting agricultural products in third countries comply with their requirements?""]",1,0,36.0,36.0,1,True,1,0,40.0,40.0,1,True,1,0,35.0,35.0,1,True,1,0,40.0,40.0,1,True,1,0,40.0,40.0,1,True
eurlex,32005R1346,comparison,0.66,lookup,0.68,True,84532e711d97055d3ae8116bade229ca341de8bb0b5f558814b89a938670a410,32005R1346,http://data.europa.eu/eli/reg/2005/1346/art_21/oj,0.5,False,1,"[""For information and promotion programmes for agricultural products in third countries, how do the checking roles of the Member States and the Commission differ?""]",1,0,36.0,36.0,1,True,1,0,39.0,39.0,1,True,1,0,29.0,29.0,1,True,1,0,39.0,39.0,1,True,1,0,34.0,34.0,1,True
eurlex,32005R1346,claim_verification,0.66,lookup,0.88,True,84532e711d97055d3ae8116bade229ca341de8bb0b5f558814b89a938670a410,32005R1346,http://data.europa.eu/eli/reg/2005/1346/art_21/oj,0.5,False,1,"[""Is it true that Member States must each year check at least 20 % of agricultural-promotion programmes financed under Commission Regulation (EC) No 1346/2005, with a minimum of two programmes and coverage of at least 20 % of the relevant total budget?""]",1,0,32.0,32.0,0,False,1,0,36.0,36.0,0,False,1,0,32.0,32.0,0,False,1,0,39.0,39.0,1,True,1,0,39.0,39.0,1,True
eurlex,32005R1346,source_finding,0.66,lookup,0.82,True,84532e711d97055d3ae8116bade229ca341de8bb0b5f558814b89a938670a410,32005R1346,http://data.europa.eu/eli/reg/2005/1346/art_21/oj,0.5,False,1,"[""Which EU provision governs Member State checks of programmes financed to provide information on and promote agricultural products in third countries, including annual risk-based sampling and reporting to the Commission?""]",1,0,39.0,39.0,1,True,1,0,40.0,40.0,1,True,1,0,38.0,38.0,1,True,1,0,40.0,40.0,1,True,1,0,40.0,40.0,1,True
eurlex,32005R0356,fact_pattern,0.46,comparison,0.91,True,1a6aeba37d5335c8d127f59a4240dd1327c4b7f87334263caaecee369aa9a422,32005R0356,http://data.europa.eu/eli/reg/2005/356/art_14/oj,0.5,False,2,"[""A fishing operator uses intermediary marker buoys on passive gear extending 1.5 nautical miles, but gives them blue flags and fits a radar reflector only to every sixth buoy. What characteristics must the intermediary marker buoys have?"", ""A fishing operator is deploying passive fishing gear extending 1.2 nautical miles and plans to leave its final 0.2 nautical miles unmarked. What buoy-placement rules apply?""]",2,0,40.0,39.5,2,True,2,0,40.0,40.0,1,True,2,0,40.0,39.0,2,True,2,0,40.0,40.0,2,True,2,0,40.0,40.0,2,True
eurlex,32005R0356,lookup,0.46,comparison,0.9,True,1a6aeba37d5335c8d127f59a4240dd1327c4b7f87334263caaecee369aa9a422,32005R0356,http://data.europa.eu/eli/reg/2005/356/art_14/oj,0.5,False,3,"[""At what maximum spacing must intermediary marker buoys be deployed so that passive fishing gear is not left unmarked?"", ""What flag colour and radar-reflector requirement apply to intermediary marker buoys?"", ""When must intermediary marker buoys be fixed to passive gear extending more than 1 nautical mile?""]",3,0,40.0,34.0,2,True,3,0,40.0,37.333333333333336,0,False,3,0,39.0,35.333333333333336,2,True,3,0,40.0,32.333333333333336,2,True,3,0,40.0,39.333333333333336,3,True
eurlex,32005R0356,conceptual,0.46,comparison,0.71,True,1a6aeba37d5335c8d127f59a4240dd1327c4b7f87334263caaecee369aa9a422,32005R0356,http://data.europa.eu/eli/reg/2005/356/art_14/oj,0.5,False,1,"[""How must passive gear extending more than one nautical mile be marked with intermediary marker buoys?""]",1,0,36.0,36.0,1,True,1,0,38.0,38.0,0,False,1,0,39.0,39.0,1,True,1,0,40.0,40.0,1,True,1,0,39.0,39.0,1,True
eurlex,32005R0356,comparison,0.46,comparison,0.73,True,1a6aeba37d5335c8d127f59a4240dd1327c4b7f87334263caaecee369aa9a422,32005R0356,http://data.europa.eu/eli/reg/2005/356/art_14/oj,0.5,True,1,"[""Under EU passive fishing-gear marking rules, how do the characteristics of intermediary marker buoys compare with those of the end marker buoy in the eastern sector?""]",1,0,39.0,39.0,1,True,1,0,40.0,40.0,1,True,1,0,40.0,40.0,1,True,1,0,40.0,40.0,1,True,1,0,40.0,40.0,1,True
eurlex,32005R0356,claim_verification,0.46,comparison,0.93,True,1a6aeba37d5335c8d127f59a4240dd1327c4b7f87334263caaecee369aa9a422,32005R0356,http://data.europa.eu/eli/reg/2005/356/art_14/oj,0.5,False,1,"[""Do EU rules on marking passive fishing gear require intermediary marker buoys to be fixed to passive gear extending more than 1 nautical mile?""]",1,0,35.0,35.0,1,True,1,0,40.0,40.0,1,True,1,0,40.0,40.0,1,True,1,0,39.0,39.0,1,True,1,0,40.0,40.0,1,True
eurlex,32005R0356,source_finding,0.46,comparison,0.81,True,1a6aeba37d5335c8d127f59a4240dd1327c4b7f87334263caaecee369aa9a422,32005R0356,http://data.europa.eu/eli/reg/2005/356/art_14/oj,0.5,False,1,"[""Which EU provision requires intermediary marker buoys on passive fishing gear extending more than one nautical mile and limits the distance between them to one nautical mile?""]",1,0,39.0,39.0,1,True,1,0,40.0,40.0,1,True,1,0,38.0,38.0,0,False,1,0,40.0,40.0,1,True,1,0,40.0,40.0,1,True
eurlex,32006R0950,fact_pattern,0.87,lookup,0.85,True,00574c9d4d3b233011cc747c019a7ef661bc21cbf2ea243b84a8674084679ba9,32006R0950,http://data.europa.eu/eli/reg/2006/950/art_8/oj,0.5,False,1,"[""A Member State is reporting under a sugar tariff quota for imports from a particular country of origin. What must it communicate before the end of each month?""]",1,0,34.0,34.0,0,False,1,0,40.0,40.0,1,True,1,0,35.0,35.0,1,True,1,0,38.0,38.0,1,True,1,0,40.0,40.0,1,True
eurlex,32006R0950,lookup,0.87,lookup,0.9,True,00574c9d4d3b233011cc747c019a7ef661bc21cbf2ea243b84a8674084679ba9,32006R0950,http://data.europa.eu/eli/reg/2006/950/art_8/oj,0.5,True,1,"[""What must Member States communicate before the end of each month under the EU rules for importing and refining sugar under tariff quotas and preferential agreements?""]",1,0,40.0,40.0,1,True,1,0,35.0,35.0,0,False,1,0,36.0,36.0,0,False,1,0,39.0,39.0,1,True,1,0,40.0,40.0,1,True
eurlex,32006R0950,conceptual,0.87,lookup,0.73,True,00574c9d4d3b233011cc747c019a7ef661bc21cbf2ea243b84a8674084679ba9,32006R0950,http://data.europa.eu/eli/reg/2006/950/art_8/oj,0.5,False,0,[],0,0,,,0,False,0,0,,,0,False,0,0,,,0,False,0,0,,,0,False,0,0,,,0,False
eurlex,32006R0950,comparison,0.87,lookup,0.56,True,00574c9d4d3b233011cc747c019a7ef661bc21cbf2ea243b84a8674084679ba9,32006R0950,http://data.europa.eu/eli/reg/2006/950/art_8/oj,0.5,False,1,"[""Under the EU reporting rules for sugar imported under tariff quotas and preferential agreements, are sugar for refining and sugar not intended for refining reported using the same quantity measurements for the previous marketing year or delivery period?""]",1,0,35.0,35.0,1,True,1,0,39.0,39.0,0,False,1,0,36.0,36.0,0,False,1,0,40.0,40.0,1,True,1,0,40.0,40.0,1,True
eurlex,32006R0950,claim_verification,0.87,lookup,0.91,True,00574c9d4d3b233011cc747c019a7ef661bc21cbf2ea243b84a8674084679ba9,32006R0950,http://data.europa.eu/eli/reg/2006/950/art_8/oj,0.5,False,1,"[""Does the sugar-import reporting process under Commission Regulation (EC) No 950/2006 require Member States to report, before the end of each month, the quantities actually imported three months earlier, separately for each tariff quota or delivery obligation and country of origin?""]",1,0,36.0,36.0,1,True,1,0,40.0,40.0,1,True,1,0,40.0,40.0,1,True,1,0,40.0,40.0,1,True,1,0,40.0,40.0,1,True
eurlex,32006R0950,source_finding,0.87,lookup,0.76,True,00574c9d4d3b233011cc747c019a7ef661bc21cbf2ea243b84a8674084679ba9,32006R0950,http://data.europa.eu/eli/reg/2006/950/art_8/oj,0.5,False,1,"[""Which provision requires Member States to communicate to the Commission, for each sugar tariff quota or delivery obligation and country of origin, the quantities actually imported and refined?""]",1,0,37.0,37.0,1,True,1,0,40.0,40.0,1,True,1,0,39.0,39.0,1,True,1,0,40.0,40.0,1,True,1,0,40.0,40.0,1,True
eurlex,32007R1303,fact_pattern,0.86,lookup,0.82,True,7cd27c9f73b271cb47e67ef16f3611fdc205c6910eccc640dfc852f80eacafe1,32007R1303,http://data.europa.eu/eli/reg/2007/1303/art_13/oj,0.5,False,2,"[""A Member State has received a Commission request for a summary of information on the functioning of its electronic reporting system. How are the summary’s format and timing determined?"", ""A Member State is maintaining a database on the functioning of its electronic reporting system for fishing activities and needs to know the minimum information it must contain. What information must the database contain?""]",2,0,35.0,34.0,1,True,2,0,40.0,40.0,2,True,2,0,40.0,39.0,2,True,2,0,40.0,37.5,1,True,2,0,40.0,40.0,2,True
eurlex,32007R1303,lookup,0.86,lookup,0.87,True,7cd27c9f73b271cb47e67ef16f3611fdc205c6910eccc640dfc852f80eacafe1,32007R1303,http://data.europa.eu/eli/reg/2007/1303/art_13/oj,0.5,True,2,"[""When must summaries of information on the functioning of Member States’ electronic reporting systems be sent to the Commission?"", ""What information must Member States’ databases on the functioning of the electronic reporting system contain?""]",2,0,37.0,36.0,2,True,2,0,40.0,39.5,0,False,2,0,39.0,37.5,0,False,2,0,37.0,33.5,1,True,2,0,40.0,40.0,2,True
eurlex,32007R1303,conceptual,0.86,lookup,0.79,True,7cd27c9f73b271cb47e67ef16f3611fdc205c6910eccc640dfc852f80eacafe1,32007R1303,http://data.europa.eu/eli/reg/2007/1303/art_13/oj,0.5,False,1,"[""What information must Member States record in databases on the functioning of electronic reporting systems for fishing activities?""]",1,0,34.0,34.0,0,False,1,0,38.0,38.0,0,False,1,0,37.0,37.0,0,False,1,0,40.0,40.0,1,True,1,0,39.0,39.0,1,True
eurlex,32007R1303,comparison,0.86,lookup,0.37,False,7cd27c9f73b271cb47e67ef16f3611fdc205c6910eccc640dfc852f80eacafe1,32007R1303,http://data.europa.eu/eli/reg/2007/1303/art_13/oj,0.5,False,1,"[""Under EU fishing-activity reporting rules, how does the required functioning data for electronic logbook transmissions compare with that for landing, transhipment, takeover and sales-note transmissions?""]",1,0,40.0,40.0,1,True,1,0,40.0,40.0,1,True,1,0,36.0,36.0,1,True,1,0,40.0,40.0,1,True,1,0,40.0,40.0,1,True
eurlex,32007R1303,claim_verification,0.86,lookup,0.89,True,7cd27c9f73b271cb47e67ef16f3611fdc205c6910eccc640dfc852f80eacafe1,32007R1303,http://data.europa.eu/eli/reg/2007/1303/art_13/oj,0.5,False,1,"[""Is it true that Member States must maintain databases on the functioning of their electronic reporting systems for fishing activities?""]",1,0,35.0,35.0,1,True,1,0,40.0,40.0,1,True,1,0,40.0,40.0,1,True,1,0,40.0,40.0,1,True,1,0,39.0,39.0,1,True
eurlex,32007R1303,source_finding,0.86,lookup,0.81,True,7cd27c9f73b271cb47e67ef16f3611fdc205c6910eccc640dfc852f80eacafe1,32007R1303,http://data.europa.eu/eli/reg/2007/1303/art_13/oj,0.5,False,1,"[""Which provision of the EU rules on electronic recording and reporting of fishing activities requires Member States to maintain databases on the functioning of their electronic reporting systems?""]",1,0,39.0,39.0,1,True,1,0,40.0,40.0,1,True,1,0,38.0,38.0,1,True,1,0,40.0,40.0,1,True,1,0,40.0,40.0,1,True
eurlex,32007R0041,fact_pattern,0.77,lookup,0.86,True,bcae5a61f14261b7d0579ccaa0ab92505d78abcb889c6c026a06d0778beb9fdb,32007R0041,http://data.europa.eu/eli/reg/2007/41/art_79/oj,0.5,False,1,"[""A Member State receives observer data from each of its flagged vessels after they leave the SEAFO Convention Area. What submission and onward-sharing rules apply?""]",1,0,33.0,33.0,1,True,1,0,37.0,37.0,0,False,1,0,39.0,39.0,1,True,1,0,27.0,27.0,0,False,1,0,40.0,40.0,1,True
eurlex,32007R0041,lookup,0.77,lookup,0.87,True,bcae5a61f14261b7d0579ccaa0ab92505d78abcb889c6c026a06d0778beb9fdb,32007R0041,http://data.europa.eu/eli/reg/2007/41/art_79/oj,0.5,True,2,"[""What must each Member State ensure for fishing vessels operating in the SEAFO Convention Area and targeting species covered by the SEAFO Convention?"", ""Within what period must the information collected by observers for each vessel flying its flag be submitted after the vessel leaves the SEAFO Convention Area?""]",2,0,40.0,39.0,2,True,2,0,40.0,40.0,0,False,2,0,40.0,39.5,2,True,2,0,40.0,40.0,2,True,2,0,40.0,40.0,2,True
eurlex,32007R0041,conceptual,0.77,lookup,0.8,True,bcae5a61f14261b7d0579ccaa0ab92505d78abcb889c6c026a06d0778beb9fdb,32007R0041,http://data.europa.eu/eli/reg/2007/41/art_79/oj,0.5,False,1,"[""How must Member States support stock assessment for vessels targeting species covered by the SEAFO Convention in the SEAFO Convention Area?""]",1,0,34.0,34.0,1,True,1,0,36.0,36.0,0,False,1,0,39.0,39.0,1,True,1,0,39.0,39.0,1,True,1,0,39.0,39.0,1,True
eurlex,32007R0041,comparison,0.77,lookup,0.24,False,bcae5a61f14261b7d0579ccaa0ab92505d78abcb889c6c026a06d0778beb9fdb,32007R0041,http://data.europa.eu/eli/reg/2007/41/art_79/oj,0.5,False,1,"[""For information collected by scientific observers on fishing vessels in the SEAFO Convention Area, what is the difference between providing a copy to the Commission and providing one to the SEAFO Executive Secretary?""]",1,0,38.0,38.0,1,True,1,0,40.0,40.0,1,True,1,0,40.0,40.0,1,True,1,0,40.0,40.0,1,True,1,0,40.0,40.0,1,True
eurlex,32007R0041,claim_verification,0.77,lookup,0.89,True,bcae5a61f14261b7d0579ccaa0ab92505d78abcb889c6c026a06d0778beb9fdb,32007R0041,http://data.europa.eu/eli/reg/2007/41/art_79/oj,0.5,False,1,"[""Does Article 79 require each Member State to ensure that all its fishing vessels operating in the SEAFO Convention Area and targeting species covered by the SEAFO Convention carry qualified scientific observers?""]",1,0,32.0,32.0,0,False,1,0,40.0,40.0,1,True,1,0,39.0,39.0,1,True,1,0,28.0,28.0,0,False,1,0,38.0,38.0,1,True
eurlex,32007R0041,source_finding,0.77,lookup,0.81,True,bcae5a61f14261b7d0579ccaa0ab92505d78abcb889c6c026a06d0778beb9fdb,32007R0041,http://data.europa.eu/eli/reg/2007/41/art_79/oj,0.5,False,1,"[""Which EU provision requires Member States to ensure that fishing vessels operating in the SEAFO Convention Area and targeting species covered by the SEAFO Convention carry qualified scientific observers?""]",1,0,39.0,39.0,1,True,1,0,40.0,40.0,1,True,1,0,39.0,39.0,1,True,1,0,40.0,40.0,1,True,1,0,40.0,40.0,1,True
eurlex,32007R0715,fact_pattern,0.69,lookup,0.87,True,0d286d65a19d88a2162bd2fbdd5b44e94532b51c67fb68fcb0ac0e71b13da01d,32007R0715,http://data.europa.eu/eli/reg/2007/715/art_3/oj,0.5,False,2,"[""For EU vehicle-emissions type-approval purposes, a vehicle manufacturer is classifying a vehicle that has two different energy converters and two different energy storage systems on the vehicle for propulsion. What does the regulation mean by “hybrid vehicle”?"", ""For EU vehicle-emissions type-approval purposes, a vehicle manufacturer uses a software element that senses engine speed and delays operation of part of the emission control system under conditions reasonably expected during normal vehicle operation. What does the regulation mean by “defeat device”?""]",2,0,32.0,32.0,0,False,2,0,36.0,34.5,0,False,2,0,31.0,31.0,0,False,2,0,30.0,30.0,0,False,2,0,32.0,32.0,0,False
eurlex,32007R0715,lookup,0.69,lookup,0.88,True,0d286d65a19d88a2162bd2fbdd5b44e94532b51c67fb68fcb0ac0e71b13da01d,32007R0715,http://data.europa.eu/eli/reg/2007/715/art_3/oj,0.5,True,2,"[""How is the ‘reference mass’ of a vehicle calculated for EU vehicle emissions type approval?"", ""What is a ‘defeat device’ in EU vehicle emissions type approval?""]",2,0,40.0,40.0,2,True,2,0,40.0,40.0,0,False,2,0,40.0,40.0,2,True,2,0,40.0,40.0,2,True,2,0,40.0,40.0,2,True
eurlex,32007R0715,conceptual,0.69,lookup,0.6,True,0d286d65a19d88a2162bd2fbdd5b44e94532b51c67fb68fcb0ac0e71b13da01d,32007R0715,http://data.europa.eu/eli/reg/2007/715/art_3/oj,0.5,False,1,"[""How do EU type-approval rules for light passenger and commercial vehicle emissions identify a design feature as a defeat device?""]",1,0,35.0,35.0,0,False,1,0,37.0,37.0,0,False,1,0,36.0,36.0,0,False,1,0,35.0,35.0,0,False,1,0,37.0,37.0,0,False
eurlex,32007R0715,comparison,0.69,lookup,0.68,True,0d286d65a19d88a2162bd2fbdd5b44e94532b51c67fb68fcb0ac0e71b13da01d,32007R0715,http://data.europa.eu/eli/reg/2007/715/art_3/oj,0.5,False,1,"[""Under EU Euro 5/Euro 6 vehicle-emissions rules, how are an original pollution control device and a replacement pollution control device defined in relation to type approval and vehicle replacement?""]",1,0,38.0,38.0,1,True,1,0,40.0,40.0,1,True,1,0,35.0,35.0,0,False,1,0,40.0,40.0,1,True,1,0,40.0,40.0,1,True
eurlex,32007R0715,claim_verification,0.69,lookup,0.9,True,0d286d65a19d88a2162bd2fbdd5b44e94532b51c67fb68fcb0ac0e71b13da01d,32007R0715,http://data.europa.eu/eli/reg/2007/715/art_3/oj,0.5,False,1,"[""Under Regulation (EC) No 715/2007 on type approval of motor vehicles with respect to emissions, does a hybrid vehicle require at least two different energy converters and two different on-vehicle energy storage systems for vehicle propulsion?""]",1,0,36.0,36.0,1,True,1,0,40.0,40.0,1,True,1,0,34.0,34.0,1,True,1,0,40.0,40.0,1,True,1,0,40.0,40.0,1,True
eurlex,32007R0715,source_finding,0.69,lookup,0.77,True,0d286d65a19d88a2162bd2fbdd5b44e94532b51c67fb68fcb0ac0e71b13da01d,32007R0715,http://data.europa.eu/eli/reg/2007/715/art_3/oj,0.5,False,1,"[""Which EU provision defines a “defeat device” in the context of type approval for emissions from light passenger and commercial vehicles?""]",1,0,38.0,38.0,1,True,1,0,40.0,40.0,1,True,1,0,40.0,40.0,1,True,1,0,40.0,40.0,1,True,1,0,40.0,40.0,1,True
eurlex,32008R1221,fact_pattern,0.91,skip,0.13,False,dc529f5a614452b86539768ffeb7805f5140db3ea640fe8b44a411036aa6626f,32008R1221,http://data.europa.eu/eli/reg/2008/1221/art_2/oj,0.5,False,0,[],0,0,,,0,False,0,0,,,0,False,0,0,,,0,False,0,0,,,0,False,0,0,,,0,False
eurlex,32008R1221,lookup,0.91,skip,0.15,False,dc529f5a614452b86539768ffeb7805f5140db3ea640fe8b44a411036aa6626f,32008R1221,http://data.europa.eu/eli/reg/2008/1221/art_2/oj,0.5,False,0,[],0,0,,,0,False,0,0,,,0,False,0,0,,,0,False,0,0,,,0,False,0,0,,,0,False
eurlex,32008R1221,conceptual,0.91,skip,0.12,False,dc529f5a614452b86539768ffeb7805f5140db3ea640fe8b44a411036aa6626f,32008R1221,http://data.europa.eu/eli/reg/2008/1221/art_2/oj,0.5,False,0,[],0,0,,,0,False,0,0,,,0,False,0,0,,,0,False,0,0,,,0,False,0,0,,,0,False
eurlex,32008R1221,comparison,0.91,skip,0.1,False,dc529f5a614452b86539768ffeb7805f5140db3ea640fe8b44a411036aa6626f,32008R1221,http://data.europa.eu/eli/reg/2008/1221/art_2/oj,0.5,False,0,[],0,0,,,0,False,0,0,,,0,False,0,0,,,0,False,0,0,,,0,False,0,0,,,0,False
eurlex,32008R1221,claim_verification,0.91,skip,0.2,False,dc529f5a614452b86539768ffeb7805f5140db3ea640fe8b44a411036aa6626f,32008R1221,http://data.europa.eu/eli/reg/2008/1221/art_2/oj,0.5,False,0,[],0,0,,,0,False,0,0,,,0,False,0,0,,,0,False,0,0,,,0,False,0,0,,,0,False
eurlex,32008R1221,source_finding,0.91,skip,0.18,False,dc529f5a614452b86539768ffeb7805f5140db3ea640fe8b44a411036aa6626f,32008R1221,http://data.europa.eu/eli/reg/2008/1221/art_2/oj,0.5,False,0,[],0,0,,,0,False,0,0,,,0,False,0,0,,,0,False,0,0,,,0,False,0,0,,,0,False
eurlex,32008R0683,fact_pattern,0.52,skip,0.21,False,0ada7c6f001ae8c33f8ef3a5cdc5607b29e912b0c0c1016f0270c7e832963296,32008R0683,http://data.europa.eu/eli/reg/2008/683/art_22/oj,0.5,False,1,"[""A private contractor handling an EGNOS and Galileo programme file needs to check the Commission's reporting duty when it presents the preliminary draft budget. What must the Commission present each year?""]",1,0,31.0,31.0,0,False,1,0,34.0,34.0,0,False,1,0,32.0,32.0,0,False,1,0,30.0,30.0,0,False,1,0,36.0,36.0,0,False
eurlex,32008R0683,lookup,0.52,skip,0.37,False,0ada7c6f001ae8c33f8ef3a5cdc5607b29e912b0c0c1016f0270c7e832963296,32008R0683,http://data.europa.eu/eli/reg/2008/683/art_22/oj,0.5,False,0,[],0,0,,,0,False,0,0,,,0,False,0,0,,,0,False,0,0,,,0,False,0,0,,,0,False
eurlex,32008R0683,conceptual,0.52,skip,0.56,True,0ada7c6f001ae8c33f8ef3a5cdc5607b29e912b0c0c1016f0270c7e832963296,32008R0683,http://data.europa.eu/eli/reg/2008/683/art_22/oj,0.5,False,1,"[""How does the mid-term review of the EGNOS and Galileo programmes inform the European Parliament and the Council about progress?""]",1,0,33.0,33.0,1,True,1,0,40.0,40.0,1,True,1,0,39.0,39.0,1,True,1,0,39.0,39.0,1,True,1,0,40.0,40.0,1,True
eurlex,32008R0683,comparison,0.52,skip,0.19,False,0ada7c6f001ae8c33f8ef3a5cdc5607b29e912b0c0c1016f0270c7e832963296,32008R0683,http://data.europa.eu/eli/reg/2008/683/art_22/oj,0.5,False,1,"[""Under the EU EGNOS and Galileo programme rules, does the Commission provide the European Parliament and the Council with the same annual implementation report?""]",1,0,33.0,33.0,0,False,1,0,40.0,40.0,1,True,1,0,40.0,40.0,1,True,1,0,36.0,36.0,1,True,1,0,40.0,40.0,1,True
eurlex,32008R0683,claim_verification,0.52,skip,0.53,True,0ada7c6f001ae8c33f8ef3a5cdc5607b29e912b0c0c1016f0270c7e832963296,32008R0683,http://data.europa.eu/eli/reg/2008/683/art_22/oj,0.5,False,1,"[""Does Regulation (EC) No 683/2008 require the Commission to report annually to the European Parliament and the Council on the implementation of the EGNOS and Galileo programmes?""]",1,0,39.0,39.0,1,True,1,0,40.0,40.0,1,True,1,0,40.0,40.0,1,True,1,0,40.0,40.0,1,True,1,0,40.0,40.0,1,True
eurlex,32008R0683,source_finding,0.52,skip,0.46,False,0ada7c6f001ae8c33f8ef3a5cdc5607b29e912b0c0c1016f0270c7e832963296,32008R0683,http://data.europa.eu/eli/reg/2008/683/art_22/oj,0.5,False,1,"[""Which provision of the EU regulation on the further implementation of EGNOS and Galileo requires the Commission, when presenting the preliminary draft budget each year, to report to the European Parliament and the Council on implementation of the programmes?""]",1,0,40.0,40.0,1,True,1,0,40.0,40.0,1,True,1,0,36.0,36.0,1,True,1,0,40.0,40.0,1,True,1,0,40.0,40.0,1,True
eurlex,32009R1107,fact_pattern,0.81,lookup,0.91,True,887dd78a6fb55a5b8582df976623d8d9697e2b6267d3167069114674956b7220,32009R1107,http://data.europa.eu/eli/reg/2009/1107/art_31/oj,0.5,False,2,"[""A national authority authorises a plant protection product for use on railways and in storage rooms, but the authorisation names neither the permitted purposes nor the areas. What must the authorisation define?"", ""A national authority is authorising a plant protection product for a crop where repeated applications and harvesting are relevant, but the authorisation lacks the applicable dose, harvest interval and annual application limits. Which requirements must the authorisation include where applicable?""]",2,0,33.0,31.0,1,True,2,0,40.0,40.0,2,True,2,0,35.0,33.0,1,True,2,0,34.0,33.0,2,True,2,0,40.0,39.0,2,True
eurlex,32009R1107,lookup,0.81,lookup,0.93,True,887dd78a6fb55a5b8582df976623d8d9697e2b6267d3167069114674956b7220,32009R1107,http://data.europa.eu/eli/reg/2009/1107/art_31/oj,0.5,True,2,"[""What must an authorisation for a plant protection product define regarding its permitted use?"", ""Which additional requirements must an authorisation for a plant protection product include where applicable?""]",2,0,40.0,38.0,2,True,2,0,40.0,40.0,0,False,2,0,40.0,39.5,0,False,2,0,40.0,40.0,2,True,2,0,40.0,40.0,2,True
eurlex,32009R1107,conceptual,0.81,lookup,0.89,True,887dd78a6fb55a5b8582df976623d8d9697e2b6267d3167069114674956b7220,32009R1107,http://data.europa.eu/eli/reg/2009/1107/art_31/oj,0.5,False,1,"[""How may authorisations for plant protection products protect people and the environment through restrictions on distribution and use?""]",1,0,36.0,36.0,1,True,1,0,40.0,40.0,1,True,1,0,38.0,38.0,1,True,1,0,40.0,40.0,1,True,1,0,40.0,40.0,1,True
eurlex,32009R1107,comparison,0.81,lookup,0.7,True,887dd78a6fb55a5b8582df976623d8d9697e2b6267d3167069114674956b7220,32009R1107,http://data.europa.eu/eli/reg/2009/1107/art_31/oj,0.5,False,1,"[""Under Regulation (EC) No 1107/2009, which application-related requirements must authorisations for plant protection products include where applicable, and which may they include?""]",1,0,35.0,35.0,0,False,1,0,40.0,40.0,0,False,1,0,38.0,38.0,0,False,1,0,37.0,37.0,0,False,1,0,40.0,40.0,0,False
eurlex,32009R1107,claim_verification,0.81,lookup,0.93,True,887dd78a6fb55a5b8582df976623d8d9697e2b6267d3167069114674956b7220,32009R1107,http://data.europa.eu/eli/reg/2009/1107/art_31/oj,0.5,False,1,"[""Is it true that an authorisation for a plant protection product must define the non-agricultural areas on which, and purposes for which, it may be used?""]",1,0,36.0,36.0,1,True,1,0,40.0,40.0,1,True,1,0,38.0,38.0,1,True,1,0,40.0,40.0,1,True,1,0,40.0,40.0,1,True
eurlex,32009R1107,source_finding,0.81,lookup,0.85,True,887dd78a6fb55a5b8582df976623d8d9697e2b6267d3167069114674956b7220,32009R1107,http://data.europa.eu/eli/reg/2009/1107/art_31/oj,0.5,False,1,"[""Which EU provision requires authorisations for plant protection products to set out requirements for placing them on the market and using them, including minimum conditions needed to comply with the approval conditions for their active substances, safeners and synergists?""]",1,0,37.0,37.0,1,True,1,0,40.0,40.0,1,True,1,0,39.0,39.0,1,True,1,0,40.0,40.0,1,True,1,0,40.0,40.0,1,True
eurlex,32009R1221,fact_pattern,0.77,lookup,0.71,True,07437b3aa22392facea9864dfaec4243e572322a3291bc7082520e52eedc6ce1,32009R1221,http://data.europa.eu/eli/reg/2009/1221/art_42/oj,0.5,False,1,"[""An organisation preparing to participate in the Community eco-management and audit scheme (EMAS) needs to understand the rules governing its participation. What information must be provided to it?""]",1,0,28.0,28.0,0,False,1,0,40.0,40.0,1,True,1,0,33.0,33.0,0,False,1,0,32.0,32.0,0,False,1,0,33.0,33.0,0,False
eurlex,32009R1221,lookup,0.77,lookup,0.89,True,07437b3aa22392facea9864dfaec4243e572322a3291bc7082520e52eedc6ce1,32009R1221,http://data.europa.eu/eli/reg/2009/1221/art_42/oj,0.5,True,2,"[""What information must the Commission provide to the public about EMAS?"", ""What information resources must the Commission maintain and make publicly available for EMAS?""]",2,0,40.0,39.5,2,True,2,0,40.0,40.0,2,True,2,0,39.0,38.0,0,False,2,0,40.0,39.5,2,True,2,0,40.0,40.0,2,True
eurlex,32009R1221,conceptual,0.77,lookup,0.86,True,07437b3aa22392facea9864dfaec4243e572322a3291bc7082520e52eedc6ce1,32009R1221,http://data.europa.eu/eli/reg/2009/1221/art_42/oj,0.5,False,1,"[""What information must the Commission provide to the public and organisations about EMAS?""]",1,0,35.0,35.0,1,True,1,0,40.0,40.0,1,True,1,0,35.0,35.0,0,False,1,0,37.0,37.0,0,False,1,0,39.0,39.0,0,False
eurlex,32009R1221,comparison,0.77,lookup,0.53,True,07437b3aa22392facea9864dfaec4243e572322a3291bc7082520e52eedc6ce1,32009R1221,http://data.europa.eu/eli/reg/2009/1221/art_42/oj,0.5,False,1,"[""Under EMAS, what information must the Commission provide to the public compared with organisations?""]",1,0,37.0,37.0,1,True,1,0,40.0,40.0,1,True,1,0,38.0,38.0,1,True,1,0,40.0,40.0,1,True,1,0,39.0,39.0,1,True
eurlex,32009R1221,claim_verification,0.77,lookup,0.9,True,07437b3aa22392facea9864dfaec4243e572322a3291bc7082520e52eedc6ce1,32009R1221,http://data.europa.eu/eli/reg/2009/1221/art_42/oj,0.5,False,1,"[""Is it true that, under the EMAS Regulation, the Commission must provide the public with information on the objectives and principal components of EMAS?""]",1,0,35.0,35.0,1,True,1,0,40.0,40.0,1,True,1,0,40.0,40.0,1,True,1,0,40.0,40.0,1,True,1,0,40.0,40.0,1,True
eurlex,32009R1221,source_finding,0.77,lookup,0.83,True,07437b3aa22392facea9864dfaec4243e572322a3291bc7082520e52eedc6ce1,32009R1221,http://data.europa.eu/eli/reg/2009/1221/art_42/oj,0.5,False,1,"[""Which provision of the EU Eco-Management and Audit Scheme (EMAS) rules requires the Commission to maintain and make publicly available a register, databases and a list of Community resources?""]",1,0,40.0,40.0,1,True,1,0,40.0,40.0,1,True,1,0,39.0,39.0,1,True,1,0,40.0,40.0,1,True,1,0,40.0,40.0,1,True
eurlex,32009R0194,fact_pattern,0.85,lookup,0.89,True,38d01795de5a32a4915e11b92ed26d88e93a7b83680fc30359f091905cb21faa,32009R0194,http://data.europa.eu/eli/reg/2009/194/art_1/oj,0.5,False,2,"[""A customs authority is examining a United States-origin biodiesel blend containing 25 % by weight of non-fossil fatty-acid mono-alkyl esters and classified under CN code ex15162098. Is the product subject to the provisional countervailing duty?"", ""An importer seeks release for free circulation in the Community of biodiesel covered by Article 1(1), and a provisional countervailing duty applies. What must accompany the release?""]",2,0,39.0,35.0,1,True,2,0,38.0,38.0,0,False,2,0,40.0,38.5,2,True,2,0,40.0,34.5,1,True,2,0,40.0,38.5,1,True
eurlex,32009R0194,lookup,0.85,lookup,0.88,True,38d01795de5a32a4915e11b92ed26d88e93a7b83680fc30359f091905cb21faa,32009R0194,http://data.europa.eu/eli/reg/2009/194/art_1/oj,0.5,True,1,"[""What must be provided for the release for free circulation of biodiesel imports subject to the provisional countervailing duty?""]",1,0,39.0,39.0,1,True,1,0,40.0,40.0,0,False,1,0,39.0,39.0,0,False,1,0,37.0,37.0,1,True,1,0,40.0,40.0,1,True
eurlex,32009R0194,conceptual,0.85,lookup,0.76,True,38d01795de5a32a4915e11b92ed26d88e93a7b83680fc30359f091905cb21faa,32009R0194,http://data.europa.eu/eli/reg/2009/194/art_1/oj,0.5,False,1,"[""For the provisional countervailing duty on US-origin biodiesel, how is the duty on blends calculated?""]",1,0,39.0,39.0,1,True,1,0,40.0,40.0,1,True,1,0,40.0,40.0,1,True,1,0,40.0,40.0,1,True,1,0,40.0,40.0,1,True
eurlex,32009R0194,comparison,0.85,lookup,0.77,True,38d01795de5a32a4915e11b92ed26d88e93a7b83680fc30359f091905cb21faa,32009R0194,http://data.europa.eu/eli/reg/2009/194/art_1/oj,0.5,False,1,"[""Under Commission Regulation (EC) No 194/2009, what provisional countervailing duty rates apply to biodiesel imports originating in the United States for Archer Daniels Midland Company compared with Cargill Inc.?""]",1,0,37.0,37.0,1,True,1,0,39.0,39.0,1,True,1,0,31.0,31.0,0,False,1,0,36.0,36.0,1,True,1,0,40.0,40.0,1,True
eurlex,32009R0194,claim_verification,0.85,lookup,0.92,True,38d01795de5a32a4915e11b92ed26d88e93a7b83680fc30359f091905cb21faa,32009R0194,http://data.europa.eu/eli/reg/2009/194/art_1/oj,0.5,False,2,"[""Is it true that release for free circulation in the Community of US biodiesel covered by the provisional countervailing duty may occur without providing security?"", ""Is it true that the provisional countervailing duty applies to biodiesel blends containing 20 % or less of the specified non-fossil-origin components?""]",2,0,40.0,36.5,2,True,2,0,40.0,39.5,2,True,2,0,39.0,37.0,2,True,2,0,40.0,35.0,2,True,2,0,40.0,40.0,2,True
eurlex,32009R0194,source_finding,0.85,lookup,0.76,True,38d01795de5a32a4915e11b92ed26d88e93a7b83680fc30359f091905cb21faa,32009R0194,http://data.europa.eu/eli/reg/2009/194/art_1/oj,0.5,False,1,"[""Which provision imposes a provisional countervailing duty on imports of biodiesel originating in the United States of America?""]",1,0,36.0,36.0,1,True,1,0,40.0,40.0,1,True,1,0,40.0,40.0,1,True,1,0,40.0,40.0,1,True,1,0,40.0,40.0,1,True
eurlex,32010R0257,fact_pattern,0.56,lookup,0.79,True,67f41f5dba20629256043869289c07b56ab7380420465307ef2cb75a95cf9935,32010R0257,http://data.europa.eu/eli/reg/2010/257/art_2/oj,0.5,False,2,"[""A food-business company is responsible for ensuring that Regulation (EC) No 1333/2008 is complied with within the food business it controls. What is that company under the food-additive re-evaluation programme?"", ""A dossier was used to evaluate a food additive and permit it for use in food before 20 January 2009. How is that dossier classified under the food-additive re-evaluation programme?""]",2,0,31.0,30.5,0,False,2,0,40.0,40.0,0,False,2,0,29.0,29.0,0,False,2,0,38.0,38.0,2,True,2,0,40.0,40.0,2,True
eurlex,32010R0257,lookup,0.56,lookup,0.84,True,67f41f5dba20629256043869289c07b56ab7380420465307ef2cb75a95cf9935,32010R0257,http://data.europa.eu/eli/reg/2010/257/art_2/oj,0.5,True,1,"[""What is meant by an ‘approved food additive’ in the programme for the re-evaluation of approved food additives?""]",1,0,38.0,38.0,1,True,1,0,40.0,40.0,0,False,1,0,40.0,40.0,0,False,1,0,40.0,40.0,1,True,1,0,40.0,40.0,1,True
eurlex,32010R0257,conceptual,0.56,lookup,0.64,True,67f41f5dba20629256043869289c07b56ab7380420465307ef2cb75a95cf9935,32010R0257,http://data.europa.eu/eli/reg/2010/257/art_2/oj,0.5,False,0,[],0,0,,,0,False,0,0,,,0,False,0,0,,,0,False,0,0,,,0,False,0,0,,,0,False
eurlex,32010R0257,comparison,0.56,lookup,0.56,True,67f41f5dba20629256043869289c07b56ab7380420465307ef2cb75a95cf9935,32010R0257,http://data.europa.eu/eli/reg/2010/257/art_2/oj,0.5,False,1,"[""Under the EU programme for re-evaluating approved food additives, how do the definitions of a business operator and an interested business operator differ regarding their role?""]",1,0,40.0,40.0,1,True,1,0,40.0,40.0,0,False,1,0,37.0,37.0,1,True,1,0,40.0,40.0,1,True,1,0,39.0,39.0,1,True
eurlex,32010R0257,claim_verification,0.56,lookup,0.88,True,67f41f5dba20629256043869289c07b56ab7380420465307ef2cb75a95cf9935,32010R0257,http://data.europa.eu/eli/reg/2010/257/art_2/oj,0.5,False,1,"[""Under the EU food-additive re-evaluation programme, does an ‘approved food additive’ mean a food additive authorised before 20 January 2009 and listed in one of the specified EU directives?""]",1,0,39.0,39.0,1,True,1,0,40.0,40.0,1,True,1,0,35.0,35.0,1,True,1,0,40.0,40.0,1,True,1,0,40.0,40.0,1,True
eurlex,32010R0257,source_finding,0.56,lookup,0.73,True,67f41f5dba20629256043869289c07b56ab7380420465307ef2cb75a95cf9935,32010R0257,http://data.europa.eu/eli/reg/2010/257/art_2/oj,0.5,False,1,"[""Which provision of the programme for the re-evaluation of approved food additives defines an ‘interested business operator’ as a business operator interested in the continuity of the authorisation of one or more approved food additives?""]",1,0,40.0,40.0,1,True,1,0,40.0,40.0,1,True,1,0,37.0,37.0,1,True,1,0,39.0,39.0,1,True,1,0,40.0,40.0,1,True
eurlex,32011R0204,fact_pattern,0.71,lookup,0.91,True,436e00ac25b9e7c72811bdb6f9f645396010e0c36d00ff334eef3d676c047aa6,32011R0204,http://data.europa.eu/eli/reg/2011/204/art_13/oj,0.5,False,1,"[""A company located in a Member State holds accounts frozen under the Libya restrictive measures and is subject to a verification of information by the competent authority. What must it do?""]",1,0,38.0,38.0,1,True,1,0,40.0,40.0,1,True,1,0,38.0,38.0,1,True,1,0,38.0,38.0,1,True,1,0,40.0,40.0,1,True
eurlex,32011R0204,lookup,0.71,lookup,0.88,True,436e00ac25b9e7c72811bdb6f9f645396010e0c36d00ff334eef3d676c047aa6,32011R0204,http://data.europa.eu/eli/reg/2011/204/art_13/oj,0.5,True,3,"[""Subject to applicable reporting, confidentiality and professional secrecy rules, what must natural and legal persons, entities and bodies do immediately with information facilitating compliance with the EU restrictive measures concerning the situation in Libya?"", ""How must natural and legal persons, entities and bodies assist the competent authority in verifying information under the EU restrictive measures concerning the situation in Libya?"", ""For what purposes may information provided or received under the EU restrictive measures concerning the situation in Libya be used?""]",3,0,37.0,35.666666666666664,3,True,3,0,40.0,40.0,0,False,3,0,40.0,37.333333333333336,2,True,3,0,40.0,38.666666666666664,3,True,3,0,40.0,40.0,3,True
eurlex,32011R0204,conceptual,0.71,lookup,0.86,True,436e00ac25b9e7c72811bdb6f9f645396010e0c36d00ff334eef3d676c047aa6,32011R0204,http://data.europa.eu/eli/reg/2011/204/art_13/oj,0.5,False,2,"[""Under the EU restrictive measures concerning the situation in Libya, what must natural and legal persons, entities and bodies do with information that facilitates compliance?"", ""What use restriction applies to information provided or received under the EU restrictive measures concerning the situation in Libya?""]",2,0,39.0,38.5,2,True,2,0,40.0,40.0,2,True,2,0,40.0,37.5,1,True,2,0,40.0,40.0,2,True,2,0,40.0,40.0,2,True
eurlex,32011R0204,comparison,0.71,lookup,0.39,False,436e00ac25b9e7c72811bdb6f9f645396010e0c36d00ff334eef3d676c047aa6,32011R0204,http://data.europa.eu/eli/reg/2011/204/art_13/oj,0.5,False,1,"[""Under EU restrictive measures concerning Libya, how does the required communication of information to a competent authority in a Member State compare with its transmission to the Commission?""]",1,0,31.0,31.0,0,False,1,0,38.0,38.0,0,False,1,0,37.0,37.0,0,False,1,0,40.0,40.0,0,False,1,0,38.0,38.0,1,True
eurlex,32011R0204,claim_verification,0.71,lookup,0.9,True,436e00ac25b9e7c72811bdb6f9f645396010e0c36d00ff334eef3d676c047aa6,32011R0204,http://data.europa.eu/eli/reg/2011/204/art_13/oj,0.5,False,1,"[""Is it true that information provided or received under the Libya restrictive-measures Regulation may be used for any purpose?""]",1,0,35.0,35.0,1,True,1,0,40.0,40.0,1,True,1,0,37.0,37.0,1,True,1,0,40.0,40.0,1,True,1,0,40.0,40.0,1,True
eurlex,32011R0204,source_finding,0.71,lookup,0.82,True,436e00ac25b9e7c72811bdb6f9f645396010e0c36d00ff334eef3d676c047aa6,32011R0204,http://data.europa.eu/eli/reg/2011/204/art_13/oj,0.5,False,1,"[""Which EU provision requires natural and legal persons, entities and bodies subject to the restrictive measures concerning the situation in Libya to immediately supply information facilitating compliance and cooperate with verification by the competent authority?""]",1,0,38.0,38.0,1,True,1,0,36.0,36.0,0,False,1,0,39.0,39.0,1,True,1,0,40.0,40.0,1,True,1,0,40.0,40.0,1,True
eurlex,32011R0349,fact_pattern,0.63,lookup,0.88,True,859a906d6f5ee305f89cc574281aa76283ed7feb91abb9e7434c316f782ec0c2,32011R0349,http://data.europa.eu/eli/reg/2011/349/art_1/oj,0.5,False,3,"[""A national statistics authority is recording an accident in which the victim died 11 months later. What is a “fatal accident” under the EU accident-at-work statistics rules?"", ""A private employer is classifying a road crash that occurred while an employee travelled between home and the workplace for EU accident-at-work statistics. What does “accident at work” mean?"", ""An employer is completing an EU accident-at-work statistics file for a victim who was unfit for work for 12 calendar days because of the accident. What do “days lost” mean?""]",3,0,39.0,37.0,2,True,3,0,40.0,40.0,3,True,3,0,37.0,36.0,2,True,3,0,33.0,33.0,0,False,3,0,40.0,40.0,3,True
eurlex,32011R0349,lookup,0.63,lookup,0.88,True,859a906d6f5ee305f89cc574281aa76283ed7feb91abb9e7434c316f782ec0c2,32011R0349,http://data.europa.eu/eli/reg/2011/349/art_1/oj,0.5,True,3,"[""For statistics on accidents at work, what is a fatal accident?"", ""For statistics on accidents at work, what do days lost mean?"", ""For statistics on accidents at work, what does the age of the victim mean?""]",3,0,40.0,38.333333333333336,3,True,3,0,40.0,40.0,0,False,3,0,40.0,40.0,0,False,3,0,40.0,39.333333333333336,3,True,3,0,40.0,39.666666666666664,3,True
eurlex,32011R0349,conceptual,0.63,lookup,0.54,True,859a906d6f5ee305f89cc574281aa76283ed7feb91abb9e7434c316f782ec0c2,32011R0349,http://data.europa.eu/eli/reg/2011/349/art_1/oj,0.5,False,1,"[""How does the EU framework for statistics on accidents at work distinguish accidents occurring in the course of work from commuting accidents?""]",1,0,37.0,37.0,1,True,1,0,38.0,38.0,0,False,1,0,39.0,39.0,1,True,1,0,37.0,37.0,0,False,1,0,40.0,40.0,1,True
eurlex,32011R0349,comparison,0.63,lookup,0.69,True,859a906d6f5ee305f89cc574281aa76283ed7feb91abb9e7434c316f782ec0c2,32011R0349,http://data.europa.eu/eli/reg/2011/349/art_1/oj,0.5,False,1,"[""Under EU statistics rules on accidents at work, how do the definitions of an accident at work and a fatal accident differ in the harm required?""]",1,0,40.0,40.0,1,True,1,0,40.0,40.0,1,True,1,0,38.0,38.0,1,True,1,0,38.0,38.0,0,False,1,0,39.0,39.0,1,True
eurlex,32011R0349,claim_verification,0.63,lookup,0.91,True,859a906d6f5ee305f89cc574281aa76283ed7feb91abb9e7434c316f782ec0c2,32011R0349,http://data.europa.eu/eli/reg/2011/349/art_1/oj,0.5,False,1,"[""Under the EU rules on statistics on accidents at work, is it true that the definition of an ‘accident at work’ includes road accidents during the journey between home and the workplace?""]",1,0,39.0,39.0,1,True,1,0,40.0,40.0,1,True,1,0,40.0,40.0,1,True,1,0,40.0,40.0,1,True,1,0,40.0,40.0,1,True
eurlex,32011R0349,source_finding,0.63,lookup,0.72,True,859a906d6f5ee305f89cc574281aa76283ed7feb91abb9e7434c316f782ec0c2,32011R0349,http://data.europa.eu/eli/reg/2011/349/art_1/oj,0.5,False,1,"[""Which EU provision implementing statistics on accidents at work defines a fatal accident as an accident leading to the victim’s death within one year?""]",1,0,39.0,39.0,1,True,1,0,38.0,38.0,0,False,1,0,39.0,39.0,1,True,1,0,40.0,40.0,1,True,1,0,40.0,40.0,1,True
eurlex,32013R0575,fact_pattern,0.78,lookup,0.8,True,45c2812e1d62bedabec6f6a8eec488dc5a6ed99275aca75ae853d4b4237a9a26,32013R0575,http://data.europa.eu/eli/reg/2013/575/art_435/oj,0.5,False,1,"[""An institution is preparing a risk-management disclosure, and its management body approves a declaration on the adequacy of its risk-management arrangements. What assurance must that declaration provide?""]",1,0,31.0,31.0,0,False,1,0,40.0,40.0,1,True,1,0,36.0,36.0,1,True,1,0,36.0,36.0,1,True,1,0,40.0,40.0,1,True
eurlex,32013R0575,lookup,0.78,lookup,0.9,True,45c2812e1d62bedabec6f6a8eec488dc5a6ed99275aca75ae853d4b4237a9a26,32013R0575,http://data.europa.eu/eli/reg/2013/575/art_435/oj,0.5,True,2,"[""What assurance must an institution’s management-body-approved declaration provide about its risk management arrangements?"", ""How frequently must institutions update disclosures regarding governance arrangements?""]",2,0,39.0,38.0,2,True,2,0,40.0,40.0,0,False,2,0,40.0,40.0,2,True,2,0,40.0,40.0,2,True,2,0,40.0,40.0,2,True
eurlex,32013R0575,conceptual,0.78,lookup,0.83,True,45c2812e1d62bedabec6f6a8eec488dc5a6ed99275aca75ae853d4b4237a9a26,32013R0575,http://data.europa.eu/eli/reg/2013/575/art_435/oj,0.5,False,1,"[""What management-body-approved assurances and risk-profile information must institutions include in their risk management disclosures?""]",1,0,35.0,35.0,1,True,1,0,40.0,40.0,1,True,1,0,39.0,39.0,1,True,1,0,40.0,40.0,1,True,1,0,40.0,40.0,1,True
eurlex,32013R0575,comparison,0.78,lookup,0.37,False,45c2812e1d62bedabec6f6a8eec488dc5a6ed99275aca75ae853d4b4237a9a26,32013R0575,http://data.europa.eu/eli/reg/2013/575/art_435/oj,0.5,False,1,"[""Under EU prudential disclosure rules for institutions, what governance-arrangement information must be disclosed about management-body diversity compared with the risk committee?""]",1,0,32.0,32.0,0,False,1,0,40.0,40.0,1,True,1,0,34.0,34.0,0,False,1,0,32.0,32.0,0,False,1,0,40.0,40.0,1,True
eurlex,32013R0575,claim_verification,0.78,lookup,0.9,True,45c2812e1d62bedabec6f6a8eec488dc5a6ed99275aca75ae853d4b4237a9a26,32013R0575,http://data.europa.eu/eli/reg/2013/575/art_435/oj,0.5,False,1,"[""Do EU prudential disclosure rules require institutions to provide regular, at least annual updates on specified governance arrangements?""]",1,0,35.0,35.0,1,True,1,0,40.0,40.0,1,True,1,0,34.0,34.0,1,True,1,0,40.0,40.0,1,True,1,0,40.0,40.0,1,True
eurlex,32013R0575,source_finding,0.78,lookup,0.83,True,45c2812e1d62bedabec6f6a8eec488dc5a6ed99275aca75ae853d4b4237a9a26,32013R0575,http://data.europa.eu/eli/reg/2013/575/art_435/oj,0.5,False,1,"[""Which EU provision requires institutions to disclose, for each separate category of risk, their risk-management strategies and processes, organisational arrangements, reporting and measurement systems, and hedging and risk-mitigation policies?""]",1,0,38.0,38.0,1,True,1,0,40.0,40.0,1,True,1,0,37.0,37.0,1,True,1,0,40.0,40.0,1,True,1,0,40.0,40.0,1,True
eurlex,32014R0909,fact_pattern,0.64,lookup,0.91,True,71671dab385bbde5eb47179c6d4daff7b4a3414cbddb21dc924d6f111e3db140,32014R0909,http://data.europa.eu/eli/reg/2014/909/art_43/oj,0.5,False,3,"[""A CSD is designing rules, procedures and contracts for operations in several jurisdictions, including a situation in which a participant may default. What must the CSD ensure about those rules, procedures and contracts?"", ""A CSD operating securities settlement systems and providing other services is preparing for authorisation and supervision and must inform its clients. What must its rules, procedures and contracts be like?"", ""A CSD conducting business in different jurisdictions identifies possible conflicts between their laws. What must it do about the risks arising from those conflicts?""]",3,0,37.0,35.0,3,True,3,0,40.0,40.0,3,True,3,0,38.0,37.0,3,True,3,0,40.0,39.0,3,True,3,0,40.0,40.0,3,True
eurlex,32014R0909,lookup,0.64,lookup,0.9,True,71671dab385bbde5eb47179c6d4daff7b4a3414cbddb21dc924d6f111e3db140,32014R0909,http://data.europa.eu/eli/reg/2014/909/art_43/oj,0.5,True,3,"[""What must a central securities depository have for the authorisation and supervision of its activities and for informing its clients?"", ""What must a central securities depository do when conducting business in different jurisdictions to address potential conflicts of law?"", ""How must a central securities depository design its rules, procedures and contracts to ensure their enforceability?""]",3,0,40.0,39.333333333333336,3,True,3,0,40.0,40.0,0,False,3,0,40.0,40.0,0,False,3,0,40.0,39.333333333333336,3,True,3,0,40.0,40.0,3,True
eurlex,32014R0909,conceptual,0.64,lookup,0.91,True,71671dab385bbde5eb47179c6d4daff7b4a3414cbddb21dc924d6f111e3db140,32014R0909,http://data.europa.eu/eli/reg/2014/909/art_43/oj,0.5,False,1,"[""How must a central securities depository structure its rules, procedures and contracts to manage legal risks across jurisdictions?""]",1,0,34.0,34.0,1,True,1,0,39.0,39.0,1,True,1,0,38.0,38.0,1,True,1,0,38.0,38.0,1,True,1,0,39.0,39.0,1,True
eurlex,32014R0909,comparison,0.64,lookup,0.34,False,71671dab385bbde5eb47179c6d4daff7b4a3414cbddb21dc924d6f111e3db140,32014R0909,http://data.europa.eu/eli/reg/2014/909/art_43/oj,0.5,False,1,"[""Under EU CSD legal-risk rules, must a CSD's rules, procedures and contracts be clear and understandable for both its securities settlement systems and its other services?""]",1,0,36.0,36.0,0,False,1,0,39.0,39.0,0,False,1,0,37.0,37.0,0,False,1,0,37.0,37.0,0,False,1,0,39.0,39.0,0,False
eurlex,32014R0909,claim_verification,0.64,lookup,0.91,True,71671dab385bbde5eb47179c6d4daff7b4a3414cbddb21dc924d6f111e3db140,32014R0909,http://data.europa.eu/eli/reg/2014/909/art_43/oj,0.5,False,1,"[""Does the EU regulation on central securities depositories require a CSD operating in different jurisdictions to identify and mitigate risks arising from potential conflicts of law?""]",1,0,37.0,37.0,1,True,1,0,40.0,40.0,1,True,1,0,40.0,40.0,1,True,1,0,40.0,40.0,1,True,1,0,39.0,39.0,1,True
eurlex,32014R0909,source_finding,0.64,lookup,0.84,True,71671dab385bbde5eb47179c6d4daff7b4a3414cbddb21dc924d6f111e3db140,32014R0909,http://data.europa.eu/eli/reg/2014/909/art_43/oj,0.5,False,1,"[""Which EU provision requires a central securities depository to maintain clear and understandable rules, procedures and contracts for its securities settlement systems and other services?""]",1,0,39.0,39.0,1,True,1,0,40.0,40.0,1,True,1,0,39.0,39.0,1,True,1,0,40.0,40.0,1,True,1,0,40.0,40.0,1,True
eurlex,32012R0520,fact_pattern,0.56,lookup,0.8,True,344b75138429844d276c7c10f31fa7a6735cc962a9afb34860e3f66858f26250,32012R0520,http://data.europa.eu/eli/reg_impl/2012/520/art_8/oj,0.5,False,1,"[""A national competent authority's staff are involved in pharmacovigilance procedures and processes but do not take responsibility for the functioning of its quality system. What responsibility applies to those persons?""]",1,0,36.0,36.0,1,True,1,0,40.0,40.0,1,True,1,0,39.0,39.0,1,True,1,0,39.0,39.0,1,True,1,0,40.0,40.0,1,True
eurlex,32012R0520,lookup,0.56,lookup,0.9,True,344b75138429844d276c7c10f31fa7a6735cc962a9afb34860e3f66858f26250,32012R0520,http://data.europa.eu/eli/reg_impl/2012/520/art_8/oj,0.5,True,2,"[""What must marketing authorisation holders, national competent authorities and the Agency establish and use for their pharmacovigilance activities?"", ""What activities must form the basis of a quality system for pharmacovigilance activities?""]",2,0,40.0,39.5,2,True,2,0,40.0,40.0,0,False,2,0,40.0,39.5,0,False,2,0,40.0,39.5,2,True,2,0,40.0,40.0,2,True
eurlex,32012R0520,conceptual,0.56,lookup,0.88,True,344b75138429844d276c7c10f31fa7a6735cc962a9afb34860e3f66858f26250,32012R0520,http://data.europa.eu/eli/reg_impl/2012/520/art_8/oj,0.5,False,1,"[""How are persons involved in the pharmacovigilance quality systems of national competent authorities and the Agency made responsible for maintaining those systems?""]",1,0,37.0,37.0,1,True,1,0,40.0,40.0,1,True,1,0,37.0,37.0,1,True,1,0,40.0,40.0,1,True,1,0,40.0,40.0,1,True
eurlex,32012R0520,comparison,0.56,lookup,0.37,False,344b75138429844d276c7c10f31fa7a6735cc962a9afb34860e3f66858f26250,32012R0520,http://data.europa.eu/eli/reg_impl/2012/520/art_8/oj,0.5,False,1,"[""Under EU pharmacovigilance rules, must marketing authorisation holders and national competent authorities establish and use an adequate and effective quality system for their pharmacovigilance activities?""]",1,0,30.0,30.0,0,False,1,0,40.0,40.0,1,True,1,0,36.0,36.0,1,True,1,0,38.0,38.0,1,True,1,0,40.0,40.0,1,True
eurlex,32012R0520,claim_verification,0.56,lookup,0.91,True,344b75138429844d276c7c10f31fa7a6735cc962a9afb34860e3f66858f26250,32012R0520,http://data.europa.eu/eli/reg_impl/2012/520/art_8/oj,0.5,False,1,"[""Does EU pharmacovigilance law require marketing authorisation holders, the national competent authorities and the Agency to establish and use an adequate and effective quality system for their pharmacovigilance activities?""]",1,0,34.0,34.0,1,True,1,0,40.0,40.0,1,True,1,0,37.0,37.0,1,True,1,0,40.0,40.0,1,True,1,0,40.0,40.0,1,True
eurlex,32012R0520,source_finding,0.56,lookup,0.83,True,344b75138429844d276c7c10f31fa7a6735cc962a9afb34860e3f66858f26250,32012R0520,http://data.europa.eu/eli/reg_impl/2012/520/art_8/oj,0.5,False,1,"[""Which EU provision requires marketing authorisation holders, national competent authorities and the Agency to establish and use an adequate and effective quality system for pharmacovigilance activities?""]",1,0,39.0,39.0,1,True,1,0,40.0,40.0,1,True,1,0,39.0,39.0,1,True,1,0,40.0,40.0,1,True,1,0,40.0,40.0,1,True
eurlex,32014R1244,fact_pattern,0.72,lookup,0.92,True,a4a86d4cce7ae21b1238e8d7ded88c425fa152ba52f62052bfe26f731f10f13f,32014R1244,http://data.europa.eu/eli/reg_impl/2014/1244/art_24/oj,0.5,False,2,"[""An EU Aid Volunteer has insurance coverage lasting longer than 12 weeks and needs follow-up medical treatment in their home country for an illness that occurred during the initial deployment coverage. How must the insurance coverage be extended?"", ""An EU Aid Volunteer is travelling from home to a third country for deployment and will return home after the deployment. During what period must the volunteer's insurance coverage be worldwide and available 24 hours a day?""]",2,0,39.0,35.5,1,True,2,0,40.0,40.0,2,True,2,0,40.0,37.0,2,True,2,0,40.0,39.0,2,True,2,0,40.0,39.5,2,True
eurlex,32014R1244,lookup,0.72,lookup,0.93,True,a4a86d4cce7ae21b1238e8d7ded88c425fa152ba52f62052bfe26f731f10f13f,32014R1244,http://data.europa.eu/eli/reg_impl/2014/1244/art_24/oj,0.5,True,2,"[""What additional insurance coverage applies to an EU Aid Volunteer when coverage lasts longer than 12 weeks?"", ""During what period must worldwide, 24-hour insurance coverage protect EU Aid Volunteers?""]",2,0,40.0,39.0,1,True,2,0,40.0,40.0,0,False,2,0,40.0,39.5,1,True,2,0,40.0,40.0,1,True,2,0,40.0,40.0,2,True
eurlex,32014R1244,conceptual,0.72,lookup,0.91,True,a4a86d4cce7ae21b1238e8d7ded88c425fa152ba52f62052bfe26f731f10f13f,32014R1244,http://data.europa.eu/eli/reg_impl/2014/1244/art_24/oj,0.5,False,2,"[""How is insurance protection for EU Aid Volunteers structured during deployment and after it?"", ""Which activities and risks must the EU Aid Volunteers insurance cover at 100% during the first period of coverage?""]",2,0,40.0,37.0,2,True,2,0,40.0,40.0,2,True,2,0,38.0,37.0,2,True,2,0,40.0,40.0,2,True,2,0,40.0,40.0,2,True
eurlex,32014R1244,comparison,0.72,lookup,0.57,True,a4a86d4cce7ae21b1238e8d7ded88c425fa152ba52f62052bfe26f731f10f13f,32014R1244,http://data.europa.eu/eli/reg_impl/2014/1244/art_24/oj,0.5,False,1,"[""For EU Aid Volunteers, how does insurance coverage during the first period of coverage compare with the further eight-week home-country coverage for deployments longer than 12 weeks?""]",1,0,35.0,35.0,1,True,1,0,39.0,39.0,1,True,1,0,35.0,35.0,1,True,1,0,40.0,40.0,1,True,1,0,40.0,40.0,1,True
eurlex,32014R1244,claim_verification,0.72,lookup,0.94,True,a4a86d4cce7ae21b1238e8d7ded88c425fa152ba52f62052bfe26f731f10f13f,32014R1244,http://data.europa.eu/eli/reg_impl/2014/1244/art_24/oj,0.5,False,1,"[""Is it true that insurance coverage for EU Aid Volunteers applies only to activities linked to the EU Aid Volunteers initiative during the first period of coverage?""]",1,0,39.0,39.0,1,True,1,0,40.0,40.0,1,True,1,0,40.0,40.0,1,True,1,0,40.0,40.0,1,True,1,0,40.0,40.0,1,True
eurlex,32014R1244,source_finding,0.72,lookup,0.86,True,a4a86d4cce7ae21b1238e8d7ded88c425fa152ba52f62052bfe26f731f10f13f,32014R1244,http://data.europa.eu/eli/reg_impl/2014/1244/art_24/oj,0.5,False,1,"[""Which EU provision requires all EU Aid Volunteers to have complete insurance coverage throughout their deployment in third countries and relevant periods before and after?""]",1,0,37.0,37.0,1,True,1,0,40.0,40.0,1,True,1,0,39.0,39.0,1,True,1,0,40.0,40.0,1,True,1,0,40.0,40.0,1,True
eurlex,32014R0727,fact_pattern,0.82,lookup,0.89,True,41c5c74596f68eb959cc6a22cb3e04360a1a15d9c2eacc8e7f565c3b668ef33d,32014R0727,http://data.europa.eu/eli/reg_impl/2014/727/art_4/oj,0.5,False,3,"[""An interested party in the new exporter review of the anti-dumping duty on imports of trichloroisocyanuric acid originating in China wants its representations to be taken into account. What must it do within 37 days from the date of the entry into force of the Regulation?"", ""An interested party in the new exporter review wants to be heard by the Commission investigation services during the initial stage of the investigation. What must its request contain, and when must it be submitted?"", ""A party to the investigation wants to comment on the appropriateness of Japan as the envisaged market-economy third country for establishing normal value for China. By when must it submit its comments?""]",3,0,36.0,35.333333333333336,3,True,3,0,40.0,40.0,3,True,3,0,40.0,39.666666666666664,3,True,3,0,37.0,34.666666666666664,1,True,3,0,40.0,40.0,3,True
eurlex,32014R0727,lookup,0.82,lookup,0.89,True,41c5c74596f68eb959cc6a22cb3e04360a1a15d9c2eacc8e7f565c3b668ef33d,32014R0727,http://data.europa.eu/eli/reg_impl/2014/727/art_4/oj,0.5,True,3,"[""Within what period must interested parties submit representations or questionnaire replies for them to be taken into account in the new exporter review of trichloroisocyanuric acid imports from China?"", ""Within what period must a request to be heard on issues concerning the initial stage of the new exporter review of trichloroisocyanuric acid imports from China be submitted?"", ""Within what period must parties to the investigation submit comments on the appropriateness of Japan as the envisaged market-economy third country for establishing normal value for China?""]",3,0,40.0,38.333333333333336,2,True,3,0,40.0,40.0,0,False,3,0,40.0,40.0,2,True,3,0,40.0,38.333333333333336,2,True,3,0,40.0,40.0,3,True
eurlex,32014R0727,conceptual,0.82,lookup,0.83,True,41c5c74596f68eb959cc6a22cb3e04360a1a15d9c2eacc8e7f565c3b668ef33d,32014R0727,http://data.europa.eu/eli/reg_impl/2014/727/art_4/oj,0.5,False,3,"[""How may interested parties request a hearing during the new exporter review of anti-dumping measures on trichloroisocyanuric acid imports from China?"", ""What must interested parties do for their representations to be taken into account in the new exporter review of anti-dumping measures on trichloroisocyanuric acid imports from China?"", ""How can parties to the new exporter review comment on Japan's proposed role as a market-economy third country for establishing normal value for China?""]",3,0,39.0,37.666666666666664,1,True,3,0,40.0,40.0,3,True,3,0,40.0,39.666666666666664,1,True,3,0,40.0,40.0,1,True,3,0,40.0,40.0,3,True
eurlex,32014R0727,comparison,0.82,lookup,0.62,True,41c5c74596f68eb959cc6a22cb3e04360a1a15d9c2eacc8e7f565c3b668ef33d,32014R0727,http://data.europa.eu/eli/reg_impl/2014/727/art_4/oj,0.5,False,1,"[""Under the new exporter review concerning imports of trichloroisocyanuric acid originating in China, how do the deadlines for requests to be heard compare between the initial stage of the investigation and later stages?""]",1,0,37.0,37.0,1,True,1,0,39.0,39.0,1,True,1,0,37.0,37.0,1,True,1,0,39.0,39.0,1,True,1,0,39.0,39.0,1,True
eurlex,32014R0727,claim_verification,0.82,lookup,0.89,True,41c5c74596f68eb959cc6a22cb3e04360a1a15d9c2eacc8e7f565c3b668ef33d,32014R0727,http://data.europa.eu/eli/reg_impl/2014/727/art_4/oj,0.5,False,1,"[""Is it true that parties to the new exporter review of the anti-dumping duty on trichloroisocyanuric acid from China must submit comments on Japan's appropriateness as the envisaged market-economy third country within 10 days of the Regulation's entry into force?""]",1,0,40.0,40.0,1,True,1,0,34.0,34.0,0,False,1,0,35.0,35.0,0,False,1,0,40.0,40.0,1,True,1,0,40.0,40.0,1,True
eurlex,32014R0727,source_finding,0.82,lookup,0.77,True,41c5c74596f68eb959cc6a22cb3e04360a1a15d9c2eacc8e7f565c3b668ef33d,32014R0727,http://data.europa.eu/eli/reg_impl/2014/727/art_4/oj,0.5,False,1,"[""Which provision of the new exporter review concerning anti-dumping measures on imports of trichloroisocyanuric acid originating in China sets the 37-day period for interested parties to contact the Commission, submit written views and provide a questionnaire reply or other information?""]",1,0,37.0,37.0,1,True,1,0,40.0,40.0,1,True,1,0,38.0,38.0,1,True,1,0,40.0,40.0,1,True,1,0,40.0,40.0,1,True
un,1998/s/1998/927,lookup,0.36,conceptual,0.87,True,355c6a56ce2ad87bf3846a5a5c48b87256208b7576cfe333c27b28678a92a29e,S/1998/927,1998/s/1998/927#3,0.5,False,2,"[""What access rights did Iraq have to accept unconditionally under the IAEA's OMV plan, according to the report conveyed in the Secretary-General's 7 October 1998 letter to the Security Council?"", ""What did the IAEA report conclude about its ability to ensure that prohibited activities were not being carried out in Iraq through capable site inspections, in the report conveyed in the Secretary-General's 7 October 1998 letter to the Security Council?""]",2,0,40.0,38.0,1,True,2,0,40.0,40.0,2,True,2,0,40.0,39.5,2,True,2,0,40.0,40.0,1,True,2,0,40.0,40.0,2,True
un,1998/s/1998/927,practitioner,0.36,conceptual,0.87,True,355c6a56ce2ad87bf3846a5a5c48b87256208b7576cfe333c27b28678a92a29e,S/1998/927,1998/s/1998/927#3,0.5,False,2,"[""An IAEA monitoring team must plan inspections under Iraq’s ongoing monitoring and verification (OMV) plan after Iraq suspended cooperation. What access and cooperation terms did Iraq communicate?"", ""An IAEA reviewer is assessing whether Iraq’s stated limits on access allow the Agency to verify that prohibited activities are not being carried out. What limitation did the Agency report?""]",2,0,40.0,38.0,1,True,2,0,40.0,39.5,1,True,2,0,40.0,37.0,1,True,2,0,40.0,39.5,1,True,2,0,40.0,39.5,2,True
un,1998/s/1998/927,conceptual,0.36,conceptual,0.91,True,355c6a56ce2ad87bf3846a5a5c48b87256208b7576cfe333c27b28678a92a29e,S/1998/927,1998/s/1998/927#3,0.5,True,1,"[""Why did the IAEA say its ongoing monitoring and verification inspections in Iraq could not ensure that prohibited activities would be detected in October 1998?""]",1,0,29.0,29.0,0,False,1,0,39.0,39.0,1,True,1,0,32.0,32.0,0,False,1,0,30.0,30.0,0,False,1,0,38.0,38.0,0,False
un,1998/s/1998/927,comparison,0.36,conceptual,0.81,True,355c6a56ce2ad87bf3846a5a5c48b87256208b7576cfe333c27b28678a92a29e,S/1998/927,1998/s/1998/927#3,0.5,False,1,"[""Under Iraq's stated position on the IAEA ongoing monitoring and verification (OMV) plan, how did its access and cooperation for routinely declared sites compare with those for capable or other sites?""]",1,0,37.0,37.0,1,True,1,0,40.0,40.0,1,True,1,0,38.0,38.0,1,True,1,0,39.0,39.0,1,True,1,0,40.0,40.0,1,True
un,1998/s/1998/927,claim_verification,0.36,conceptual,0.92,True,355c6a56ce2ad87bf3846a5a5c48b87256208b7576cfe333c27b28678a92a29e,S/1998/927,1998/s/1998/927#3,0.5,False,1,"[""In the October 1998 IAEA assessment of Iraq's OMV cooperation, did the IAEA report that Iraq would permit access to capable sites?""]",1,0,36.0,36.0,1,True,1,0,39.0,39.0,1,True,1,0,39.0,39.0,1,True,1,0,40.0,40.0,1,True,1,0,40.0,40.0,1,True
un,1998/s/1998/927,source_finding,0.36,conceptual,0.79,True,355c6a56ce2ad87bf3846a5a5c48b87256208b7576cfe333c27b28678a92a29e,S/1998/927,1998/s/1998/927#3,0.5,False,1,"[""Which Security Council document contains the IAEA assessment that Iraq’s refusal to address its clandestine nuclear programme further limited the Agency’s right of full and free access to information under its ongoing monitoring and verification plan?""]",1,0,37.0,37.0,1,True,1,0,40.0,40.0,1,True,1,0,39.0,39.0,1,True,1,0,40.0,40.0,1,True,1,0,40.0,40.0,1,True
un,1999/a/54/pv_76,lookup,0.54,lookup,0.85,True,ad24b76b3b6c1b3119dca8cb432aea74044fe98fc936635472dfd1855f6312f4,A/54/PV.76,1999/a/54/pv_76#9,0.5,True,3,"[""In the General Assembly meeting record for its consideration of the Sixth Committee's report under agenda item 159, what further work did the draft resolution request the Special Committee to continue on the peaceful settlement of disputes and related institutional matters?"", ""In the General Assembly meeting record for its consideration of the Sixth Committee's report under agenda item 159, what did the draft resolution request the Special Committee to continue to consider on a priority basis regarding assistance to third States affected by sanctions under Chapter VII of the Charter?"", ""According to the draft resolution presented in the General Assembly meeting record for its consideration of the Sixth Committee's reports, to which body and when would the Assembly transmit the report of the Secretary-General?""]",3,0,37.0,32.333333333333336,1,True,3,0,40.0,40.0,3,True,3,0,39.0,37.333333333333336,2,True,3,0,36.0,31.666666666666668,1,True,3,0,40.0,40.0,3,True
un,1999/a/54/pv_76,practitioner,0.54,lookup,0.85,True,ad24b76b3b6c1b3119dca8cb432aea74044fe98fc936635472dfd1855f6312f4,A/54/PV.76,1999/a/54/pv_76#9,0.5,False,2,"[""Under the Sixth Committee's proposed action on assistance to third States affected by sanctions imposed under Chapter VII, what would the General Assembly request the Special Committee to do?"", ""In the Sixth Committee's proposed follow-up concerning the peaceful settlement of disputes between States, the Trusteeship Council and the Special Committee's efficiency, what would the General Assembly further request the Special Committee to do?""]",2,0,33.0,32.5,0,False,2,0,36.0,36.0,0,False,2,0,34.0,33.0,0,False,2,0,35.0,35.0,0,False,2,0,40.0,40.0,2,True
un,1999/a/54/pv_76,conceptual,0.54,lookup,0.87,True,ad24b76b3b6c1b3119dca8cb432aea74044fe98fc936635472dfd1855f6312f4,A/54/PV.76,1999/a/54/pv_76#9,0.5,False,1,"[""What continuing work would the General Assembly request of the Special Committee on the Charter of the United Nations and on the Strengthening of the Role of the Organization regarding assistance to States affected by sanctions and the peaceful settlement of disputes?""]",1,0,39.0,39.0,1,True,1,0,38.0,38.0,0,False,1,0,33.0,33.0,1,True,1,0,39.0,39.0,1,True,1,0,39.0,39.0,1,True
un,1999/a/54/pv_76,comparison,0.54,lookup,0.53,True,ad24b76b3b6c1b3119dca8cb432aea74044fe98fc936635472dfd1855f6312f4,A/54/PV.76,1999/a/54/pv_76#9,0.5,False,1,"[""In the General Assembly's consideration of the Sixth Committee report, how did it treat the Secretary-General's efforts concerning the backlog in the publication of the Repertory of Practice of United Nations Organs compared with the backlog in the publication of the Repertoire of the Practice of the Security Council?""]",1,0,36.0,36.0,1,True,1,0,40.0,40.0,1,True,1,0,35.0,35.0,1,True,1,0,40.0,40.0,1,True,1,0,40.0,40.0,1,True
un,1999/a/54/pv_76,claim_verification,0.54,lookup,0.9,True,ad24b76b3b6c1b3119dca8cb432aea74044fe98fc936635472dfd1855f6312f4,A/54/PV.76,1999/a/54/pv_76#9,0.5,False,2,"[""In the draft resolution on the Special Committee on the Charter of the United Nations, was the Committee asked to continue considering assistance to third States affected by Chapter VII sanctions as a priority?"", ""Did the draft resolution provide for transmitting the Secretary-General's report to the Economic and Social Council at its substantive session in 2000?""]",2,0,38.0,33.5,0,False,2,0,40.0,40.0,1,True,2,0,35.0,34.0,0,False,2,0,40.0,35.5,0,False,2,0,40.0,40.0,2,True
un,1999/a/54/pv_76,source_finding,0.54,lookup,0.77,True,ad24b76b3b6c1b3119dca8cb432aea74044fe98fc936635472dfd1855f6312f4,A/54/PV.76,1999/a/54/pv_76#9,0.5,False,1,"[""Which General Assembly meeting record contains draft-resolution language requesting the Special Committee on the Charter to consider, as a priority, assistance to third States affected by sanctions imposed under Chapter VII?""]",1,0,39.0,39.0,1,True,1,0,40.0,40.0,1,True,1,0,40.0,40.0,1,True,1,0,40.0,40.0,1,True,1,0,39.0,39.0,1,True
un,2000/a/c_3/55/sr_30,lookup,0.7,conceptual,0.84,True,46f58c99b1981559dfcf6e2467aad4191d0acd04663216c71e29c72157dc0184,A/C.3/55/SR.30,2000/a/c_3/55/sr_30#11,0.5,False,2,"[""According to the fifty-fifth-session summary record of the General Assembly's Third Committee on the World Conference against Racism, what action should the World Conference take regarding vulnerable groups?"", ""According to the fifty-fifth-session summary record of the General Assembly's Third Committee on the World Conference against Racism, what recommendations should the World Conference make concerning discrimination against women?""]",2,0,36.0,31.5,1,True,2,0,40.0,40.0,2,True,2,0,40.0,37.5,1,True,2,0,38.0,36.5,2,True,2,0,40.0,40.0,2,True
un,2000/a/c_3/55/sr_30,practitioner,0.7,conceptual,0.86,True,46f58c99b1981559dfcf6e2467aad4191d0acd04663216c71e29c72157dc0184,A/C.3/55/SR.30,2000/a/c_3/55/sr_30#11,0.5,False,2,"[""For the World Conference against Racism, what must the World Conference do concerning vulnerable groups and access to justice?"", ""What specific recommendations should the World Conference make about the double discrimination still suffered by women, and which other groups should receive special attention?""]",2,0,28.0,25.5,0,False,2,0,36.0,36.0,0,False,2,0,35.0,34.5,0,False,2,0,28.0,24.5,0,False,2,0,33.0,33.0,0,False
un,2000/a/c_3/55/sr_30,conceptual,0.7,conceptual,0.91,True,46f58c99b1981559dfcf6e2467aad4191d0acd04663216c71e29c72157dc0184,A/C.3/55/SR.30,2000/a/c_3/55/sr_30#11,0.5,True,1,"[""How does the World Conference against Racism propose addressing vulnerable groups and migrants?""]",1,0,31.0,31.0,0,False,1,0,38.0,38.0,0,False,1,0,31.0,31.0,0,False,1,0,27.0,27.0,0,False,1,0,39.0,39.0,0,False
un,2000/a/c_3/55/sr_30,comparison,0.7,conceptual,0.57,True,46f58c99b1981559dfcf6e2467aad4191d0acd04663216c71e29c72157dc0184,A/C.3/55/SR.30,2000/a/c_3/55/sr_30#11,0.5,False,1,"[""How did Haiti's first Constitution compare with Haiti's 1987 Constitution in addressing racial discrimination?""]",1,0,40.0,40.0,1,True,1,0,40.0,40.0,1,True,1,0,37.0,37.0,1,True,1,0,40.0,40.0,1,True,1,0,40.0,40.0,1,True
un,2000/a/c_3/55/sr_30,claim_verification,0.7,conceptual,0.92,True,46f58c99b1981559dfcf6e2467aad4191d0acd04663216c71e29c72157dc0184,A/C.3/55/SR.30,2000/a/c_3/55/sr_30#11,0.5,False,2,"[""Did Haiti's 1987 Constitution explicitly refer to racial discrimination?"", ""Was the World Conference urged to make specific recommendations about the double discrimination suffered by women?""]",2,0,39.0,33.5,1,True,2,0,39.0,39.0,1,True,2,0,39.0,38.0,1,True,2,0,40.0,37.0,1,True,2,0,40.0,39.5,2,True
un,2000/a/c_3/55/sr_30,source_finding,0.7,conceptual,0.81,True,46f58c99b1981559dfcf6e2467aad4191d0acd04663216c71e29c72157dc0184,A/C.3/55/SR.30,2000/a/c_3/55/sr_30#11,0.5,False,1,"[""Which United Nations Third Committee meeting record contains Haiti’s statement that its tradition of racial tolerance dated from 1804 and was reflected in its Constitutions?""]",1,0,38.0,38.0,1,True,1,0,39.0,39.0,0,False,1,0,37.0,37.0,1,True,1,0,40.0,40.0,1,True,1,0,40.0,40.0,1,True
un,2001/a/res/55/203,lookup,0.69,conceptual,0.73,True,eb5001779ad0f91be2693c5519d25afdf7bc9fa7d20d823daa40855fc844c98c,A/RES/55/203,2001/a/res/55/203#3,0.5,False,2,"[""What resolution did the General Assembly take note of concerning the safety of transport of radioactive materials in its resolution on the Caribbean Sea area?"", ""What efforts did the General Assembly note by Caribbean countries in its resolution on promoting an integrated management approach to the Caribbean Sea area?""]",2,0,35.0,30.5,1,True,2,0,40.0,37.0,1,True,2,0,37.0,35.0,1,True,2,0,39.0,33.5,1,True,2,0,40.0,40.0,2,True
un,2001/a/res/55/203,practitioner,0.69,conceptual,0.77,True,eb5001779ad0f91be2693c5519d25afdf7bc9fa7d20d823daa40855fc844c98c,A/RES/55/203,2001/a/res/55/203#3,0.5,False,2,"[""A Caribbean coastal-management team is mapping the pressures affecting coastal areas and the marine environment. What does the General Assembly identify as competing for their use?"", ""A Caribbean regional coordination team is assessing the management of the Caribbean Sea area in the context of sustainable development. What does the General Assembly note about the Caribbean countries’ efforts?""]",2,0,36.0,31.5,1,True,2,0,40.0,40.0,2,True,2,0,33.0,32.0,2,True,2,0,40.0,39.5,2,True,2,0,40.0,39.5,2,True
un,2001/a/res/55/203,conceptual,0.69,conceptual,0.84,True,eb5001779ad0f91be2693c5519d25afdf7bc9fa7d20d823daa40855fc844c98c,A/RES/55/203,2001/a/res/55/203#3,0.5,True,1,"[""What approach were Caribbean countries using to address sectoral issues in managing the Caribbean Sea area?""]",1,0,37.0,37.0,0,False,1,0,38.0,38.0,0,False,1,0,35.0,35.0,0,False,1,0,34.0,34.0,0,False,1,0,40.0,40.0,1,True
un,2001/a/res/55/203,comparison,0.69,conceptual,0.38,False,eb5001779ad0f91be2693c5519d25afdf7bc9fa7d20d823daa40855fc844c98c,A/RES/55/203,2001/a/res/55/203#3,0.5,False,1,"[""In the General Assembly's resolution on an integrated management approach to the Caribbean Sea area, how are sectoral issues and the integrated management approach related?""]",1,0,28.0,28.0,0,False,1,0,40.0,40.0,1,True,1,0,34.0,34.0,0,False,1,0,34.0,34.0,0,False,1,0,40.0,40.0,1,True
un,2001/a/res/55/203,claim_verification,0.69,conceptual,0.84,True,eb5001779ad0f91be2693c5519d25afdf7bc9fa7d20d823daa40855fc844c98c,A/RES/55/203,2001/a/res/55/203#3,0.5,False,1,"[""In its resolution on integrated management of the Caribbean Sea area, did the General Assembly note the efforts of Caribbean countries within the Association of Caribbean States to develop further support for treating the Caribbean Sea as an area of special importance?""]",1,0,37.0,37.0,1,True,1,0,39.0,39.0,1,True,1,0,37.0,37.0,1,True,1,0,40.0,40.0,1,True,1,0,40.0,40.0,1,True
un,2001/a/res/55/203,source_finding,0.69,conceptual,0.75,True,eb5001779ad0f91be2693c5519d25afdf7bc9fa7d20d823daa40855fc844c98c,A/RES/55/203,2001/a/res/55/203#3,0.5,False,1,"[""Which General Assembly resolution on the integrated management of the Caribbean Sea area records taking note of IAEA resolution GC(44)/RES/17 on the safety of transporting radioactive materials?""]",1,0,37.0,37.0,0,False,1,0,40.0,40.0,1,True,1,0,39.0,39.0,1,True,1,0,40.0,40.0,1,True,1,0,40.0,40.0,1,True
un,2002/a/res/56/150,lookup,0.78,conceptual,0.8,True,d63817c6d02200d23c9eef9b0b2e771b917f94bd4f42911a1202d97cf6ac734f,A/RES/56/150,2002/a/res/56/150#3,0.5,False,1,"[""According to the General Assembly's resolution on the right to development, what does the realization of the right to development require at the national and international levels?""]",1,0,36.0,36.0,1,True,1,0,40.0,40.0,1,True,1,0,40.0,40.0,1,True,1,0,39.0,39.0,1,True,1,0,40.0,40.0,1,True
un,2002/a/res/56/150,practitioner,0.78,conceptual,0.76,True,d63817c6d02200d23c9eef9b0b2e771b917f94bd4f42911a1202d97cf6ac734f,A/RES/56/150,2002/a/res/56/150#3,0.5,False,2,"[""A UN development-policy team is assessing the right to development. What conditions does the General Assembly identify as necessary for its realization?"", ""A UN human rights office is planning work on the right to development. What role does the General Assembly underline for the United Nations High Commissioner for Human Rights?""]",2,0,37.0,36.5,2,True,2,0,40.0,40.0,2,True,2,0,35.0,35.0,2,True,2,0,38.0,38.0,2,True,2,0,40.0,40.0,2,True
un,2002/a/res/56/150,conceptual,0.78,conceptual,0.86,True,d63817c6d02200d23c9eef9b0b2e771b917f94bd4f42911a1202d97cf6ac734f,A/RES/56/150,2002/a/res/56/150#3,0.5,True,3,"[""How did the General Assembly link good governance objectives to the international economic order?"", ""What did the General Assembly identify as necessary for realizing the right to development?"", ""What institutional roles did the General Assembly highlight for promoting and realizing the right to development?""]",3,0,40.0,37.666666666666664,1,True,3,0,40.0,40.0,2,True,3,0,40.0,38.0,2,True,3,0,39.0,36.333333333333336,1,True,3,0,40.0,39.0,3,True
un,2002/a/res/56/150,comparison,0.78,conceptual,0.43,False,d63817c6d02200d23c9eef9b0b2e771b917f94bd4f42911a1202d97cf6ac734f,A/RES/56/150,2002/a/res/56/150#3,0.5,False,1,"[""In General Assembly resolution 56/150 on the right to development, how are national-level development policies compared with international economic relations and the economic environment in relation to realizing the right to development?""]",1,0,36.0,36.0,1,True,1,0,40.0,40.0,1,True,1,0,38.0,38.0,1,True,1,0,40.0,40.0,1,True,1,0,40.0,40.0,1,True
un,2002/a/res/56/150,claim_verification,0.78,conceptual,0.86,True,d63817c6d02200d23c9eef9b0b2e771b917f94bd4f42911a1202d97cf6ac734f,A/RES/56/150,2002/a/res/56/150#3,0.5,False,1,"[""In its consideration of the right to development, did the General Assembly underline that meeting the objectives of good governance depends on good governance at the international level and on transparency in financial, monetary and trading systems?""]",1,0,31.0,31.0,1,True,1,0,39.0,39.0,1,True,1,0,38.0,38.0,1,True,1,0,39.0,39.0,1,True,1,0,40.0,40.0,1,True
un,2002/a/res/56/150,source_finding,0.78,conceptual,0.78,True,d63817c6d02200d23c9eef9b0b2e771b917f94bd4f42911a1202d97cf6ac734f,A/RES/56/150,2002/a/res/56/150#3,0.5,False,1,"[""Which General Assembly resolution underlines that good governance depends on transparency in financial, monetary and trading systems and an open, equitable, rules-based, predictable and non-discriminatory multilateral system?""]",1,0,37.0,37.0,1,True,1,0,40.0,40.0,1,True,1,0,38.0,38.0,1,True,1,0,40.0,40.0,1,True,1,0,40.0,40.0,1,True
un,2002/a/res/56/29,lookup,0.72,conceptual,0.8,True,b5dc3a574e683def06e49389aaef4f2dd48a8ebad16964f8d396e6c78482e114,A/RES/56/29,2002/a/res/56/29#1,0.5,False,2,"[""In the General Assembly's resolution on strengthening security and cooperation in the Mediterranean, what did it say about the peace negotiations in the Middle East?"", ""What concern did the General Assembly express in its resolution on strengthening security and cooperation in the Mediterranean regarding conditions that hinder efforts to strengthen security and cooperation in the region?""]",2,0,39.0,39.0,2,True,2,0,40.0,40.0,2,True,2,0,40.0,38.5,2,True,2,0,39.0,39.0,2,True,2,0,40.0,40.0,2,True
un,2002/a/res/56/29,practitioner,0.72,conceptual,0.79,True,b5dc3a574e683def06e49389aaef4f2dd48a8ebad16964f8d396e6c78482e114,A/RES/56/29,2002/a/res/56/29#1,0.5,False,2,"[""A UN mediator is assessing the peace negotiations in the Middle East. How does the General Assembly characterize those negotiations?"", ""A UN body is assessing persistent tension and continuing military activities in parts of the Mediterranean. What concern does the General Assembly express?""]",2,0,36.0,33.5,1,True,2,0,40.0,40.0,2,True,2,0,39.0,38.5,2,True,2,0,39.0,37.0,2,True,2,0,39.0,39.0,2,True
un,2002/a/res/56/29,conceptual,0.72,conceptual,0.88,True,b5dc3a574e683def06e49389aaef4f2dd48a8ebad16964f8d396e6c78482e114,A/RES/56/29,2002/a/res/56/29#1,0.5,True,2,"[""How did the General Assembly characterize peace negotiations in the Middle East in its resolution on strengthening security and cooperation in the Mediterranean region?"", ""What did the General Assembly identify as hindering efforts to strengthen security and cooperation in the Mediterranean region?""]",2,0,38.0,37.5,1,True,2,0,40.0,40.0,2,True,2,0,40.0,39.5,2,True,2,0,38.0,37.5,1,True,2,0,39.0,38.5,2,True
un,2002/a/res/56/29,comparison,0.72,conceptual,0.41,False,b5dc3a574e683def06e49389aaef4f2dd48a8ebad16964f8d396e6c78482e114,A/RES/56/29,2002/a/res/56/29#1,0.5,False,1,"[""In resolution 56/29 on strengthening security and cooperation in the Mediterranean region, how does the General Assembly compare all States' responsibility to contribute to regional stability and prosperity with their commitment to respect the Charter and the principles of friendly relations among States?""]",1,0,31.0,31.0,0,False,1,0,40.0,40.0,0,False,1,0,33.0,33.0,0,False,1,0,31.0,31.0,0,False,1,0,36.0,36.0,0,False
un,2002/a/res/56/29,claim_verification,0.72,conceptual,0.86,True,b5dc3a574e683def06e49389aaef4f2dd48a8ebad16964f8d396e6c78482e114,A/RES/56/29,2002/a/res/56/29#1,0.5,False,2,"[""In its resolution on strengthening security and cooperation in the Mediterranean region, did the General Assembly note that the Middle East peace negotiations should be comprehensive and provide an appropriate framework for the peaceful settlement of contentious issues in the region?"", ""Did the General Assembly express concern that persistent tension and continuing military activities in parts of the Mediterranean were hindering efforts to strengthen security and cooperation in the region?""]",2,0,34.0,34.0,1,True,2,0,40.0,40.0,2,True,2,0,38.0,38.0,1,True,2,0,39.0,38.5,2,True,2,0,40.0,40.0,2,True
un,2002/a/res/56/29,source_finding,0.72,conceptual,0.83,True,b5dc3a574e683def06e49389aaef4f2dd48a8ebad16964f8d396e6c78482e114,A/RES/56/29,2002/a/res/56/29#1,0.5,False,1,"[""Which General Assembly resolution records that prospects for closer Euro-Mediterranean cooperation can be enhanced by positive developments worldwide, particularly in Europe, the Maghreb and the Middle East?""]",1,0,34.0,34.0,1,True,1,0,40.0,40.0,1,True,1,0,40.0,40.0,1,True,1,0,40.0,40.0,1,True,1,0,39.0,39.0,1,True
un,2006/a/c_4/61/sr_10,lookup,0.7,conceptual,0.77,True,1f9ff84c93965685996c85fed5713cc5e1f715663e31a0b098398c8e00814315,A/C.4/61/SR.10,2006/a/c_4/61/sr_10#17,0.5,False,2,"[""At the 16 October 2006 discussion of questions relating to information, what did the Rio Group representative urge the Department of Public Information to do to reach a worldwide audience, according to the Special Political and Decolonization Committee's summary record?"", ""At the 16 October 2006 discussion of questions relating to information, what did the Rio Group representative say about cooperation between the Department of Peacekeeping Operations and the Department of Public Information, according to the Special Political and Decolonization Committee's summary record?""]",2,0,40.0,40.0,2,True,2,0,40.0,40.0,2,True,2,0,38.0,38.0,2,True,2,0,40.0,40.0,2,True,2,0,40.0,40.0,2,True
un,2006/a/c_4/61/sr_10,practitioner,0.7,conceptual,0.81,True,1f9ff84c93965685996c85fed5713cc5e1f715663e31a0b098398c8e00814315,A/C.4/61/SR.10,2006/a/c_4/61/sr_10#17,0.5,False,2,"[""How should DPI reach audiences in the developing world where radio and print media remain key sources of information?"", ""What action should DPI take to improve its support for vital peacekeeping operations through cooperation with the Department of Peacekeeping Operations?""]",2,0,35.0,32.5,2,True,2,0,40.0,39.5,2,True,2,0,35.0,33.0,1,True,2,0,37.0,30.0,1,True,2,0,40.0,39.0,2,True
un,2006/a/c_4/61/sr_10,conceptual,0.7,conceptual,0.89,True,1f9ff84c93965685996c85fed5713cc5e1f715663e31a0b098398c8e00814315,A/C.4/61/SR.10,2006/a/c_4/61/sr_10#17,0.5,True,2,"[""Why did the Rio Group urge the Department of Public Information to expand its links with national broadcasters and journalists?"", ""Why did the Rio Group call for closer cooperation between the Department of Peacekeeping Operations and the Department of Public Information?""]",2,0,40.0,40.0,2,True,2,0,40.0,40.0,2,True,2,0,40.0,39.5,2,True,2,0,40.0,40.0,2,True,2,0,39.0,38.5,2,True
un,2006/a/c_4/61/sr_10,comparison,0.7,conceptual,0.57,True,1f9ff84c93965685996c85fed5713cc5e1f715663e31a0b098398c8e00814315,A/C.4/61/SR.10,2006/a/c_4/61/sr_10#17,0.5,False,1,"[""In the Department of Public Information's global outreach work in 2006, how did access to communication technologies differ between the developed world and the developing world?""]",1,0,33.0,33.0,1,True,1,0,39.0,39.0,1,True,1,0,34.0,34.0,1,True,1,0,39.0,39.0,1,True,1,0,40.0,40.0,1,True
un,2006/a/c_4/61/sr_10,claim_verification,0.7,conceptual,0.89,True,1f9ff84c93965685996c85fed5713cc5e1f715663e31a0b098398c8e00814315,A/C.4/61/SR.10,2006/a/c_4/61/sr_10#17,0.5,False,1,"[""In the discussion of the Department of Public Information's public-information work, did the statement recommend expanding DPI's links with national broadcasters and journalists to reach a worldwide audience?""]",1,0,35.0,35.0,1,True,1,0,38.0,38.0,1,True,1,0,36.0,36.0,1,True,1,0,38.0,38.0,1,True,1,0,39.0,39.0,1,True
un,2006/a/c_4/61/sr_10,source_finding,0.7,conceptual,0.76,True,1f9ff84c93965685996c85fed5713cc5e1f715663e31a0b098398c8e00814315,A/C.4/61/SR.10,2006/a/c_4/61/sr_10#17,0.5,False,1,"[""Which Fourth Committee meeting record contains the Rio Group's recommendation that the Department of Public Information expand its links with national broadcasters and journalists to reach a worldwide audience, given the continuing importance of radio and print media in the developing world?""]",1,0,40.0,40.0,1,True,1,0,40.0,40.0,1,True,1,0,35.0,35.0,0,False,1,0,40.0,40.0,1,True,1,0,40.0,40.0,1,True
un,2006/a/res/61/163,lookup,0.56,conceptual,0.86,True,64c4219afb56b2c8122d69a289193842c0e563f3d4cac2786c2ff151bbb52df9,A/RES/61/163,2006/a/res/61/163#4,0.5,False,3,"[""What measures did the General Assembly encourage States to take in its 19 December 2006 resolution on the right to food to address gender inequality and discrimination against women?"", ""What did the General Assembly encourage States to create and adopt in its 19 December 2006 resolution on the right to food as part of achieving the full realization of the right to food?"", ""Which bodies did the General Assembly encourage to integrate a gender perspective into their relevant policies, programmes and activities in its 19 December 2006 resolution on the right to food?""]",3,0,40.0,39.0,3,True,3,0,40.0,40.0,3,True,3,0,40.0,39.666666666666664,3,True,3,0,40.0,39.666666666666664,3,True,3,0,40.0,40.0,3,True
un,2006/a/res/61/163,practitioner,0.56,conceptual,0.86,True,64c4219afb56b2c8122d69a289193842c0e563f3d4cac2786c2ff151bbb52df9,A/RES/61/163,2006/a/res/61/163#4,0.5,False,3,"[""For work on the right to food, what gender-mainstreaming actions does the General Assembly encourage the Special Rapporteur and relevant United Nations bodies to undertake?"", ""In pursuing the progressive realization of the right to food, what steps and planning measures are States encouraged to adopt?"", ""When implementing measures to address gender inequality and discrimination against women under the General Assembly's right-to-food resolution, what action are States encouraged to take?""]",3,0,33.0,32.0,0,False,3,0,37.0,37.0,0,False,3,0,36.0,35.666666666666664,2,True,3,0,31.0,29.666666666666668,0,False,3,0,34.0,34.0,0,False
un,2006/a/res/61/163,conceptual,0.56,conceptual,0.9,True,64c4219afb56b2c8122d69a289193842c0e563f3d4cac2786c2ff151bbb52df9,A/RES/61/163,2006/a/res/61/163#4,0.5,True,3,"[""How does the General Assembly’s 19 December 2006 resolution on the right to food address gender inequality and discrimination against women?"", ""What steps does the 19 December 2006 resolution on the right to food encourage States to take toward the progressive realization of that right?"", ""What gender-mainstreaming role does the 19 December 2006 resolution on the right to food encourage the Special Rapporteur and United Nations bodies to undertake?""]",3,0,40.0,39.666666666666664,1,True,3,0,38.0,38.0,0,False,3,0,40.0,39.666666666666664,1,True,3,0,40.0,39.666666666666664,1,True,3,0,40.0,40.0,3,True
un,2006/a/res/61/163,comparison,0.56,conceptual,0.49,False,64c4219afb56b2c8122d69a289193842c0e563f3d4cac2786c2ff151bbb52df9,A/RES/61/163,2006/a/res/61/163#4,0.5,False,1,"[""In the General Assembly's 19 December 2006 resolution on the right to food, how did the treatment of all States compare with that of the Special Rapporteur and United Nations bodies regarding gender-responsive action?""]",1,0,37.0,37.0,1,True,1,0,40.0,40.0,1,True,1,0,40.0,40.0,1,True,1,0,40.0,40.0,1,True,1,0,40.0,40.0,1,True
un,2006/a/res/61/163,claim_verification,0.56,conceptual,0.9,True,64c4219afb56b2c8122d69a289193842c0e563f3d4cac2786c2ff151bbb52df9,A/RES/61/163,2006/a/res/61/163#4,0.5,False,1,"[""In its 19 December 2006 resolution on the right to food, did the General Assembly encourage States to create and adopt national plans to combat hunger?""]",1,0,39.0,39.0,0,False,1,0,40.0,40.0,0,False,1,0,39.0,39.0,0,False,1,0,39.0,39.0,0,False,1,0,40.0,40.0,1,True
un,2006/a/res/61/163,source_finding,0.56,conceptual,0.87,True,64c4219afb56b2c8122d69a289193842c0e563f3d4cac2786c2ff151bbb52df9,A/RES/61/163,2006/a/res/61/163#4,0.5,False,1,"[""Which General Assembly resolution encourages the Food and Agriculture Organization and other United Nations bodies addressing the right to food and food insecurity to integrate a gender perspective into their relevant policies, programmes and activities?""]",1,0,35.0,35.0,1,True,1,0,40.0,40.0,1,True,1,0,40.0,40.0,1,True,1,0,39.0,39.0,1,True,1,0,40.0,40.0,1,True
un,2006/cd/pv_1007,lookup,0.92,conceptual,0.83,True,9c87a211a90e8e7bc969039ab0ee94ba7cba8201e87b8e49cc9741ffab9cadc0,CD/PV.1007,2006/cd/pv_1007#19,0.5,False,3,"[""What concrete contribution did the Italian delegation say the renewal of the Moscow Treaty offered Russia and the United States in its 2006 Conference on Disarmament statement on nuclear disarmament?"", ""Which principles did the Italian delegation describe as essential constructs of good-faith negotiations in its 2006 Conference on Disarmament statement on nuclear disarmament?"", ""What did the Italian delegation say the creation of nuclear-weapon-free zones demonstrated in its 2006 Conference on Disarmament statement on nuclear disarmament?""]",3,0,31.0,30.666666666666668,0,False,3,0,40.0,40.0,3,True,3,0,26.0,26.0,0,False,3,0,25.0,23.666666666666668,0,False,3,0,32.0,32.0,0,False
un,2006/cd/pv_1007,practitioner,0.92,conceptual,0.82,True,9c87a211a90e8e7bc969039ab0ee94ba7cba8201e87b8e49cc9741ffab9cadc0,CD/PV.1007,2006/cd/pv_1007#19,0.5,False,2,"[""In the Conference on Disarmament's nuclear-disarmament debate, a delegation is preparing its position on the upcoming renewal of the Moscow Treaty. What concrete contribution does the statement identify for Russia and the United States?"", ""For a regional nuclear-disarmament briefing based on the Conference on Disarmament debate, how does the statement illustrate the potential contribution of nuclear-weapon-free zones?""]",2,0,38.0,36.0,1,True,2,0,40.0,40.0,1,True,2,0,39.0,36.0,1,True,2,0,40.0,40.0,2,True,2,0,40.0,39.5,2,True
un,2006/cd/pv_1007,conceptual,0.92,conceptual,0.9,True,9c87a211a90e8e7bc969039ab0ee94ba7cba8201e87b8e49cc9741ffab9cadc0,CD/PV.1007,2006/cd/pv_1007#19,0.5,True,2,"[""How does the statement explain the contribution of nuclear-weapon-free zones to nuclear disarmament?"", ""Why does the statement treat transparency and irreversibility as important to nuclear disarmament, and what opportunity does it identify in renewing the Moscow Treaty?""]",2,0,37.0,35.5,1,True,2,0,40.0,40.0,1,True,2,0,37.0,36.5,1,True,2,0,36.0,34.5,2,True,2,0,39.0,39.0,2,True
un,2006/cd/pv_1007,comparison,0.92,conceptual,0.65,True,9c87a211a90e8e7bc969039ab0ee94ba7cba8201e87b8e49cc9741ffab9cadc0,CD/PV.1007,2006/cd/pv_1007#19,0.5,False,1,"[""During the Conference on Disarmament's nuclear-disarmament debate, what common opportunity does the renewal of the Moscow Treaty give Russia and the United States?""]",1,0,31.0,31.0,0,False,1,0,40.0,40.0,1,True,1,0,39.0,39.0,1,True,1,0,40.0,40.0,1,True,1,0,40.0,40.0,1,True
un,2006/cd/pv_1007,claim_verification,0.92,conceptual,0.91,True,9c87a211a90e8e7bc969039ab0ee94ba7cba8201e87b8e49cc9741ffab9cadc0,CD/PV.1007,2006/cd/pv_1007#19,0.5,False,2,"[""In the Conference on Disarmament's nuclear-disarmament debate, did the speaker present the renewal of the Moscow Treaty as an opportunity for Russia and the United States to contribute by destroying rather than stockpiling the covered weapons?"", ""In the Conference on Disarmament's nuclear-disarmament debate, did the speaker identify the Treaty of Tlatelolco as the most comprehensive illustration of nuclear-weapon-free zones' contribution to nuclear disarmament?""]",2,0,35.0,35.0,2,True,2,0,40.0,39.5,2,True,2,0,36.0,36.0,2,True,2,0,40.0,40.0,2,True,2,0,40.0,40.0,2,True
un,2006/cd/pv_1007,source_finding,0.92,conceptual,0.76,True,9c87a211a90e8e7bc969039ab0ee94ba7cba8201e87b8e49cc9741ffab9cadc0,CD/PV.1007,2006/cd/pv_1007#19,0.5,False,1,"[""Which Conference on Disarmament record contains the proposal that, when the Moscow Treaty is renewed, Russia and the United States should destroy rather than stockpile the weapons covered by it?""]",1,0,39.0,39.0,0,False,1,0,40.0,40.0,0,False,1,0,38.0,38.0,0,False,1,0,40.0,40.0,0,False,1,0,40.0,40.0,1,True
un,2007/a/c_3/61/sr_41,lookup,0.73,conceptual,0.88,True,df358e47f820d9fb91a202a2419702792062811fd788ce5aed2a2fb050184c61,A/C.3/61/SR.41,2007/a/c_3/61/sr_41#4,0.5,False,3,"[""What did the European Union support to address mixed migratory flows, and what did it say should be integral to migration policy in its statement during the Third Committee's discussion of refugee protection?"", ""What qualification did the European Union attach to providing UNHCR with additional resources and capacity during the Third Committee's discussion of refugee protection?"", ""What did the European Union say about the cluster leadership approach and UNHCR's role in humanitarian coordination during the Third Committee's discussion of refugee protection?""]",3,0,38.0,37.333333333333336,3,True,3,0,38.0,38.0,0,False,3,0,40.0,39.666666666666664,3,True,3,0,40.0,40.0,3,True,3,0,40.0,40.0,3,True
un,2007/a/c_3/61/sr_41,practitioner,0.73,conceptual,0.89,True,df358e47f820d9fb91a202a2419702792062811fd788ce5aed2a2fb050184c61,A/C.3/61/SR.41,2007/a/c_3/61/sr_41#4,0.5,False,3,"[""As UNHCR expands its work protecting and assisting internally displaced persons, what did the European Union say was needed and what limit did it attach to that expansion?"", ""A UNHCR team is organizing a humanitarian-emergency response. What coordination arrangements did the European Union identify as important and crucial for success?"", ""When reviewing UNHCR programmes for groups that are often overlooked, what efforts did the European Union support and what Executive Committee conclusions did it welcome?""]",3,0,38.0,36.333333333333336,3,True,3,0,40.0,40.0,3,True,3,0,37.0,34.666666666666664,3,True,3,0,40.0,40.0,3,True,3,0,40.0,40.0,3,True
un,2007/a/c_3/61/sr_41,conceptual,0.73,conceptual,0.92,True,df358e47f820d9fb91a202a2419702792062811fd788ce5aed2a2fb050184c61,A/C.3/61/SR.41,2007/a/c_3/61/sr_41#4,0.5,True,1,"[""How did the European Union frame refugee protection within migration policy when addressing mixed migratory flows?""]",1,0,39.0,39.0,1,True,1,0,40.0,40.0,1,True,1,0,36.0,36.0,1,True,1,0,40.0,40.0,1,True,1,0,39.0,39.0,1,True
un,2007/a/c_3/61/sr_41,comparison,0.73,conceptual,0.59,True,df358e47f820d9fb91a202a2419702792062811fd788ce5aed2a2fb050184c61,A/C.3/61/SR.41,2007/a/c_3/61/sr_41#4,0.5,False,1,"[""In the European Union's statement on UNHCR's humanitarian role, how did it distinguish UNHCR's responsibilities toward internally displaced persons from its core mandate concerning refugees?""]",1,0,34.0,34.0,1,True,1,0,40.0,40.0,1,True,1,0,35.0,35.0,1,True,1,0,39.0,39.0,1,True,1,0,40.0,40.0,1,True
un,2007/a/c_3/61/sr_41,claim_verification,0.73,conceptual,0.93,True,df358e47f820d9fb91a202a2419702792062811fd788ce5aed2a2fb050184c61,A/C.3/61/SR.41,2007/a/c_3/61/sr_41#4,0.5,False,2,"[""In its discussion of mixed migratory flows and refugee protection, did the European Union support UNHCR's ten-point action plan?"", ""In its discussion of UNHCR's expanded role in humanitarian emergencies, did the European Union say that additional resources were needed without undermining UNHCR's core mandate?""]",2,0,39.0,38.0,2,True,2,0,39.0,39.0,1,True,2,0,40.0,39.5,2,True,2,0,40.0,40.0,2,True,2,0,40.0,39.0,2,True
un,2007/a/c_3/61/sr_41,source_finding,0.73,conceptual,0.83,True,df358e47f820d9fb91a202a2419702792062811fd788ce5aed2a2fb050184c61,A/C.3/61/SR.41,2007/a/c_3/61/sr_41#4,0.5,False,1,"[""Which Third Committee meeting record contains the European Union’s position that UNHCR should receive additional resources and capacity to protect and assist internally displaced persons without undermining its core mandate?""]",1,0,38.0,38.0,1,True,1,0,40.0,40.0,1,True,1,0,37.0,37.0,1,True,1,0,40.0,40.0,1,True,1,0,39.0,39.0,1,True
un,2007/pbc/1/bdi/sr_4,lookup,0.73,conceptual,0.84,True,9302c5a00d5bc91755ef800581c42334664f83287c56941da667be98d1f2873a,PBC/1/BDI/SR.4,2007/pbc/1/bdi/sr_4#3,0.5,False,3,"[""According to the summary record of the Peacebuilding Commission's 4th meeting on Burundi in December 2006, what meeting were Uganda and South Africa trying to secure to address PALIPEHUTU-FNL's concerns about immunity for its members?"", ""According to the summary record of the Peacebuilding Commission's 4th meeting on Burundi in December 2006, what institutional changes would Burundi's joining the East African Community require?"", ""According to the summary record of the Peacebuilding Commission's 4th meeting on Burundi in December 2006, what did Mr. Kamana say the Government had submitted after meeting with international and civil society partners?""]",3,0,40.0,39.666666666666664,3,True,3,0,40.0,40.0,3,True,3,0,40.0,40.0,3,True,3,0,40.0,40.0,3,True,3,0,40.0,40.0,3,True
un,2007/pbc/1/bdi/sr_4,practitioner,0.73,conceptual,0.89,True,9302c5a00d5bc91755ef800581c42334664f83287c56941da667be98d1f2873a,PBC/1/BDI/SR.4,2007/pbc/1/bdi/sr_4#3,0.5,False,3,"[""Uganda and South Africa are seeking a meeting with Burundi on the sidelines of the upcoming Great Lakes Conference. What issue concerning PALIPEHUTU-FNL are they trying to address, and what could assurances on that issue encourage?"", ""As Burundi implements its recent accession to the East African Community, what institutional changes would be required?"", ""As the Commission reviews whether Burundi should have submitted a plan of action, what did the Government submit after meeting with international and civil society partners?""]",3,0,36.0,34.666666666666664,1,True,3,0,40.0,39.333333333333336,1,True,3,0,39.0,37.0,2,True,3,0,40.0,39.666666666666664,2,True,3,0,40.0,39.666666666666664,2,True
un,2007/pbc/1/bdi/sr_4,conceptual,0.73,conceptual,0.92,True,9302c5a00d5bc91755ef800581c42334664f83287c56941da667be98d1f2873a,PBC/1/BDI/SR.4,2007/pbc/1/bdi/sr_4#3,0.5,True,3,"[""Why was Burundi's recent accession to the East African Community considered an institutional and peacebuilding landmark?"", ""How did Burundi respond to the concern about whether it should have submitted a plan of action to the Peacebuilding Commission?"", ""How did Uganda and South Africa seek to address PALIPEHUTU-FNL's concerns about immunity during the Burundi peacebuilding process?""]",3,0,40.0,39.666666666666664,1,True,3,0,40.0,39.666666666666664,3,True,3,0,38.0,37.0,1,True,3,0,40.0,39.666666666666664,2,True,3,0,40.0,40.0,2,True
un,2007/pbc/1/bdi/sr_4,comparison,0.73,conceptual,0.56,True,9302c5a00d5bc91755ef800581c42334664f83287c56941da667be98d1f2873a,PBC/1/BDI/SR.4,2007/pbc/1/bdi/sr_4#3,0.5,False,1,"[""During the Peacebuilding Commission's discussion of peacebuilding in Burundi, what roles did Uganda and South Africa play in addressing the concerns of PALIPEHUTU-FNL?""]",1,0,31.0,31.0,0,False,1,0,39.0,39.0,1,True,1,0,35.0,35.0,1,True,1,0,40.0,40.0,1,True,1,0,40.0,40.0,1,True
un,2007/pbc/1/bdi/sr_4,claim_verification,0.73,conceptual,0.93,True,9302c5a00d5bc91755ef800581c42334664f83287c56941da667be98d1f2873a,PBC/1/BDI/SR.4,2007/pbc/1/bdi/sr_4#3,0.5,False,1,"[""At the Peacebuilding Commission's fourth Burundi configuration meeting, did Uganda and South Africa try to secure a meeting with Burundi to address PALIPEHUTU-FNL's concerns about immunity?""]",1,0,39.0,39.0,1,True,1,0,40.0,40.0,1,True,1,0,37.0,37.0,1,True,1,0,40.0,40.0,1,True,1,0,40.0,40.0,1,True
un,2007/pbc/1/bdi/sr_4,source_finding,0.73,conceptual,0.79,True,9302c5a00d5bc91755ef800581c42334664f83287c56941da667be98d1f2873a,PBC/1/BDI/SR.4,2007/pbc/1/bdi/sr_4#3,0.5,False,1,"[""Which Peacebuilding Commission Burundi configuration meeting record reports that Uganda and South Africa were seeking a meeting to address PALIPEHUTU-FNL concerns about immunity for its members under the Comprehensive Ceasefire Agreement?""]",1,0,39.0,39.0,1,True,1,0,40.0,40.0,1,True,1,0,37.0,37.0,1,True,1,0,40.0,40.0,1,True,1,0,40.0,40.0,1,True
un,2008/a/res/63/114,lookup,0.32,conceptual,0.74,True,642229ae84e6fb86652f395eb08b0f3c91dccf562f94b08409bfed3b12853295,A/RES/63/114,2008/a/res/63/114#2,0.5,False,2,"[""In the General Assembly's 5 December 2008 resolution on cooperation between the United Nations and the Organization of the Islamic Conference, in which fields did the two organizations desire to continue cooperating closely?"", ""What did the Annual Coordination Meeting of Ministers for Foreign Affairs of the States members of the Organization of the Islamic Conference decide regarding the organization's fortieth anniversary in the General Assembly's 5 December 2008 resolution on cooperation between the United Nations and the Organization of the Islamic Conference?""]",2,0,39.0,38.5,1,True,2,0,40.0,39.5,1,True,2,0,40.0,39.0,1,True,2,0,40.0,39.5,1,True,2,0,40.0,40.0,2,True
un,2008/a/res/63/114,practitioner,0.32,conceptual,0.76,True,642229ae84e6fb86652f395eb08b0f3c91dccf562f94b08409bfed3b12853295,A/RES/63/114,2008/a/res/63/114#2,0.5,False,2,"[""A coordinator is drafting a joint United Nations–Organization of the Islamic Conference cooperation plan. What fields and global problems does the General Assembly identify as covered by the organizations' desire to continue cooperating and their common search for solutions?"", ""A coordinator is planning programmes for the 2009 fortieth anniversary of the Organization of the Islamic Conference. What did the 26 September 2008 Annual Coordination Meeting of Ministers for Foreign Affairs recognize as meriting implementation?""]",2,0,37.0,36.5,2,True,2,0,40.0,39.5,2,True,2,0,39.0,38.5,2,True,2,0,39.0,38.5,2,True,2,0,40.0,40.0,2,True
un,2008/a/res/63/114,conceptual,0.32,conceptual,0.85,True,642229ae84e6fb86652f395eb08b0f3c91dccf562f94b08409bfed3b12853295,A/RES/63/114,2008/a/res/63/114#2,0.5,True,1,"[""How did the General Assembly’s 5 December 2008 resolution connect continued cooperation between the United Nations and the Organization of the Islamic Conference with addressing global problems?""]",1,0,37.0,37.0,1,True,1,0,40.0,40.0,0,False,1,0,40.0,40.0,1,True,1,0,40.0,40.0,1,True,1,0,40.0,40.0,1,True
un,2008/a/res/63/114,comparison,0.32,conceptual,0.44,False,642229ae84e6fb86652f395eb08b0f3c91dccf562f94b08409bfed3b12853295,A/RES/63/114,2008/a/res/63/114#2,0.5,False,1,"[""In the General Assembly's 5 December 2008 resolution on cooperation between the United Nations and the Organization of the Islamic Conference, what shared cooperation was identified for the two organizations?""]",1,0,28.0,28.0,0,False,1,0,39.0,39.0,1,True,1,0,32.0,32.0,0,False,1,0,33.0,33.0,0,False,1,0,38.0,38.0,1,True
un,2008/a/res/63/114,claim_verification,0.32,conceptual,0.86,True,642229ae84e6fb86652f395eb08b0f3c91dccf562f94b08409bfed3b12853295,A/RES/63/114,2008/a/res/63/114#2,0.5,False,1,"[""In its 5 December 2008 resolution on cooperation between the United Nations and the Organization of the Islamic Conference, did the General Assembly identify international peace and security, disarmament and self-determination among the global problems for which the two organizations sought solutions?""]",1,0,36.0,36.0,1,True,1,0,39.0,39.0,1,True,1,0,38.0,38.0,1,True,1,0,40.0,40.0,1,True,1,0,40.0,40.0,1,True
un,2008/a/res/63/114,source_finding,0.32,conceptual,0.76,True,642229ae84e6fb86652f395eb08b0f3c91dccf562f94b08409bfed3b12853295,A/RES/63/114,2008/a/res/63/114#2,0.5,False,1,"[""Which General Assembly resolution records the decision to recognize the merit of celebrating the fortieth anniversary of the Organization of the Islamic Conference in 2009 through national and international programmes?""]",1,0,39.0,39.0,1,True,1,0,40.0,40.0,1,True,1,0,39.0,39.0,1,True,1,0,40.0,40.0,1,True,1,0,40.0,40.0,1,True
un,2008/pbc/3/gnb/sr_1,lookup,0.64,conceptual,0.85,True,595c40fe1b9f9ec2aa7241d327992a71196d43fa67b6cc2b4dddcd57ce892c87,PBC/3/GNB/SR.1,2008/pbc/3/gnb/sr_1#15,0.5,False,2,"[""What did Canada say was needed for the Peacebuilding Commission to assess progress towards the objectives set out in the Strategic Framework, in Canada's intervention on the tracking and monitoring mechanism in the Peacebuilding Commission's 1 October 2008 Guinea-Bissau session?"", ""What did Egypt say the Government of Guinea-Bissau should notify the Peacebuilding Commission of, in Egypt's intervention on the tracking and monitoring mechanism in the Peacebuilding Commission's 1 October 2008 Guinea-Bissau session?""]",2,0,37.0,36.5,2,True,2,0,40.0,40.0,0,False,2,0,39.0,39.0,2,True,2,0,40.0,39.5,2,True,2,0,40.0,40.0,2,True
un,2008/pbc/3/gnb/sr_1,practitioner,0.64,conceptual,0.89,True,595c40fe1b9f9ec2aa7241d327992a71196d43fa67b6cc2b4dddcd57ce892c87,PBC/3/GNB/SR.1,2008/pbc/3/gnb/sr_1#15,0.5,False,2,"[""While helping refine the tracking and monitoring mechanism for the Guinea-Bissau Strategic Framework, what did Canada consider necessary for the Peacebuilding Commission to assess progress?"", ""For the Guinea-Bissau country-specific configuration's monitoring of the Strategic Framework, what communications did Egypt say were necessary with regional organizations and the Government?""]",2,0,35.0,32.0,1,True,2,0,40.0,40.0,2,True,2,0,38.0,35.5,1,True,2,0,40.0,40.0,2,True,2,0,40.0,40.0,2,True
un,2008/pbc/3/gnb/sr_1,conceptual,0.64,conceptual,0.92,True,595c40fe1b9f9ec2aa7241d327992a71196d43fa67b6cc2b4dddcd57ce892c87,PBC/3/GNB/SR.1,2008/pbc/3/gnb/sr_1#15,0.5,True,1,"[""How did Canada want the tracking and monitoring mechanism for the Peacebuilding Commission's Guinea-Bissau Strategic Framework to balance specificity with flexibility?""]",1,0,36.0,36.0,1,True,1,0,40.0,40.0,1,True,1,0,37.0,37.0,1,True,1,0,40.0,40.0,1,True,1,0,40.0,40.0,1,True
un,2008/pbc/3/gnb/sr_1,comparison,0.64,conceptual,0.7,True,595c40fe1b9f9ec2aa7241d327992a71196d43fa67b6cc2b4dddcd57ce892c87,PBC/3/GNB/SR.1,2008/pbc/3/gnb/sr_1#15,0.5,False,1,"[""How did Canada and Egypt differ in their priorities for the tracking and monitoring mechanism for the Guinea-Bissau Strategic Framework?""]",1,0,38.0,38.0,1,True,1,0,39.0,39.0,1,True,1,0,37.0,37.0,1,True,1,0,40.0,40.0,1,True,1,0,40.0,40.0,1,True
un,2008/pbc/3/gnb/sr_1,claim_verification,0.64,conceptual,0.92,True,595c40fe1b9f9ec2aa7241d327992a71196d43fa67b6cc2b4dddcd57ce892c87,PBC/3/GNB/SR.1,2008/pbc/3/gnb/sr_1#15,0.5,False,2,"[""Did Canada consider realistic, concrete indicators necessary for the Peacebuilding Commission to assess progress towards the objectives set out in the Strategic Framework for Guinea-Bissau?"", ""Did Egypt say that the Government of Guinea-Bissau should notify the Peacebuilding Commission of difficulties arising during implementation of the Strategic Framework?""]",2,0,38.0,38.0,0,False,2,0,40.0,39.5,2,True,2,0,39.0,38.0,0,False,2,0,40.0,40.0,0,False,2,0,40.0,39.5,2,True
un,2008/pbc/3/gnb/sr_1,source_finding,0.64,conceptual,0.85,True,595c40fe1b9f9ec2aa7241d327992a71196d43fa67b6cc2b4dddcd57ce892c87,PBC/3/GNB/SR.1,2008/pbc/3/gnb/sr_1#15,0.5,False,1,"[""Which Peacebuilding Commission summary record contains Egypt’s call for the Guinea-Bissau configuration to keep regional and subregional African organizations informed about implementation of the Strategic Framework?""]",1,0,38.0,38.0,1,True,1,0,40.0,40.0,1,True,1,0,39.0,39.0,1,True,1,0,39.0,39.0,1,True,1,0,40.0,40.0,1,True
un,2008/s/res/1825_2008_,lookup,0.64,lookup,0.88,True,10ebcd8591dd905816d78c873ee64b5bdd00b10772070665531c0212cbeb07f1,S/RES/1825(2008),2008/s/res/1825_2008_#3,0.5,True,1,"[""Until what date did the Security Council renew the mandate of UNMIN in its 2008 resolution on Nepal?""]",1,0,40.0,40.0,1,True,1,0,40.0,40.0,1,True,1,0,38.0,38.0,0,False,1,0,40.0,40.0,1,True,1,0,40.0,40.0,1,True
un,2008/s/res/1825_2008_,practitioner,0.64,lookup,0.89,True,10ebcd8591dd905816d78c873ee64b5bdd00b10772070665531c0212cbeb07f1,S/RES/1825(2008),2008/s/res/1825_2008_#3,0.5,False,1,"[""For the United Nations Mission in Nepal (UNMIN) during Nepal's peace process, what did the Security Council decide about the mission's mandate?""]",1,0,34.0,34.0,0,False,1,0,36.0,36.0,0,False,1,0,37.0,37.0,0,False,1,0,31.0,31.0,0,False,1,0,39.0,39.0,1,True
un,2008/s/res/1825_2008_,conceptual,0.64,lookup,0.89,True,10ebcd8591dd905816d78c873ee64b5bdd00b10772070665531c0212cbeb07f1,S/RES/1825(2008),2008/s/res/1825_2008_#3,0.5,False,1,"[""Why did the Security Council renew UNMIN's mandate in Nepal until 23 January 2009?""]",1,0,38.0,38.0,1,True,1,0,40.0,40.0,1,True,1,0,40.0,40.0,1,True,1,0,40.0,40.0,1,True,1,0,40.0,40.0,1,True
un,2008/s/res/1825_2008_,comparison,0.64,lookup,0.5,True,10ebcd8591dd905816d78c873ee64b5bdd00b10772070665531c0212cbeb07f1,S/RES/1825(2008),2008/s/res/1825_2008_#3,0.5,False,0,[],0,0,,,0,False,0,0,,,0,False,0,0,,,0,False,0,0,,,0,False,0,0,,,0,False
un,2008/s/res/1825_2008_,claim_verification,0.64,lookup,0.92,True,10ebcd8591dd905816d78c873ee64b5bdd00b10772070665531c0212cbeb07f1,S/RES/1825(2008),2008/s/res/1825_2008_#3,0.5,False,1,"[""In resolution 1825 (2008), did the Security Council renew UNMIN's mandate until 23 January 2009?""]",1,0,36.0,36.0,1,True,1,0,39.0,39.0,1,True,1,0,39.0,39.0,1,True,1,0,40.0,40.0,1,True,1,0,40.0,40.0,1,True
un,2008/s/res/1825_2008_,source_finding,0.64,lookup,0.84,True,10ebcd8591dd905816d78c873ee64b5bdd00b10772070665531c0212cbeb07f1,S/RES/1825(2008),2008/s/res/1825_2008_#3,0.5,False,1,"[""Which Security Council resolution renewed the mandate of the United Nations Mission in Nepal (UNMIN) until 23 January 2009, while noting ongoing monitoring and management of arms and armed personnel?""]",1,0,39.0,39.0,1,True,1,0,40.0,40.0,1,True,1,0,40.0,40.0,1,True,1,0,40.0,40.0,1,True,1,0,40.0,40.0,1,True
un,2009/cedaw/c/sr_858_b_,lookup,0.35,conceptual,0.87,True,52c724d429fb4cf809fb658bf383366a7b2ef730ad071d04e61392af21a34fd8,CEDAW/C/SR(858.B),2009/cedaw/c/sr_858_b_#22,0.5,False,3,"[""What complaint figures did Ms. Natsagdolgor of Mongolia report in the Committee's 24 October 2008 summary record?"", ""What domestic-violence measures did Ms. Altangerel of Mongolia report in the Committee's 24 October 2008 summary record?"", ""What employment information did Ms. Natsagdolgor of Mongolia say the National Statistics Office published in its annual report in the Committee's 24 October 2008 summary record?""]",3,0,38.0,34.666666666666664,1,True,3,0,40.0,40.0,3,True,3,0,40.0,37.666666666666664,0,False,3,0,39.0,38.0,1,True,3,0,40.0,40.0,3,True
un,2009/cedaw/c/sr_858_b_,practitioner,0.35,conceptual,0.86,True,52c724d429fb4cf809fb658bf383366a7b2ef730ad071d04e61392af21a34fd8,CEDAW/C/SR(858.B),2009/cedaw/c/sr_858_b_#22,0.5,False,3,"[""A Mongolian delegation is preparing its reply to the CEDAW Committee. What minimum coverage did the Chairperson require?"", ""For a Mongolian briefing on measures against domestic violence, what did the Government report about its campaigns and programmes?"", ""When preparing Mongolia's response on complaints and monitoring of women's rights, what complaint figures and statistical reporting did the delegation provide?""]",3,0,36.0,32.0,2,True,3,0,40.0,40.0,3,True,3,0,40.0,36.0,3,True,3,0,40.0,40.0,3,True,3,0,40.0,38.666666666666664,3,True
un,2009/cedaw/c/sr_858_b_,conceptual,0.35,conceptual,0.9,True,52c724d429fb4cf809fb658bf383366a7b2ef730ad071d04e61392af21a34fd8,CEDAW/C/SR(858.B),2009/cedaw/c/sr_858_b_#22,0.5,True,1,"[""What measures did Mongolia report to the Committee on the Elimination of Discrimination against Women to address domestic violence?""]",1,0,37.0,37.0,1,True,1,0,40.0,40.0,1,True,1,0,38.0,38.0,1,True,1,0,40.0,40.0,1,True,1,0,40.0,40.0,1,True
un,2009/cedaw/c/sr_858_b_,comparison,0.35,conceptual,0.53,True,52c724d429fb4cf809fb658bf383366a7b2ef730ad071d04e61392af21a34fd8,CEDAW/C/SR(858.B),2009/cedaw/c/sr_858_b_#22,0.5,False,1,"[""During Mongolia's review by the Committee on the Elimination of Discrimination against Women, how did the reported numbers of complaints of human trafficking and sexual harassment in the workplace compare since 2005?""]",1,0,33.0,33.0,1,True,1,0,39.0,39.0,1,True,1,0,38.0,38.0,1,True,1,0,40.0,40.0,1,True,1,0,40.0,40.0,1,True
un,2009/cedaw/c/sr_858_b_,claim_verification,0.35,conceptual,0.92,True,52c724d429fb4cf809fb658bf383366a7b2ef730ad071d04e61392af21a34fd8,CEDAW/C/SR(858.B),2009/cedaw/c/sr_858_b_#22,0.5,False,2,"[""At the Committee's examination of Mongolia, was an innovative programme for perpetrators' rehabilitation already being implemented as an alternative to imprisonment?"", ""During the Committee's review of Mongolia, were there any recorded complaints prior to 2005?""]",2,0,38.0,35.5,1,True,2,0,40.0,40.0,2,True,2,0,39.0,38.5,1,True,2,0,40.0,36.5,1,True,2,0,40.0,40.0,1,True
un,2009/cedaw/c/sr_858_b_,source_finding,0.35,conceptual,0.79,True,52c724d429fb4cf809fb658bf383366a7b2ef730ad071d04e61392af21a34fd8,CEDAW/C/SR(858.B),2009/cedaw/c/sr_858_b_#22,0.5,False,2,"[""Which CEDAW summary record contains the Mongolian delegation's statement that an extensive programme for perpetrators of domestic violence was being implemented and that rehabilitation through training was being developed as an alternative to imprisonment?"", ""Which CEDAW summary record contains the Mongolian delegation's report of complaints of human trafficking, sexual harassment in the workplace and discriminatory treatment filed since 2005?""]",2,0,40.0,40.0,2,True,2,0,40.0,40.0,2,True,2,0,40.0,40.0,2,True,2,0,40.0,40.0,2,True,2,0,40.0,40.0,2,True
un,2009/cedaw/c/sr_877,lookup,0.43,lookup,0.87,True,64a4f852ff129d2edd8700a9b2e1da82ff2ea302d9d7e1d8f4040db3e8c65e77,CEDAW/C/SR.877,2009/cedaw/c/sr_877#19,0.5,True,3,"[""Which two ministries did Cameroon identify as responsible for labour during its discussion of the combined second and third periodic report?"", ""What exceptions to the prohibition on abortion did Cameroon identify during its discussion of the combined second and third periodic report?"", ""What data did Cameroon say would be available soon on workers in the private and informal sectors during its discussion of the combined second and third periodic report?""]",3,0,38.0,36.333333333333336,3,True,3,0,38.0,38.0,0,False,3,0,37.0,36.0,3,True,3,0,39.0,37.0,3,True,3,0,40.0,40.0,3,True
un,2009/cedaw/c/sr_877,practitioner,0.43,lookup,0.84,True,64a4f852ff129d2edd8700a9b2e1da82ff2ea302d9d7e1d8f4040db3e8c65e77,CEDAW/C/SR.877,2009/cedaw/c/sr_877#19,0.5,False,3,"[""A Cameroonian health worker needs to explain the stated exceptions to the Penal Code prohibition on abortion. In which circumstances did Cameroon say abortion was permitted?"", ""A Cameroon reporting team planning its next labour section needs to know when statistics on workers in the private and informal sectors would be available. What did Cameroon say?"", ""A Cameroonian legal adviser briefing women on property claims after divorce needs to assess whether liquidation was completed when a judge had designated a notary. What did the report say?""]",3,0,40.0,38.333333333333336,3,True,3,0,40.0,40.0,3,True,3,0,40.0,38.333333333333336,2,True,3,0,40.0,40.0,3,True,3,0,40.0,40.0,3,True
un,2009/cedaw/c/sr_877,conceptual,0.43,lookup,0.91,True,64a4f852ff129d2edd8700a9b2e1da82ff2ea302d9d7e1d8f4040db3e8c65e77,CEDAW/C/SR.877,2009/cedaw/c/sr_877#19,0.5,False,3,"[""How did Cameroon’s Penal Code’s prohibition on abortion address pregnancies resulting from rape or threats to the mother’s life?"", ""What barriers to pursuing claims and completing liquidation after divorce did Cameroon report in its combined second and third periodic report?"", ""How did Cameroon’s Ministry approach gender equality across government while responding to limited statistics in its combined second and third periodic report?""]",3,0,37.0,34.333333333333336,2,True,3,0,40.0,39.0,2,True,3,0,39.0,36.666666666666664,1,True,3,0,40.0,39.666666666666664,2,True,3,0,40.0,40.0,3,True
un,2009/cedaw/c/sr_877,comparison,0.43,lookup,0.62,True,64a4f852ff129d2edd8700a9b2e1da82ff2ea302d9d7e1d8f4040db3e8c65e77,CEDAW/C/SR.877,2009/cedaw/c/sr_877#19,0.5,False,1,"[""During the CEDAW review of Cameroon's combined second and third periodic report, how did the article 337 abortion exception for rape compare with the exception when the life of the mother was in danger?""]",1,0,36.0,36.0,0,False,1,0,40.0,40.0,1,True,1,0,37.0,37.0,0,False,1,0,39.0,39.0,0,False,1,0,40.0,40.0,1,True
un,2009/cedaw/c/sr_877,claim_verification,0.43,lookup,0.92,True,64a4f852ff129d2edd8700a9b2e1da82ff2ea302d9d7e1d8f4040db3e8c65e77,CEDAW/C/SR.877,2009/cedaw/c/sr_877#19,0.5,False,1,"[""In the CEDAW review of Cameroon's combined second and third periodic report, did the reported exceptions to article 337 permit abortion in cases of rape or when the mother's life was in danger?""]",1,0,37.0,37.0,1,True,1,0,40.0,40.0,1,True,1,0,39.0,39.0,1,True,1,0,40.0,40.0,1,True,1,0,40.0,40.0,1,True
un,2009/cedaw/c/sr_877,source_finding,0.43,lookup,0.79,True,64a4f852ff129d2edd8700a9b2e1da82ff2ea302d9d7e1d8f4040db3e8c65e77,CEDAW/C/SR.877,2009/cedaw/c/sr_877#19,0.5,False,1,"[""Which CEDAW Committee record contains Cameroon's statement, during the review of its combined second and third periodic report, that article 337 of the Penal Code prohibited abortion but allowed exceptions for rape or danger to the mother's life?""]",1,0,39.0,39.0,1,True,1,0,40.0,40.0,1,True,1,0,39.0,39.0,1,True,1,0,40.0,40.0,1,True,1,0,40.0,40.0,1,True
un,2009/s/res/1900_2009_,lookup,0.57,lookup,0.91,True,8ae5cb13de3f6704172d83ffddc1ca847b95ab4f3d9270fb935502fe907d3c77,S/RES/1900(2009),2009/s/res/1900_2009_#2,0.5,True,3,"[""What extension of the International Tribunal judges' terms of office did the Security Council intend in its December 2009 resolution on the Former Yugoslavia Tribunal?"", ""What updated scheduling information did the Security Council request from the President of the Former Yugoslavia Tribunal in its December 2009 resolution?"", ""Which judges and case did the Security Council address when allowing service beyond the expiry of their terms in its December 2009 resolution on the Former Yugoslavia Tribunal?""]",3,0,40.0,39.0,1,True,3,0,40.0,40.0,3,True,3,0,40.0,39.333333333333336,1,True,3,0,40.0,40.0,1,True,3,0,40.0,40.0,3,True
un,2009/s/res/1900_2009_,practitioner,0.57,lookup,0.9,True,8ae5cb13de3f6704172d83ffddc1ca847b95ab4f3d9270fb935502fe907d3c77,S/RES/1900(2009),2009/s/res/1900_2009_#2,0.5,False,2,"[""For the President of the International Tribunal preparing the Security Council submission, what information must the updated trial and appeals schedule include?"", ""How may Judges Kimberley Prost and Ole Bjørn Støle proceed with the Popović case after their terms of office expire on 31 December 2009?""]",2,0,38.0,37.5,1,True,2,0,40.0,40.0,1,True,2,0,40.0,39.0,1,True,2,0,40.0,39.5,1,True,2,0,40.0,40.0,2,True
un,2009/s/res/1900_2009_,conceptual,0.57,lookup,0.91,True,8ae5cb13de3f6704172d83ffddc1ca847b95ab4f3d9270fb935502fe907d3c77,S/RES/1900(2009),2009/s/res/1900_2009_#2,0.5,False,2,"[""What exception did Resolution 1900 (2009) make for Judges Kimberley Prost and Ole Bjørn Støle after their terms of office expired?"", ""What scheduling information did the Security Council seek before extending or redeploying International Tribunal judges in Resolution 1900 (2009)?""]",2,0,32.0,31.5,0,False,2,0,39.0,38.5,0,False,2,0,36.0,34.5,0,False,2,0,32.0,31.5,0,False,2,0,40.0,39.5,2,True
un,2009/s/res/1900_2009_,comparison,0.57,lookup,0.82,True,8ae5cb13de3f6704172d83ffddc1ca847b95ab4f3d9270fb935502fe907d3c77,S/RES/1900(2009),2009/s/res/1900_2009_#2,0.5,False,1,"[""Under Security Council resolution 1900 (2009), how did the planned extensions of the terms of office differ for all trial judges and all appeals judges at the International Tribunal?""]",1,0,32.0,32.0,1,True,1,0,38.0,38.0,1,True,1,0,37.0,37.0,1,True,1,0,39.0,39.0,1,True,1,0,39.0,39.0,1,True
un,2009/s/res/1900_2009_,claim_verification,0.57,lookup,0.94,True,8ae5cb13de3f6704172d83ffddc1ca847b95ab4f3d9270fb935502fe907d3c77,S/RES/1900(2009),2009/s/res/1900_2009_#2,0.5,False,2,"[""Did Security Council resolution 1900 (2009) decide that Judges Kimberley Prost and Ole Bjørn Støle could complete the Popović case despite the expiry of their terms of office?"", ""Did Security Council resolution 1900 (2009) underline its intention to extend the terms of office of all trial judges at the International Tribunal by 30 June 2010?""]",2,0,38.0,36.0,2,True,2,0,39.0,38.0,2,True,2,0,39.0,38.5,2,True,2,0,39.0,38.5,2,True,2,0,39.0,39.0,2,True
un,2009/s/res/1900_2009_,source_finding,0.57,lookup,0.87,True,8ae5cb13de3f6704172d83ffddc1ca847b95ab4f3d9270fb935502fe907d3c77,S/RES/1900(2009),2009/s/res/1900_2009_#2,0.5,False,1,"[""Which Security Council resolution extended the terms of office of judges at the International Tribunal and allowed Judges Kimberley Prost and Ole Bjørn Støle to complete the Popović case?""]",1,0,32.0,32.0,0,False,1,0,34.0,34.0,0,False,1,0,34.0,34.0,0,False,1,0,29.0,29.0,0,False,1,0,40.0,40.0,1,True
un,2010/a/hrc/res/14/9,lookup,0.56,conceptual,0.83,True,070828bd92e87ce9d2fbd5206fe04014ed600495e2aef580f4503c5282aa7b2a,A/HRC/RES/14/9,2010/a/hrc/res/14/9#2,0.5,False,3,"[""In the Human Rights Council resolution on cultural rights and cultural diversity, what status did the Council reaffirm for cultural rights?"", ""What limitation did the Human Rights Council reaffirm on invoking cultural diversity in its resolution on cultural rights and cultural diversity?"", ""What right did the Human Rights Council recognize in its resolution on cultural rights and cultural diversity?""]",3,0,39.0,36.666666666666664,2,True,3,0,40.0,39.333333333333336,3,True,3,0,40.0,37.666666666666664,2,True,3,0,39.0,38.333333333333336,2,True,3,0,40.0,40.0,2,True
un,2010/a/hrc/res/14/9,practitioner,0.56,conceptual,0.83,True,070828bd92e87ce9d2fbd5206fe04014ed600495e2aef580f4503c5282aa7b2a,A/HRC/RES/14/9,2010/a/hrc/res/14/9#2,0.5,False,2,"[""A State is reviewing a policy affecting cultural life under the Human Rights Council's cultural-rights resolution. What duty applies regardless of its political, economic and cultural system?"", ""A human rights officer is assessing a national argument that cultural diversity justifies restricting a protected right. What does the Human Rights Council's cultural-rights resolution provide?""]",2,0,36.0,35.5,0,False,2,0,40.0,40.0,2,True,2,0,38.0,38.0,2,True,2,0,40.0,40.0,2,True,2,0,40.0,40.0,2,True
un,2010/a/hrc/res/14/9,conceptual,0.56,conceptual,0.89,True,070828bd92e87ce9d2fbd5206fe04014ed600495e2aef580f4503c5282aa7b2a,A/HRC/RES/14/9,2010/a/hrc/res/14/9#2,0.5,True,1,"[""How does the Human Rights Council's resolution on the promotion and protection of all human rights reconcile national and regional particularities with universal human-rights duties?""]",1,0,35.0,35.0,1,True,1,0,39.0,39.0,1,True,1,0,39.0,39.0,1,True,1,0,39.0,39.0,1,True,1,0,39.0,39.0,1,True
un,2010/a/hrc/res/14/9,comparison,0.56,conceptual,0.55,True,070828bd92e87ce9d2fbd5206fe04014ed600495e2aef580f4503c5282aa7b2a,A/HRC/RES/14/9,2010/a/hrc/res/14/9#2,0.5,False,1,"[""In Human Rights Council resolution 14/9 on the promotion and protection of all human rights, how does the treatment of national and regional particularities and various historical, cultural and religious backgrounds compare with the treatment of cultural diversity in relation to human rights?""]",1,0,33.0,33.0,1,True,1,0,40.0,40.0,1,True,1,0,38.0,38.0,1,True,1,0,40.0,40.0,1,True,1,0,39.0,39.0,1,True
un,2010/a/hrc/res/14/9,claim_verification,0.56,conceptual,0.92,True,070828bd92e87ce9d2fbd5206fe04014ed600495e2aef580f4503c5282aa7b2a,A/HRC/RES/14/9,2010/a/hrc/res/14/9#2,0.5,False,2,"[""In its resolution on the promotion and protection of cultural rights, did the Human Rights Council state that cultural diversity cannot be invoked to infringe human rights guaranteed by international law?"", ""In its resolution on the promotion and protection of cultural rights, did the Human Rights Council reaffirm that cultural rights are an integral part of human rights?""]",2,0,38.0,37.5,2,True,2,0,40.0,39.5,2,True,2,0,38.0,37.5,2,True,2,0,39.0,38.0,2,True,2,0,38.0,38.0,2,True
un,2010/a/hrc/res/14/9,source_finding,0.56,conceptual,0.85,True,070828bd92e87ce9d2fbd5206fe04014ed600495e2aef580f4503c5282aa7b2a,A/HRC/RES/14/9,2010/a/hrc/res/14/9#2,0.5,False,1,"[""Which Human Rights Council resolution states that cultural diversity may not be invoked to infringe human rights guaranteed by international law?""]",1,0,35.0,35.0,1,True,1,0,40.0,40.0,1,True,1,0,40.0,40.0,1,True,1,0,40.0,40.0,1,True,1,0,40.0,40.0,1,True
un,2010/s/res/1912_2010_,lookup,0.77,conceptual,0.83,True,0724a9682dc3e0cfc4e64f350199ce514b19d386b89a45e3586189ab1f6ad556,S/RES/1912(2010),2010/s/res/1912_2010_#2,0.5,False,3,"[""What role did the Security Council support for the international security forces in its 2010 resolution on Timor-Leste?"", ""Which areas of assistance did the Security Council particularly recognize from Timor-Leste's bilateral and multilateral partners in its 2010 resolution on Timor-Leste?"", ""What high rates of unemployment and poverty did the Security Council express concern about in its 2010 resolution on Timor-Leste, and what government action did it welcome in response?""]",3,0,39.0,35.333333333333336,2,True,3,0,40.0,39.333333333333336,3,True,3,0,40.0,39.333333333333336,3,True,3,0,40.0,36.0,3,True,3,0,40.0,40.0,3,True
un,2010/s/res/1912_2010_,practitioner,0.77,conceptual,0.82,True,0724a9682dc3e0cfc4e64f350199ce514b19d386b89a45e3586189ab1f6ad556,S/RES/1912(2010),2010/s/res/1912_2010_#2,0.5,False,2,"[""For international partners planning support to address unemployment and poverty in Timor-Leste, what does the Security Council underline?"", ""When international security forces assist the Government of Timor-Leste and UNMIT, what role does the Security Council support in responding to the Government's requests?""]",2,0,32.0,29.0,1,True,2,0,40.0,38.5,1,True,2,0,33.0,30.5,1,True,2,0,37.0,31.0,1,True,2,0,40.0,37.0,1,True
un,2010/s/res/1912_2010_,conceptual,0.77,conceptual,0.9,True,0724a9682dc3e0cfc4e64f350199ce514b19d386b89a45e3586189ab1f6ad556,S/RES/1912(2010),2010/s/res/1912_2010_#2,0.5,True,1,"[""How did Resolution 1912 (2010) characterize the relationship between poverty and its associated deprivations and Timor-Leste’s political and institutional challenges?""]",1,0,38.0,38.0,0,False,1,0,40.0,40.0,0,False,1,0,40.0,40.0,1,True,1,0,33.0,33.0,0,False,1,0,40.0,40.0,1,True
un,2010/s/res/1912_2010_,comparison,0.77,conceptual,0.45,False,0724a9682dc3e0cfc4e64f350199ce514b19d386b89a45e3586189ab1f6ad556,S/RES/1912(2010),2010/s/res/1912_2010_#2,0.5,False,1,"[""In Resolution 1912 (2010), how does the Security Council compare the roles of political and institutional manifestations and poverty and its associated deprivations in Timor-Leste's current challenges?""]",1,0,36.0,36.0,1,True,1,0,39.0,39.0,1,True,1,0,37.0,37.0,0,False,1,0,40.0,40.0,1,True,1,0,40.0,40.0,1,True
un,2010/s/res/1912_2010_,claim_verification,0.77,conceptual,0.9,True,0724a9682dc3e0cfc4e64f350199ce514b19d386b89a45e3586189ab1f6ad556,S/RES/1912(2010),2010/s/res/1912_2010_#2,0.5,False,1,"[""In Resolution 1912 (2010), did the Security Council express full support for the role of international security forces in assisting the Government of Timor-Leste and UNMIT with maintaining law and stability?""]",1,0,36.0,36.0,0,False,1,0,40.0,40.0,1,True,1,0,36.0,36.0,0,False,1,0,39.0,39.0,0,False,1,0,40.0,40.0,0,False
un,2010/s/res/1912_2010_,source_finding,0.77,conceptual,0.81,True,0724a9682dc3e0cfc4e64f350199ce514b19d386b89a45e3586189ab1f6ad556,S/RES/1912(2010),2010/s/res/1912_2010_#2,0.5,False,1,"[""Which Security Council resolution notes President José Ramos-Horta’s 9 December 2009 statement on the Timorese authorities’ views regarding the future role of UNMIT police during 2010–2012?""]",1,0,38.0,38.0,1,True,1,0,40.0,40.0,1,True,1,0,40.0,40.0,1,True,1,0,40.0,40.0,1,True,1,0,40.0,40.0,1,True
un,2011/a/66/613,lookup,0.59,conceptual,0.84,True,8d4e837aa4022701dedd699b1372535fa03c30012022ce18915090edcdf39ce1,A/66/613,2011/a/66/613#3,0.5,False,2,"[""What annual CERF funding target did the Advisory Group commend efforts to reach in the Secretary-General's 13 December 2011 letter on the Fund?"", ""What concern and need did the Advisory Group identify regarding reporting by resident coordinators/humanitarian coordinators on country-level results in the Secretary-General's 13 December 2011 letter on the Fund?""]",2,0,40.0,39.5,2,True,2,0,40.0,40.0,2,True,2,0,40.0,40.0,2,True,2,0,40.0,40.0,2,True,2,0,40.0,40.0,2,True
un,2011/a/66/613,practitioner,0.59,conceptual,0.85,True,8d4e837aa4022701dedd699b1372535fa03c30012022ce18915090edcdf39ce1,A/66/613,2011/a/66/613#3,0.5,False,3,"[""A humanitarian country team is assessing when the Central Emergency Response Fund (CERF) can complement and reinforce humanitarian reform. Under what circumstances did the Advisory Group acknowledge that it can do so?"", ""At a subsequent meeting, what did the Advisory Group agree to do regarding implementation of the management response plan for the Central Emergency Response Fund (CERF)?"", ""While reviewing country-level results reporting for the Central Emergency Response Fund (CERF), what concern and improvement did the Advisory Group identify?""]",3,0,39.0,33.666666666666664,1,True,3,0,40.0,36.666666666666664,2,True,3,0,37.0,33.333333333333336,1,True,3,0,40.0,33.333333333333336,1,True,3,0,40.0,39.666666666666664,3,True
un,2011/a/66/613,conceptual,0.59,conceptual,0.9,True,8d4e837aa4022701dedd699b1372535fa03c30012022ce18915090edcdf39ce1,A/66/613,2011/a/66/613#3,0.5,True,1,"[""Under what conditions did the Advisory Group say that the Central Emergency Response Fund complemented and reinforced humanitarian reform?""]",1,0,40.0,40.0,0,False,1,0,40.0,40.0,1,True,1,0,37.0,37.0,0,False,1,0,39.0,39.0,1,True,1,0,40.0,40.0,1,True
un,2011/a/66/613,comparison,0.59,conceptual,0.61,True,8d4e837aa4022701dedd699b1372535fa03c30012022ce18915090edcdf39ce1,A/66/613,2011/a/66/613#3,0.5,False,1,"[""How did the Advisory Group's assessment of CERF reporting differ between efforts to improve the quality and timeliness of field reporting and the overall quality of country-level-results reporting?""]",1,0,36.0,36.0,1,True,1,0,39.0,39.0,1,True,1,0,38.0,38.0,1,True,1,0,40.0,40.0,1,True,1,0,40.0,40.0,1,True
un,2011/a/66/613,claim_verification,0.59,conceptual,0.92,True,8d4e837aa4022701dedd699b1372535fa03c30012022ce18915090edcdf39ce1,A/66/613,2011/a/66/613#3,0.5,False,1,"[""At its October 2011 meeting concerning the Central Emergency Response Fund (CERF), did the Advisory Group agree to revisit and continue monitoring implementation of the management response plan at subsequent meetings?""]",1,0,36.0,36.0,0,False,1,0,40.0,40.0,0,False,1,0,36.0,36.0,0,False,1,0,39.0,39.0,0,False,1,0,40.0,40.0,1,True
un,2011/a/66/613,source_finding,0.59,conceptual,0.83,True,8d4e837aa4022701dedd699b1372535fa03c30012022ce18915090edcdf39ce1,A/66/613,2011/a/66/613#3,0.5,False,1,"[""Which United Nations document records the Advisory Group of the Central Emergency Response Fund's concern about the quality of country-level results reporting and its call for improved outcome measurement?""]",1,0,39.0,39.0,1,True,1,0,40.0,40.0,1,True,1,0,40.0,40.0,1,True,1,0,40.0,40.0,1,True,1,0,40.0,40.0,1,True
un,2011/a/res/64/155,lookup,0.36,lookup,0.88,True,ecc23266e6990729f81e924ca12e7fc6017870e6fe3dcd2764c13ce469bdc15b,A/RES/64/155,2011/a/res/64/155#6,0.5,True,2,"[""What did the General Assembly recommend in its 18 December 2009 resolution regarding assistance throughout the entire electoral cycle?"", ""What did the General Assembly encourage organizations involved in electoral assistance to share in its 18 December 2009 resolution to promote best practices?""]",2,0,40.0,37.5,2,True,2,0,40.0,40.0,2,True,2,0,39.0,37.5,2,True,2,0,40.0,40.0,2,True,2,0,40.0,40.0,2,True
un,2011/a/res/64/155,practitioner,0.36,lookup,0.87,True,ecc23266e6990729f81e924ca12e7fc6017870e6fe3dcd2764c13ce469bdc15b,A/RES/64/155,2011/a/res/64/155#6,0.5,False,2,"[""A United Nations electoral assistance team is planning support for a requesting Member State throughout its electoral cycle under General Assembly resolution 64/155. What does the resolution recommend about the timing, basis and purpose of that support?"", ""Organizations cooperating with United Nations electoral assistance efforts are coordinating their support and reporting on electoral processes under General Assembly resolution 64/155. What does the resolution encourage those organizations to do?""]",2,0,39.0,37.5,0,False,2,0,40.0,40.0,0,False,2,0,40.0,39.5,2,True,2,0,37.0,37.0,0,False,2,0,40.0,40.0,2,True
un,2011/a/res/64/155,conceptual,0.36,lookup,0.91,True,ecc23266e6990729f81e924ca12e7fc6017870e6fe3dcd2764c13ce469bdc15b,A/RES/64/155,2011/a/res/64/155#6,0.5,False,2,"[""How did the 2009 General Assembly resolution on strengthening the United Nations role in electoral assistance propose tailoring support to requesting States?"", ""Why did the 2009 General Assembly resolution on strengthening the United Nations role in electoral assistance encourage cooperation and knowledge sharing among electoral-assistance organizations?""]",2,0,39.0,37.5,2,True,2,0,40.0,39.5,2,True,2,0,39.0,37.5,2,True,2,0,39.0,38.5,2,True,2,0,40.0,39.5,2,True
un,2011/a/res/64/155,comparison,0.36,lookup,0.48,False,ecc23266e6990729f81e924ca12e7fc6017870e6fe3dcd2764c13ce469bdc15b,A/RES/64/155,2011/a/res/64/155#6,0.5,False,1,"[""In the resolution on strengthening the United Nations role in promoting democratization, how is the United Nations' role in electoral assistance described compared with that of other international, governmental and nongovernmental organizations?""]",1,0,32.0,32.0,1,True,1,0,40.0,40.0,1,True,1,0,34.0,34.0,1,True,1,0,40.0,40.0,1,True,1,0,40.0,40.0,1,True
un,2011/a/res/64/155,claim_verification,0.36,lookup,0.92,True,ecc23266e6990729f81e924ca12e7fc6017870e6fe3dcd2764c13ce469bdc15b,A/RES/64/155,2011/a/res/64/155#6,0.5,False,1,"[""In its 2009 resolution on strengthening United Nations electoral assistance, did the General Assembly recommend continued technical advice throughout the entire electoral cycle, including before and after elections?""]",1,0,36.0,36.0,1,True,1,0,40.0,40.0,1,True,1,0,38.0,38.0,1,True,1,0,40.0,40.0,1,True,1,0,40.0,40.0,1,True
un,2011/a/res/64/155,source_finding,0.36,lookup,0.85,True,ecc23266e6990729f81e924ca12e7fc6017870e6fe3dcd2764c13ce469bdc15b,A/RES/64/155,2011/a/res/64/155#6,0.5,False,2,"[""Which General Assembly resolution recommends that United Nations electoral assistance continue throughout the entire electoral cycle, based on needs assessments and the evolving needs of requesting Member States?"", ""Which General Assembly resolution notes efforts to enhance cooperation among international, governmental and nongovernmental organizations in support of United Nations electoral assistance?""]",2,0,38.0,37.0,2,True,2,0,40.0,40.0,2,True,2,0,39.0,38.5,2,True,2,0,40.0,40.0,2,True,2,0,39.0,39.0,2,True
un,2012/a/res/66/106,lookup,0.86,lookup,0.87,True,b26c46f3b81831a5a0825f1f0585d64c77b64a709c3381c97e1abd36d7fb5623,A/RES/66/106,2012/a/res/66/106#10,0.5,True,2,"[""Under the code of conduct for judges of the United Nations Dispute Tribunal and the United Nations Appeals Tribunal in the General Assembly's resolution adopted on 9 December 2011, what must judges do to maintain their professional competence?"", ""Under the code of conduct for judges of the United Nations Dispute Tribunal and the United Nations Appeals Tribunal in the General Assembly's resolution adopted on 9 December 2011, what approval must judges obtain if they are absent for longer than three days?""]",2,0,40.0,39.5,2,True,2,0,40.0,40.0,2,True,2,0,40.0,40.0,2,True,2,0,40.0,40.0,2,True,2,0,40.0,40.0,2,True
un,2012/a/res/66/106,practitioner,0.86,lookup,0.84,True,b26c46f3b81831a5a0825f1f0585d64c77b64a709c3381c97e1abd36d7fb5623,A/RES/66/106,2012/a/res/66/106#10,0.5,False,3,"[""A judge of the United Nations Dispute Tribunal or the United Nations Appeals Tribunal is subject to a formal inquiry into their conduct in office. What must the judge do?"", ""A judge of the United Nations Dispute Tribunal or the United Nations Appeals Tribunal needs to be absent for longer than three days. What notice and approval are required?"", ""A judge of the United Nations Dispute Tribunal or the United Nations Appeals Tribunal has other duties and activities while serving as a judge. Which duties take priority?""]",3,0,40.0,39.666666666666664,3,True,3,0,40.0,40.0,3,True,3,0,40.0,39.0,3,True,3,0,40.0,40.0,3,True,3,0,40.0,40.0,3,True
un,2012/a/res/66/106,conceptual,0.86,lookup,0.87,True,b26c46f3b81831a5a0825f1f0585d64c77b64a709c3381c97e1abd36d7fb5623,A/RES/66/106,2012/a/res/66/106#10,0.5,False,2,"[""What attendance and absence requirements did the 2011 code of conduct set for judges of the United Nations Dispute Tribunal and United Nations Appeals Tribunal?"", ""How did the 2011 code of conduct address judges' professional competence and the priority of their judicial duties?""]",2,0,40.0,38.5,2,True,2,0,40.0,40.0,2,True,2,0,40.0,39.0,2,True,2,0,40.0,40.0,2,True,2,0,40.0,40.0,2,True
un,2012/a/res/66/106,comparison,0.86,lookup,0.48,False,b26c46f3b81831a5a0825f1f0585d64c77b64a709c3381c97e1abd36d7fb5623,A/RES/66/106,2012/a/res/66/106#10,0.5,False,1,"[""Under the code of conduct for judges of the United Nations Dispute Tribunal and the United Nations Appeals Tribunal, how does the attendance obligation for chambers during normal working hours compare with the attendance obligation for hearings and deliberations during stipulated hours?""]",1,0,36.0,36.0,1,True,1,0,40.0,40.0,1,True,1,0,37.0,37.0,1,True,1,0,40.0,40.0,1,True,1,0,39.0,39.0,1,True
un,2012/a/res/66/106,claim_verification,0.86,lookup,0.93,True,b26c46f3b81831a5a0825f1f0585d64c77b64a709c3381c97e1abd36d7fb5623,A/RES/66/106,2012/a/res/66/106#10,0.5,False,2,"[""Under the 2011 code of conduct for judges of the United Nations Dispute Tribunal and United Nations Appeals Tribunal, do judges' judicial duties take precedence over other duties and activities?"", ""Does the 2011 code of conduct for judges of the United Nations Dispute Tribunal and United Nations Appeals Tribunal require judges to obtain the approval of the presiding judge of their Tribunal for absences longer than three days?""]",2,0,39.0,38.5,2,True,2,0,40.0,40.0,2,True,2,0,40.0,38.5,2,True,2,0,40.0,40.0,2,True,2,0,40.0,40.0,2,True
un,2012/a/res/66/106,source_finding,0.86,lookup,0.84,True,b26c46f3b81831a5a0825f1f0585d64c77b64a709c3381c97e1abd36d7fb5623,A/RES/66/106,2012/a/res/66/106#10,0.5,False,1,"[""Which General Assembly resolution contains the United Nations tribunal judges’ requirements to maintain the necessary level of professional competence and give judicial duties precedence over other activities?""]",1,0,39.0,39.0,1,True,1,0,40.0,40.0,1,True,1,0,38.0,38.0,1,True,1,0,40.0,40.0,1,True,1,0,40.0,40.0,1,True
un,2012/a/res/66/30,lookup,0.49,conceptual,0.89,True,af351262cdf908c580861ed4722669f2f151dafa7fbbf561de4b12bae6885135,A/RES/66/30,2012/a/res/66/30#2,0.5,False,1,"[""What did the General Assembly request the Secretary-General to do regarding the United Nations role in the disarmament-development relationship in its 2 December 2011 resolution?""]",1,0,40.0,40.0,1,True,1,0,40.0,40.0,1,True,1,0,40.0,40.0,1,True,1,0,40.0,40.0,1,True,1,0,40.0,40.0,1,True
un,2012/a/res/66/30,practitioner,0.49,conceptual,0.86,True,af351262cdf908c580861ed4722669f2f151dafa7fbbf561de4b12bae6885135,A/RES/66/30,2012/a/res/66/30#2,0.5,False,1,"[""In carrying out the General Assembly's 2011 resolution on the relationship between disarmament and development, what does the Secretary-General need to do to improve coordination within the United Nations?""]",1,0,37.0,37.0,1,True,1,0,40.0,40.0,1,True,1,0,39.0,39.0,1,True,1,0,40.0,40.0,1,True,1,0,40.0,40.0,1,True
un,2012/a/res/66/30,conceptual,0.49,conceptual,0.91,True,af351262cdf908c580861ed4722669f2f151dafa7fbbf561de4b12bae6885135,A/RES/66/30,2012/a/res/66/30#2,0.5,True,1,"[""How did the General Assembly seek to strengthen United Nations coordination on the disarmament-development relationship in its resolution adopted on 2 December 2011?""]",1,0,39.0,39.0,1,True,1,0,40.0,40.0,1,True,1,0,37.0,37.0,1,True,1,0,40.0,40.0,1,True,1,0,40.0,40.0,1,True
un,2012/a/res/66/30,comparison,0.49,conceptual,0.41,False,af351262cdf908c580861ed4722669f2f151dafa7fbbf561de4b12bae6885135,A/RES/66/30,2012/a/res/66/30#2,0.5,False,1,"[""In the General Assembly's 2 December 2011 resolution on the relationship between disarmament and development, how are the roles of the United Nations and the high-level Steering Group on Disarmament and Development treated?""]",1,0,31.0,31.0,0,False,1,0,40.0,40.0,1,True,1,0,35.0,35.0,1,True,1,0,38.0,38.0,1,True,1,0,40.0,40.0,1,True
un,2012/a/res/66/30,claim_verification,0.49,conceptual,0.91,True,af351262cdf908c580861ed4722669f2f151dafa7fbbf561de4b12bae6885135,A/RES/66/30,2012/a/res/66/30#2,0.5,False,1,"[""In its 2 December 2011 resolution on the relationship between disarmament and development, did the General Assembly request the Secretary-General to strengthen the United Nations role, particularly the high-level Steering Group, to ensure coordination and cooperation among relevant United Nations bodies?""]",1,0,38.0,38.0,1,True,1,0,40.0,40.0,1,True,1,0,37.0,37.0,1,True,1,0,40.0,40.0,1,True,1,0,40.0,40.0,1,True
un,2012/a/res/66/30,source_finding,0.49,conceptual,0.87,True,af351262cdf908c580861ed4722669f2f151dafa7fbbf561de4b12bae6885135,A/RES/66/30,2012/a/res/66/30#2,0.5,False,1,"[""Which General Assembly resolution requests strengthening the high-level Steering Group on Disarmament and Development to ensure continued coordination and cooperation among relevant United Nations entities?""]",1,0,38.0,38.0,1,True,1,0,40.0,40.0,1,True,1,0,40.0,40.0,1,True,1,0,40.0,40.0,1,True,1,0,40.0,40.0,1,True
un,2013/a/cn_9/sr_943,lookup,0.5,conceptual,0.83,True,e562180827d90f45d22df50015ceade4bc84155e58cdc04fc8e8bdb30718e403,A/CN.9/SR.943,2013/a/cn_9/sr_943#2,0.5,False,2,"[""What role did the Regional Centre for Asia and the Pacific have, according to the UNCITRAL session record discussing its opening since the previous session?"", ""Which subjects did the UNCITRAL session record say the Commission would deal with, including arbitration rules?""]",2,0,35.0,34.0,1,True,2,0,40.0,40.0,2,True,2,0,39.0,38.0,2,True,2,0,40.0,40.0,2,True,2,0,40.0,40.0,2,True
un,2013/a/cn_9/sr_943,practitioner,0.5,conceptual,0.83,True,e562180827d90f45d22df50015ceade4bc84155e58cdc04fc8e8bdb30718e403,A/CN.9/SR.943,2013/a/cn_9/sr_943#2,0.5,False,2,"[""As UNCITRAL prepares to consider a strategic-direction document on technical assistance, what would the document seek to optimize and expand?"", ""If UNCITRAL is assessing the role of its Regional Centre for Asia and the Pacific in promoting its legal texts, what means of promotion was the Centre described as providing?""]",2,0,37.0,33.5,2,True,2,0,40.0,40.0,2,True,2,0,38.0,34.5,2,True,2,0,40.0,37.5,2,True,2,0,40.0,40.0,2,True
un,2013/a/cn_9/sr_943,conceptual,0.5,conceptual,0.9,True,e562180827d90f45d22df50015ceade4bc84155e58cdc04fc8e8bdb30718e403,A/CN.9/SR.943,2013/a/cn_9/sr_943#2,0.5,True,2,"[""How was the strategic-direction document intended to strengthen UNCITRAL's technical-assistance work?"", ""How was the Regional Centre for Asia and the Pacific presented as supporting UNCITRAL's work?""]",2,0,38.0,36.0,2,True,2,0,40.0,39.5,2,True,2,0,35.0,34.5,2,True,2,0,40.0,39.0,2,True,2,0,39.0,39.0,2,True
un,2013/a/cn_9/sr_943,comparison,0.5,conceptual,0.47,False,e562180827d90f45d22df50015ceade4bc84155e58cdc04fc8e8bdb30718e403,A/CN.9/SR.943,2013/a/cn_9/sr_943#2,0.5,False,1,"[""How were the UNCITRAL Model Law and the Regional Centre for Asia and the Pacific described as contributing to the Commission's work?""]",1,0,26.0,26.0,0,False,1,0,35.0,35.0,0,False,1,0,33.0,33.0,0,False,1,0,30.0,30.0,0,False,1,0,39.0,39.0,1,True
un,2013/a/cn_9/sr_943,claim_verification,0.5,conceptual,0.92,True,e562180827d90f45d22df50015ceade4bc84155e58cdc04fc8e8bdb30718e403,A/CN.9/SR.943,2013/a/cn_9/sr_943#2,0.5,False,2,"[""Did the UNCITRAL Regional Centre for Asia and the Pacific open since the previous session with the support of the Government of the Republic of Korea?"", ""Would the UNCITRAL Commission take up a document on a strategic direction for UNCITRAL to optimize resources and expand the role of its Working Groups and secretariat?""]",2,0,35.0,34.5,2,True,2,0,40.0,40.0,2,True,2,0,40.0,39.5,2,True,2,0,38.0,37.5,2,True,2,0,40.0,40.0,2,True
un,2013/a/cn_9/sr_943,source_finding,0.5,conceptual,0.73,True,e562180827d90f45d22df50015ceade4bc84155e58cdc04fc8e8bdb30718e403,A/CN.9/SR.943,2013/a/cn_9/sr_943#2,0.5,False,1,"[""Which UNCITRAL meeting record reports that the Regional Centre for Asia and the Pacific had opened with the support of the Government of the Republic of Korea?""]",1,0,39.0,39.0,1,True,1,0,39.0,39.0,1,True,1,0,39.0,39.0,1,True,1,0,39.0,39.0,1,True,1,0,40.0,40.0,1,True
un,2014/a/hrc/res/26/31,lookup,0.58,practitioner,0.88,True,5e772540f2f7b1e793e9c43b54cdb57120b3700d4a497d4a03217271d759f316,A/HRC/RES/26/31,2014/a/hrc/res/26/31#3,0.5,False,3,"[""Whom did the Human Rights Council request the High Commissioner to invite to the panel discussion on the human rights situation in South Sudan in its resolution on technical assistance and capacity-building for South Sudan?"", ""What monitoring and reporting task did the Human Rights Council request of the United Nations High Commissioner for Human Rights in its resolution on technical assistance and capacity-building for South Sudan?"", ""What report did the Human Rights Council request the High Commissioner to submit for discussion by the panel on the human rights situation in South Sudan in its resolution on technical assistance and capacity-building for South Sudan?""]",3,0,38.0,37.333333333333336,2,True,3,0,40.0,37.666666666666664,1,True,3,0,40.0,39.666666666666664,2,True,3,0,39.0,38.333333333333336,2,True,3,0,40.0,40.0,3,True
un,2014/a/hrc/res/26/31,practitioner,0.58,practitioner,0.91,True,5e772540f2f7b1e793e9c43b54cdb57120b3700d4a497d4a03217271d759f316,A/HRC/RES/26/31,2014/a/hrc/res/26/31#3,0.5,True,2,"[""For the Human Rights Council's South Sudan technical-assistance and capacity-building process, what urgent monitoring and reporting task does the High Commissioner have?"", ""For the panel discussion on the human rights situation in South Sudan at the Council's twenty-seventh session, what does the resolution request the High Commissioner to do?""]",2,0,33.0,32.5,0,False,2,0,40.0,39.0,2,True,2,0,33.0,31.0,0,False,2,0,40.0,36.0,1,True,2,0,40.0,39.0,1,True
un,2014/a/hrc/res/26/31,conceptual,0.58,practitioner,0.9,True,5e772540f2f7b1e793e9c43b54cdb57120b3700d4a497d4a03217271d759f316,A/HRC/RES/26/31,2014/a/hrc/res/26/31#3,0.5,False,2,"[""How did the Human Rights Council arrange its panel discussion on the human rights situation in South Sudan?"", ""What monitoring and follow-up did the Human Rights Council request on the human rights situation in South Sudan?""]",2,0,38.0,37.0,2,True,2,0,40.0,40.0,2,True,2,0,40.0,39.0,1,True,2,0,40.0,39.5,1,True,2,0,40.0,40.0,2,True
un,2014/a/hrc/res/26/31,comparison,0.58,practitioner,0.53,True,5e772540f2f7b1e793e9c43b54cdb57120b3700d4a497d4a03217271d759f316,A/HRC/RES/26/31,2014/a/hrc/res/26/31#3,0.5,False,1,"[""In Human Rights Council resolution 26/31's South Sudan monitoring and panel process, how did the report requested under paragraph 8 differ from the interim report requested under paragraph 9(a)?""]",1,0,35.0,35.0,1,True,1,0,40.0,40.0,1,True,1,0,36.0,36.0,1,True,1,0,40.0,40.0,1,True,1,0,40.0,40.0,1,True
un,2014/a/hrc/res/26/31,claim_verification,0.58,practitioner,0.92,True,5e772540f2f7b1e793e9c43b54cdb57120b3700d4a497d4a03217271d759f316,A/HRC/RES/26/31,2014/a/hrc/res/26/31#3,0.5,False,2,"[""Did the Human Rights Council, in its resolution on technical assistance and capacity-building for South Sudan, request the High Commissioner to monitor the human rights situation and report to the Council at its twenty-eighth session?"", ""Did the Human Rights Council decide to convene a panel discussion on the human rights situation in South Sudan at its twenty-seventh session and request an interim report for that discussion?""]",2,0,40.0,40.0,2,True,2,0,40.0,39.5,2,True,2,0,39.0,38.0,2,True,2,0,40.0,40.0,2,True,2,0,40.0,40.0,2,True
un,2014/a/hrc/res/26/31,source_finding,0.58,practitioner,0.84,True,5e772540f2f7b1e793e9c43b54cdb57120b3700d4a497d4a03217271d759f316,A/HRC/RES/26/31,2014/a/hrc/res/26/31#3,0.5,False,1,"[""Which Human Rights Council resolution on technical assistance and capacity-building requests the United Nations High Commissioner for Human Rights to monitor the human rights situation in South Sudan and report to the Council at its twenty-eighth session?""]",1,0,39.0,39.0,0,False,1,0,40.0,40.0,1,True,1,0,36.0,36.0,0,False,1,0,40.0,40.0,0,False,1,0,40.0,40.0,0,False
