corpus,document_id,document_text,is_meeting,source_payload,source_payload_sha256,stratum,symbol,target_id,title,backend,status,error,confidence,generation_mode,mode,model,reason,probabilities_json
eurlex,32009R0663,"Member States’ financial responsibilities

1. Member States shall undertake the technical monitoring and financial control of projects in close cooperation with the Commission and shall certify the amount and the conformity with this Regulation of the expenditure incurred in respect of projects or parts of projects. Member States may request the participation of the Commission during on-the-spot checks.

2. Member States shall inform the Commission of the measures taken under paragraph 1 and, in particular, shall supply a description of the control, management and monitoring systems established to ensure that projects are successfully completed.",False,"### TARGET ARTICLE — write the questions about THIS article

[EN] Article 11 — Member States’ financial responsibilities
  Act: Regulation (EC) No 663/2009 of the European Parliament and of the Council of 13 July 2009 establishing a programme to aid economic recovery by granting Community financial assistance to projects in the field of energy
  Location: CHAPTER II SUB-PROGRAMMES › SECTION 1 Gas and electricity infrastructure projects
Member States’ financial responsibilities

1. Member States shall undertake the technical monitoring and financial control of projects in close cooperation with the Commission and shall certify the amount and the conformity with this Regulation of the expenditure incurred in respect of projects or parts of projects. Member States may request the participation of the Commission during on-the-spot checks.

2. Member States shall inform the Commission of the measures taken under paragraph 1 and, in particular, shall supply a description of the control, management and monitoring systems established to ensure that projects are successfully completed.

### REFERENCED ARTICLES — none. The target article cites no other article of this act.

### REFERENCED ARTICLES FROM OTHER ACTS — none. The target article cites no article of another act in the corpus.

### REFERENCED ANNEXES — none. The target article cites no resolvable annex.",5e6b1f929ea5986b31693a6ef8bfeb015138d50cb2d240b1174e925c647b7c1a,no_refs,32009R0663,http://data.europa.eu/eli/reg/2009/663/art_11/oj,Regulation (EC) No 663/2009 of the European Parliament and of the Council of 13 July 2009 establishing a programme to aid economic recovery by granting Community financial assistance to projects in the field of energy,jev,completed,,0.91,lookup,lookup,~typesafe/jev-latest,,"{""fact_pattern"": 0.06, ""lookup"": 0.94, ""skip"": 0}"
eurlex,32012R1219,"Conduct of Member States with regard to a bilateral investment agreement with a third country

Where a bilateral investment agreement falls within the scope of this Regulation, the Member State concerned shall:

(a)
inform the Commission without undue delay of all meetings which will take place under the provisions of the agreement. The Commission shall be provided with the agenda and all relevant information permitting an understanding of the topics to be discussed at those meetings. The Commission may request further information from the Member State concerned. Where an issue to be discussed might affect the implementation of the Union’s policies relating to investment, including in particular the common commercial policy, the Commission may require the Member State concerned to take a particular position;

(b)
inform the Commission without undue delay of any representations made to it that a particular measure is inconsistent with the agreement. The Member State shall also immediately inform the Commission of any request for dispute settlement lodged under the auspices of the bilateral investment agreement as soon as the Member State becomes aware of such a request. The Member State and the Commission shall fully cooperate and take all necessary measures to ensure an effective defence which may include, where appropriate, the participation in the procedure by the Commission;

(c)
seek the agreement of the Commission before activating any relevant mechanisms for dispute settlement against a third country included in the bilateral investment agreement and shall, where requested by the Commission, activate such mechanisms. Those mechanisms shall include consultations with the other party to a bilateral investment agreement and dispute settlement where provided for in the agreement. The Member State and the Commission shall fully cooperate in the conduct of procedures within the relevant mechanisms, which may include, where appropriate, the participation in the relevant procedures by the Commission.",False,"### TARGET ARTICLE — write the questions about THIS article

[EN] Article 13 — Conduct of Member States with regard to a bilateral investment agreement with a third country
  Act: Regulation (EU) No 1219/2012 of the European Parliament and of the Council of 12 December 2012 establishing transitional arrangements for bilateral investment agreements between Member States and third countries
  Location: CHAPTER IV FINAL PROVISIONS
Conduct of Member States with regard to a bilateral investment agreement with a third country

Where a bilateral investment agreement falls within the scope of this Regulation, the Member State concerned shall:

(a)
inform the Commission without undue delay of all meetings which will take place under the provisions of the agreement. The Commission shall be provided with the agenda and all relevant information permitting an understanding of the topics to be discussed at those meetings. The Commission may request further information from the Member State concerned. Where an issue to be discussed might affect the implementation of the Union’s policies relating to investment, including in particular the common commercial policy, the Commission may require the Member State concerned to take a particular position;

(b)
inform the Commission without undue delay of any representations made to it that a particular measure is inconsistent with the agreement. The Member State shall also immediately inform the Commission of any request for dispute settlement lodged under the auspices of the bilateral investment agreement as soon as the Member State becomes aware of such a request. The Member State and the Commission shall fully cooperate and take all necessary measures to ensure an effective defence which may include, where appropriate, the participation in the procedure by the Commission;

(c)
seek the agreement of the Commission before activating any relevant mechanisms for dispute settlement against a third country included in the bilateral investment agreement and shall, where requested by the Commission, activate such mechanisms. Those mechanisms shall include consultations with the other party to a bilateral investment agreement and dispute settlement where provided for in the agreement. The Member State and the Commission shall fully cooperate in the conduct of procedures within the relevant mechanisms, which may include, where appropriate, the participation in the relevant procedures by the Commission.

### REFERENCED ARTICLES — none. The target article cites no other article of this act.

### REFERENCED ARTICLES FROM OTHER ACTS — none. The target article cites no article of another act in the corpus.

### REFERENCED ANNEXES — none. The target article cites no resolvable annex.",65b2bea835c4c8c4bfd99a928e26ac6f4578ad4e4d9431950d4992a936ff7f1d,no_refs,32012R1219,http://data.europa.eu/eli/reg/2012/1219/art_13/oj,Regulation (EU) No 1219/2012 of the European Parliament and of the Council of 12 December 2012 establishing transitional arrangements for bilateral investment agreements between Member States and third countries,jev,completed,,0.61,lookup,lookup,~typesafe/jev-latest,,"{""fact_pattern"": 0.26, ""lookup"": 0.74, ""skip"": 0}"
eurlex,32013R1305,"Subject matter

1. This Regulation lays down general rules governing Union support for rural development, financed by the European Agricultural Fund for Rural Development (""the EAFRD"") and established by Regulation (EU) No 1306/2013. It sets out the objectives to which rural development policy is to contribute and the relevant Union priorities for rural development. It outlines the strategic context for rural development policy and defines the measures to be adopted in order to implement rural development policy. In addition, it lays down rules on programming, networking, management, monitoring and evaluation on the basis of responsibilities shared between the Member States and the Commission and rules to ensure coordination of the EAFRD with other Union instruments.

2. This Regulation complements the provisions of Part Two of Regulation (EU) No 1303/2013 of the European Parliament and the Council.",False,"### TARGET ARTICLE — write the questions about THIS article

[EN] Article 1 — Subject matter
  Act: Regulation (EU) No 1305/2013 of the European Parliament and of the Council of 17 December 2013 on support for rural development by the European Agricultural Fund for Rural Development (EAFRD) and repealing Council Regulation (EC) No 1698/2005
  Location: CHAPTER I Subject matter and Definitions
Subject matter

1. This Regulation lays down general rules governing Union support for rural development, financed by the European Agricultural Fund for Rural Development (""the EAFRD"") and established by Regulation (EU) No 1306/2013. It sets out the objectives to which rural development policy is to contribute and the relevant Union priorities for rural development. It outlines the strategic context for rural development policy and defines the measures to be adopted in order to implement rural development policy. In addition, it lays down rules on programming, networking, management, monitoring and evaluation on the basis of responsibilities shared between the Member States and the Commission and rules to ensure coordination of the EAFRD with other Union instruments.

2. This Regulation complements the provisions of Part Two of Regulation (EU) No 1303/2013 of the European Parliament and the Council.

### REFERENCED ARTICLES — none. The target article cites no other article of this act.

### REFERENCED ARTICLES FROM OTHER ACTS — none. The target article cites no article of another act in the corpus.

### REFERENCED ANNEXES — none. The target article cites no resolvable annex.",a56b5f4fdb451a8265a46b19151be6a34a37be0d0ec0b5e7596243454064dd2b,no_refs,32013R1305,http://data.europa.eu/eli/reg/2013/1305/art_1/oj,Regulation (EU) No 1305/2013 of the European Parliament and of the Council of 17 December 2013 on support for rural development by the European Agricultural Fund for Rural Development (EAFRD) and repealing Council Regulation (EC) No 1698/2005,jev,completed,,0.79,lookup,lookup,~typesafe/jev-latest,,"{""fact_pattern"": 0, ""lookup"": 0.86, ""skip"": 0.14}"
eurlex,32009R0470,"Extrapolation
With a view to ensuring the availability of authorised veterinary medicinal products for conditions affecting food-producing animals, the Agency, while ensuring a high level of protection of human health, shall, when carrying out scientific risk assessments and when drawing up risk management recommendations, consider using maximum residue limits established for a pharmacologically active substance in a particular foodstuff for another foodstuff derived from the same species, or maximum residue limits established for a pharmacologically active substance in one or more species for other species.",False,"### TARGET ARTICLE — write the questions about THIS article

[EN] Article 5 — Extrapolation
  Act: Regulation (EC) No 470/2009 of the European Parliament and of the Council of 6 May 2009 laying down Community procedures for the establishment of residue limits of pharmacologically active substances in foodstuffs of animal origin, repealing Council Regulation (EEC) No 2377/90 and amending Directive 2001/82/EC of the European Parliament and of the Council and Regulation (EC) No 726/2004 of the European Parliament and of the Council (Text with EEA relevance)
  Location: CHAPTER I Risk assessment and risk management › Section 1 Pharmacologically active substances intended for use in veterinary medicinal products in the Community
Extrapolation
With a view to ensuring the availability of authorised veterinary medicinal products for conditions affecting food-producing animals, the Agency, while ensuring a high level of protection of human health, shall, when carrying out scientific risk assessments and when drawing up risk management recommendations, consider using maximum residue limits established for a pharmacologically active substance in a particular foodstuff for another foodstuff derived from the same species, or maximum residue limits established for a pharmacologically active substance in one or more species for other species.

### REFERENCED ARTICLES — none. The target article cites no other article of this act.

### REFERENCED ARTICLES FROM OTHER ACTS — none. The target article cites no article of another act in the corpus.

### REFERENCED ANNEXES — none. The target article cites no resolvable annex.",86dd8cc2bed176c9fe7997d38f81a00c27a794cb5f93191a177d4664795c59e4,no_refs,32009R0470,http://data.europa.eu/eli/reg/2009/470/art_5/oj,"Regulation (EC) No 470/2009 of the European Parliament and of the Council of 6 May 2009 laying down Community procedures for the establishment of residue limits of pharmacologically active substances in foodstuffs of animal origin, repealing Council Regulation (EEC) No 2377/90 and amending Directive 2001/82/EC of the European Parliament and of the Council and Regulation (EC) No 726/2004 of the European Parliament and of the Council (Text with EEA relevance)",jev,completed,,0.74,lookup,lookup,~typesafe/jev-latest,,"{""fact_pattern"": 0.17, ""lookup"": 0.83, ""skip"": 0}"
eurlex,32014L0025,"Contracts between contracting authorities

1. A contract awarded by a contracting authority to a legal person governed by private or public law shall fall outside the scope of this Directive where all of the following conditions are fulfilled:

(a)
the contracting authority exercises over the legal person concerned a control which is similar to that which it exercises over its own departments;

(b)
more than 80 % of the activities of the controlled legal person are carried out in the performance of tasks entrusted to it by the controlling contracting authority or by other legal persons controlled by that contracting authority;

(c)
there is no direct private capital participation in the controlled legal person with the exception of non-controlling and non-blocking forms of private capital participation required by national legislative provisions, in conformity with the Treaties, which do not exert a decisive influence on the controlled legal person.

A contracting authority shall be deemed to exercise over a legal person a control similar to that which it exercises over its own departments within the meaning of point (a) of the first subparagraph where it exercises a decisive influence over both strategic objectives and significant decisions of the controlled legal person. Such control may also be exercised by another legal person, which is itself controlled in the same way by the contracting authority.
2. Paragraph 1 also applies where a controlled person which is a contracting authority awards a contract to its controlling contracting authority, or to another legal person controlled by the same contracting authority, provided that there is no direct private capital participation in the legal person being awarded the public contract with the exception of non-controlling and non-blocking forms of private capital participation required by national legislative provisions, in conformity with the Treaties, which do not exert a decisive influence on the controlled legal person.

3. A contracting authority, which does not exercise over a legal person governed by private or public law control within the meaning of paragraph 1, may nevertheless award a contract to that legal person without applying this Directive, where all of the following conditions are fulfilled:

(a)
the contracting authority exercises jointly with other contracting authorities a control over that legal person which is similar to that which they exercise over their own departments;

(b)
more than 80 % of the activities of that legal person are carried out in the performance of tasks entrusted to it by the controlling contracting authorities or by other legal persons controlled by the same contracting authorities; and

(c)
there is no direct private capital participation in the controlled legal person with the exception of non-controlling and non-blocking forms of private capital participation required by national legislative provisions, in conformity with the Treaties, which do not exert a decisive influence on the controlled legal person.

For the purposes of point (a) of the first subparagraph, contracting authorities shall be deemed to exercise joint control over a legal person where all of the following conditions are fulfilled:

(i)
the decision-making bodies of the controlled legal person are composed of representatives of all participating contracting authorities. Individual representatives may represent several or all of the participating contracting authorities;

(ii)
those contracting authorities are able to jointly exert decisive influence over the strategic objectives and significant decisions of the controlled legal person; and

(iii)
the controlled legal person does not pursue any interests which are contrary to those of the controlling contracting authorities.

4. A contract concluded exclusively between two or more contracting authorities shall fall outside the scope of this Directive, where all of the following conditions are met:

(a)
the contract establishes or implements a cooperation between the participating contracting authorities with the aim of ensuring that public services they have to perform are provided with a view to achieving objectives they have in common;

(b)
the implementation of that cooperation is governed solely by considerations relating to the public interest; and

(c)
the participating contracting authorities perform on the open market less than 20 % of the activities concerned by the cooperation.

5. For the determination of the percentage of activities referred to in point (b) of the first subparagraph of paragraph 1, point (b) of the first subparagraph of paragraph 3 and point (c) of paragraph 4, the average total turnover, or an appropriate alternative activity based measure such as costs incurred by the relevant legal person with respect to services, supplies and works for the three years preceding the contract award shall be taken into consideration.Where, because of the date on which the relevant legal person was created or commenced activities or because of a reorganisation of its activities, the turnover, or alternative activity based measure such as costs, are either not available for the preceding three years or no longer relevant, it shall be sufficient to show that the measurement of activity is credible, particularly by means of business projections.",False,"### TARGET ARTICLE — write the questions about THIS article

[EN] Article 28 — Contracts between contracting authorities
  Act: Directive 2014/25/EU of the European Parliament and of the Council of 26 February 2014 on procurement by entities operating in the water, energy, transport and postal services sectors and repealing Directive 2004/17/EC (Text with EEA relevance)
  Location: CHAPTER III Material scope › Subsection 3 Special relations (cooperation, affiliated undertakings and joint ventures)
Contracts between contracting authorities

1. A contract awarded by a contracting authority to a legal person governed by private or public law shall fall outside the scope of this Directive where all of the following conditions are fulfilled:

(a)
the contracting authority exercises over the legal person concerned a control which is similar to that which it exercises over its own departments;

(b)
more than 80 % of the activities of the controlled legal person are carried out in the performance of tasks entrusted to it by the controlling contracting authority or by other legal persons controlled by that contracting authority;

(c)
there is no direct private capital participation in the controlled legal person with the exception of non-controlling and non-blocking forms of private capital participation required by national legislative provisions, in conformity with the Treaties, which do not exert a decisive influence on the controlled legal person.

A contracting authority shall be deemed to exercise over a legal person a control similar to that which it exercises over its own departments within the meaning of point (a) of the first subparagraph where it exercises a decisive influence over both strategic objectives and significant decisions of the controlled legal person. Such control may also be exercised by another legal person, which is itself controlled in the same way by the contracting authority.
2. Paragraph 1 also applies where a controlled person which is a contracting authority awards a contract to its controlling contracting authority, or to another legal person controlled by the same contracting authority, provided that there is no direct private capital participation in the legal person being awarded the public contract with the exception of non-controlling and non-blocking forms of private capital participation required by national legislative provisions, in conformity with the Treaties, which do not exert a decisive influence on the controlled legal person.

3. A contracting authority, which does not exercise over a legal person governed by private or public law control within the meaning of paragraph 1, may nevertheless award a contract to that legal person without applying this Directive, where all of the following conditions are fulfilled:

(a)
the contracting authority exercises jointly with other contracting authorities a control over that legal person which is similar to that which they exercise over their own departments;

(b)
more than 80 % of the activities of that legal person are carried out in the performance of tasks entrusted to it by the controlling contracting authorities or by other legal persons controlled by the same contracting authorities; and

(c)
there is no direct private capital participation in the controlled legal person with the exception of non-controlling and non-blocking forms of private capital participation required by national legislative provisions, in conformity with the Treaties, which do not exert a decisive influence on the controlled legal person.

For the purposes of point (a) of the first subparagraph, contracting authorities shall be deemed to exercise joint control over a legal person where all of the following conditions are fulfilled:

(i)
the decision-making bodies of the controlled legal person are composed of representatives of all participating contracting authorities. Individual representatives may represent several or all of the participating contracting authorities;

(ii)
those contracting authorities are able to jointly exert decisive influence over the strategic objectives and significant decisions of the controlled legal person; and

(iii)
the controlled legal person does not pursue any interests which are contrary to those of the controlling contracting authorities.

4. A contract concluded exclusively between two or more contracting authorities shall fall outside the scope of this Directive, where all of the following conditions are met:

(a)
the contract establishes or implements a cooperation between the participating contracting authorities with the aim of ensuring that public services they have to perform are provided with a view to achieving objectives they have in common;

(b)
the implementation of that cooperation is governed solely by considerations relating to the public interest; and

(c)
the participating contracting authorities perform on the open market less than 20 % of the activities concerned by the cooperation.

5. For the determination of the percentage of activities referred to in point (b) of the first subparagraph of paragraph 1, point (b) of the first subparagraph of paragraph 3 and point (c) of paragraph 4, the average total turnover, or an appropriate alternative activity based measure such as costs incurred by the relevant legal person with respect to services, supplies and works for the three years preceding the contract award shall be taken into consideration.Where, because of the date on which the relevant legal person was created or commenced activities or because of a reorganisation of its activities, the turnover, or alternative activity based measure such as costs, are either not available for the preceding three years or no longer relevant, it shall be sufficient to show that the measurement of activity is credible, particularly by means of business projections.

### REFERENCED ARTICLES — none. The target article cites no other article of this act.

### REFERENCED ARTICLES FROM OTHER ACTS — none. The target article cites no article of another act in the corpus.

### REFERENCED ANNEXES — none. The target article cites no resolvable annex.",1fb1ec681c338a2f9c87333be7f78929924d62da52b69f2e994d21cc4d178c80,no_refs,32014L0025,http://data.europa.eu/eli/dir/2014/25/art_28/oj,"Directive 2014/25/EU of the European Parliament and of the Council of 26 February 2014 on procurement by entities operating in the water, energy, transport and postal services sectors and repealing Directive 2004/17/EC (Text with EEA relevance)",jev,completed,,0.53,fact_pattern,fact_pattern,~typesafe/jev-latest,,"{""fact_pattern"": 0.6900000000000001, ""lookup"": 0.31, ""skip"": 0}"
eurlex,32013R0153,"Business impact analysis

1. A CCP shall conduct a business impact analysis which is designed to identify the business functions which are critical to ensure the services of the CCP. The criticality of these functions to other institutions and functions in the financial infrastructure shall be part of the analysis.

2. A CCP shall use scenario based risk analysis which is designed to identify how various scenarios affect the risks to its critical business functions.

3. In assessing risks, a CCP shall take into account dependencies on external providers, including utilities services. A CCP shall take action to manage such dependencies through appropriate contractual and organisational arrangements.

4. Business impact analysis and scenario analysis shall be kept up to date, shall be reviewed at least on an annual basis and following an incident or significant organisational changes. The analyses shall take into account all relevant developments, including market and technology developments.",False,"### TARGET ARTICLE — write the questions about THIS article

[EN] Article 18 — Business impact analysis
  Act: Commission Delegated Regulation (EU) No 153/2013 of 19 December 2012 supplementing Regulation (EU) No 648/2012 of the European Parliament and of the Council with regard to regulatory technical standards on requirements for central counterparties (Text with EEA relevance)
  Location: CHAPTER V BUSINESS CONTINUITY (Article 34 of Regulation (EU) No 648/2012)
Business impact analysis

1. A CCP shall conduct a business impact analysis which is designed to identify the business functions which are critical to ensure the services of the CCP. The criticality of these functions to other institutions and functions in the financial infrastructure shall be part of the analysis.

2. A CCP shall use scenario based risk analysis which is designed to identify how various scenarios affect the risks to its critical business functions.

3. In assessing risks, a CCP shall take into account dependencies on external providers, including utilities services. A CCP shall take action to manage such dependencies through appropriate contractual and organisational arrangements.

4. Business impact analysis and scenario analysis shall be kept up to date, shall be reviewed at least on an annual basis and following an incident or significant organisational changes. The analyses shall take into account all relevant developments, including market and technology developments.

### REFERENCED ARTICLES — none. The target article cites no other article of this act.

### REFERENCED ARTICLES FROM OTHER ACTS — none. The target article cites no article of another act in the corpus.

### REFERENCED ANNEXES — none. The target article cites no resolvable annex.",9f35ef814fa1698de412c4d30f6e3d41f19398252dced27401ea60b1f51bcca4,no_refs,32013R0153,http://data.europa.eu/eli/reg_del/2013/153/art_18/oj,Commission Delegated Regulation (EU) No 153/2013 of 19 December 2012 supplementing Regulation (EU) No 648/2012 of the European Parliament and of the Council with regard to regulatory technical standards on requirements for central counterparties (Text with EEA relevance),jev,completed,,0.81,lookup,lookup,~typesafe/jev-latest,,"{""fact_pattern"": 0.13, ""lookup"": 0.87, ""skip"": 0}"
eurlex,32010R0407,"Review and adaptation

1. The Commission shall forward to the Economic and Financial Committee and to the Council, within six months following the entry into force of this Regulation and where appropriate every six months thereafter, a report on the implementation of this Regulation and on the continuation of the exceptional occurrences that justify the adoption of this Regulation.

2. Where appropriate, the report shall be accompanied by a proposal for amendments to this Regulation with a view to adapting the possibility of granting financial assistance without affecting the validity of decisions already adopted.",False,"### TARGET ARTICLE — write the questions about THIS article

[EN] Article 9 — Review and adaptation
  Act: Council Regulation (EU) No 407/2010 of 11 May 2010 establishing a European financial stabilisation mechanism
Review and adaptation

1. The Commission shall forward to the Economic and Financial Committee and to the Council, within six months following the entry into force of this Regulation and where appropriate every six months thereafter, a report on the implementation of this Regulation and on the continuation of the exceptional occurrences that justify the adoption of this Regulation.

2. Where appropriate, the report shall be accompanied by a proposal for amendments to this Regulation with a view to adapting the possibility of granting financial assistance without affecting the validity of decisions already adopted.

### REFERENCED ARTICLES — none. The target article cites no other article of this act.

### REFERENCED ARTICLES FROM OTHER ACTS — none. The target article cites no article of another act in the corpus.

### REFERENCED ANNEXES — none. The target article cites no resolvable annex.",5c77c87c4d8294fb46499e2266ad5ef2876bc1aff7a1f59554b323a47943fe20,no_refs,32010R0407,http://data.europa.eu/eli/reg/2010/407/art_9/oj,Council Regulation (EU) No 407/2010 of 11 May 2010 establishing a European financial stabilisation mechanism,jev,completed,,0.54,lookup,lookup,~typesafe/jev-latest,,"{""fact_pattern"": 0.01, ""lookup"": 0.69, ""skip"": 0.3}"
eurlex,32013R1303,"Designation of authorities

1. Each Member State shall designate, for each operational programme, a national, regional or local public authority or body or a private body as managing authority. The same managing authority may be designated for more than one operational programme.

2. The Member State shall designate, for each operational programme, a national, regional or local public authority or body as a certifying authority, without prejudice to paragraph 3. The same certifying authority may be designated for more than one operational programme.

3. The Member State may designate for an operational programme a managing authority, which is a public authority or body, to carry out, in addition, the functions of the certifying authority.

4. The Member State shall designate, for each operational programme, a national, regional or local public authority or body, functionally independent from the managing authority and the certifying authority, as audit authority. The same audit authority may be designated for more than one operational programme.

5. In the case of the Funds relating to the Investment for growth and jobs goal and in the case of the EMFF, provided that the principle of separation of functions is respected, the managing authority, the certifying authority, where applicable, and the audit authority may be part of the same public authority or body.Where the total amount of support from the Funds to an operational programme exceeds EUR 250000000 or from the EMFF exceeds EUR 100000000, the audit authority may be part of the same public authority or body as the managing authority either if, pursuant to the applicable provisions for the previous programming period, the Commission has informed the Member State prior to the date of adoption of the operational programme concerned of its conclusion that it can rely principally on its audit opinion, or if the Commission is satisfied on the basis of the experience of the previous programming period that the institutional organisation and accountability of the audit authority provide adequate guarantees of its functional independence and reliability.

6. The Member State may designate one or more intermediate bodies to carry out certain tasks of the managing or the certifying authority under the responsibility of that authority. The relevant arrangements between the managing authority or certifying authority and the intermediate bodies shall be formally recorded in writing.

7. The Member State or the managing authority may entrust the management of part of an operational programme to an intermediate body by way of an agreement in writing between the intermediate body and the Member State or managing authority (a 'global grant'). The intermediate body shall provide guarantees of its solvency and competence in the domain concerned, as well as of its administrative and financial management capacity.

8. The Member State may, at its own initiative, designate a coordinating body whose responsibility shall be to liaise with and provide information to the Commission, to coordinate activities of the other relevant designated bodies and to promote the harmonised application of applicable law.

9. The Member State shall lay down in writing rules governing its relationship with the managing authorities, certifying authorities and audit authorities, the relations between such authorities, and the relationship of such authorities with the Commission.",False,"### TARGET ARTICLE — write the questions about THIS article

[EN] Article 123 — Designation of authorities
  Act: Regulation (EU) No 1303/2013 of the European Parliament and of the Council of 17 December 2013 laying down common provisions on the European Regional Development Fund, the European Social Fund, the Cohesion Fund, the European Agricultural Fund for Rural Development and the European Maritime and Fisheries Fund and laying down general provisions on the European Regional Development Fund, the European Social Fund, the Cohesion Fund and the European Maritime and Fisheries Fund and repealing Council Regulation (EC) No 1083/2006
  Location: CHAPTER II Management and control authorities
Designation of authorities

1. Each Member State shall designate, for each operational programme, a national, regional or local public authority or body or a private body as managing authority. The same managing authority may be designated for more than one operational programme.

2. The Member State shall designate, for each operational programme, a national, regional or local public authority or body as a certifying authority, without prejudice to paragraph 3. The same certifying authority may be designated for more than one operational programme.

3. The Member State may designate for an operational programme a managing authority, which is a public authority or body, to carry out, in addition, the functions of the certifying authority.

4. The Member State shall designate, for each operational programme, a national, regional or local public authority or body, functionally independent from the managing authority and the certifying authority, as audit authority. The same audit authority may be designated for more than one operational programme.

5. In the case of the Funds relating to the Investment for growth and jobs goal and in the case of the EMFF, provided that the principle of separation of functions is respected, the managing authority, the certifying authority, where applicable, and the audit authority may be part of the same public authority or body.Where the total amount of support from the Funds to an operational programme exceeds EUR 250000000 or from the EMFF exceeds EUR 100000000, the audit authority may be part of the same public authority or body as the managing authority either if, pursuant to the applicable provisions for the previous programming period, the Commission has informed the Member State prior to the date of adoption of the operational programme concerned of its conclusion that it can rely principally on its audit opinion, or if the Commission is satisfied on the basis of the experience of the previous programming period that the institutional organisation and accountability of the audit authority provide adequate guarantees of its functional independence and reliability.

6. The Member State may designate one or more intermediate bodies to carry out certain tasks of the managing or the certifying authority under the responsibility of that authority. The relevant arrangements between the managing authority or certifying authority and the intermediate bodies shall be formally recorded in writing.

7. The Member State or the managing authority may entrust the management of part of an operational programme to an intermediate body by way of an agreement in writing between the intermediate body and the Member State or managing authority (a 'global grant'). The intermediate body shall provide guarantees of its solvency and competence in the domain concerned, as well as of its administrative and financial management capacity.

8. The Member State may, at its own initiative, designate a coordinating body whose responsibility shall be to liaise with and provide information to the Commission, to coordinate activities of the other relevant designated bodies and to promote the harmonised application of applicable law.

9. The Member State shall lay down in writing rules governing its relationship with the managing authorities, certifying authorities and audit authorities, the relations between such authorities, and the relationship of such authorities with the Commission.

### REFERENCED ARTICLES — none. The target article cites no other article of this act.

### REFERENCED ARTICLES FROM OTHER ACTS — none. The target article cites no article of another act in the corpus.

### REFERENCED ANNEXES — none. The target article cites no resolvable annex.",8349e9291ec95b762417eaa99729f5db85faf7376a4d502e341983662d18eb3c,no_refs,32013R1303,http://data.europa.eu/eli/reg/2013/1303/art_123/oj,"Regulation (EU) No 1303/2013 of the European Parliament and of the Council of 17 December 2013 laying down common provisions on the European Regional Development Fund, the European Social Fund, the Cohesion Fund, the European Agricultural Fund for Rural Development and the European Maritime and Fisheries Fund and laying down general provisions on the European Regional Development Fund, the European Social Fund, the Cohesion Fund and the European Maritime and Fisheries Fund and repealing Council Regulation (EC) No 1083/2006",jev,completed,,0.6,lookup,lookup,~typesafe/jev-latest,,"{""fact_pattern"": 0.26, ""lookup"": 0.74, ""skip"": 0}"
eurlex,32012R1151,"Transitional national protection
A Member State may, on a transitional basis only, grant protection to a name under this Regulation at national level, with effect from the date on which an application is lodged with the Commission.Such national protection shall cease on the date on which either a decision on registration under this Regulation is taken or the application is withdrawn.Where a name is not registered under this Regulation, the consequences of such national protection shall be the sole responsibility of the Member State concerned.The measures taken by Member States under the first paragraph shall produce effects at national level only, and they shall have no effect on intra-Union or international trade.",False,"### TARGET ARTICLE — write the questions about THIS article

[EN] Article 9 — Transitional national protection
  Act: Regulation (EU) No 1151/2012 of the European Parliament and of the Council of 21 November 2012 on quality schemes for agricultural products and foodstuffs
  Location: TITLE II PROTECTED DESIGNATIONS OF ORIGIN AND PROTECTED GEOGRAPHICAL INDICATIONS
Transitional national protection
A Member State may, on a transitional basis only, grant protection to a name under this Regulation at national level, with effect from the date on which an application is lodged with the Commission.Such national protection shall cease on the date on which either a decision on registration under this Regulation is taken or the application is withdrawn.Where a name is not registered under this Regulation, the consequences of such national protection shall be the sole responsibility of the Member State concerned.The measures taken by Member States under the first paragraph shall produce effects at national level only, and they shall have no effect on intra-Union or international trade.

### REFERENCED ARTICLES — none. The target article cites no other article of this act.

### REFERENCED ARTICLES FROM OTHER ACTS — none. The target article cites no article of another act in the corpus.

### REFERENCED ANNEXES — none. The target article cites no resolvable annex.",48eb85d2710d6f72e2ba3e4a25e26c09d01f83562640cd0f193c6d7a998697dd,no_refs,32012R1151,http://data.europa.eu/eli/reg/2012/1151/art_9/oj,Regulation (EU) No 1151/2012 of the European Parliament and of the Council of 21 November 2012 on quality schemes for agricultural products and foodstuffs,jev,completed,,0.68,lookup,lookup,~typesafe/jev-latest,,"{""fact_pattern"": 0.21, ""lookup"": 0.79, ""skip"": 0}"
eurlex,32009R1071,"Definitions

For the purposes of this Regulation:

1.
‘the occupation of road haulage operator’ means the activity of any undertaking transporting goods for hire or reward by means either of motor vehicles or combinations of vehicles;

2.
‘the occupation of road passenger transport operator’ means the activity of any undertaking operating, by means of motor vehicles so constructed and equipped as to be suitable for carrying more than nine persons, including the driver, and intended for that purpose, passenger transport services for the public or for specific categories of users in return for payment by the person transported or by the transport organiser;

3.
‘the occupation of road transport operator’ means the occupation of road passenger transport operator or the occupation of road haulage operator;

4.
‘undertaking’ means any natural person, any legal person, whether profit-making or not, any association or group of persons without legal personality, whether profit-making or not, or any official body, whether having its own legal personality or being dependent upon an authority having such personality, engaged in the transport of passengers, or any natural or legal person engaged in the transport of freight with a commercial purpose;

5.
‘transport manager’ means a natural person employed by an undertaking or, if that undertaking is a natural person, that person or, where provided for, another natural person designated by that undertaking by means of a contract, who effectively and continuously manages the transport activities of that undertaking;

6.
‘authorisation to pursue the occupation of road transport operator’ means an administrative decision which authorises an undertaking which satisfies the conditions laid down in this Regulation to pursue the occupation of road transport operator;

7.
‘competent authority’ means a national, regional or local authority in a Member State which, for the purpose of authorising the pursuit of the occupation of road transport operator, verifies whether an undertaking satisfies the conditions laid down in this Regulation, and which is empowered to grant, suspend or withdraw an authorisation to pursue the occupation of road transport operator;

8.
‘Member State of establishment’ means the Member State in which an undertaking is established, regardless of whether its transport manager originates from another country.",False,"### TARGET ARTICLE — write the questions about THIS article

[EN] Article 2 — Definitions
  Act: Regulation (EC) No 1071/2009 of the European Parliament and of the Council of 21 October 2009 establishing common rules concerning the conditions to be complied with to pursue the occupation of road transport operator and repealing Council Directive 96/26/EC (Text with EEA relevance)
  Location: CHAPTER I GENERAL PROVISIONS
Definitions

For the purposes of this Regulation:

1.
‘the occupation of road haulage operator’ means the activity of any undertaking transporting goods for hire or reward by means either of motor vehicles or combinations of vehicles;

2.
‘the occupation of road passenger transport operator’ means the activity of any undertaking operating, by means of motor vehicles so constructed and equipped as to be suitable for carrying more than nine persons, including the driver, and intended for that purpose, passenger transport services for the public or for specific categories of users in return for payment by the person transported or by the transport organiser;

3.
‘the occupation of road transport operator’ means the occupation of road passenger transport operator or the occupation of road haulage operator;

4.
‘undertaking’ means any natural person, any legal person, whether profit-making or not, any association or group of persons without legal personality, whether profit-making or not, or any official body, whether having its own legal personality or being dependent upon an authority having such personality, engaged in the transport of passengers, or any natural or legal person engaged in the transport of freight with a commercial purpose;

5.
‘transport manager’ means a natural person employed by an undertaking or, if that undertaking is a natural person, that person or, where provided for, another natural person designated by that undertaking by means of a contract, who effectively and continuously manages the transport activities of that undertaking;

6.
‘authorisation to pursue the occupation of road transport operator’ means an administrative decision which authorises an undertaking which satisfies the conditions laid down in this Regulation to pursue the occupation of road transport operator;

7.
‘competent authority’ means a national, regional or local authority in a Member State which, for the purpose of authorising the pursuit of the occupation of road transport operator, verifies whether an undertaking satisfies the conditions laid down in this Regulation, and which is empowered to grant, suspend or withdraw an authorisation to pursue the occupation of road transport operator;

8.
‘Member State of establishment’ means the Member State in which an undertaking is established, regardless of whether its transport manager originates from another country.

### REFERENCED ARTICLES — none. The target article cites no other article of this act.

### REFERENCED ARTICLES FROM OTHER ACTS — none. The target article cites no article of another act in the corpus.

### REFERENCED ANNEXES — none. The target article cites no resolvable annex.",749c931099d576ee4afef9fdd72bf78be1f51b7a43d3d724e7759d45fd028690,no_refs,32009R1071,http://data.europa.eu/eli/reg/2009/1071/art_2/oj,Regulation (EC) No 1071/2009 of the European Parliament and of the Council of 21 October 2009 establishing common rules concerning the conditions to be complied with to pursue the occupation of road transport operator and repealing Council Directive 96/26/EC (Text with EEA relevance),jev,completed,,0.89,lookup,lookup,~typesafe/jev-latest,,"{""fact_pattern"": 0.07, ""lookup"": 0.93, ""skip"": 0}"
eurlex,32013L0059,"Optimisation

1. Member States shall ensure that all doses due to medical exposure for radiodiagnostic, interventional radiology, planning, guiding and verification purposes are kept as low as reasonably achievable consistent with obtaining the required medical information, taking into account economic and societal factors.For all medical exposure of patients for radiotherapeutic purposes, exposures of target volumes shall be individually planned and their delivery appropriately verified taking into account that doses to non-target volumes and tissues shall be as low as reasonably achievable and consistent with the intended radiotherapeutic purpose of the exposure.

2. Member States shall ensure the establishment, regular review and use of diagnostic reference levels for radiodiagnostic examinations, having regard to the recommended European diagnostic reference levels where available, and where appropriate, for interventional radiology procedures, and the availability of guidance for this purpose.

3. Member States shall ensure that for each medical or biomedical research project involving medical exposure:

(a)
the individuals concerned participate voluntarily;

(b)
these individuals are informed about the risks of exposure;

(c)
a dose constraint is established for individuals for whom no direct medical benefit is expected from exposure;

(d)
in the case of patients who voluntarily accept to undergo an experimental medical practice and who are expected to receive a diagnostic or therapeutic benefit from this practice, the dose levels concerned shall be considered on an individual basis by the practitioner and/or referrer prior to the exposure taking place.

4. Member States shall ensure that the optimisation includes the selection of equipment, the consistent production of adequate diagnostic information or therapeutic outcomes, the practical aspects of medical radiological procedures, quality assurance, and the assessment and evaluation of patient doses or the verification of administered activities, taking into account economic and societal factors.

5. Member States shall ensure that:

(a)
dose constraints are established for the exposure of carers and comforters, where appropriate;

(b)
appropriate guidance is established for the exposure of carers and comforters.

6. Member States shall ensure that in the case of a patient undergoing treatment or diagnosis with radionuclides, the practitioner or the undertaking, as specified by Member States, provides the patient or their representative with information on the risks of ionising radiation and appropriate instructions with a view to restricting doses to persons in contact with the patient as far as reasonably achievable. For therapeutic procedures these shall be written instructions.These instructions shall be handed out before leaving the hospital or clinic or a similar institution.",False,"### TARGET ARTICLE — write the questions about THIS article

[EN] Article 56 — Optimisation
  Act: Council Directive 2013/59/ Euratom of 5 December 2013 laying down basic safety standards for protection against the dangers arising from exposure to ionising radiation, and repealing Directives 89/618/Euratom, 90/641/Euratom, 96/29/Euratom, 97/43/Euratom and 2003/122/Euratom
  Location: CHAPTER VII MEDICAL EXPOSURES
Optimisation

1. Member States shall ensure that all doses due to medical exposure for radiodiagnostic, interventional radiology, planning, guiding and verification purposes are kept as low as reasonably achievable consistent with obtaining the required medical information, taking into account economic and societal factors.For all medical exposure of patients for radiotherapeutic purposes, exposures of target volumes shall be individually planned and their delivery appropriately verified taking into account that doses to non-target volumes and tissues shall be as low as reasonably achievable and consistent with the intended radiotherapeutic purpose of the exposure.

2. Member States shall ensure the establishment, regular review and use of diagnostic reference levels for radiodiagnostic examinations, having regard to the recommended European diagnostic reference levels where available, and where appropriate, for interventional radiology procedures, and the availability of guidance for this purpose.

3. Member States shall ensure that for each medical or biomedical research project involving medical exposure:

(a)
the individuals concerned participate voluntarily;

(b)
these individuals are informed about the risks of exposure;

(c)
a dose constraint is established for individuals for whom no direct medical benefit is expected from exposure;

(d)
in the case of patients who voluntarily accept to undergo an experimental medical practice and who are expected to receive a diagnostic or therapeutic benefit from this practice, the dose levels concerned shall be considered on an individual basis by the practitioner and/or referrer prior to the exposure taking place.

4. Member States shall ensure that the optimisation includes the selection of equipment, the consistent production of adequate diagnostic information or therapeutic outcomes, the practical aspects of medical radiological procedures, quality assurance, and the assessment and evaluation of patient doses or the verification of administered activities, taking into account economic and societal factors.

5. Member States shall ensure that:

(a)
dose constraints are established for the exposure of carers and comforters, where appropriate;

(b)
appropriate guidance is established for the exposure of carers and comforters.

6. Member States shall ensure that in the case of a patient undergoing treatment or diagnosis with radionuclides, the practitioner or the undertaking, as specified by Member States, provides the patient or their representative with information on the risks of ionising radiation and appropriate instructions with a view to restricting doses to persons in contact with the patient as far as reasonably achievable. For therapeutic procedures these shall be written instructions.These instructions shall be handed out before leaving the hospital or clinic or a similar institution.

### REFERENCED ARTICLES — none. The target article cites no other article of this act.

### REFERENCED ARTICLES FROM OTHER ACTS — none. The target article cites no article of another act in the corpus.

### REFERENCED ANNEXES — none. The target article cites no resolvable annex.",126a3de65f8148f067cd10da0eac545ed57a32e1e390930c81a87e72e5c78a81,no_refs,32013L0059,http://data.europa.eu/eli/dir/2013/59/art_56/oj,"Council Directive 2013/59/ Euratom of 5 December 2013 laying down basic safety standards for protection against the dangers arising from exposure to ionising radiation, and repealing Directives 89/618/Euratom, 90/641/Euratom, 96/29/Euratom, 97/43/Euratom and 2003/122/Euratom",jev,completed,,0.29,lookup,lookup,~typesafe/jev-latest,,"{""fact_pattern"": 0.47, ""lookup"": 0.53, ""skip"": 0}"
eurlex,32013R1315,"Governance of core network corridors

1. For each core network corridor, the relevant European Coordinator shall be assisted in the performance of his/her tasks concerning the work plan and its implementation by a secretariat and by a consultative forum (the Corridor Forum). In agreement with the Member States concerned, the Corridor Forum shall be established and chaired by the European Coordinator. The Member States concerned shall agree on the membership of the Corridor Forum for their part of the core network corridor.

2. With the agreement of the Member States concerned, the Coordinator may set up and chair corridor working groups which focus on:

(a)
modal integration,

(b)
interoperability,

(c)
the coordinated development of infrastructure in cross-border sections.",False,"### TARGET ARTICLE — write the questions about THIS article

[EN] Article 46 — Governance of core network corridors
  Act: Regulation (EU) No 1315/2013 of the European Parliament and of the Council of 11 December 2013 on Union guidelines for the development of the trans-European transport network and repealing Decision No 661/2010/EU (Text with EEA relevance)
  Location: CHAPTER IV IMPLEMENTATION OF THE CORE NETWORK THROUGH CORE NETWORK CORRIDORS
Governance of core network corridors

1. For each core network corridor, the relevant European Coordinator shall be assisted in the performance of his/her tasks concerning the work plan and its implementation by a secretariat and by a consultative forum (the Corridor Forum). In agreement with the Member States concerned, the Corridor Forum shall be established and chaired by the European Coordinator. The Member States concerned shall agree on the membership of the Corridor Forum for their part of the core network corridor.

2. With the agreement of the Member States concerned, the Coordinator may set up and chair corridor working groups which focus on:

(a)
modal integration,

(b)
interoperability,

(c)
the coordinated development of infrastructure in cross-border sections.

### REFERENCED ARTICLES — none. The target article cites no other article of this act.

### REFERENCED ARTICLES FROM OTHER ACTS — none. The target article cites no article of another act in the corpus.

### REFERENCED ANNEXES — none. The target article cites no resolvable annex.",a0dcc20af7a7064857b08606bd68bf5ad3f375d0368d38a47134a1b4919e3c38,no_refs,32013R1315,http://data.europa.eu/eli/reg/2013/1315/art_46/oj,Regulation (EU) No 1315/2013 of the European Parliament and of the Council of 11 December 2013 on Union guidelines for the development of the trans-European transport network and repealing Decision No 661/2010/EU (Text with EEA relevance),jev,completed,,0.94,lookup,lookup,~typesafe/jev-latest,,"{""fact_pattern"": 0.04, ""lookup"": 0.96, ""skip"": 0}"
eurlex,32007L0005,"Member States shall adopt and publish by 31 March 2008 at the latest the laws, regulations and administrative provisions necessary to comply with this Directive. They shall forthwith communicate to the Commission the text of those provisions and a correlation table between those provisions and this Directive.They shall apply those provisions from 1 April 2008.When Member States adopt those provisions, they shall contain a reference to this Directive or be accompanied by such a reference on the occasion of their official publication. Member States shall determine how such reference is to be made.",False,"### TARGET ARTICLE — write the questions about THIS article

[EN] Article 2
  Act: Commission Directive 2007/5/EC of 7 February 2007 amending Council Directive 91/414/EEC to include captan, folpet, formetanate and methiocarb as active substances (Text with EEA relevance)
Member States shall adopt and publish by 31 March 2008 at the latest the laws, regulations and administrative provisions necessary to comply with this Directive. They shall forthwith communicate to the Commission the text of those provisions and a correlation table between those provisions and this Directive.They shall apply those provisions from 1 April 2008.When Member States adopt those provisions, they shall contain a reference to this Directive or be accompanied by such a reference on the occasion of their official publication. Member States shall determine how such reference is to be made.

### REFERENCED ARTICLES — none. The target article cites no other article of this act.

### REFERENCED ARTICLES FROM OTHER ACTS — none. The target article cites no article of another act in the corpus.

### REFERENCED ANNEXES — none. The target article cites no resolvable annex.",4c28358eec203c1955d26621e6092736ff351e7a5ad10d07144eee83aa59bcfc,no_refs,32007L0005,http://data.europa.eu/eli/dir/2007/5/art_2/oj,"Commission Directive 2007/5/EC of 7 February 2007 amending Council Directive 91/414/EEC to include captan, folpet, formetanate and methiocarb as active substances (Text with EEA relevance)",jev,completed,,0.7,skip,skip,~typesafe/jev-latest,,"{""fact_pattern"": 0.02, ""lookup"": 0.18, ""skip"": 0.8}"
eurlex,32004R0796,"Exceptions from the application of reductions and exclusions

1. The reductions and exclusions provided for in Chapter I shall not apply where the farmer submitted factually correct information or where he can show otherwise that he is not at fault.

2. The reductions and exclusions provided for in Chapter I shall not apply with regard to the parts of the aid application as to which the farmer informs the competent authority in writing that the aid application is incorrect or has become incorrect since it was lodged, provided that the farmer has not been informed of the competent authority's intention to carry out an on-the-spot check and that the authority has not already informed the farmer of any irregularity in the application.The information given by the farmer as referred to in the first subparagraph shall have the effect that the aid application is adjusted to the actual situation.",False,"### TARGET ARTICLE — write the questions about THIS article

[EN] Article 68 — Exceptions from the application of reductions and exclusions
  Act: Commission Regulation (EC) No 796/2004 of 21 april 2004 laying down detailed rules for the implementation of cross-compliance, modulation and the integrated administration and control system provided for in of Council Regulation (EC) No 1782/2003 establishing common rules for direct support schemes under the common agricultural policy and establishing certain support schemes for farmers
  Location: CHAPTER III COMMON PROVISIONS
Exceptions from the application of reductions and exclusions

1. The reductions and exclusions provided for in Chapter I shall not apply where the farmer submitted factually correct information or where he can show otherwise that he is not at fault.

2. The reductions and exclusions provided for in Chapter I shall not apply with regard to the parts of the aid application as to which the farmer informs the competent authority in writing that the aid application is incorrect or has become incorrect since it was lodged, provided that the farmer has not been informed of the competent authority's intention to carry out an on-the-spot check and that the authority has not already informed the farmer of any irregularity in the application.The information given by the farmer as referred to in the first subparagraph shall have the effect that the aid application is adjusted to the actual situation.

### REFERENCED ARTICLES — none. The target article cites no other article of this act.

### REFERENCED ARTICLES FROM OTHER ACTS — none. The target article cites no article of another act in the corpus.

### REFERENCED ANNEXES — none. The target article cites no resolvable annex.",4272743a59a67a8c5f258f8c4f24f5059cf854c8316208400754e84ed7e7daf5,no_refs,32004R0796,http://data.europa.eu/eli/reg/2004/796/art_68/oj,"Commission Regulation (EC) No 796/2004 of 21 april 2004 laying down detailed rules for the implementation of cross-compliance, modulation and the integrated administration and control system provided for in of Council Regulation (EC) No 1782/2003 establishing common rules for direct support schemes under the common agricultural policy and establishing certain support schemes for farmers",jev,completed,,0.44,fact_pattern,fact_pattern,~typesafe/jev-latest,,"{""fact_pattern"": 0.63, ""lookup"": 0.37, ""skip"": 0}"
eurlex,32013R0952,"Means for the exchange and storage of information and common data requirements

1. All exchanges of information, such as declarations, applications or decisions, between customs authorities and between economic operators and customs authorities, and the storage of such information, as required under the customs legislation, shall be made using electronic data-processing techniques.

2. Common data requirements shall be drawn up for the purpose of the exchange and storage of information referred to in paragraph 1.

3. Means for the exchange and storage of information, other than the electronic data-processing techniques referred to in paragraph 1, may be used as follows:

(a)
on a permanent basis where duly justified by the type of traffic or where the use of electronic data-processing techniques is not appropriate for the customs formalities concerned;

(b)
on a temporary basis, in the event of a temporary failure of the computerised system of the customs authorities or of the economic operators.

4. By way of derogation from paragraph 1, the Commission may adopt in exceptional cases decisions allowing one or several Member States to use means for the exchange and storage of information other than electronic data-processing techniques.Such a decision on a derogation shall be justified by the specific situation of the Member State requesting it and the derogation shall be granted for a specific period of time. The derogation shall be reviewed periodically and may be extended for further specific periods of time upon further application by the Member State to which it is addressed. It shall be revoked where no longer justified.The derogation shall not affect the exchange of information between the Member State to which it is addressed and other Member States nor the exchange and storage of information in other Member States for the purpose of the application of the customs legislation.",False,"### TARGET ARTICLE — write the questions about THIS article

[EN] Article 6 — Means for the exchange and storage of information and common data requirements
  Act: Regulation (EU) No 952/2013 of the European Parliament and of the Council of 9 October 2013 laying down the Union Customs Code (recast)
  Location: CHAPTER 2 Rights and obligations of persons with regard to the customs legislation › Section 1 Provision of information
Means for the exchange and storage of information and common data requirements

1. All exchanges of information, such as declarations, applications or decisions, between customs authorities and between economic operators and customs authorities, and the storage of such information, as required under the customs legislation, shall be made using electronic data-processing techniques.

2. Common data requirements shall be drawn up for the purpose of the exchange and storage of information referred to in paragraph 1.

3. Means for the exchange and storage of information, other than the electronic data-processing techniques referred to in paragraph 1, may be used as follows:

(a)
on a permanent basis where duly justified by the type of traffic or where the use of electronic data-processing techniques is not appropriate for the customs formalities concerned;

(b)
on a temporary basis, in the event of a temporary failure of the computerised system of the customs authorities or of the economic operators.

4. By way of derogation from paragraph 1, the Commission may adopt in exceptional cases decisions allowing one or several Member States to use means for the exchange and storage of information other than electronic data-processing techniques.Such a decision on a derogation shall be justified by the specific situation of the Member State requesting it and the derogation shall be granted for a specific period of time. The derogation shall be reviewed periodically and may be extended for further specific periods of time upon further application by the Member State to which it is addressed. It shall be revoked where no longer justified.The derogation shall not affect the exchange of information between the Member State to which it is addressed and other Member States nor the exchange and storage of information in other Member States for the purpose of the application of the customs legislation.

### REFERENCED ARTICLES — none. The target article cites no other article of this act.

### REFERENCED ARTICLES FROM OTHER ACTS — none. The target article cites no article of another act in the corpus.

### REFERENCED ANNEXES — none. The target article cites no resolvable annex.",ebb96ce0316f1181084895e1dd4fd079d04ffdcd751b2305734d860c41ca5b6b,no_refs,32013R0952,http://data.europa.eu/eli/reg/2013/952/art_6/oj,Regulation (EU) No 952/2013 of the European Parliament and of the Council of 9 October 2013 laying down the Union Customs Code (recast),jev,completed,,0.65,lookup,lookup,~typesafe/jev-latest,,"{""fact_pattern"": 0.23, ""lookup"": 0.77, ""skip"": 0}"
eurlex,32010L0013,"1. Member States shall ensure that on-demand audiovisual media services provided by media service providers under their jurisdiction promote, where practicable and by appropriate means, the production of and access to European works. Such promotion could relate, inter alia, to the financial contribution made by such services to the production and rights acquisition of European works or to the share and/or prominence of European works in the catalogue of programmes offered by the on-demand audiovisual media service.

2. Member States shall report to the Commission no later than 19 December 2011 and every 4 years thereafter on the implementation of paragraph 1.

3. The Commission shall, on the basis of the information provided by Member States and of an independent study, report to the European Parliament and to the Council on the application of paragraph 1, taking into account the market and technological developments and the objective of cultural diversity.",False,"### TARGET ARTICLE — write the questions about THIS article

[EN] Article 13
  Act: Directive 2010/13/EU of the European Parliament and of the Council of 10 March 2010 on the coordination of certain provisions laid down by law, regulation or administrative action in Member States concerning the provision of audiovisual media services (Audiovisual Media Services Directive) (codified version) (Text with EEA relevance)
  Location: CHAPTER IV PROVISIONS APPLICABLE ONLY TO ON-DEMAND AUDIOVISUAL MEDIA SERVICES
1. Member States shall ensure that on-demand audiovisual media services provided by media service providers under their jurisdiction promote, where practicable and by appropriate means, the production of and access to European works. Such promotion could relate, inter alia, to the financial contribution made by such services to the production and rights acquisition of European works or to the share and/or prominence of European works in the catalogue of programmes offered by the on-demand audiovisual media service.

2. Member States shall report to the Commission no later than 19 December 2011 and every 4 years thereafter on the implementation of paragraph 1.

3. The Commission shall, on the basis of the information provided by Member States and of an independent study, report to the European Parliament and to the Council on the application of paragraph 1, taking into account the market and technological developments and the objective of cultural diversity.

### REFERENCED ARTICLES — none. The target article cites no other article of this act.

### REFERENCED ARTICLES FROM OTHER ACTS — none. The target article cites no article of another act in the corpus.

### REFERENCED ANNEXES — none. The target article cites no resolvable annex.",b195d57b538d6a435518804adda4644aa88a315107346f410474f9f557be9780,no_refs,32010L0013,http://data.europa.eu/eli/dir/2010/13/art_13/oj,"Directive 2010/13/EU of the European Parliament and of the Council of 10 March 2010 on the coordination of certain provisions laid down by law, regulation or administrative action in Member States concerning the provision of audiovisual media services (Audiovisual Media Services Directive) (codified version) (Text with EEA relevance)",jev,completed,,0.84,lookup,lookup,~typesafe/jev-latest,,"{""fact_pattern"": 0.1, ""lookup"": 0.9, ""skip"": 0}"
eurlex,32010R0113,"Importing and exporting Member States

1. The data on the importing or exporting Member States shall be coded in accordance with the nomenclature of countries and territories for the external trade statistics of the European Union and statistics of trade between Member States as laid down by the Commission, hereinafter referred to as the ‘Geonomenclature’.

2. The data on the Member State where the customs declaration is lodged shall indicate the Member State with whose customs administration the customs declaration is lodged, or if a simplified procedure as defined in the Customs Code is used, to whose customs administration the supplementary declaration is submitted, including, if allowed by the customs authorities, the respective entry in the declarant’s records.

3. On import, the data on the Member State of destination shall indicate the Member State to which it is known, at the time of release into the customs procedure, that the goods will be dispatched without any commercial transactions or other operations which change the legal status of the goods taking place in any intermediate Member State.Failing that, the data shall indicate the Member State where the goods are located at the time of release into the customs procedure.Where goods are imported with a view to processing under customs supervision, the Member State of destination shall be the Member State where the first processing activity is carried out.

4. On export, the data on the Member State of actual export shall indicate the Member State from which it is known, at the time of release into the customs procedure, the goods are dispatched without any commercial transaction or other operations which change the legal status of the goods taking place in any intermediate Member State before release into the customs procedure.Where goods are exported following processing under customs supervision, the Member State where the last processing activity was carried out shall be the Member State of actual export.",False,"### TARGET ARTICLE — write the questions about THIS article

[EN] Article 6 — Importing and exporting Member States
  Act: Commission Regulation (EU) No 113/2010 of 9 February 2010 implementing Regulation (EC) No 471/2009 of the European Parliament and of the Council on Community statistics relating to external trade with non-member countries, as regards trade coverage, definition of the data, compilation of statistics on trade by business characteristics and by invoicing currency, and specific goods or movements (Text with EEA relevance)
  Location: CHAPTER 2 DATA DEFINITION AND SPECIFICATION
Importing and exporting Member States

1. The data on the importing or exporting Member States shall be coded in accordance with the nomenclature of countries and territories for the external trade statistics of the European Union and statistics of trade between Member States as laid down by the Commission, hereinafter referred to as the ‘Geonomenclature’.

2. The data on the Member State where the customs declaration is lodged shall indicate the Member State with whose customs administration the customs declaration is lodged, or if a simplified procedure as defined in the Customs Code is used, to whose customs administration the supplementary declaration is submitted, including, if allowed by the customs authorities, the respective entry in the declarant’s records.

3. On import, the data on the Member State of destination shall indicate the Member State to which it is known, at the time of release into the customs procedure, that the goods will be dispatched without any commercial transactions or other operations which change the legal status of the goods taking place in any intermediate Member State.Failing that, the data shall indicate the Member State where the goods are located at the time of release into the customs procedure.Where goods are imported with a view to processing under customs supervision, the Member State of destination shall be the Member State where the first processing activity is carried out.

4. On export, the data on the Member State of actual export shall indicate the Member State from which it is known, at the time of release into the customs procedure, the goods are dispatched without any commercial transaction or other operations which change the legal status of the goods taking place in any intermediate Member State before release into the customs procedure.Where goods are exported following processing under customs supervision, the Member State where the last processing activity was carried out shall be the Member State of actual export.

### REFERENCED ARTICLES — none. The target article cites no other article of this act.

### REFERENCED ARTICLES FROM OTHER ACTS — none. The target article cites no article of another act in the corpus.

### REFERENCED ANNEXES — none. The target article cites no resolvable annex.",8be0e7696aab7bcfb6ba22197da9672bf354c714a82ed60a758df2e180b70107,no_refs,32010R0113,http://data.europa.eu/eli/reg/2010/113/art_6/oj,"Commission Regulation (EU) No 113/2010 of 9 February 2010 implementing Regulation (EC) No 471/2009 of the European Parliament and of the Council on Community statistics relating to external trade with non-member countries, as regards trade coverage, definition of the data, compilation of statistics on trade by business characteristics and by invoicing currency, and specific goods or movements (Text with EEA relevance)",jev,completed,,0.64,lookup,lookup,~typesafe/jev-latest,,"{""fact_pattern"": 0.23, ""lookup"": 0.77, ""skip"": 0}"
eurlex,32013R0885,"Definitions

For the purposes of this Regulation the following definitions shall apply:

(1)
‘safe and secure parking place’ means a parking place for commercial users allowing them to avoid unsuitable parking and contributing to safety of drivers and freight;

(2)
‘user’ means any truck or commercial vehicle driver, dispatcher, haulier, traffic management body, or any other body such as cargo owners, insurance companies, road authorities, and police forces. They should obtain the information from the service providers;

(3)
‘service provider’ means any public or private body that provides the information service to users;

(4)
‘data’ means information provided by a truck parking operator which describes the truck parking area;

(5)
‘information’ means any aggregated, processed and/or extracted data, offered by the service provider to the users through different channels;

(6)
‘information service’ means any service which provides guidance to its users, allowing them to comply with mandatory rest periods and breaks, to reduce unsuitable parking and optimise the use of parking places;

(7)
‘feedback from the users’ means information provided by users of the parking places, giving personal and anonymous advice to other future users and to truck parking area operators;

(8)
‘dynamic information’ means information indicating, at any given time, the available parking capacity available in a parking area or its current status (free/full/closed) of a parking area;

(9)
‘static information’ means information provided by the parking area operator relating to the description of the parking area;

(10)
‘reliability of information’ refers to the accuracy of the information service provided in comparison to the real situation;

(11)
‘unsuitable parking’ means stopping or parking of heavy goods vehicles outside of safe and secure parking places on motorways or corridors, on hard shoulders, or inside overcrowded parking places;

(12)
‘access point’ means a digital point of access where the information on parking places is collected, processed, and made available to be disseminated. These points of access will provide the possibility to disseminate the information services across borders;

(13)
‘priority zone’ means a section, as defined by the national authorities, where there is a shortage of spaces at one or several safe and secure parking places, which can be alleviated by providing information on other unused parking capacities in the same zone.",False,"### TARGET ARTICLE — write the questions about THIS article

[EN] Article 2 — Definitions
  Act: Commission Delegated Regulation (EU) No 885/2013 of 15 May 2013 supplementing ITS Directive 2010/40/EU of the European Parliament and of the Council with regard to the provision of information services for safe and secure parking places for trucks and commercial vehicles (Text with EEA relevance)
Definitions

For the purposes of this Regulation the following definitions shall apply:

(1)
‘safe and secure parking place’ means a parking place for commercial users allowing them to avoid unsuitable parking and contributing to safety of drivers and freight;

(2)
‘user’ means any truck or commercial vehicle driver, dispatcher, haulier, traffic management body, or any other body such as cargo owners, insurance companies, road authorities, and police forces. They should obtain the information from the service providers;

(3)
‘service provider’ means any public or private body that provides the information service to users;

(4)
‘data’ means information provided by a truck parking operator which describes the truck parking area;

(5)
‘information’ means any aggregated, processed and/or extracted data, offered by the service provider to the users through different channels;

(6)
‘information service’ means any service which provides guidance to its users, allowing them to comply with mandatory rest periods and breaks, to reduce unsuitable parking and optimise the use of parking places;

(7)
‘feedback from the users’ means information provided by users of the parking places, giving personal and anonymous advice to other future users and to truck parking area operators;

(8)
‘dynamic information’ means information indicating, at any given time, the available parking capacity available in a parking area or its current status (free/full/closed) of a parking area;

(9)
‘static information’ means information provided by the parking area operator relating to the description of the parking area;

(10)
‘reliability of information’ refers to the accuracy of the information service provided in comparison to the real situation;

(11)
‘unsuitable parking’ means stopping or parking of heavy goods vehicles outside of safe and secure parking places on motorways or corridors, on hard shoulders, or inside overcrowded parking places;

(12)
‘access point’ means a digital point of access where the information on parking places is collected, processed, and made available to be disseminated. These points of access will provide the possibility to disseminate the information services across borders;

(13)
‘priority zone’ means a section, as defined by the national authorities, where there is a shortage of spaces at one or several safe and secure parking places, which can be alleviated by providing information on other unused parking capacities in the same zone.

### REFERENCED ARTICLES — none. The target article cites no other article of this act.

### REFERENCED ARTICLES FROM OTHER ACTS — none. The target article cites no article of another act in the corpus.

### REFERENCED ANNEXES — none. The target article cites no resolvable annex.",c3b21cbc082ad6c10c3fc9fd231287e7b60dcb44d59961c82a67f04681e29591,no_refs,32013R0885,http://data.europa.eu/eli/reg_del/2013/885/art_2/oj,Commission Delegated Regulation (EU) No 885/2013 of 15 May 2013 supplementing ITS Directive 2010/40/EU of the European Parliament and of the Council with regard to the provision of information services for safe and secure parking places for trucks and commercial vehicles (Text with EEA relevance),jev,completed,,0.96,lookup,lookup,~typesafe/jev-latest,,"{""fact_pattern"": 0.02, ""lookup"": 0.98, ""skip"": 0}"
eurlex,32011R1034,"Corrective actions

1. Competent authorities shall communicate the audit findings to audited organisations and shall simultaneously request corrective actions to address the non-conformities identified without prejudice to any additional action required by the applicable safety regulatory requirements.

2. Audited organisations shall determine the corrective actions deemed necessary to correct non-conformities and the time frame for their implementation.

3. Competent authorities shall assess the corrective actions as well as their implementation as determined by audited organisations and accept them if the assessment concludes that they are sufficient to address the non-conformities.

4. Audited organisations shall initiate the corrective actions accepted by competent authorities. These corrective actions and the subsequent follow-up process shall be completed within the time period accepted by competent authorities.",False,"### TARGET ARTICLE — write the questions about THIS article

[EN] Article 8 — Corrective actions
  Act: Commission Implementing Regulation (EU) No 1034/2011 of 17 October 2011 on safety oversight in air traffic management and air navigation services and amending Regulation (EU) No 691/2010 (Text with EEA relevance)
Corrective actions

1. Competent authorities shall communicate the audit findings to audited organisations and shall simultaneously request corrective actions to address the non-conformities identified without prejudice to any additional action required by the applicable safety regulatory requirements.

2. Audited organisations shall determine the corrective actions deemed necessary to correct non-conformities and the time frame for their implementation.

3. Competent authorities shall assess the corrective actions as well as their implementation as determined by audited organisations and accept them if the assessment concludes that they are sufficient to address the non-conformities.

4. Audited organisations shall initiate the corrective actions accepted by competent authorities. These corrective actions and the subsequent follow-up process shall be completed within the time period accepted by competent authorities.

### REFERENCED ARTICLES — none. The target article cites no other article of this act.

### REFERENCED ARTICLES FROM OTHER ACTS — none. The target article cites no article of another act in the corpus.

### REFERENCED ANNEXES — none. The target article cites no resolvable annex.",b2d62d2de9a77d040e25a76da16d0c5dd4660c332657c665ef812324c2607582,no_refs,32011R1034,http://data.europa.eu/eli/reg_impl/2011/1034/art_8/oj,Commission Implementing Regulation (EU) No 1034/2011 of 17 October 2011 on safety oversight in air traffic management and air navigation services and amending Regulation (EU) No 691/2010 (Text with EEA relevance),jev,completed,,0.6,lookup,lookup,~typesafe/jev-latest,,"{""fact_pattern"": 0.26, ""lookup"": 0.74, ""skip"": 0}"
eurlex,32014L0104,"Subject matter and scope

1. This Directive sets out certain rules necessary to ensure that anyone who has suffered harm caused by an infringement of competition law by an undertaking or by an association of undertakings can effectively exercise the right to claim full compensation for that harm from that undertaking or association. It sets out rules fostering undistorted competition in the internal market and removing obstacles to its proper functioning, by ensuring equivalent protection throughout the Union for anyone who has suffered such harm.

2. This Directive sets out rules coordinating the enforcement of the competition rules by competition authorities and the enforcement of those rules in damages actions before national courts.",False,"### TARGET ARTICLE — write the questions about THIS article

[EN] Article 1 — Subject matter and scope
  Act: Directive 2014/104/EU of the European Parliament and of the Council of 26 November 2014 on certain rules governing actions for damages under national law for infringements of the competition law provisions of the Member States and of the European Union (Text with EEA relevance)
  Location: CHAPTER I SUBJECT MATTER, SCOPE AND DEFINITIONS
Subject matter and scope

1. This Directive sets out certain rules necessary to ensure that anyone who has suffered harm caused by an infringement of competition law by an undertaking or by an association of undertakings can effectively exercise the right to claim full compensation for that harm from that undertaking or association. It sets out rules fostering undistorted competition in the internal market and removing obstacles to its proper functioning, by ensuring equivalent protection throughout the Union for anyone who has suffered such harm.

2. This Directive sets out rules coordinating the enforcement of the competition rules by competition authorities and the enforcement of those rules in damages actions before national courts.

### REFERENCED ARTICLES — none. The target article cites no other article of this act.

### REFERENCED ARTICLES FROM OTHER ACTS — none. The target article cites no article of another act in the corpus.

### REFERENCED ANNEXES — none. The target article cites no resolvable annex.",71b598a25d111924601198d459bbf426b92f9a85741e434557a6739c4a64e53b,no_refs,32014L0104,http://data.europa.eu/eli/dir/2014/104/art_1/oj,Directive 2014/104/EU of the European Parliament and of the Council of 26 November 2014 on certain rules governing actions for damages under national law for infringements of the competition law provisions of the Member States and of the European Union (Text with EEA relevance),jev,completed,,0.88,lookup,lookup,~typesafe/jev-latest,,"{""fact_pattern"": 0.06, ""lookup"": 0.92, ""skip"": 0.02}"
eurlex,32007R1566,"Data on the functioning of the electronic reporting system

1. Member States shall maintain databases on the functioning of their electronic reporting system. They shall contain at least the following information:

(a)
the list of fishing vessels flying their flag whose electronic reporting systems have experienced technical failure or have failed to function;

(b)
the number of electronic logbook transmissions received per day and the average number of transmissions received per vessel, broken down by flag Member State;

(c)
the number of landing declaration, transhipment declaration, takeover declaration and sales note transmissions received, broken down by flag State.

2. Summaries of information on the functioning of Member States’ electronic reporting systems shall be sent to the Commission on its request in a format and at time intervals to be decided in consultation between Member States and the Commission.",False,"### TARGET ARTICLE — write the questions about THIS article

[EN] Article 13 — Data on the functioning of the electronic reporting system
  Act: Commission Regulation (EC) No 1566/2007 of 21 December 2007 laying down detailed rules for the implementation of Council Regulation (EC) No 1966/2006 on electronic recording and reporting of fishing activities and on means of remote sensing
  Location: CHAPTER IV FUNCTIONING OF ELECTRONIC RECORDING AND REPORTING SYSTEMS
Data on the functioning of the electronic reporting system

1. Member States shall maintain databases on the functioning of their electronic reporting system. They shall contain at least the following information:

(a)
the list of fishing vessels flying their flag whose electronic reporting systems have experienced technical failure or have failed to function;

(b)
the number of electronic logbook transmissions received per day and the average number of transmissions received per vessel, broken down by flag Member State;

(c)
the number of landing declaration, transhipment declaration, takeover declaration and sales note transmissions received, broken down by flag State.

2. Summaries of information on the functioning of Member States’ electronic reporting systems shall be sent to the Commission on its request in a format and at time intervals to be decided in consultation between Member States and the Commission.

### REFERENCED ARTICLES — none. The target article cites no other article of this act.

### REFERENCED ARTICLES FROM OTHER ACTS — none. The target article cites no article of another act in the corpus.

### REFERENCED ANNEXES — none. The target article cites no resolvable annex.",a850406d2cd485bad6920bd3d5a8f177553a8527f7a12dc483f83450dd0f17fa,no_refs,32007R1566,http://data.europa.eu/eli/reg/2007/1566/art_13/oj,Commission Regulation (EC) No 1566/2007 of 21 December 2007 laying down detailed rules for the implementation of Council Regulation (EC) No 1966/2006 on electronic recording and reporting of fishing activities and on means of remote sensing,jev,completed,,0.95,lookup,lookup,~typesafe/jev-latest,,"{""fact_pattern"": 0.03, ""lookup"": 0.97, ""skip"": 0}"
eurlex,32009R0987,"Elements for determining residence

1. Where there is a difference of views between the institutions of two or more Member States about the determination of the residence of a person to whom the basic Regulation applies, these institutions shall establish by common agreement the centre of interests of the person concerned, based on an overall assessment of all available information relating to relevant facts, which may include, as appropriate:

(a)
the duration and continuity of presence on the territory of the Member States concerned;

(b)
the person’s situation, including:

(i)
the nature and the specific characteristics of any activity pursued, in particular the place where such activity is habitually pursued, the stability of the activity, and the duration of any work contract;

(ii)
his family status and family ties;

(iii)
the exercise of any non-remunerated activity;

(iv)
in the case of students, the source of their income;

(v)
his housing situation, in particular how permanent it is;

(vi)
the Member State in which the person is deemed to reside for taxation purposes.

2. Where the consideration of the various criteria based on relevant facts as set out in paragraph 1 does not lead to agreement between the institutions concerned, the person’s intention, as it appears from such facts and circumstances, especially the reasons that led the person to move, shall be considered to be decisive for establishing that person’s actual place of residence.",False,"### TARGET ARTICLE — write the questions about THIS article

[EN] Article 11 — Elements for determining residence
  Act: Regulation (EC) No 987/2009 of the European Parliament and of the Council of 16 September 2009 laying down the procedure for implementing Regulation (EC) No 883/2004 on the coordination of social security systems (Text with relevance for the EEA and for Switzerland)
  Location: CHAPTER III Other general provisions for the application of the basic Regulation
Elements for determining residence

1. Where there is a difference of views between the institutions of two or more Member States about the determination of the residence of a person to whom the basic Regulation applies, these institutions shall establish by common agreement the centre of interests of the person concerned, based on an overall assessment of all available information relating to relevant facts, which may include, as appropriate:

(a)
the duration and continuity of presence on the territory of the Member States concerned;

(b)
the person’s situation, including:

(i)
the nature and the specific characteristics of any activity pursued, in particular the place where such activity is habitually pursued, the stability of the activity, and the duration of any work contract;

(ii)
his family status and family ties;

(iii)
the exercise of any non-remunerated activity;

(iv)
in the case of students, the source of their income;

(v)
his housing situation, in particular how permanent it is;

(vi)
the Member State in which the person is deemed to reside for taxation purposes.

2. Where the consideration of the various criteria based on relevant facts as set out in paragraph 1 does not lead to agreement between the institutions concerned, the person’s intention, as it appears from such facts and circumstances, especially the reasons that led the person to move, shall be considered to be decisive for establishing that person’s actual place of residence.

### REFERENCED ARTICLES — none. The target article cites no other article of this act.

### REFERENCED ARTICLES FROM OTHER ACTS — none. The target article cites no article of another act in the corpus.

### REFERENCED ANNEXES — none. The target article cites no resolvable annex.",a2a25ca3a1dd712de6b4586d48bc57f1c3afc0ab3c38b8eafc08b0ff7fc27d7b,no_refs,32009R0987,http://data.europa.eu/eli/reg/2009/987/art_11/oj,Regulation (EC) No 987/2009 of the European Parliament and of the Council of 16 September 2009 laying down the procedure for implementing Regulation (EC) No 883/2004 on the coordination of social security systems (Text with relevance for the EEA and for Switzerland),jev,completed,,0.36,fact_pattern,fact_pattern,~typesafe/jev-latest,,"{""fact_pattern"": 0.58, ""lookup"": 0.42, ""skip"": 0}"
eurlex,32009L0071,"Legislative, regulatory and organisational framework

1. Member States shall establish and maintain a national legislative, regulatory and organisational framework (hereinafter referred to as the ‘national framework’) for nuclear safety of nuclear installations that allocates responsibilities and provides for coordination between relevant state bodies. The national framework shall establish responsibilities for:

(a)
the adoption of national nuclear safety requirements. The determination on how they are adopted and through which instrument they are applied rests with the competence of the Member States;

(b)
the provision of a system of licensing and prohibition of operation of nuclear installations without a licence;

(c)
the provision of a system of nuclear safety supervision;

(d)
enforcement actions, including suspension of operation and modification or revocation of a licence.

2. Member States shall ensure that the national framework is maintained and improved when appropriate, taking into account operating experience, insights gained from safety analyses for operating nuclear installations, development of technology and results of safety research, when available and relevant.",False,"### TARGET ARTICLE — write the questions about THIS article

[EN] Article 4 — Legislative, regulatory and organisational framework
  Act: Council Directive 2009/71/ Euratom of 25 June 2009 establishing a Community framework for the nuclear safety of nuclear installations
  Location: CHAPTER 2 OBLIGATIONS
Legislative, regulatory and organisational framework

1. Member States shall establish and maintain a national legislative, regulatory and organisational framework (hereinafter referred to as the ‘national framework’) for nuclear safety of nuclear installations that allocates responsibilities and provides for coordination between relevant state bodies. The national framework shall establish responsibilities for:

(a)
the adoption of national nuclear safety requirements. The determination on how they are adopted and through which instrument they are applied rests with the competence of the Member States;

(b)
the provision of a system of licensing and prohibition of operation of nuclear installations without a licence;

(c)
the provision of a system of nuclear safety supervision;

(d)
enforcement actions, including suspension of operation and modification or revocation of a licence.

2. Member States shall ensure that the national framework is maintained and improved when appropriate, taking into account operating experience, insights gained from safety analyses for operating nuclear installations, development of technology and results of safety research, when available and relevant.

### REFERENCED ARTICLES — none. The target article cites no other article of this act.

### REFERENCED ARTICLES FROM OTHER ACTS — none. The target article cites no article of another act in the corpus.

### REFERENCED ANNEXES — none. The target article cites no resolvable annex.",ca892574fca268e87c123e171829473564d0850c345b70c03b143af8c558d15b,no_refs,32009L0071,http://data.europa.eu/eli/dir/2009/71/art_4/oj,Council Directive 2009/71/ Euratom of 25 June 2009 establishing a Community framework for the nuclear safety of nuclear installations,jev,completed,,0.94,lookup,lookup,~typesafe/jev-latest,,"{""fact_pattern"": 0.04, ""lookup"": 0.96, ""skip"": 0}"
eurlex,32006L0024,"Transposition

1. Member States shall bring into force the laws, regulations and administrative provisions necessary to comply with this Directive by no later than 15 September 2007. They shall forthwith inform the Commission thereof. When Member States adopt those measures, they shall contain a reference to this Directive or shall be accompanied by such reference on the occasion of their official publication. The methods of making such reference shall be laid down by Member States.

2. Member States shall communicate to the Commission the text of the main provisions of national law which they adopt in the field covered by this Directive.

3. Until 15 March 2009, each Member State may postpone application of this Directive to the retention of communications data relating to Internet Access, Internet telephony and Internet e-mail. Any Member State that intends to make use of this paragraph shall, upon adoption of this Directive, notify the Council and the Commission to that effect by way of a declaration. The declaration shall be published in the Official Journal of the European Union .",False,"### TARGET ARTICLE — write the questions about THIS article

[EN] Article 15 — Transposition
  Act: Directive 2006/24/EC of the European Parliament and of the Council of 15 March 2006 on the retention of data generated or processed in connection with the provision of publicly available electronic communications services or of public communications networks and amending Directive 2002/58/EC
Transposition

1. Member States shall bring into force the laws, regulations and administrative provisions necessary to comply with this Directive by no later than 15 September 2007. They shall forthwith inform the Commission thereof. When Member States adopt those measures, they shall contain a reference to this Directive or shall be accompanied by such reference on the occasion of their official publication. The methods of making such reference shall be laid down by Member States.

2. Member States shall communicate to the Commission the text of the main provisions of national law which they adopt in the field covered by this Directive.

3. Until 15 March 2009, each Member State may postpone application of this Directive to the retention of communications data relating to Internet Access, Internet telephony and Internet e-mail. Any Member State that intends to make use of this paragraph shall, upon adoption of this Directive, notify the Council and the Commission to that effect by way of a declaration. The declaration shall be published in the Official Journal of the European Union .

### REFERENCED ARTICLES — none. The target article cites no other article of this act.

### REFERENCED ARTICLES FROM OTHER ACTS — none. The target article cites no article of another act in the corpus.

### REFERENCED ANNEXES — none. The target article cites no resolvable annex.",7aee57e87bdbc5e2a4eac72cbd346aa96042016c94d9790a0576f0176b73dcdc,no_refs,32006L0024,http://data.europa.eu/eli/dir/2006/24/art_15/oj,Directive 2006/24/EC of the European Parliament and of the Council of 15 March 2006 on the retention of data generated or processed in connection with the provision of publicly available electronic communications services or of public communications networks and amending Directive 2002/58/EC,jev,completed,,0.39,skip,skip,~typesafe/jev-latest,,"{""fact_pattern"": 0.04, ""lookup"": 0.37, ""skip"": 0.59}"
eurlex,32011L0093,"Measures against websites containing or disseminating child pornography

1. Member States shall take the necessary measures to ensure the prompt removal of web pages containing or disseminating child pornography hosted in their territory and to endeavour to obtain the removal of such pages hosted outside of their territory.

2. Member States may take measures to block access to web pages containing or disseminating child pornography towards the Internet users within their territory. These measures must be set by transparent procedures and provide adequate safeguards, in particular to ensure that the restriction is limited to what is necessary and proportionate, and that users are informed of the reason for the restriction. Those safeguards shall also include the possibility of judicial redress.",False,"### TARGET ARTICLE — write the questions about THIS article

[EN] Article 25 — Measures against websites containing or disseminating child pornography
  Act: Directive 2011/92/EU of the European Parliament and of the Council of 13 December 2011 on combating the sexual abuse and sexual exploitation of children and child pornography, and replacing Council Framework Decision 2004/68/JHA
Measures against websites containing or disseminating child pornography

1. Member States shall take the necessary measures to ensure the prompt removal of web pages containing or disseminating child pornography hosted in their territory and to endeavour to obtain the removal of such pages hosted outside of their territory.

2. Member States may take measures to block access to web pages containing or disseminating child pornography towards the Internet users within their territory. These measures must be set by transparent procedures and provide adequate safeguards, in particular to ensure that the restriction is limited to what is necessary and proportionate, and that users are informed of the reason for the restriction. Those safeguards shall also include the possibility of judicial redress.

### REFERENCED ARTICLES — none. The target article cites no other article of this act.

### REFERENCED ARTICLES FROM OTHER ACTS — none. The target article cites no article of another act in the corpus.

### REFERENCED ANNEXES — none. The target article cites no resolvable annex.",33d5884f208680acb7cd1b14bcaac192c6e0b8e2cf61f9945a8c153b46309251,no_refs,32011L0093,http://data.europa.eu/eli/dir/2011/93/art_25/oj,"Directive 2011/92/EU of the European Parliament and of the Council of 13 December 2011 on combating the sexual abuse and sexual exploitation of children and child pornography, and replacing Council Framework Decision 2004/68/JHA",jev,completed,,0.74,lookup,lookup,~typesafe/jev-latest,,"{""fact_pattern"": 0.17, ""lookup"": 0.83, ""skip"": 0}"
eurlex,32004L0098,"1. Member States shall adopt and publish, by 1 January 2005 at the latest, the laws, regulations and administrative provisions necessary to comply with this Directive. They shall forthwith communicate to the Commission the text of those provisions and a correlation table between those provisions and this Directive.They shall apply those provisions from 1 January 2005 at the latest.When Member States adopt those provisions, these shall contain a reference to this Directive or be accompanied by such a reference on the occasion of their official publication. Member States shall determine how such reference is to be made.

2. Member States shall communicate to the Commission the text of the main provisions of national law which they adopt in the field covered by this Directive.",False,"### TARGET ARTICLE — write the questions about THIS article

[EN] Article 2
  Act: Commission Directive 2004/98/EC of 30 September 2004 amending Council Directive 76/769/EEC as regards restrictions on the marketing and use of pentabromodiphenyl ether in aircraft emergency evacuation systems for the purpose of adapting its Annex I to technical progress (Text with EEA relevance)
1. Member States shall adopt and publish, by 1 January 2005 at the latest, the laws, regulations and administrative provisions necessary to comply with this Directive. They shall forthwith communicate to the Commission the text of those provisions and a correlation table between those provisions and this Directive.They shall apply those provisions from 1 January 2005 at the latest.When Member States adopt those provisions, these shall contain a reference to this Directive or be accompanied by such a reference on the occasion of their official publication. Member States shall determine how such reference is to be made.

2. Member States shall communicate to the Commission the text of the main provisions of national law which they adopt in the field covered by this Directive.

### REFERENCED ARTICLES — none. The target article cites no other article of this act.

### REFERENCED ARTICLES FROM OTHER ACTS — none. The target article cites no article of another act in the corpus.

### REFERENCED ANNEXES — none. The target article cites no resolvable annex.",bd0b9ff7b2075e49bf78963790d1e862da70427ef30674ae5cbb15c711f92642,no_refs,32004L0098,http://data.europa.eu/eli/dir/2004/98/art_2/oj,Commission Directive 2004/98/EC of 30 September 2004 amending Council Directive 76/769/EEC as regards restrictions on the marketing and use of pentabromodiphenyl ether in aircraft emergency evacuation systems for the purpose of adapting its Annex I to technical progress (Text with EEA relevance),jev,completed,,0.6,skip,skip,~typesafe/jev-latest,,"{""fact_pattern"": 0.03, ""lookup"": 0.24, ""skip"": 0.73}"
eurlex,32007L0067,"1. Member States shall adopt and publish, by 31 December 2007 at the latest, the laws, regulations and administrative provisions necessary to comply with this Directive. They shall forthwith communicate to the Commission the text of those provisions and a correlation table between those provisions and this Directive.They shall apply those provisions from 1 January 2008.When Member States adopt those provisions, they shall contain a reference to this Directive or be accompanied by such a reference on the occasion of their official publication. Member States shall determine how such reference is to be made.

2. Member States shall communicate to the Commission the text of the main provisions of national law which they adopt in the field covered by this Directive.",False,"### TARGET ARTICLE — write the questions about THIS article

[EN] Article 2
  Act: Commission Directive 2007/67/EC of 22 November 2007 amending Council Directive 76/768/EEC, concerning cosmetic products, for the purpose of adapting Annex III thereto to technical progress (Text with EEA relevance)
1. Member States shall adopt and publish, by 31 December 2007 at the latest, the laws, regulations and administrative provisions necessary to comply with this Directive. They shall forthwith communicate to the Commission the text of those provisions and a correlation table between those provisions and this Directive.They shall apply those provisions from 1 January 2008.When Member States adopt those provisions, they shall contain a reference to this Directive or be accompanied by such a reference on the occasion of their official publication. Member States shall determine how such reference is to be made.

2. Member States shall communicate to the Commission the text of the main provisions of national law which they adopt in the field covered by this Directive.

### REFERENCED ARTICLES — none. The target article cites no other article of this act.

### REFERENCED ARTICLES FROM OTHER ACTS — none. The target article cites no article of another act in the corpus.

### REFERENCED ANNEXES — none. The target article cites no resolvable annex.",5de31b69c5ab9995218c88bd5dffe3f3061dc0bd58911774967643a8ae4c301a,no_refs,32007L0067,http://data.europa.eu/eli/dir/2007/67/art_2/oj,"Commission Directive 2007/67/EC of 22 November 2007 amending Council Directive 76/768/EEC, concerning cosmetic products, for the purpose of adapting Annex III thereto to technical progress (Text with EEA relevance)",jev,completed,,0.63,skip,skip,~typesafe/jev-latest,,"{""fact_pattern"": 0.02, ""lookup"": 0.22, ""skip"": 0.76}"
eurlex,32009R0260,"1. Member States shall communicate to the Commission within the first 10 days of each month in the case of Community or regional surveillance:

(a)
in the case of prior surveillance, details of the sums of money (calculated on the basis of cif prices) and quantities of goods in respect of which surveillance documents were issued during the preceding period;

(b)
in every case, details of imports during the period preceding the period referred to in point (a).

The information supplied by Member States shall be broken down by product and by country.Different provisions may be laid down at the same time and by the same procedure as the surveillance arrangements.
2. Where the nature of the products or special circumstances so require, the Commission may, at the request of a Member State or on its own initiative, amend the timetables for submitting this information.

3. The Commission shall inform the Member States accordingly.",False,"### TARGET ARTICLE — write the questions about THIS article

[EN] Article 15
  Act: Council Regulation (EC) No 260/2009 of 26 February 2009 on the common rules for imports (Codified version)
  Location: CHAPTER IV Surveillance
1. Member States shall communicate to the Commission within the first 10 days of each month in the case of Community or regional surveillance:

(a)
in the case of prior surveillance, details of the sums of money (calculated on the basis of cif prices) and quantities of goods in respect of which surveillance documents were issued during the preceding period;

(b)
in every case, details of imports during the period preceding the period referred to in point (a).

The information supplied by Member States shall be broken down by product and by country.Different provisions may be laid down at the same time and by the same procedure as the surveillance arrangements.
2. Where the nature of the products or special circumstances so require, the Commission may, at the request of a Member State or on its own initiative, amend the timetables for submitting this information.

3. The Commission shall inform the Member States accordingly.

### REFERENCED ARTICLES — none. The target article cites no other article of this act.

### REFERENCED ARTICLES FROM OTHER ACTS — none. The target article cites no article of another act in the corpus.

### REFERENCED ANNEXES — none. The target article cites no resolvable annex.",b91ff9ae09aa6205b2838ea62498371b62386a7ba8c6256967af994a7c6004fa,no_refs,32009R0260,http://data.europa.eu/eli/reg/2009/260/art_15/oj,Council Regulation (EC) No 260/2009 of 26 February 2009 on the common rules for imports (Codified version),jev,completed,,0.88,lookup,lookup,~typesafe/jev-latest,,"{""fact_pattern"": 0.08, ""lookup"": 0.92, ""skip"": 0}"
eurlex,32008L0052,"Confidentiality of mediation

1. Given that mediation is intended to take place in a manner which respects confidentiality, Member States shall ensure that, unless the parties agree otherwise, neither mediators nor those involved in the administration of the mediation process shall be compelled to give evidence in civil and commercial judicial proceedings or arbitration regarding information arising out of or in connection with a mediation process, except:

(a)
where this is necessary for overriding considerations of public policy of the Member State concerned, in particular when required to ensure the protection of the best interests of children or to prevent harm to the physical or psychological integrity of a person; or

(b)
where disclosure of the content of the agreement resulting from mediation is necessary in order to implement or enforce that agreement.

2. Nothing in paragraph 1 shall preclude Member States from enacting stricter measures to protect the confidentiality of mediation.",False,"### TARGET ARTICLE — write the questions about THIS article

[EN] Article 7 — Confidentiality of mediation
  Act: Directive 2008/52/EC of the European Parliament and of the Council of 21 May 2008 on certain aspects of mediation in civil and commercial matters
Confidentiality of mediation

1. Given that mediation is intended to take place in a manner which respects confidentiality, Member States shall ensure that, unless the parties agree otherwise, neither mediators nor those involved in the administration of the mediation process shall be compelled to give evidence in civil and commercial judicial proceedings or arbitration regarding information arising out of or in connection with a mediation process, except:

(a)
where this is necessary for overriding considerations of public policy of the Member State concerned, in particular when required to ensure the protection of the best interests of children or to prevent harm to the physical or psychological integrity of a person; or

(b)
where disclosure of the content of the agreement resulting from mediation is necessary in order to implement or enforce that agreement.

2. Nothing in paragraph 1 shall preclude Member States from enacting stricter measures to protect the confidentiality of mediation.

### REFERENCED ARTICLES — none. The target article cites no other article of this act.

### REFERENCED ARTICLES FROM OTHER ACTS — none. The target article cites no article of another act in the corpus.

### REFERENCED ANNEXES — none. The target article cites no resolvable annex.",58e95179892003d611c6ef6ec7768b681cbcf5f353affc75a2e6a00b540c8d90,no_refs,32008L0052,http://data.europa.eu/eli/dir/2008/52/art_7/oj,Directive 2008/52/EC of the European Parliament and of the Council of 21 May 2008 on certain aspects of mediation in civil and commercial matters,jev,completed,,0.42,lookup,lookup,~typesafe/jev-latest,,"{""fact_pattern"": 0.38, ""lookup"": 0.62, ""skip"": 0}"
eurlex,32012L0002,"1. Member States shall adopt and publish, by 31 January 2013 at the latest, the laws, regulations and administrative provisions necessary to comply with this Directive.They shall apply those provisions from 1 February 2014.When Member States adopt those provisions, they shall contain a reference to this Directive or be accompanied by such a reference on the occasion of their official publication. Member States shall determine how such reference is to be made.

2. Member States shall communicate to the Commission the text of the main provisions of national law which they adopt in the field covered by this Directive.",False,"### TARGET ARTICLE — write the questions about THIS article

[EN] Article 2
  Act: Commission Directive 2012/2/EU of 9 February 2012 amending Directive 98/8/EC of the European Parliament and of the Council to include copper (II) oxide, copper (II) hydroxide and basic copper carbonate as active substances in Annex I thereto (Text with EEA relevance)
1. Member States shall adopt and publish, by 31 January 2013 at the latest, the laws, regulations and administrative provisions necessary to comply with this Directive.They shall apply those provisions from 1 February 2014.When Member States adopt those provisions, they shall contain a reference to this Directive or be accompanied by such a reference on the occasion of their official publication. Member States shall determine how such reference is to be made.

2. Member States shall communicate to the Commission the text of the main provisions of national law which they adopt in the field covered by this Directive.

### REFERENCED ARTICLES — none. The target article cites no other article of this act.

### REFERENCED ARTICLES FROM OTHER ACTS — none. The target article cites no article of another act in the corpus.

### REFERENCED ANNEXES — none. The target article cites no resolvable annex.",c82cc58dc687adf379b869edfb7de02324cc47931ba29cb4e871ad6731e2cdb9,no_refs,32012L0002,http://data.europa.eu/eli/dir/2012/2/art_2/oj,"Commission Directive 2012/2/EU of 9 February 2012 amending Directive 98/8/EC of the European Parliament and of the Council to include copper (II) oxide, copper (II) hydroxide and basic copper carbonate as active substances in Annex I thereto (Text with EEA relevance)",jev,completed,,0.45,skip,skip,~typesafe/jev-latest,,"{""fact_pattern"": 0.03, ""lookup"": 0.34, ""skip"": 0.63}"
eurlex,32010R0583,"Use of cross-references to other sources of information

1. Cross-references to other sources of information, including the prospectus and annual or half-yearly reports, may be included in the key investor information document, provided that all information fundamental to the investors’ understanding of the essential elements of the investment is included in the key investor information document itself.

Cross-references shall be permitted to the website of the UCITS or the management company, including a part of any such website containing the prospectus and the periodic reports.

2. Cross-references referred to in paragraph 1 shall direct the investor to the specific section of the relevant source of information. Several different cross-references may be used within the key investor information document but they shall be kept to a minimum.",False,"### TARGET ARTICLE — write the questions about THIS article

[EN] Article 21 — Use of cross-references to other sources of information
  Act: Commission Regulation (EU) No 583/2010 of 1 July 2010 implementing Directive 2009/65/EC of the European Parliament and of the Council as regards key investor information and conditions to be met when providing key investor information or the prospectus in a durable medium other than paper or by means of a website (Text with EEA relevance)
  Location: CHAPTER III CONTENT OF SECTIONS OF THE KEY INVESTOR INFORMATION DOCUMENT › SECTION 5 Practical information and cross-references
Use of cross-references to other sources of information

1. Cross-references to other sources of information, including the prospectus and annual or half-yearly reports, may be included in the key investor information document, provided that all information fundamental to the investors’ understanding of the essential elements of the investment is included in the key investor information document itself.

Cross-references shall be permitted to the website of the UCITS or the management company, including a part of any such website containing the prospectus and the periodic reports.

2. Cross-references referred to in paragraph 1 shall direct the investor to the specific section of the relevant source of information. Several different cross-references may be used within the key investor information document but they shall be kept to a minimum.

### REFERENCED ARTICLES — none. The target article cites no other article of this act.

### REFERENCED ARTICLES FROM OTHER ACTS — none. The target article cites no article of another act in the corpus.

### REFERENCED ANNEXES — none. The target article cites no resolvable annex.",190a4f024fb27f05e4bbeccd57954c57f7ac26555a0c774d997c8b772b48985b,no_refs,32010R0583,http://data.europa.eu/eli/reg/2010/583/art_21/oj,Commission Regulation (EU) No 583/2010 of 1 July 2010 implementing Directive 2009/65/EC of the European Parliament and of the Council as regards key investor information and conditions to be met when providing key investor information or the prospectus in a durable medium other than paper or by means of a website (Text with EEA relevance),jev,completed,,0.69,lookup,lookup,~typesafe/jev-latest,,"{""fact_pattern"": 0.2, ""lookup"": 0.8, ""skip"": 0}"
eurlex,32007R0951,"Non-eligible costs at joint operational programme level

The following costs relating to the implementation of the joint operational programme by the Joint Managing Authority shall not be considered eligible as technical assistance costs:

(a)
debts and provisions for losses or debts;

(b)
interest owed;

(c)
items already financed in another framework;

(d)
purchases of land or buildings;

(e)
exchange-rate losses;

(f)
taxes, including VAT, unless the Joint Managing Authority cannot reclaim them and the applicable regulations authorise coverage of taxes;

(g)
loans to third parties;

(h)
fines.",False,"### TARGET ARTICLE — write the questions about THIS article

[EN] Article 34 — Non-eligible costs at joint operational programme level
  Act: Commission Regulation (EC) No 951/2007 of 9 August 2007 laying down implementing rules for cross-border cooperation programmes financed under Regulation (EC) No 1638/2006 of the European Parliament and of the Council laying down general provisions establishing a European Neighbourhood and Partnership Instrument
  Location: CHAPTER IV FINANCIAL MANAGEMENT OF THE JOINT OPERATIONAL PROGRAMMES › SECTION 4 Eligible expenditure of the joint operational programme
Non-eligible costs at joint operational programme level

The following costs relating to the implementation of the joint operational programme by the Joint Managing Authority shall not be considered eligible as technical assistance costs:

(a)
debts and provisions for losses or debts;

(b)
interest owed;

(c)
items already financed in another framework;

(d)
purchases of land or buildings;

(e)
exchange-rate losses;

(f)
taxes, including VAT, unless the Joint Managing Authority cannot reclaim them and the applicable regulations authorise coverage of taxes;

(g)
loans to third parties;

(h)
fines.

### REFERENCED ARTICLES — none. The target article cites no other article of this act.

### REFERENCED ARTICLES FROM OTHER ACTS — none. The target article cites no article of another act in the corpus.

### REFERENCED ANNEXES — none. The target article cites no resolvable annex.",a27e2f3f2ff8474cd79e19f7c7b5ee1bd12d88a1946fdbf200cfab0d0abdb71d,no_refs,32007R0951,http://data.europa.eu/eli/reg/2007/951/art_34/oj,Commission Regulation (EC) No 951/2007 of 9 August 2007 laying down implementing rules for cross-border cooperation programmes financed under Regulation (EC) No 1638/2006 of the European Parliament and of the Council laying down general provisions establishing a European Neighbourhood and Partnership Instrument,jev,completed,,0.75,lookup,lookup,~typesafe/jev-latest,,"{""fact_pattern"": 0.16, ""lookup"": 0.84, ""skip"": 0}"
eurlex,32011L0016,"Request for notification

1. At the request of the competent authority of a Member State, the competent authority of another Member State shall, in accordance with the rules governing the notification of similar instruments in the requested Member State, notify the addressee of any instruments and decisions which emanate from the administrative authorities of the requesting Member State and concern the application in its territory of legislation on taxes covered by this Directive.

2. Requests for notification shall indicate the subject of the instrument or decision to be notified and shall specify the name and address of the addressee, together with any other information which may facilitate identification of the addressee.

3. The requested authority shall inform the requesting authority immediately of its response and, in particular, of the date of notification of the instrument or decision to the addressee.

4. The requesting authority shall only make a request for notification pursuant to this Article when it is unable to notify in accordance with the rules governing the notification of the instruments concerned in the requesting Member State, or where such notification would give rise to disproportionate difficulties. The competent authority of a Member State may notify any document by registered mail or electronically directly to a person within the territory of another Member State.",False,"### TARGET ARTICLE — write the questions about THIS article

[EN] Article 13 — Request for notification
  Act: Council Directive 2011/16/EU of 15 February 2011 on administrative cooperation in the field of taxation and repealing Directive 77/799/EEC
  Location: CHAPTER III OTHER FORMS OF ADMINISTRATIVE COOPERATION › SECTION III Administrative notification
Request for notification

1. At the request of the competent authority of a Member State, the competent authority of another Member State shall, in accordance with the rules governing the notification of similar instruments in the requested Member State, notify the addressee of any instruments and decisions which emanate from the administrative authorities of the requesting Member State and concern the application in its territory of legislation on taxes covered by this Directive.

2. Requests for notification shall indicate the subject of the instrument or decision to be notified and shall specify the name and address of the addressee, together with any other information which may facilitate identification of the addressee.

3. The requested authority shall inform the requesting authority immediately of its response and, in particular, of the date of notification of the instrument or decision to the addressee.

4. The requesting authority shall only make a request for notification pursuant to this Article when it is unable to notify in accordance with the rules governing the notification of the instruments concerned in the requesting Member State, or where such notification would give rise to disproportionate difficulties. The competent authority of a Member State may notify any document by registered mail or electronically directly to a person within the territory of another Member State.

### REFERENCED ARTICLES — none. The target article cites no other article of this act.

### REFERENCED ARTICLES FROM OTHER ACTS — none. The target article cites no article of another act in the corpus.

### REFERENCED ANNEXES — none. The target article cites no resolvable annex.",48912ca03601f3d7e76068bffa1136b1889ac4f06e7d6c96bac58e760b6c01ac,no_refs,32011L0016,http://data.europa.eu/eli/dir/2011/16/art_13/oj,Council Directive 2011/16/EU of 15 February 2011 on administrative cooperation in the field of taxation and repealing Directive 77/799/EEC,jev,completed,,0.59,lookup,lookup,~typesafe/jev-latest,,"{""fact_pattern"": 0.27, ""lookup"": 0.73, ""skip"": 0}"
eurlex,32009R0250,"The data and metadata transmitted pursuant to this Regulation shall be sent in electronic form by Competent National Authorities (National Statistical Offices and Authorities supervising certain financial institutions) to the Commission (Eurostat). The transmission format shall conform to appropriate interchange standards specified by the Commission (Eurostat). Data shall be transmitted or uploaded by electronic means to the single entry point for data, maintained by the Commission (Eurostat).

Member States shall implement the interchange standards and guidelines supplied by the Commission (Eurostat) according to the requirements of this Regulation.",False,"### TARGET ARTICLE — write the questions about THIS article

[EN] Article 3
  Act: Commission Regulation (EC) No 250/2009 of 11 March 2009 implementing Regulation (EC) No 295/2008 of the European Parliament and of the Council as regards the definitions of characteristics, the technical format for the transmission of data, the double reporting requirements for NACE Rev.1.1 and NACE Rev.2 and derogations to be granted for structural business statistics (Text with EEA relevance)
The data and metadata transmitted pursuant to this Regulation shall be sent in electronic form by Competent National Authorities (National Statistical Offices and Authorities supervising certain financial institutions) to the Commission (Eurostat). The transmission format shall conform to appropriate interchange standards specified by the Commission (Eurostat). Data shall be transmitted or uploaded by electronic means to the single entry point for data, maintained by the Commission (Eurostat).

Member States shall implement the interchange standards and guidelines supplied by the Commission (Eurostat) according to the requirements of this Regulation.

### REFERENCED ARTICLES — none. The target article cites no other article of this act.

### REFERENCED ARTICLES FROM OTHER ACTS — none. The target article cites no article of another act in the corpus.

### REFERENCED ANNEXES — none. The target article cites no resolvable annex.",f6adbd29cdd1543d034fa7da7218c1e0a4efe1eed1e12fbc026ad9e703f16548,no_refs,32009R0250,http://data.europa.eu/eli/reg/2009/250/art_3/oj,"Commission Regulation (EC) No 250/2009 of 11 March 2009 implementing Regulation (EC) No 295/2008 of the European Parliament and of the Council as regards the definitions of characteristics, the technical format for the transmission of data, the double reporting requirements for NACE Rev.1.1 and NACE Rev.2 and derogations to be granted for structural business statistics (Text with EEA relevance)",jev,completed,,0.94,lookup,lookup,~typesafe/jev-latest,,"{""fact_pattern"": 0.03, ""lookup"": 0.96, ""skip"": 0.01}"
eurlex,32013R0229,"Operation of the specific supply arrangements

1. Aid shall be granted to supply the smaller islands with agricultural products.The amount of the aid shall be determined for each product concerned, taking account of the additional costs of marketing products in the smaller islands, calculated from the usual ports of shipment in mainland Greece, and from the ports of islands of transit or of loading for the islands of final destination. In the case of agricultural inputs and products intended for processing, such aid should take account of the additional costs associated with insularity, small size and distance from markets.

2. The specific supply arrangements shall only apply to products of sound, fair and marketable quality.",False,"### TARGET ARTICLE — write the questions about THIS article

[EN] Article 9 — Operation of the specific supply arrangements
  Act: Regulation (EU) No 229/2013 of the European Parliament and of the Council of 13 March 2013 laying down specific measures for agriculture in favour of the smaller Aegean islands and repealing Council Regulation (EC) No 1405/2006
  Location: CHAPTER III SPECIFIC SUPPLY ARRANGEMENTS
Operation of the specific supply arrangements

1. Aid shall be granted to supply the smaller islands with agricultural products.The amount of the aid shall be determined for each product concerned, taking account of the additional costs of marketing products in the smaller islands, calculated from the usual ports of shipment in mainland Greece, and from the ports of islands of transit or of loading for the islands of final destination. In the case of agricultural inputs and products intended for processing, such aid should take account of the additional costs associated with insularity, small size and distance from markets.

2. The specific supply arrangements shall only apply to products of sound, fair and marketable quality.

### REFERENCED ARTICLES — none. The target article cites no other article of this act.

### REFERENCED ARTICLES FROM OTHER ACTS — none. The target article cites no article of another act in the corpus.

### REFERENCED ANNEXES — none. The target article cites no resolvable annex.",7b1c21e5a821dcbe58a790128350395bff1022bd31fb40ba7462d8fd65a80366,no_refs,32013R0229,http://data.europa.eu/eli/reg/2013/229/art_9/oj,Regulation (EU) No 229/2013 of the European Parliament and of the Council of 13 March 2013 laying down specific measures for agriculture in favour of the smaller Aegean islands and repealing Council Regulation (EC) No 1405/2006,jev,completed,,0.65,lookup,lookup,~typesafe/jev-latest,,"{""fact_pattern"": 0.23, ""lookup"": 0.77, ""skip"": 0}"
eurlex,32005R1138,"1. The period during which tenders may be submitted in response to the first partial invitation to tender:

(a)
shall begin on 22 July 2005;

(b)
shall end on Thursday 28 July 2005 at 10.00, Brussels local time.

2. The periods during which tenders may be submitted in response to the second and subsequent partial invitations:

(a)
shall begin on the first working day following the end of the preceding period;

(b)
shall end at 10.00, Brussels local time:

11 and 25 August 2005,

8, 15, 22 and 29 September 2005,

6, 13, 20 and 27 October 2005,

10 and 24 November 2005,

8 and 22 December 2005,

5 and 19 January 2006,

2 and 16 February 2006,

2, 16 and 30 March 2006,

6 and 20 April 2006,

4 and 18 May 2006,

1, 8, 15, 22, and 29 June 2006,

13 and 27 July 2006.",False,"### TARGET ARTICLE — write the questions about THIS article

[EN] Article 4
  Act: Commission Regulation (EC) No 1138/2005 of 15 July 2005 on a standing invitation to tender to determine levies and/or refunds on exports of white sugar for the 2005/2006 marketing year
1. The period during which tenders may be submitted in response to the first partial invitation to tender:

(a)
shall begin on 22 July 2005;

(b)
shall end on Thursday 28 July 2005 at 10.00, Brussels local time.

2. The periods during which tenders may be submitted in response to the second and subsequent partial invitations:

(a)
shall begin on the first working day following the end of the preceding period;

(b)
shall end at 10.00, Brussels local time:

11 and 25 August 2005,

8, 15, 22 and 29 September 2005,

6, 13, 20 and 27 October 2005,

10 and 24 November 2005,

8 and 22 December 2005,

5 and 19 January 2006,

2 and 16 February 2006,

2, 16 and 30 March 2006,

6 and 20 April 2006,

4 and 18 May 2006,

1, 8, 15, 22, and 29 June 2006,

13 and 27 July 2006.

### REFERENCED ARTICLES — none. The target article cites no other article of this act.

### REFERENCED ARTICLES FROM OTHER ACTS — none. The target article cites no article of another act in the corpus.

### REFERENCED ANNEXES — none. The target article cites no resolvable annex.",cdd5d14f6f3eb3f34358a308da531a69d68c04f1d01b12cdffef19b393a27a17,no_refs,32005R1138,http://data.europa.eu/eli/reg/2005/1138/art_4/oj,Commission Regulation (EC) No 1138/2005 of 15 July 2005 on a standing invitation to tender to determine levies and/or refunds on exports of white sugar for the 2005/2006 marketing year,jev,completed,,0.85,lookup,lookup,~typesafe/jev-latest,,"{""fact_pattern"": 0.1, ""lookup"": 0.9, ""skip"": 0}"
eurlex,32010L0065,"Notification prior to arrival into ports

Subject to specific provisions on notification provided for in the applicable legal acts of the Union or under international legal instruments applicable to maritime transport and binding on the Member States, including provisions on control of persons and goods, Member States shall ensure that the master or any other person duly authorised by the operator of the ship provides notification, prior to arriving in a port situated in a Member State, of the information required under the reporting formalities to the competent authority designated by that Member State:

(a)
at least 24 hours in advance; or

(b)
at the latest, at the time the ship leaves the previous port, if the voyage time is less than 24 hours; or

(c)
if the port of call is not known or it is changed during the voyage, as soon as this information is available.",False,"### TARGET ARTICLE — write the questions about THIS article

[EN] Article 4 — Notification prior to arrival into ports
  Act: Directive 2010/65/EU of the European Parliament and of the Council of 20 October 2010 on reporting formalities for ships arriving in and/or departing from ports of the Member States and repealing Directive 2002/6/EC (Text with EEA relevance)
Notification prior to arrival into ports

Subject to specific provisions on notification provided for in the applicable legal acts of the Union or under international legal instruments applicable to maritime transport and binding on the Member States, including provisions on control of persons and goods, Member States shall ensure that the master or any other person duly authorised by the operator of the ship provides notification, prior to arriving in a port situated in a Member State, of the information required under the reporting formalities to the competent authority designated by that Member State:

(a)
at least 24 hours in advance; or

(b)
at the latest, at the time the ship leaves the previous port, if the voyage time is less than 24 hours; or

(c)
if the port of call is not known or it is changed during the voyage, as soon as this information is available.

### REFERENCED ARTICLES — none. The target article cites no other article of this act.

### REFERENCED ARTICLES FROM OTHER ACTS — none. The target article cites no article of another act in the corpus.

### REFERENCED ANNEXES — none. The target article cites no resolvable annex.",c05780922f131f17eca2b0a9884460eab5e38e3f61d9c99f3ba8d31f3b3a5651,no_refs,32010L0065,http://data.europa.eu/eli/dir/2010/65/art_4/oj,Directive 2010/65/EU of the European Parliament and of the Council of 20 October 2010 on reporting formalities for ships arriving in and/or departing from ports of the Member States and repealing Directive 2002/6/EC (Text with EEA relevance),jev,completed,,0.41,fact_pattern,fact_pattern,~typesafe/jev-latest,,"{""fact_pattern"": 0.61, ""lookup"": 0.39, ""skip"": 0}"
eurlex,32008R0994,"Finalisation of the external transfer process for Kyoto units involving Chapter VI registries

A process involving a Chapter VI registry concerning the external transfer of a Kyoto unit shall be final if the following conditions are fulfilled:

(a)
both the ITL and the CITL inform the acquiring registry, or the Community registry if the acquiring registry is a Chapter VI registry, that they have not detected any discrepancies in the proposal sent by the initiating registry, or the Community registry if the initiating registry is a Chapter VI registry; and

(b)
the acquiring registry, or the Community registry if the acquiring registry is a Chapter VI registry, has successfully sent confirmation to both transaction logs that it has updated its records in accordance with the initiating registry's proposal.",False,"### TARGET ARTICLE — write the questions about THIS article

[EN] Article 68 — Finalisation of the external transfer process for Kyoto units involving Chapter VI registries
  Act: Commission Regulation (EC) No 994/2008 of 8 October 2008 for a standardised and secured system of registries pursuant to Directive 2003/87/EC of the European Parliament and of the Council and Decision No 280/2004/EC of the European Parliament and of the Council (Text with EEA relevance)
  Location: CHAPTER VI PROVISIONS FOR REGISTRIES OF MEMBER STATES NOT ABLE TO ISSUE AAUs
Finalisation of the external transfer process for Kyoto units involving Chapter VI registries

A process involving a Chapter VI registry concerning the external transfer of a Kyoto unit shall be final if the following conditions are fulfilled:

(a)
both the ITL and the CITL inform the acquiring registry, or the Community registry if the acquiring registry is a Chapter VI registry, that they have not detected any discrepancies in the proposal sent by the initiating registry, or the Community registry if the initiating registry is a Chapter VI registry; and

(b)
the acquiring registry, or the Community registry if the acquiring registry is a Chapter VI registry, has successfully sent confirmation to both transaction logs that it has updated its records in accordance with the initiating registry's proposal.

### REFERENCED ARTICLES — none. The target article cites no other article of this act.

### REFERENCED ARTICLES FROM OTHER ACTS — none. The target article cites no article of another act in the corpus.

### REFERENCED ANNEXES — none. The target article cites no resolvable annex.",e85db41c44a51b7b8671370a6bb20ad74a66c79cfa61d683640a40975d61d2c3,no_refs,32008R0994,http://data.europa.eu/eli/reg/2008/994/art_68/oj,Commission Regulation (EC) No 994/2008 of 8 October 2008 for a standardised and secured system of registries pursuant to Directive 2003/87/EC of the European Parliament and of the Council and Decision No 280/2004/EC of the European Parliament and of the Council (Text with EEA relevance),jev,completed,,0.61,lookup,lookup,~typesafe/jev-latest,,"{""fact_pattern"": 0.26, ""lookup"": 0.74, ""skip"": 0}"
eurlex,32009R1121,"Transfer of rights and temporary leasing

1. Member States may lay down, on the basis of their production structures, a minimum number of premium rights which may be the subject of a partial transfer not involving the transfer of a holding. This minimum may not exceed five premium rights.

2. Transfers of premium rights and temporary leasing of such rights shall be effective only after they have been notified jointly to the competent authorities of the Member State by the farmer transferring and/or leasing the rights and by the farmer receiving the rights.

Such notification shall take place within a deadline set by the Member State and not later than the date on which the farmer receiving the rights submits his premium application, except in those cases where the transfer of rights takes effect through an inheritance. In that case, the farmer who receives the rights shall be in a position to furnish appropriate legal documents to prove that he or she is the beneficiary of the deceased farmer.",False,"### TARGET ARTICLE — write the questions about THIS article

[EN] Article 69 — Transfer of rights and temporary leasing
  Act: Commission Regulation (EC) No 1121/2009 of 29 October 2009 laying down detailed rules for the application of Council Regulation (EC) No 73/2009 as regards the support schemes for farmers provided for in Titles IV and V thereof
  Location: CHAPTER 10 Beef and veal payments › Section 2 Suckler cow premium
Transfer of rights and temporary leasing

1. Member States may lay down, on the basis of their production structures, a minimum number of premium rights which may be the subject of a partial transfer not involving the transfer of a holding. This minimum may not exceed five premium rights.

2. Transfers of premium rights and temporary leasing of such rights shall be effective only after they have been notified jointly to the competent authorities of the Member State by the farmer transferring and/or leasing the rights and by the farmer receiving the rights.

Such notification shall take place within a deadline set by the Member State and not later than the date on which the farmer receiving the rights submits his premium application, except in those cases where the transfer of rights takes effect through an inheritance. In that case, the farmer who receives the rights shall be in a position to furnish appropriate legal documents to prove that he or she is the beneficiary of the deceased farmer.

### REFERENCED ARTICLES — none. The target article cites no other article of this act.

### REFERENCED ARTICLES FROM OTHER ACTS — none. The target article cites no article of another act in the corpus.

### REFERENCED ANNEXES — none. The target article cites no resolvable annex.",e67dcfc9d157dfe129bbc9daece4c32801517eb478ef71f35606f18adf3e04b5,no_refs,32009R1121,http://data.europa.eu/eli/reg/2009/1121/art_69/oj,Commission Regulation (EC) No 1121/2009 of 29 October 2009 laying down detailed rules for the application of Council Regulation (EC) No 73/2009 as regards the support schemes for farmers provided for in Titles IV and V thereof,jev,completed,,0.26,lookup,lookup,~typesafe/jev-latest,,"{""fact_pattern"": 0.49, ""lookup"": 0.51, ""skip"": 0}"
eurlex,32014R0508,"Added value, product quality and use of unwanted catches

1. In order to improve the added value or quality of the fish caught, the EMFF may support:

(a)
investments that add value to fishery products, in particular by allowing fishermen to carry out the processing, marketing and direct sale of their own catches;

(b)
innovative investments on board that improve the quality of the fishery products.

2. The support referred to in point (b) of paragraph 1 shall be conditional on the use of selective gears to minimise unwanted catches and shall only be granted to owners of Union fishing vessels that have carried out a fishing activity at sea for at least 60 days during the two calendar years preceding the date of submission of the application for support.",False,"### TARGET ARTICLE — write the questions about THIS article

[EN] Article 42 — Added value, product quality and use of unwanted catches
  Act: Regulation (EU) No 508/2014 of the European Parliament and of the Council of 15 May 2014 on the European Maritime and Fisheries Fund and repealing Council Regulations (EC) No 2328/2003, (EC) No 861/2006, (EC) No 1198/2006 and (EC) No 791/2007 and Regulation (EU) No 1255/2011 of the European Parliament and of the Council
  Location: CHAPTER I Sustainable development of fisheries
Added value, product quality and use of unwanted catches

1. In order to improve the added value or quality of the fish caught, the EMFF may support:

(a)
investments that add value to fishery products, in particular by allowing fishermen to carry out the processing, marketing and direct sale of their own catches;

(b)
innovative investments on board that improve the quality of the fishery products.

2. The support referred to in point (b) of paragraph 1 shall be conditional on the use of selective gears to minimise unwanted catches and shall only be granted to owners of Union fishing vessels that have carried out a fishing activity at sea for at least 60 days during the two calendar years preceding the date of submission of the application for support.

### REFERENCED ARTICLES — none. The target article cites no other article of this act.

### REFERENCED ARTICLES FROM OTHER ACTS — none. The target article cites no article of another act in the corpus.

### REFERENCED ANNEXES — none. The target article cites no resolvable annex.",0b9ac0964fd76c198340ddc9983c1e81d5fa12bc4f411f10510e1cfaea3db880,no_refs,32014R0508,http://data.europa.eu/eli/reg/2014/508/art_42/oj,"Regulation (EU) No 508/2014 of the European Parliament and of the Council of 15 May 2014 on the European Maritime and Fisheries Fund and repealing Council Regulations (EC) No 2328/2003, (EC) No 861/2006, (EC) No 1198/2006 and (EC) No 791/2007 and Regulation (EU) No 1255/2011 of the European Parliament and of the Council",jev,completed,,0.27,fact_pattern,fact_pattern,~typesafe/jev-latest,,"{""fact_pattern"": 0.51, ""lookup"": 0.49, ""skip"": 0}"
eurlex,32008R0215,"1. The Commission shall ensure supervision, evaluation and control of the implementation of the tasks entrusted. It shall take the equivalence of control systems into account when it carries out controls using its own control systems.

2. The European Anti-Fraud Office (OLAF) shall enjoy the same powers with regard to bodies to which tasks are delegated as it does with regard to Commission departments. The bodies in question shall adopt the necessary measures to help OLAF carry out internal investigations. Any act undertaken by such bodies for the implementation of EDF resources, and in particular any decision or any contract concluded by them, must specifically provide for the same controls as those provided for in Article 70(4).",False,"### TARGET ARTICLE — write the questions about THIS article

[EN] Article 27
  Act: Council Regulation (EC) No 215/2008 of 18 February 2008 on the Financial Regulation applicable to the 10th European Development Fund
  Location: CHAPTER 2 Methods of implementation › Section 3 Centralised management
1. The Commission shall ensure supervision, evaluation and control of the implementation of the tasks entrusted. It shall take the equivalence of control systems into account when it carries out controls using its own control systems.

2. The European Anti-Fraud Office (OLAF) shall enjoy the same powers with regard to bodies to which tasks are delegated as it does with regard to Commission departments. The bodies in question shall adopt the necessary measures to help OLAF carry out internal investigations. Any act undertaken by such bodies for the implementation of EDF resources, and in particular any decision or any contract concluded by them, must specifically provide for the same controls as those provided for in Article 70(4).

### REFERENCED ARTICLES — supporting context only, cited by the target article. Do not write questions *about* these.

[EN] Article 70
  Act: Council Regulation (EC) No 215/2008 of 18 February 2008 on the Financial Regulation applicable to the 10th European Development Fund
  Location: CHAPTER 6 Expenditure operations › Section 2 Commitment of expenditure
1. The authorising officer responsible shall make a financial commitment before entering into a legal commitment, binding upon the Commission, with third parties.

2. Financing decisions taken by the Commission, in accordance with the ACP-EC Agreement or the Overseas Association Decision, which authorise it to grant financial aid from the EDF, shall give rise to financial commitments by the Commission.

3. The following shall constitute legal commitments by the Commission:

(a)
a financing agreement between the Commission, acting on behalf of the Community, and the beneficiary ACP States or the beneficiary OCTs or the bodies they have designated;

(b)
a contract or grant agreement between the Commission and national or international public-sector bodies or natural or legal persons responsible for carrying out the actions.

4. Each financing agreement, contract or grant agreement shall provide expressly for the Commission, OLAF and the Court of Auditors, to exercise their powers of control, on documents and on the spot, over all contractors and subcontractors who have received financing from EDF resources.

### REFERENCED ARTICLES FROM OTHER ACTS — none. The target article cites no article of another act in the corpus.

### REFERENCED ANNEXES — none. The target article cites no resolvable annex.",4a6646943eb2191a91b948516519d35612d8113831c0de41a6b3a508cb010754,one_ref,32008R0215,http://data.europa.eu/eli/reg/2008/215/art_27/oj,Council Regulation (EC) No 215/2008 of 18 February 2008 on the Financial Regulation applicable to the 10th European Development Fund,jev,completed,,0.87,lookup,lookup,~typesafe/jev-latest,,"{""fact_pattern"": 0.08, ""lookup"": 0.92, ""skip"": 0}"
eurlex,32014L0053,"Essential requirements

1. Radio equipment shall be constructed so as to ensure:

(a)
the protection of health and safety of persons and of domestic animals and the protection of property, including the objectives with respect to safety requirements set out in Directive 2014/35/EU, but with no voltage limit applying;

(b)
an adequate level of electromagnetic compatibility as set out in Directive 2014/30/EU.

2. Radio equipment shall be so constructed that it both effectively uses and supports the efficient use of radio spectrum in order to avoid harmful interference.

3. Radio equipment within certain categories or classes shall be so constructed that it complies with the following essential requirements:

(a)
radio equipment interworks with accessories, in particular with common chargers;

(b)
radio equipment interworks via networks with other radio equipment;

(c)
radio equipment can be connected to interfaces of the appropriate type throughout the Union;

(d)
radio equipment does not harm the network or its functioning nor misuse network resources, thereby causing an unacceptable degradation of service;

(e)
radio equipment incorporates safeguards to ensure that the personal data and privacy of the user and of the subscriber are protected;

(f)
radio equipment supports certain features ensuring protection from fraud;

(g)
radio equipment supports certain features ensuring access to emergency services;

(h)
radio equipment supports certain features in order to facilitate its use by users with a disability;

(i)
radio equipment supports certain features in order to ensure that software can only be loaded into the radio equipment where the compliance of the combination of the radio equipment and software has been demonstrated.

The Commission shall be empowered to adopt delegated acts in accordance with Article 44 specifying which categories or classes of radio equipment are concerned by each of the requirements set out in points (a) to (i) of the first subparagraph of this paragraph.",False,"### TARGET ARTICLE — write the questions about THIS article

[EN] Article 3 — Essential requirements
  Act: Directive 2014/53/EU of the European Parliament and of the Council of 16 April 2014 on the harmonisation of the laws of the Member States relating to the making available on the market of radio equipment and repealing Directive 1999/5/EC (Text with EEA relevance)
  Location: CHAPTER I GENERAL PROVISIONS
Essential requirements

1. Radio equipment shall be constructed so as to ensure:

(a)
the protection of health and safety of persons and of domestic animals and the protection of property, including the objectives with respect to safety requirements set out in Directive 2014/35/EU, but with no voltage limit applying;

(b)
an adequate level of electromagnetic compatibility as set out in Directive 2014/30/EU.

2. Radio equipment shall be so constructed that it both effectively uses and supports the efficient use of radio spectrum in order to avoid harmful interference.

3. Radio equipment within certain categories or classes shall be so constructed that it complies with the following essential requirements:

(a)
radio equipment interworks with accessories, in particular with common chargers;

(b)
radio equipment interworks via networks with other radio equipment;

(c)
radio equipment can be connected to interfaces of the appropriate type throughout the Union;

(d)
radio equipment does not harm the network or its functioning nor misuse network resources, thereby causing an unacceptable degradation of service;

(e)
radio equipment incorporates safeguards to ensure that the personal data and privacy of the user and of the subscriber are protected;

(f)
radio equipment supports certain features ensuring protection from fraud;

(g)
radio equipment supports certain features ensuring access to emergency services;

(h)
radio equipment supports certain features in order to facilitate its use by users with a disability;

(i)
radio equipment supports certain features in order to ensure that software can only be loaded into the radio equipment where the compliance of the combination of the radio equipment and software has been demonstrated.

The Commission shall be empowered to adopt delegated acts in accordance with Article 44 specifying which categories or classes of radio equipment are concerned by each of the requirements set out in points (a) to (i) of the first subparagraph of this paragraph.

### REFERENCED ARTICLES — supporting context only, cited by the target article. Do not write questions *about* these.

[EN] Article 44 — Exercise of the delegation
  Act: Directive 2014/53/EU of the European Parliament and of the Council of 16 April 2014 on the harmonisation of the laws of the Member States relating to the making available on the market of radio equipment and repealing Directive 1999/5/EC (Text with EEA relevance)
  Location: CHAPTER VI DELEGATED ACTS AND IMPLEMENTING ACTS AND THE COMMITTEE
Exercise of the delegation

1. The power to adopt delegated acts is conferred on the Commission subject to the conditions laid down in this Article.

2. The power to adopt delegated acts referred to in the second subparagraph of Articles 3(3), 4(2) and 5(2) shall be conferred on the Commission for a period of five years from 11 June 2014. The Commission shall draw up a report in respect of the delegation of power not later than nine months before the end of the five-year period. The delegation of power shall be tacitly extended for periods of an identical duration, unless the European Parliament or the Council opposes such extension not later than three months before the end of each period.

3. The delegation of power referred to in the second subparagraph of Articles 3(3), 4(2) and 5(2) may be revoked at any time by the European Parliament or by the Council. A decision to revoke shall put an end to the delegation of the power specified in that decision. It shall take effect the day following the publication of the decision in the Official Journal of the European Union or at a later date specified therein. It shall not affect the validity of any delegated acts already in force.

4. As soon as it adopts a delegated act, the Commission shall notify it simultaneously to the European Parliament and to the Council.

5. A delegated act adopted pursuant to the second subparagraph of Articles 3(3), 4(2) and 5(2) shall enter into force only if no objection has been expressed either by the European Parliament or the Council within a period of two months of notification of that act to the European Parliament and the Council or if, before the expiry of that period, the European Parliament and the Council have both informed the Commission that they will not object. That period shall be extended by two months at the initiative of the European Parliament or of the Council.

### REFERENCED ARTICLES FROM OTHER ACTS — none. The target article cites no article of another act in the corpus.

### REFERENCED ANNEXES — none. The target article cites no resolvable annex.",fd34358448eb8e83817d90a16ea523ec15f54709f025f41ee95304682a7f98d1,one_ref,32014L0053,http://data.europa.eu/eli/dir/2014/53/art_3/oj,Directive 2014/53/EU of the European Parliament and of the Council of 16 April 2014 on the harmonisation of the laws of the Member States relating to the making available on the market of radio equipment and repealing Directive 1999/5/EC (Text with EEA relevance),jev,completed,,0.71,lookup,lookup,~typesafe/jev-latest,,"{""fact_pattern"": 0.19, ""lookup"": 0.81, ""skip"": 0}"
eurlex,32009R0715,"Definitions

1. For the purpose of this Regulation, the following definitions apply:

1)
‘transmission’ means the transport of natural gas through a network, which mainly contains high-pressure pipelines, other than an upstream pipeline network and other than the part of high-pressure pipelines primarily used in the context of local distribution of natural gas, with a view to its delivery to customers, but not including supply;

2)
‘transport contract’ means a contract which the transmission system operator has concluded with a network user with a view to carrying out transmission;

3)
‘capacity’ means the maximum flow, expressed in normal cubic meters per time unit or in energy unit per time unit, to which the network user is entitled in accordance with the provisions of the transport contract;

4)
‘unused capacity’ means firm capacity which a network user has acquired under a transport contract but which that user has not nominated by the deadline specified in the contract;

5)
‘congestion management’ means management of the capacity portfolio of the transmission system operator with a view to optimal and maximum use of the technical capacity and the timely detection of future congestion and saturation points;

6)
‘secondary market’ means the market of the capacity traded otherwise than on the primary market;

7)
‘nomination’ means the prior reporting by the network user to the transmission system operator of the actual flow that the network user wishes to inject into or withdraw from the system;

8)
‘re-nomination’ means the subsequent reporting of a corrected nomination;

9)
‘system integrity’ means any situation in respect of a transmission network including necessary transmission facilities in which the pressure and the quality of the natural gas remain within the minimum and maximum limits laid down by the transmission system operator, so that the transmission of natural gas is guaranteed from a technical standpoint;

10)
‘balancing period’ means the period within which the off-take of an amount of natural gas, expressed in units of energy, must be offset by every network user by means of the injection of the same amount of natural gas into the transmission network in accordance with the transport contract or the network code;

11)
‘network user’ means a customer or a potential customer of a transmission system operator, and transmission system operators themselves in so far as it is necessary for them to carry out their functions in relation to transmission;

12)
‘interruptible services’ means services offered by the transmission system operator in relation to interruptible capacity;

13)
‘interruptible capacity’ means gas transmission capacity that may be interrupted by the transmission system operator in accordance with the conditions stipulated in the transport contract;

14)
‘long-term services’ means services offered by the transmission system operator with a duration of one year or more;

15)
‘short-term services’ means services offered by the transmission system operator with a duration of less than one year;

16)
‘firm capacity’ means gas transmission capacity contractually guaranteed as uninterruptible by the transmission system operator;

17)
‘firm services’ mean services offered by the transmission system operator in relation to firm capacity;

18)
‘technical capacity’ means the maximum firm capacity that the transmission system operator can offer to the network users, taking account of system integrity and the operational requirements of the transmission network;

19)
‘contracted capacity’ means capacity that the transmission system operator has allocated to a network user by means of a transport contract;

20)
‘available capacity’ means the part of the technical capacity that is not allocated and is still available to the system at that moment;

21)
‘contractual congestion’ means a situation where the level of firm capacity demand exceeds the technical capacity;

22)
‘primary market’ means the market of the capacity traded directly by the transmission system operator;

23)
‘physical congestion’ means a situation where the level of demand for actual deliveries exceeds the technical capacity at some point in time;

24)
‘LNG facility capacity’ means capacity at an LNG terminal for the liquefaction of natural gas or the importation, offloading, ancillary services, temporary storage and re-gasification of LNG;

25)
‘space’ means the volume of gas which a user of a storage facility is entitled to use for the storage of gas;

26)
‘deliverability’ means the rate at which the storage facility user is entitled to withdraw gas from the storage facility;

27)
‘injectability’ means the rate at which the storage facility user is entitled to inject gas into the storage facility;

28)
‘storage capacity’ means any combination of space, injectability and deliverability.

2. Without prejudice to the definitions in paragraph 1 of this Article, the definitions contained in Article 2 of Directive 2009/73/EC, which are relevant for the application of this Regulation, also apply, with the exception of the definition of transmission in point 3 of that Article.

The definitions in points 3 to 23 of paragraph 1 of this Article in relation to transmission apply by analogy in relation to storage and LNG facilities.",False,"### TARGET ARTICLE — write the questions about THIS article

[EN] Article 2 — Definitions
  Act: Regulation (EC) No 715/2009 of the European Parliament and of the Council of 13 July 2009 on conditions for access to the natural gas transmission networks and repealing Regulation (EC) No 1775/2005 (Text with EEA relevance)
Definitions

1. For the purpose of this Regulation, the following definitions apply:

1)
‘transmission’ means the transport of natural gas through a network, which mainly contains high-pressure pipelines, other than an upstream pipeline network and other than the part of high-pressure pipelines primarily used in the context of local distribution of natural gas, with a view to its delivery to customers, but not including supply;

2)
‘transport contract’ means a contract which the transmission system operator has concluded with a network user with a view to carrying out transmission;

3)
‘capacity’ means the maximum flow, expressed in normal cubic meters per time unit or in energy unit per time unit, to which the network user is entitled in accordance with the provisions of the transport contract;

4)
‘unused capacity’ means firm capacity which a network user has acquired under a transport contract but which that user has not nominated by the deadline specified in the contract;

5)
‘congestion management’ means management of the capacity portfolio of the transmission system operator with a view to optimal and maximum use of the technical capacity and the timely detection of future congestion and saturation points;

6)
‘secondary market’ means the market of the capacity traded otherwise than on the primary market;

7)
‘nomination’ means the prior reporting by the network user to the transmission system operator of the actual flow that the network user wishes to inject into or withdraw from the system;

8)
‘re-nomination’ means the subsequent reporting of a corrected nomination;

9)
‘system integrity’ means any situation in respect of a transmission network including necessary transmission facilities in which the pressure and the quality of the natural gas remain within the minimum and maximum limits laid down by the transmission system operator, so that the transmission of natural gas is guaranteed from a technical standpoint;

10)
‘balancing period’ means the period within which the off-take of an amount of natural gas, expressed in units of energy, must be offset by every network user by means of the injection of the same amount of natural gas into the transmission network in accordance with the transport contract or the network code;

11)
‘network user’ means a customer or a potential customer of a transmission system operator, and transmission system operators themselves in so far as it is necessary for them to carry out their functions in relation to transmission;

12)
‘interruptible services’ means services offered by the transmission system operator in relation to interruptible capacity;

13)
‘interruptible capacity’ means gas transmission capacity that may be interrupted by the transmission system operator in accordance with the conditions stipulated in the transport contract;

14)
‘long-term services’ means services offered by the transmission system operator with a duration of one year or more;

15)
‘short-term services’ means services offered by the transmission system operator with a duration of less than one year;

16)
‘firm capacity’ means gas transmission capacity contractually guaranteed as uninterruptible by the transmission system operator;

17)
‘firm services’ mean services offered by the transmission system operator in relation to firm capacity;

18)
‘technical capacity’ means the maximum firm capacity that the transmission system operator can offer to the network users, taking account of system integrity and the operational requirements of the transmission network;

19)
‘contracted capacity’ means capacity that the transmission system operator has allocated to a network user by means of a transport contract;

20)
‘available capacity’ means the part of the technical capacity that is not allocated and is still available to the system at that moment;

21)
‘contractual congestion’ means a situation where the level of firm capacity demand exceeds the technical capacity;

22)
‘primary market’ means the market of the capacity traded directly by the transmission system operator;

23)
‘physical congestion’ means a situation where the level of demand for actual deliveries exceeds the technical capacity at some point in time;

24)
‘LNG facility capacity’ means capacity at an LNG terminal for the liquefaction of natural gas or the importation, offloading, ancillary services, temporary storage and re-gasification of LNG;

25)
‘space’ means the volume of gas which a user of a storage facility is entitled to use for the storage of gas;

26)
‘deliverability’ means the rate at which the storage facility user is entitled to withdraw gas from the storage facility;

27)
‘injectability’ means the rate at which the storage facility user is entitled to inject gas into the storage facility;

28)
‘storage capacity’ means any combination of space, injectability and deliverability.

2. Without prejudice to the definitions in paragraph 1 of this Article, the definitions contained in Article 2 of Directive 2009/73/EC, which are relevant for the application of this Regulation, also apply, with the exception of the definition of transmission in point 3 of that Article.

The definitions in points 3 to 23 of paragraph 1 of this Article in relation to transmission apply by analogy in relation to storage and LNG facilities.

### REFERENCED ARTICLES — none. The target article cites no other article of this act.

### REFERENCED ARTICLES FROM OTHER ACTS — supporting context only, cited by the target article. Do not write questions *about* these.

[EN] Article 2 — Definitions
  Act: Directive 2009/73/EC of the European Parliament and of the Council of 13 July 2009 concerning common rules for the internal market in natural gas and repealing Directive 2003/55/EC (Text with EEA relevance)
  Cite as: 32009L0073:2
  Location: CHAPTER I SUBJECT MATTER, SCOPE AND DEFINITIONS
Definitions

For the purposes of this Directive, the following definitions apply:

(1)
‘natural gas undertaking’ means a natural or legal person carrying out at least one of the following functions: production, transmission, distribution, supply, purchase or storage of natural gas, including LNG, which is responsible for the commercial, technical and/or maintenance tasks related to those functions, but shall not include final customers;

(2)
‘upstream pipeline network’ means any pipeline or network of pipelines operated and/or constructed as part of an oil or gas production project, or used to convey natural gas from one or more such projects to a processing plant or terminal or final coastal landing terminal;

(3)
‘transmission’ means the transport of natural gas through a network, which mainly contains high-pressure pipelines, other than an upstream pipeline network and other than the part of high-pressure pipelines primarily used in the context of local distribution of natural gas, with a view to its delivery to customers, but not including supply;

(4)
‘transmission system operator’ means a natural or legal person who carries out the function of transmission and is responsible for operating, ensuring the maintenance of, and, if necessary, developing the transmission system in a given area and, where applicable, its interconnections with other systems, and for ensuring the long-term ability of the system to meet reasonable demands for the transport of gas;

(5)
‘distribution’ means the transport of natural gas through local or regional pipeline networks with a view to its delivery to customers, but not including supply;

(6)
‘distribution system operator’ means a natural or legal person who carries out the function of distribution and is responsible for operating, ensuring the maintenance of, and, if necessary, developing the distribution system in a given area and, where applicable, its interconnections with other systems, and for ensuring the long-term ability of the system to meet reasonable demands for the distribution of gas;

(7)
‘supply’ means the sale, including resale, of natural gas, including LNG, to customers;

(8)
‘supply undertaking’ means any natural or legal person who carries out the function of supply;

(9)
‘storage facility’ means a facility used for the stocking of natural gas and owned and/or operated by a natural gas undertaking, including the part of LNG facilities used for storage but excluding the portion used for production operations, and excluding facilities reserved exclusively for transmission system operators in carrying out their functions;

(10)
‘storage system operator’ means a natural or legal person who carries out the function of storage and is responsible for operating a storage facility;

(11)
‘LNG facility’ means a terminal which is used for the liquefaction of natural gas or the importation, offloading, and re-gasification of LNG, and includes ancillary services and temporary storage necessary for the re-gasification process and subsequent delivery to the transmission system, but does not include any part of LNG terminals used for storage;

(12)
‘LNG system operator’ means a natural or legal person who carries out the function of liquefaction of natural gas, or the importation, offloading, and re-gasification of LNG and is responsible for operating a LNG facility;

(13)
‘system’ means any transmission networks, distribution networks, LNG facilities and/or storage facilities owned and/or operated by a natural gas undertaking, including linepack and its facilities supplying ancillary services and those of related undertakings necessary for providing access to transmission, distribution and LNG;

(14)
‘ancillary services’ means all services necessary for access to and the operation of transmission networks, distribution networks, LNG facilities, and/or storage facilities, including load balancing, blending and injection of inert gases, but not including facilities reserved exclusively f […truncated]

### REFERENCED ANNEXES — none. The target article cites no resolvable annex.",dc4cbfd1ed77342ad8f7e0dc4dda4a8d3d2086931be6756ead6ee81125dae31e,one_ref,32009R0715,http://data.europa.eu/eli/reg/2009/715/art_2/oj,Regulation (EC) No 715/2009 of the European Parliament and of the Council of 13 July 2009 on conditions for access to the natural gas transmission networks and repealing Regulation (EC) No 1775/2005 (Text with EEA relevance),jev,completed,,0.94,lookup,lookup,~typesafe/jev-latest,,"{""fact_pattern"": 0.04, ""lookup"": 0.96, ""skip"": 0}"
eurlex,32013R0131,"Transmission of applications by the Member States

1. The competent authorities of the Member States shall decide on the admissibility of applications on the basis of the conditions set out in Article 2. Where the competent authorities decide that an application is inadmissible, they shall inform the applicant without delay.

2. The competent authority shall notify the Commission on Friday at the latest, by fax or electronic mail, of the admissible applications submitted during the preceding application period. That notification shall not contain the data referred to in Article 2(5)(a)(i). Member States that received no applications but have sugar or isoglucose quota allocated to them in the 2012/2013 marketing year, shall also send their nil returns notifications to the Commission within the same time limit.

3. The form and content of the notifications shall be defined on the basis of models made available by the Commission to the Member States.",False,"### TARGET ARTICLE — write the questions about THIS article

[EN] Article 4 — Transmission of applications by the Member States
  Act: Commission Implementing Regulation (EU) No 131/2013 of 15 February 2013 laying down exceptional measures as regards the release of out-of-quota sugar and isoglucose on the Union market at reduced surplus levy during the 2012/2013 marketing year
Transmission of applications by the Member States

1. The competent authorities of the Member States shall decide on the admissibility of applications on the basis of the conditions set out in Article 2. Where the competent authorities decide that an application is inadmissible, they shall inform the applicant without delay.

2. The competent authority shall notify the Commission on Friday at the latest, by fax or electronic mail, of the admissible applications submitted during the preceding application period. That notification shall not contain the data referred to in Article 2(5)(a)(i). Member States that received no applications but have sugar or isoglucose quota allocated to them in the 2012/2013 marketing year, shall also send their nil returns notifications to the Commission within the same time limit.

3. The form and content of the notifications shall be defined on the basis of models made available by the Commission to the Member States.

### REFERENCED ARTICLES — supporting context only, cited by the target article. Do not write questions *about* these.

[EN] Article 2 — Application for certificates
  Act: Commission Implementing Regulation (EU) No 131/2013 of 15 February 2013 laying down exceptional measures as regards the release of out-of-quota sugar and isoglucose on the Union market at reduced surplus levy during the 2012/2013 marketing year
Application for certificates

1. In order to benefit from the conditions specified in Article 1, sugar and isoglucose producers shall apply for a certificate.

2. Applicants may be only undertakings producing beet and cane sugar or isoglucose, which are approved in accordance with Article 57 of Regulation (EC) No 1234/2007 and have been allocated a production quota for the 2012/2013 marketing year, in accordance with Article 56 of that Regulation.

3. Each applicant may submit not more than one application for sugar and one for isoglucose per application period.

4. Applications for certificates shall be submitted by fax or electronic mail to the competent authority in the Member State in which the undertaking was approved. The competent authorities of the Member States may require that electronic applications be accompanied by an advance electronic signature within the meaning of Directive 1999/93/EC of the European Parliament and of the Council.

5. To be admissible, the applications shall fulfil the following conditions:

(a)
the applications shall indicate:

(i)
the name, address and VAT number of the applicant; and

(ii)
the quantities applied for, expressed in tonnes of white sugar equivalent and tonnes of isoglucose in dry matter, rounded to no decimal places;

(b)
the quantities applied for in this application period, expressed in tonnes of white sugar equivalent and tonnes of isoglucose in dry matter, shall not exceed 50000 tonnes in the case of sugar and 2500 tonnes in the case of isoglucose;

(c)
if the application concerns sugar, the applicant shall commit himself to pay the minimum beet price, set out in Article 49 of Regulation (EC) No 1234/2007, for the quantity of sugar covered by certificates issued in accordance with Article 6 of this Regulation;

(d)
the application shall be written in the official language or one of the official languages of the Member State in which the application is lodged;

(e)
the application shall indicate a reference to this Regulation and the expiry date for the submission of the applications;

(f)
the applicant shall not introduce any additional conditions to those laid down in this Regulation.

6. An application which is not submitted in accordance with paragraphs 1 to 5 shall not be admissible.

7. An application may not be withdrawn or amended after its submission, even if the quantity applied for is granted only partially.

### REFERENCED ARTICLES FROM OTHER ACTS — none. The target article cites no article of another act in the corpus.

### REFERENCED ANNEXES — none. The target article cites no resolvable annex.",5a51cac02d1175223397f516958415d86ef3a1e97979357644c2859bb5f0b255,one_ref,32013R0131,http://data.europa.eu/eli/reg_impl/2013/131/art_4/oj,Commission Implementing Regulation (EU) No 131/2013 of 15 February 2013 laying down exceptional measures as regards the release of out-of-quota sugar and isoglucose on the Union market at reduced surplus levy during the 2012/2013 marketing year,jev,completed,,0.84,lookup,lookup,~typesafe/jev-latest,,"{""fact_pattern"": 0.11, ""lookup"": 0.89, ""skip"": 0}"
eurlex,32008L0056,"Marine regions or subregions

1. Member States shall, when implementing their obligations under this Directive, take due account of the fact that marine waters covered by their sovereignty or jurisdiction form an integral part of the following marine regions:

(a)
the Baltic Sea;

(b)
the North-east Atlantic Ocean;

(c)
the Mediterranean Sea;

(d)
the Black Sea.

2. Member States may, in order to take into account the specificities of a particular area, implement this Directive by reference to subdivisions at the appropriate level of the marine waters referred to in paragraph 1, provided that such subdivisions are delimited in a manner compatible with the following marine subregions:

(a)
in the North-east Atlantic Ocean:

(i)
the Greater North Sea, including the Kattegat, and the English Channel;

(ii)
the Celtic Seas;

(iii)
the Bay of Biscay and the Iberian Coast;

(iv)
in the Atlantic Ocean, the Macaronesian biogeographic region, being the waters surrounding the Azores, Madeira and the Canary Islands;

(b)
in the Mediterranean Sea:

(i)
the Western Mediterranean Sea;

(ii)
the Adriatic Sea;

(iii)
the Ionian Sea and the Central Mediterranean Sea;

(iv)
the Aegean-Levantine Sea.

Member States shall inform the Commission of any subdivisions by the date specified in the first subparagraph of Article 26(1) but may revise these upon completion of the initial assessment referred in Article 5(2), point (a)(i).",False,"### TARGET ARTICLE — write the questions about THIS article

[EN] Article 4 — Marine regions or subregions
  Act: Directive 2008/56/EC of the European Parliament and of the Council of 17 June 2008 establishing a framework for community action in the field of marine environmental policy (Marine Strategy Framework Directive) (Text with EEA relevance)
  Location: CHAPTER I GENERAL PROVISIONS
Marine regions or subregions

1. Member States shall, when implementing their obligations under this Directive, take due account of the fact that marine waters covered by their sovereignty or jurisdiction form an integral part of the following marine regions:

(a)
the Baltic Sea;

(b)
the North-east Atlantic Ocean;

(c)
the Mediterranean Sea;

(d)
the Black Sea.

2. Member States may, in order to take into account the specificities of a particular area, implement this Directive by reference to subdivisions at the appropriate level of the marine waters referred to in paragraph 1, provided that such subdivisions are delimited in a manner compatible with the following marine subregions:

(a)
in the North-east Atlantic Ocean:

(i)
the Greater North Sea, including the Kattegat, and the English Channel;

(ii)
the Celtic Seas;

(iii)
the Bay of Biscay and the Iberian Coast;

(iv)
in the Atlantic Ocean, the Macaronesian biogeographic region, being the waters surrounding the Azores, Madeira and the Canary Islands;

(b)
in the Mediterranean Sea:

(i)
the Western Mediterranean Sea;

(ii)
the Adriatic Sea;

(iii)
the Ionian Sea and the Central Mediterranean Sea;

(iv)
the Aegean-Levantine Sea.

Member States shall inform the Commission of any subdivisions by the date specified in the first subparagraph of Article 26(1) but may revise these upon completion of the initial assessment referred in Article 5(2), point (a)(i).

### REFERENCED ARTICLES — supporting context only, cited by the target article. Do not write questions *about* these.

[EN] Article 26 — Transposition
  Act: Directive 2008/56/EC of the European Parliament and of the Council of 17 June 2008 establishing a framework for community action in the field of marine environmental policy (Marine Strategy Framework Directive) (Text with EEA relevance)
  Location: CHAPTER V FINAL PROVISIONS
Transposition

1. Member States shall bring into force the laws, regulations and administrative provisions necessary to comply with this Directive by 15 July 2010 at the latest. They shall forthwith communicate to the Commission the text of those provisions.When Member States adopt those measures, they shall contain a reference to this Directive or shall be accompanied by such a reference on the occasion of their official publication. The methods of making such reference shall be laid down by Member States.

2. Member States shall communicate to the Commission the texts of the main measures of national law which they adopt in the field covered by this Directive.

3. Member States without marine waters shall bring into force only those measures which are necessary to ensure compliance with requirements under Article 6 and Article 7.Where such measures are already in force in national legislation, Member States concerned shall communicate to the Commission the text of those measures.

[EN] Article 5 — Marine strategies
  Act: Directive 2008/56/EC of the European Parliament and of the Council of 17 June 2008 establishing a framework for community action in the field of marine environmental policy (Marine Strategy Framework Directive) (Text with EEA relevance)
  Location: CHAPTER I GENERAL PROVISIONS
Marine strategies

1. Each Member State shall, in respect of each marine region or subregion concerned, develop a marine strategy for its marine waters in accordance with the plan of action set out in points (a) and (b) of paragraph 2.

2. Member States sharing a marine region or subregion shall cooperate to ensure that, within each marine region or subregion, the measures required to achieve the objectives of this Directive, in particular the different elements of the marine strategies referred to in points (a) and (b), are coherent and coordinated across the marine region or subregion concerned, in accordance with the following plan of action for which Member States concerned endeavour to follow a common approach:

(a)
preparation:

(i)
an initial assessment, to be completed by 15 July 2012 of the current environmental status of the waters concerned and the environmental impact of human activities thereon, in accordance with Article 8;

(ii)
a determination, to be established by 15 July 2012 of good environmental status for the waters concerned, in accordance with Article 9(1);

(iii)
establishment, by 15 July 2012, of a series of environmental targets and associated indicators, in accordance with Article 10(1);

(iv)
establishment and implementation, by 15 July 2014 except where otherwise specified in the relevant Community legislation, of a monitoring programme for ongoing assessment and regular updating of targets, in accordance with Article 11(1);

(b)
programme of measures:

(i)
development, by 2015 at the latest, of a programme of measures designed to achieve or maintain good environmental status, in accordance with Article 13(1), (2) and (3);

(ii)
entry into operation of the programme provided for in point (i), by 2016 at the latest, in accordance with Article 13(10).

3. Member States having borders on the same marine region or subregion covered by this Directive should, where the status of the sea is so critical as to necessitate urgent action, devise a plan of action in accordance with paragraph 1 which includes an earlier entry into operation of programmes of measures as well as possible stricter protective measures, provided that this does not prevent good environmental status from being achieved or maintained in another marine region or subregion. In these cases:

(a)
the Member States concerned shall inform the Commission of their revised timetable and proceed accordingly;

(b)
the Commission shall be invited to consider providing supportive action to Member States for their enhanced efforts to improve the marine environment by making the region in question a pilot project.

### REFERENCED ARTICLES FROM OTHER ACTS — none. The target article cites no article of another act in the corpus.

### REFERENCED ANNEXES — none. The target article cites no resolvable annex.",697bdbf87c4dff4dc27583f72f07bd8282fdd5e4abc95dcf643b5d35bbcff744,few_refs,32008L0056,http://data.europa.eu/eli/dir/2008/56/art_4/oj,Directive 2008/56/EC of the European Parliament and of the Council of 17 June 2008 establishing a framework for community action in the field of marine environmental policy (Marine Strategy Framework Directive) (Text with EEA relevance),jev,completed,,0.91,lookup,lookup,~typesafe/jev-latest,,"{""fact_pattern"": 0.06, ""lookup"": 0.94, ""skip"": 0}"
eurlex,32008L0098,"By-products

1. A substance or object, resulting from a production process, the primary aim of which is not the production of that item, may be regarded as not being waste referred to in point (1) of Article 3 but as being a by-product only if the following conditions are met:

(a)
further use of the substance or object is certain;

(b)
the substance or object can be used directly without any further processing other than normal industrial practice;

(c)
the substance or object is produced as an integral part of a production process; and

(d)
further use is lawful, i.e. the substance or object fulfils all relevant product, environmental and health protection requirements for the specific use and will not lead to overall adverse environmental or human health impacts.

2. On the basis of the conditions laid down in paragraph 1, measures may be adopted to determine the criteria to be met for specific substances or objects to be regarded as a by-product and not as waste referred to in point (1) of Article 3. Those measures, designed to amend non-essential elements of this Directive by supplementing it, shall be adopted in accordance with the regulatory procedure with scrutiny referred to in Article 39(2).",False,"### TARGET ARTICLE — write the questions about THIS article

[EN] Article 5 — By-products
  Act: Directive 2008/98/EC of the European Parliament and of the Council of 19 November 2008 on waste and repealing certain Directives (Text with EEA relevance)
  Location: CHAPTER I SUBJECT MATTER, SCOPE AND DEFINITIONS
By-products

1. A substance or object, resulting from a production process, the primary aim of which is not the production of that item, may be regarded as not being waste referred to in point (1) of Article 3 but as being a by-product only if the following conditions are met:

(a)
further use of the substance or object is certain;

(b)
the substance or object can be used directly without any further processing other than normal industrial practice;

(c)
the substance or object is produced as an integral part of a production process; and

(d)
further use is lawful, i.e. the substance or object fulfils all relevant product, environmental and health protection requirements for the specific use and will not lead to overall adverse environmental or human health impacts.

2. On the basis of the conditions laid down in paragraph 1, measures may be adopted to determine the criteria to be met for specific substances or objects to be regarded as a by-product and not as waste referred to in point (1) of Article 3. Those measures, designed to amend non-essential elements of this Directive by supplementing it, shall be adopted in accordance with the regulatory procedure with scrutiny referred to in Article 39(2).

### REFERENCED ARTICLES — supporting context only, cited by the target article. Do not write questions *about* these.

[EN] Article 3 — Definitions
  Act: Directive 2008/98/EC of the European Parliament and of the Council of 19 November 2008 on waste and repealing certain Directives (Text with EEA relevance)
  Location: CHAPTER I SUBJECT MATTER, SCOPE AND DEFINITIONS
Definitions

For the purposes of this Directive, the following definitions shall apply:

1.
‘waste’ means any substance or object which the holder discards or intends or is required to discard;

2.
‘hazardous waste’ means waste which displays one or more of the hazardous properties listed in Annex III;

3.
‘waste oils’ means any mineral or synthetic lubrication or industrial oils which have become unfit for the use for which they were originally intended, such as used combustion engine oils and gearbox oils, lubricating oils, oils for turbines and hydraulic oils;

4.
‘bio-waste’ means biodegradable garden and park waste, food and kitchen waste from households, restaurants, caterers and retail premises and comparable waste from food processing plants;

5.
‘waste producer’ means anyone whose activities produce waste (original waste producer) or anyone who carries out pre-processing, mixing or other operations resulting in a change in the nature or composition of this waste;

6.
‘waste holder’ means the waste producer or the natural or legal person who is in possession of the waste;

7.
‘dealer’ means any undertaking which acts in the role of principal to purchase and subsequently sell waste, including such dealers who do not take physical possession of the waste;

8.
‘broker’ means any undertaking arranging the recovery or disposal of waste on behalf of others, including such brokers who do not take physical possession of the waste;

9.
‘waste management’ means the collection, transport, recovery and disposal of waste, including the supervision of such operations and the after-care of disposal sites, and including actions taken as a dealer or broker;

10.
‘collection’ means the gathering of waste, including the preliminary sorting and preliminary storage of waste for the purposes of transport to a waste treatment facility;

11.
‘separate collection’ means the collection where a waste stream is kept separately by type and nature so as to facilitate a specific treatment;

12.
‘prevention’ means measures taken before a substance, material or product has become waste, that reduce:

(a)
the quantity of waste, including through the re-use of products or the extension of the life span of products;

(b)
the adverse impacts of the generated waste on the environment and human health; or

(c)
the content of harmful substances in materials and products;

13.
‘re-use’ means any operation by which products or components that are not waste are used again for the same purpose for which they were conceived;

14.
‘treatment’ means recovery or disposal operations, including preparation prior to recovery or disposal;

15.
‘recovery’ means any operation the principal result of which is waste serving a useful purpose by replacing other materials which would otherwise have been used to fulfil a particular function, or waste being prepared to fulfil that function, in the plant or in the wider economy. Annex II sets out a non-exhaustive list of recovery operations;

16.
‘preparing for re-use’ means checking, cleaning or repairing recovery operations, by which products or components of products that have become waste are prepared so that they can be re-used without any other pre-processing;

17.
‘recycling’ means any recovery operation by which waste materials are reprocessed into products, materials or substances whether for the original or other purposes. It includes the reprocessing of organic material but does not include energy recovery and the reprocessing into materials that are to be used as fuels or for backfilling operations;

18.
‘regeneration of waste oils’ means any recycling operation whereby base oils can be produced by refining waste oils, in particular by removing the contaminants, the oxidation products and the additives contained in such oils;

19.
‘disposal’ means any operation which is not recovery even where the operation has as a secondary consequence the reclamation of substances or energy. Annex I sets out a non-exhaustive list o […truncated]

[EN] Article 39 — Committee procedure
  Act: Directive 2008/98/EC of the European Parliament and of the Council of 19 November 2008 on waste and repealing certain Directives (Text with EEA relevance)
  Location: CHAPTER VII FINAL PROVISIONS
Committee procedure

1. The Commission shall be assisted by a committee.

2. Where reference is made to this paragraph, Article 5a(1) to (4) and Article 7 of Decision 1999/468/EC shall apply, having regard to the provisions of Article 8 thereof.

3. Where reference is made to this paragraph, Articles 5 and 7 of Decision 1999/468/EC shall apply, having regard to the provisions of Article 8 thereof.The period laid down in Article 5(6) of Decision 1999/468/EC shall be set at three months.

### REFERENCED ARTICLES FROM OTHER ACTS — none. The target article cites no article of another act in the corpus.

### REFERENCED ANNEXES — none. The target article cites no resolvable annex.",23d500747d986e48095c0d25a4cabf96dde610c89b574a0e445ef7d6cd8f15ff,few_refs,32008L0098,http://data.europa.eu/eli/dir/2008/98/art_5/oj,Directive 2008/98/EC of the European Parliament and of the Council of 19 November 2008 on waste and repealing certain Directives (Text with EEA relevance),jev,completed,,0.46,lookup,lookup,~typesafe/jev-latest,,"{""fact_pattern"": 0.36, ""lookup"": 0.64, ""skip"": 0}"
eurlex,32011R0543,"Methods of inspection

1. The conformity checks provided for in this Chapter, with the exception of those at the point of retail sale to the end consumer, shall be carried out in accordance with the methods of inspection laid down in Annex V, save as otherwise provided in this Regulation.Member States shall lay down specific arrangements for checking conformity at the point of retail sale to the end consumer.

2. Where inspectors find that the goods conform with the marketing standards, the inspection body may issue a certificate of conformity as set out in Annex III.

3. Where the goods do not conform with the standards, the inspection body shall issue a finding of non-conformity for the attention of the trader or their representatives. Goods for which a finding of non-conformity has been issued may not be moved without the authorisation of the inspection body which issued that finding. That authorisation can be subject to the respect of conditions laid down by the inspection body.Traders may decide to bring all or some of the goods into conformity. Goods brought into conformity may not be marketed before the competent inspection body has ensured by all appropriate means that the goods have actually been brought into conformity. The competent inspection body shall issue, where applicable, a certificate of conformity as set out in Annex III for the lot or part thereof only after the goods have been brought into conformity.If an inspection body accepts a trader’s wish to bring the goods into conformity in a Member State other than that where the check leading to a finding of non-conformity has been carried out, the trader shall notify the competent inspection body of the destination Member State of the non-conforming lot. The Member State issuing the finding of non-conformity shall send a copy of that finding to the other Member States concerned including the Member State of destination of the non-conforming lot.Where the goods can neither be brought into conformity nor sent to animal feed, industrial processing or any other non-food use, the inspection body may, if necessary, request traders to take adequate measures in order to ensure that the products concerned are not marketed.Traders shall supply all information deemed necessary by Member States for the application of this paragraph.",False,"### TARGET ARTICLE — write the questions about THIS article

[EN] Article 17 — Methods of inspection
  Act: Commission Implementing Regulation (EU) No 543/2011 of 7 June 2011 laying down detailed rules for the application of Council Regulation (EC) No 1234/2007 in respect of the fruit and vegetables and processed fruit and vegetables sectors
  Location: CHAPTER II Checks on conformity to marketing standards › Section 4 Methods of inspection
Methods of inspection

1. The conformity checks provided for in this Chapter, with the exception of those at the point of retail sale to the end consumer, shall be carried out in accordance with the methods of inspection laid down in Annex V, save as otherwise provided in this Regulation.Member States shall lay down specific arrangements for checking conformity at the point of retail sale to the end consumer.

2. Where inspectors find that the goods conform with the marketing standards, the inspection body may issue a certificate of conformity as set out in Annex III.

3. Where the goods do not conform with the standards, the inspection body shall issue a finding of non-conformity for the attention of the trader or their representatives. Goods for which a finding of non-conformity has been issued may not be moved without the authorisation of the inspection body which issued that finding. That authorisation can be subject to the respect of conditions laid down by the inspection body.Traders may decide to bring all or some of the goods into conformity. Goods brought into conformity may not be marketed before the competent inspection body has ensured by all appropriate means that the goods have actually been brought into conformity. The competent inspection body shall issue, where applicable, a certificate of conformity as set out in Annex III for the lot or part thereof only after the goods have been brought into conformity.If an inspection body accepts a trader’s wish to bring the goods into conformity in a Member State other than that where the check leading to a finding of non-conformity has been carried out, the trader shall notify the competent inspection body of the destination Member State of the non-conforming lot. The Member State issuing the finding of non-conformity shall send a copy of that finding to the other Member States concerned including the Member State of destination of the non-conforming lot.Where the goods can neither be brought into conformity nor sent to animal feed, industrial processing or any other non-food use, the inspection body may, if necessary, request traders to take adequate measures in order to ensure that the products concerned are not marketed.Traders shall supply all information deemed necessary by Member States for the application of this paragraph.

### REFERENCED ARTICLES — none. The target article cites no other article of this act.

### REFERENCED ARTICLES FROM OTHER ACTS — none. The target article cites no article of another act in the corpus.

### REFERENCED ANNEXES — annexes cited by the target article, of this act or of another act (see each block's Act line). Supporting context only. Do not write questions *about* these.

[EN] ANNEX V
  Act: Commission Implementing Regulation (EU) No 543/2011 of 7 June 2011 laying down detailed rules for the application of Council Regulation (EC) No 1234/2007 in respect of the fruit and vegetables and processed fruit and vegetables sectors
  Cite as: 32011R0543:anx_5
L

157

2011

EN

1

1

01

20110607

EN

0001.0005

117

1

120

4

ANNEX V

METHODS OF INSPECTION REFERRED TO IN ARTICLE 17(1)

The following methods of inspection are based on the provisions of the guide for the implementation of quality control of fresh fruit and vegetables adopted by the OECD Scheme for the Application of International Standards for Fruit and Vegetables.

1.

DEFINITIONS

1.1.

Package

Individually packaged part of a lot, including contents. The packaging is conceived so as to facilitate handling and transport of a number of sales packages or of products loose or arranged, in order to prevent damage by physical handling and transport. The package may constitute a sales package. Road, rail, ship and air containers are not considered as packages.

1.2.

Sales package

Individually packaged part of a lot, including contents. The packaging of sales packages is conceived so as to constitute a sales unit to the final user or consumer at the point of purchase.

1.3.

Pre-packages

Pre-packages are sales packages such as the packaging enclosing the foodstuff completely or only partially, but in such a way that the contents cannot be altered without opening or changing the packaging. Protective films covering single produce are not considered as a pre-package.

1.4.

Consignment

Quantity of produce to be sold by a given trader found at the time of inspection and defined by a document. A consignment may consist of one or several types of produce; it may contain one or several lots of fresh, dry or dried fruit and vegetables.

1.5.

Lot

Quantity of produce which, at the time of inspection at one place, has similar characteristics with regard to:

packer and/or dispatcher,

country of origin,

nature of produce,

class of produce,

size (if the produce is graded according to size),

variety or commercial type (according to the relevant provisions of the standard),

type of packaging and presentation.

However, if during the conformity check of consignments as defined in point 1.4 it is difficult to distinguish between different lots and/or presentation of individual lots is not possible, all lots of a specific consignment may be treated as one lot if they are similar in regard to type of produce, dispatcher, country of origin, class and variety or commercial type, if this is provided for in the relevant marketing standard.

1.6.

Sampling

Collective samples taken temporarily from a lot during conformity check.

1.7.

Primary sample

Package taken at random from the lot, in case of packed produce or, in case of bulk produce (direct loading into a transport vehicle or compartment thereof), a quantity taken at random from a point in the lot.

1.8.

Bulk sample

Several primary samples supposed to be representative for the lot so that the total quantity is sufficient to allow the assessment of the lot with regard to all criteria.

1.9.

Secondary sample

An equal quantity of produce taken at random from the primary sample.

In the case of packed nuts, the secondary sample shall weigh between 300 g and 1 kg. If the primary sample is made up of packages containing sales packages, the secondary sample shall be one or more sales packages that in aggregate are at least 300 g.

In the case of other packed produce, the secondary sample shall comprise of 30 units, in case the net weight of the package is 25 kg or less and the package does not contain any sales packages. In certain cases this means that the whole content of the package has to be checked, if the primary sample contains not more than 30 units.

1.10.

Composite sample (dry and dried produce only)

A composite sample is a mix, weighing at least 3 kg, of all the secondary samples taken from the bulk sample. Produce in the composite sample shall be evenly mixed.

1.11.

Reduced sample

Quantity of produce taken at random from the bulk or composite sample having a size which is restricted to the minimum quantity necessary but sufficient to allow the assessment of c […truncated]

[EN] ANNEX III
  Act: Commission Implementing Regulation (EU) No 543/2011 of 7 June 2011 laying down detailed rules for the application of Council Regulation (EC) No 1234/2007 in respect of the fruit and vegetables and processed fruit and vegetables sectors
  Cite as: 32011R0543:anx_3
L

157

2011

EN

1

1

01

20110607

EN

0001.0003

115

1

115

1

ANNEX III

CERTIFICATE OF CONFORMITY WITH THE EUROPEAN UNION MARKETING STANDARDS FOR FRESH FRUIT AND VEGETABLES REFERRED TO IN ARTICLES 12, 13 AND 14

1. Trader

Certificate of conformity with the European Union marketing standards applicable to fresh fruit and vegetables

No …

(This certificate is exclusively for the use of inspection bodies)

2. Packer identified on packaging (if other than trader)

3. Inspection body

4. Place of inspection/country of origin (
1
)

5. Region or country of destination

6. Identifier of means of transport

7.

internal

import

export

8. Packages (number and type)

–

–

9. Type of product (variety if the standard specifies)

10. Quality class

11. Total net weight in kg

12. The consignment referred to above conforms, at the issue time, with the European Union marketing standards in force.

Customs office foreseen …

Place and date of issue

Valid until (date): …

Signatory (name in block letters):

Signature …

Seal of the competent authority

13. Observations

(
1
) Where the goods are being re-exported, indicate the origin in box 9.",8d3e3ef37fed7d0a3cd57a1ab09a50d6f8304c7f16d75f76a2df6d2ec04f9caa,few_refs,32011R0543,http://data.europa.eu/eli/reg_impl/2011/543/art_17/oj,Commission Implementing Regulation (EU) No 543/2011 of 7 June 2011 laying down detailed rules for the application of Council Regulation (EC) No 1234/2007 in respect of the fruit and vegetables and processed fruit and vegetables sectors,jev,completed,,0.31,fact_pattern,fact_pattern,~typesafe/jev-latest,,"{""fact_pattern"": 0.54, ""lookup"": 0.46, ""skip"": 0}"
eurlex,32008R0303,"Notification

1. By 4 July 2008, Member States shall notify the Commission of their intention to apply an interim certification system according to Articles 6 or 9, or both.

2. By 4 January 2009, Member States shall notify the Commission, where applicable, of designated entities entitled to issue interim certificates and of enacted national provisions according to which documents issued by existing certification systems are deemed as interim certificates.

3. By 4 January 2009, Member States shall notify the Commission of the names and contact details of certification bodies for personnel and companies covered by Article 10 and of the titles of certificates for personnel complying with the requirements of Article 5 and companies complying with the requirements of Article 8, using the format established by Regulation (EC) No 308/2008.

4. Member States shall update the notification submitted pursuant to paragraph 3, with relevant new information, and submit it to the Commission without delay.",False,"### TARGET ARTICLE — write the questions about THIS article

[EN] Article 12 — Notification
  Act: Commission Regulation (EC) No 303/2008 of 2 April 2008 establishing, pursuant to Regulation (EC) No 842/2006 of the European Parliament and of the Council, minimum requirements and the conditions for mutual recognition for the certification of companies and personnel as regards stationary refrigeration, air conditioning and heat pump equipment containing certain fluorinated greenhouse gases (Text with EEA relevance)
Notification

1. By 4 July 2008, Member States shall notify the Commission of their intention to apply an interim certification system according to Articles 6 or 9, or both.

2. By 4 January 2009, Member States shall notify the Commission, where applicable, of designated entities entitled to issue interim certificates and of enacted national provisions according to which documents issued by existing certification systems are deemed as interim certificates.

3. By 4 January 2009, Member States shall notify the Commission of the names and contact details of certification bodies for personnel and companies covered by Article 10 and of the titles of certificates for personnel complying with the requirements of Article 5 and companies complying with the requirements of Article 8, using the format established by Regulation (EC) No 308/2008.

4. Member States shall update the notification submitted pursuant to paragraph 3, with relevant new information, and submit it to the Commission without delay.

### REFERENCED ARTICLES — supporting context only, cited by the target article. Do not write questions *about* these.

[EN] Article 6 — Interim certificates for personnel
  Act: Commission Regulation (EC) No 303/2008 of 2 April 2008 establishing, pursuant to Regulation (EC) No 842/2006 of the European Parliament and of the Council, minimum requirements and the conditions for mutual recognition for the certification of companies and personnel as regards stationary refrigeration, air conditioning and heat pump equipment containing certain fluorinated greenhouse gases (Text with EEA relevance)
Interim certificates for personnel

1. Member States may apply a system of interim certification for personnel referred to in Article 2(1) in accordance with paragraphs 2 or 3, or paragraphs 2 and 3, of this Article.The interim certificates referred to in paragraphs 2 and 3 shall expire on 4 July 2011 at the latest.

2. Personnel holding an attestation issued under existing qualification schemes for activities referred to in Article 2(1) shall be deemed holders of an interim certificate.Member States shall identify attestations qualifying as interim certificates for the corresponding category referred to in Article 4(2).

3. Personnel with professional experience in the activities corresponding to the categories referred to in Article 4(2), acquired before the date referred to in Article 5(2) of Regulation (EC) No 842/2006, shall be issued with an interim certificate by an entity designated by the Member State.The interim certificate shall indicate the category referred to in Article 4(2) and the expiry date.

[EN] Article 9 — Interim certificates for companies
  Act: Commission Regulation (EC) No 303/2008 of 2 April 2008 establishing, pursuant to Regulation (EC) No 842/2006 of the European Parliament and of the Council, minimum requirements and the conditions for mutual recognition for the certification of companies and personnel as regards stationary refrigeration, air conditioning and heat pump equipment containing certain fluorinated greenhouse gases (Text with EEA relevance)
Interim certificates for companies

1. Member States may apply an interim certification system for companies referred to in Article 2(2) in accordance with paragraphs 2 or 3, or paragraphs 2 and 3, of this Article.The interim certificates referred to in paragraphs 2 and 3 shall expire on 4 July 2011 at the latest.

2. Companies certified under existing certification schemes for activities referred to in Article 2(2) shall be deemed holders of an interim certificate.Member States shall identify attestations qualifying as interim certificates for the activities referred to in Article 2(2) which the holder is entitled to carry out.

3. Companies employing personnel holding a certificate for the activities for which certification is required for the purposes of Article 2(2) shall be issued with an interim certificate by an entity designated by the Member State.The interim certificate shall indicate the activities which the holder is entitled to carry out and the expiry date.

[EN] Article 10 — Certification body
  Act: Commission Regulation (EC) No 303/2008 of 2 April 2008 establishing, pursuant to Regulation (EC) No 842/2006 of the European Parliament and of the Council, minimum requirements and the conditions for mutual recognition for the certification of companies and personnel as regards stationary refrigeration, air conditioning and heat pump equipment containing certain fluorinated greenhouse gases (Text with EEA relevance)
Certification body

1. A certification body shall be provided for by a national law or regulation, or designated by the competent authority of a Member State or other entities entitled to do so, as being allowed to issue certificates to personnel or companies involved in one or more of the activities referred to in Article 2.The certification body shall be independent and impartial in carrying out its activities.

2. The certification body shall establish and apply procedures for the issuance, suspending and withdrawing of certificates.

3. The certification body shall maintain records that allow verifying the status of a certified person or company. The records shall demonstrate that the certification process has been effectively fulfilled. Records shall be kept for a minimum period of five years.

[EN] Article 5 — Personnel certificates
  Act: Commission Regulation (EC) No 303/2008 of 2 April 2008 establishing, pursuant to Regulation (EC) No 842/2006 of the European Parliament and of the Council, minimum requirements and the conditions for mutual recognition for the certification of companies and personnel as regards stationary refrigeration, air conditioning and heat pump equipment containing certain fluorinated greenhouse gases (Text with EEA relevance)
Personnel certificates

1. A certification body as referred to in Article 10 shall issue a certificate to personnel who have passed a theoretical and practical examination organised by an evaluation body as referred to in Article 11, covering the minimum skills and knowledge set out in the Annex, for the category concerned.

2. The certificate shall contain at least the following:

(a)
the name of the certification body, the full name of the holder, a certificate number, and the date of expiry if any;

(b)
the category of personnel certification as specified in Article 4(2) and the associated activities which the holder of the certificate is entitled to perform;

(c)
issuing date and issuer's signature.

3. Where an existing examination-based certification system covers the minimum skills and knowledge set out in the Annex for a particular category and meets the requirements of Articles 10 and 11, but the related attestation does not contain the elements laid down in paragraph 2 of this Article, a certification body referred to in Article 10 may issue a certificate to the holder of this qualification for the corresponding category without repeating examination.

4. Where an existing examination based certification system meets the requirements of Articles 10 and 11 and partially covers the minimum skills of a particular category as set out in the Annex, certification bodies may issue a certificate for the corresponding category provided that the applicant passes a supplementary examination of the skills and knowledge not covered by the existing certification by an evaluation body referred to in Article 11.

[EN] Article 8 — Company certificates
  Act: Commission Regulation (EC) No 303/2008 of 2 April 2008 establishing, pursuant to Regulation (EC) No 842/2006 of the European Parliament and of the Council, minimum requirements and the conditions for mutual recognition for the certification of companies and personnel as regards stationary refrigeration, air conditioning and heat pump equipment containing certain fluorinated greenhouse gases (Text with EEA relevance)
Company certificates

1. A certification body as referred to in Article 10 shall issue a certificate to a company for one or more of the activities referred to in Article 2(2) provided that it fulfils the following requirements:

(a)
employment of personnel certified in accordance with Article 5, for the activities requiring certification, in a sufficient number to cover the expected volume of activities;

(b)
proof that the necessary tools and procedures are available to the personnel engaged in activities for which certification is required.

2. The certificate shall contain at least the following:

(a)
the name of the certification body, the full name of the holder, a certificate number, and the date of expiry if any;

(b)
the activities which the holder of the certificate is entitled to perform;

(c)
issuing date and issuer's signature.

### REFERENCED ARTICLES FROM OTHER ACTS — none. The target article cites no article of another act in the corpus.

### REFERENCED ANNEXES — none. The target article cites no resolvable annex.",98a0584fb88062a278e08a35d732fd4d01d835a6ba1d455f8da74167206220e8,many_refs,32008R0303,http://data.europa.eu/eli/reg/2008/303/art_12/oj,"Commission Regulation (EC) No 303/2008 of 2 April 2008 establishing, pursuant to Regulation (EC) No 842/2006 of the European Parliament and of the Council, minimum requirements and the conditions for mutual recognition for the certification of companies and personnel as regards stationary refrigeration, air conditioning and heat pump equipment containing certain fluorinated greenhouse gases (Text with EEA relevance)",jev,completed,,0.9,lookup,lookup,~typesafe/jev-latest,,"{""fact_pattern"": 0.06, ""lookup"": 0.93, ""skip"": 0.01}"
eurlex,32010L0044,"Scope of the information to be made accessible by Member States in accordance with Article 91(3) of Directive 2009/65/EC

1. Member States shall ensure that the following categories of information on the relevant laws, regulations and administrative provisions are made accessible in accordance with Article 91(3) of Directive 2009/65/EC:

(a)
the definition of the term ‘marketing of units of UCITS’ or the equivalent legal term either as stated in national legislation or as developed in practice;

(b)
requirements for the contents, format and manner of presentation of marketing communications, including all compulsory warnings and restrictions on the use of certain words or phrases;

(c)
without prejudice to Chapter IX of Directive 2009/65/EC, details of any additional information required to be disclosed to investors;

(d)
details of any exemptions from rules or requirements governing arrangements made for marketing applicable in that Member State for certain UCITS, certain share classes of UCITS or certain categories of investors;

(e)
requirements for any reporting or transmission of information to the competent authorities of that Member State, and the procedure for lodging updated versions of required documents;

(f)
requirements for any fees or other sums to be paid to the competent authorities or any other statutory body in that Member State, either when marketing commences or periodically thereafter;

(g)
requirements in relation to the facilities to be made available to unit-holders as required by Article 92 of Directive 2009/65/EC;

(h)
conditions for the termination of marketing of units of UCITS in that Member State by a UCITS situated in another Member State;

(i)
detailed contents of the information required by a Member State to be included in Part B of the notification letter as referred to in Article 1 of Commission Regulation (EU) No 584/2010 of 1 July 2010 implementing Directive 2009/65/EC of the European Parliament and of the Council as regards the form and content of standard notification letter and UCITS attestation, the use of electronic communication between competent authorities for the purpose of notification, and procedures for on-the-spot verifications and investigations and the exchange of information between competent authorities;

(j)
the e-mail address designated for the purpose of Article 32.

2. Member States shall give the information listed in paragraph 1 in the form of a narrative description, or a combination of a narrative description and a series of references or links to source documents.",False,"### TARGET ARTICLE — write the questions about THIS article

[EN] Article 30 — Scope of the information to be made accessible by Member States in accordance with Article 91(3) of Directive 2009/65/EC
  Act: Commission Directive 2010/42/EU of 1 July 2010 implementing Directive 2009/65/EC of the European Parliament and of the Council as regards certain provisions concerning fund mergers, master-feeder structures and notification procedure (Text with EEA relevance)
  Location: CHAPTER IV NOTIFICATION PROCEDURE
Scope of the information to be made accessible by Member States in accordance with Article 91(3) of Directive 2009/65/EC

1. Member States shall ensure that the following categories of information on the relevant laws, regulations and administrative provisions are made accessible in accordance with Article 91(3) of Directive 2009/65/EC:

(a)
the definition of the term ‘marketing of units of UCITS’ or the equivalent legal term either as stated in national legislation or as developed in practice;

(b)
requirements for the contents, format and manner of presentation of marketing communications, including all compulsory warnings and restrictions on the use of certain words or phrases;

(c)
without prejudice to Chapter IX of Directive 2009/65/EC, details of any additional information required to be disclosed to investors;

(d)
details of any exemptions from rules or requirements governing arrangements made for marketing applicable in that Member State for certain UCITS, certain share classes of UCITS or certain categories of investors;

(e)
requirements for any reporting or transmission of information to the competent authorities of that Member State, and the procedure for lodging updated versions of required documents;

(f)
requirements for any fees or other sums to be paid to the competent authorities or any other statutory body in that Member State, either when marketing commences or periodically thereafter;

(g)
requirements in relation to the facilities to be made available to unit-holders as required by Article 92 of Directive 2009/65/EC;

(h)
conditions for the termination of marketing of units of UCITS in that Member State by a UCITS situated in another Member State;

(i)
detailed contents of the information required by a Member State to be included in Part B of the notification letter as referred to in Article 1 of Commission Regulation (EU) No 584/2010 of 1 July 2010 implementing Directive 2009/65/EC of the European Parliament and of the Council as regards the form and content of standard notification letter and UCITS attestation, the use of electronic communication between competent authorities for the purpose of notification, and procedures for on-the-spot verifications and investigations and the exchange of information between competent authorities;

(j)
the e-mail address designated for the purpose of Article 32.

2. Member States shall give the information listed in paragraph 1 in the form of a narrative description, or a combination of a narrative description and a series of references or links to source documents.

### REFERENCED ARTICLES — supporting context only, cited by the target article. Do not write questions *about* these.

[EN] Article 32 — Updates of documents
  Act: Commission Directive 2010/42/EU of 1 July 2010 implementing Directive 2009/65/EC of the European Parliament and of the Council as regards certain provisions concerning fund mergers, master-feeder structures and notification procedure (Text with EEA relevance)
  Location: CHAPTER IV NOTIFICATION PROCEDURE
Updates of documents

1. Competent authorities shall designate an e-mail address for the purpose of receiving notification of updates and amendments to the documents referred to in Article 93(2) of Directive 2009/65/EC, pursuant to Article 93(7) of that Directive.

2. Member States shall allow UCITS to notify any update or amendment to the documents referred to in Article 93(2) of Directive 2009/65/EC, pursuant to Article 93(7) of Directive 2009/65/EC by e-mail to be sent to the e-mail address referred to in paragraph 1.

The e-mail notifying such an update or amendment may either describe the update or the amendment that has been made, or provide a new version of the document as an attachment.

3. Member States shall require that any document attached to the e-mail referred to in paragraph 2, shall be provided by UCITS in a commonly used electronic format.

### REFERENCED ARTICLES FROM OTHER ACTS — supporting context only, cited by the target article. Do not write questions *about* these.

[EN] Article 91
  Act: Directive 2009/65/EC of the European Parliament and of the Council of 13 July 2009 on the coordination of laws, regulations and administrative provisions relating to undertakings for collective investment in transferable securities (UCITS) (recast) (Text with EEA relevance)
  Cite as: 32009L0065:91
  Location: CHAPTER XI SPECIAL PROVISIONS APPLICABLE TO UCITS WHICH MARKET THEIR UNITS IN MEMBER STATES OTHER THAN THOSE IN WHICH THEY ARE ESTABLISHED
1. UCITS host Member States shall ensure that UCITS are able to market their units within their territories upon notification in accordance with Article 93.

2. UCITS host Member States shall not impose any additional requirements or administrative procedures on UCITS as referred to in paragraph 1 in respect of the field governed by this Directive.

3. Member States shall ensure that complete information on the laws, regulations and administrative provisions which do not fall within the field governed by this Directive and which are specifically relevant to the arrangements made for the marketing of units of UCITS, established in another Member State within their territories, is easily accessible from a distance and by electronic means. Member States shall ensure that that information is available in a language customary in the sphere of international finance, is provided in a clear and unambiguous manner and is kept up to date.

4. For the purposes of this Chapter, a UCITS shall include investment compartments thereof.

[EN] Article 92
  Act: Directive 2009/65/EC of the European Parliament and of the Council of 13 July 2009 on the coordination of laws, regulations and administrative provisions relating to undertakings for collective investment in transferable securities (UCITS) (recast) (Text with EEA relevance)
  Cite as: 32009L0065:92
  Location: CHAPTER XI SPECIAL PROVISIONS APPLICABLE TO UCITS WHICH MARKET THEIR UNITS IN MEMBER STATES OTHER THAN THOSE IN WHICH THEY ARE ESTABLISHED
UCITS shall, in accordance with the laws, regulations and administrative provisions in force in the Member State where their units are marketed, take the measures necessary to ensure that facilities are available in that Member State for making payments to unit-holders, repurchasing or redeeming units and making available the information which UCITS are required to provide.

[EN] Article 1 — Form and content of the notification letter
  Act: Commission Regulation (EU) No 584/2010 of 1 July 2010 implementing Directive 2009/65/EC of the European Parliament and of the Council as regards the form and content of the standard notification letter and UCITS attestation, the use of electronic communication between competent authorities for the purpose of notification, and procedures for on-the-spot verifications and investigations and the exchange of information between competent authorities (Text with EEA relevance)
  Cite as: 32010R0584:1
  Location: CHAPTER I NOTIFICATION PROCEDURE
Form and content of the notification letter
An undertaking for collective investment in transferable securities (UCITS) shall produce the notification letter as referred to in Article 93(1) of Directive 2009/65/EC in accordance with the model set out in Annex I to this Regulation.

### REFERENCED ANNEXES — none. The target article cites no resolvable annex.",a92a250fba0ed517336255f616b5ff8aad4f1f82f16cfd79a4f9f5069ead8655,many_refs,32010L0044,http://data.europa.eu/eli/dir/2010/44/art_30/oj,"Commission Directive 2010/42/EU of 1 July 2010 implementing Directive 2009/65/EC of the European Parliament and of the Council as regards certain provisions concerning fund mergers, master-feeder structures and notification procedure (Text with EEA relevance)",jev,completed,,0.93,lookup,lookup,~typesafe/jev-latest,,"{""fact_pattern"": 0.04, ""lookup"": 0.96, ""skip"": 0}"
eurlex,32014R0809,"General provisions pertaining to the single application and to the submission of applications for support under rural development measures

1. If Member States decide pursuant to Article 72(4) of Regulation (EU) No 1306/2013 that the aid applications for direct payments and payment claims for rural development measures are to be covered by the single application, Articles 20, 21 and 22 of this Regulation shall apply mutatis mutandis in respect of the particular requirements established in view of the aid application and/or payment claim under those schemes or measures.

2. A beneficiary applying for aid and/or support under any of the area-related direct payments or rural development measures may submit only one single application per year.

3. Member States shall provide for appropriate procedures for the submission of applications for support under rural development measures.",False,"### TARGET ARTICLE — write the questions about THIS article

[EN] Article 12 — General provisions pertaining to the single application and to the submission of applications for support under rural development measures
  Act: Commission Implementing Regulation (EU) No 809/2014 of 17 July 2014 laying down rules for the application of Regulation (EU) No 1306/2013 of the European Parliament and of the Council with regard to the integrated administration and control system, rural development measures and cross compliance
  Location: CHAPTER II Aid applications and payment claims › Section 1 Common provisions
General provisions pertaining to the single application and to the submission of applications for support under rural development measures

1. If Member States decide pursuant to Article 72(4) of Regulation (EU) No 1306/2013 that the aid applications for direct payments and payment claims for rural development measures are to be covered by the single application, Articles 20, 21 and 22 of this Regulation shall apply mutatis mutandis in respect of the particular requirements established in view of the aid application and/or payment claim under those schemes or measures.

2. A beneficiary applying for aid and/or support under any of the area-related direct payments or rural development measures may submit only one single application per year.

3. Member States shall provide for appropriate procedures for the submission of applications for support under rural development measures.

### REFERENCED ARTICLES — supporting context only, cited by the target article. Do not write questions *about* these.

[EN] Article 20 — Specific provisions pertaining to aid applications
  Act: Commission Implementing Regulation (EU) No 809/2014 of 17 July 2014 laying down rules for the application of Regulation (EU) No 1306/2013 of the European Parliament and of the Council with regard to the integrated administration and control system, rural development measures and cross compliance
  Location: CHAPTER II Aid applications and payment claims › Section 3 Other applications
Specific provisions pertaining to aid applications
A beneficiary who does not apply for aid under any of the area-related aid schemes but applies for aid under another scheme listed in Annex I to Regulation (EU) No 1307/2013 or for support schemes in the wine sector pursuant to Articles 46 and 47 of Regulation (EU) No 1308/2013 shall, if he has agricultural area at his disposal, declare those areas in his aid application form in accordance with Article 17 of this Regulation.A beneficiary who is only subject to cross-compliance obligations in accordance with Articles 46 and 47 of Regulation (EU) No 1308/2013 shall declare in his aid application form the areas at his disposal in respect of each calendar year in which those obligations apply.However, Member States may exempt beneficiaries from the obligations provided for in the first and second subparagraphs where the information concerned is made available to the competent authorities in the framework of other administration and control systems that guarantee compatibility with the integrated system in accordance with Article 61 of Regulation (EU) No 1306/2013.

[EN] Article 21 — Requirements pertaining to livestock aid application and to payment claims under animal-related support measures
  Act: Commission Implementing Regulation (EU) No 809/2014 of 17 July 2014 laying down rules for the application of Regulation (EU) No 1306/2013 of the European Parliament and of the Council with regard to the integrated administration and control system, rural development measures and cross compliance
  Location: CHAPTER II Aid applications and payment claims › Section 3 Other applications
Requirements pertaining to livestock aid application and to payment claims under animal-related support measures

1. A livestock aid application as defined in point (15) of the second subparagraph of Article 2(1) of Delegated Regulation (EU) No 640/2014 or payment claim under animal-related support measures as defined in point (14) of the second subparagraph of Article 2(1) of that Regulation shall contain all information necessary to establish eligibility for the aid and/or support, and in particular:

(a)
the identity of the beneficiary;

(b)
a reference to the single application if it has already been submitted;

(c)
the number of animals of each type in respect of which a livestock aid application or a payment claim is being submitted and, for bovines, the identification code of the animals;

(d)
where applicable, an undertaking by the beneficiary to keep the animals referred to in point (c) on his holding during a period, determined by the Member State, and information on the location or locations where the animals will be held including the period concerned;

(e)
where appropriate, any supporting documents needed to establish the eligibility for the scheme or measure concerned;

(f)
a statement by the beneficiary that he is aware of the conditions pertaining to the aid and/or support in question.

2. Every animal keeper shall have the right to obtain from the competent authority without constraint, at reasonable intervals and without excessive delay, information on the data relating to him and his animals kept in the computerised database for animals. When submitting his livestock aid application or payment claim, the beneficiary shall declare that that data is correct and complete or he shall rectify incorrect or complete missing data.

3. Member States may decide that some of the information referred to in paragraph 1 need not to be included in the livestock aid application or payment claim, where it has already been communicated to the competent authority.

4. Member States may introduce procedures by which data contained in the computerised database for animals may be used for the purposes of the livestock aid application or payment claim, provided that the computerised database for animals offers the level of assurance and implementation necessary for the proper management of the aid schemes or support measures involved at the level of individual animals.The procedures referred to in the first subparagraph may consist of a system according to which a beneficiary may apply for aid and/or support in respect of all animals which, at a date or during a period determined by the Member State, qualify for aid and/or support on the basis of the data contained in the computerised database for animals.

In that case, Member States shall take the necessary measures to guarantee that:

(a)
in accordance with the provisions applicable to the aid scheme and/or support measure in question, the date or the period referred to in the second subparagraph are clearly identified and known to the beneficiary;

(b)
the beneficiary is aware that any potentially eligible animals found not to be correctly identified or registered in the system for the identification and registration for animals shall count as animals found with non-compliances as referred to in Article 31 of Delegated Regulation (EU) No 640/2014.

5. Member States may provide that some of the information referred to in paragraph 1 can or shall be forwarded via a body or bodies approved by them. However, the beneficiary shall remain responsible for the data transmitted.

[EN] Article 22 — Allocation or increase of the value of payment entitlements
  Act: Commission Implementing Regulation (EU) No 809/2014 of 17 July 2014 laying down rules for the application of Regulation (EU) No 1306/2013 of the European Parliament and of the Council with regard to the integrated administration and control system, rural development measures and cross compliance
  Location: CHAPTER II Aid applications and payment claims › Section 4 Specific provisions pertaining to payment entitlements
Allocation or increase of the value of payment entitlements

1. Applications for allocation of payment entitlements or the increase of the value of payment entitlements under the basic payment scheme in accordance with Article 20, Article 24, Article 30, except paragraph 7(e), and Article 39 of Regulation (EU) No 1307/2013 shall be submitted by a date to be fixed by the Member States. The date fixed shall not be later than 15 May of the relevant calendar year.However, Estonia, Latvia, Lithuania, Finland and Sweden may fix a later date which shall not be later than 15 June of the relevant calendar year.

2. Member States may decide that the application for allocation of payment entitlements shall be submitted at the same time as the aid application under the basic payment scheme.

### REFERENCED ARTICLES FROM OTHER ACTS — supporting context only, cited by the target article. Do not write questions *about* these.

[EN] Article 72 — Aid applications and payment claims
  Act: Regulation (EU) No 1306/2013 of the European Parliament and of the Council of 17 December 2013 on the financing, management and monitoring of the common agricultural policy and repealing Council Regulations (EEC) No 352/78, (EC) No 165/94, (EC) No 2799/98, (EC) No 814/2000, (EC) No 1290/2005 and (EC) No 485/2008
  Cite as: 32013R1306:72
  Location: CHAPTER II Integrated Administration and Control System
Aid applications and payment claims

1. Each year, a beneficiary of the support referred to in Article 67(2) shall submit an application for direct payments or a payment claim for the relevant area and animal-related rural development measures respectively indicating, where applicable:

(a)
all the agricultural parcels on the holding, as well as the non-agricultural area for which support referred to in Article 67(2) is claimed;

(b)
the payment entitlements declared for activation;

(c)
any other information provided for in this Regulation or required with a view to the implementation of the relevant sectoral agricultural legislation or by the Member State concerned.

As regards the area-related direct payment, each Member State shall determine the minimum size of agricultural parcels in respect of which an application may be made. However, the minimum size shall not exceed 0,3 ha.
2. By way of derogation from point (a) of paragraph 1, Member States may decide that agricultural parcels of an area of up to 0,1 ha on which an application for payment is not made, do not need to be declared, provided that the sum of such parcels does not exceed 1 ha, and/or may decide that a farmer who does not apply for any area-based direct payment does not have to declare his agricultural parcels in the case where the total area does not exceed 1 ha. In all cases, the farmer shall, indicate in his application that he has agricultural parcels at his disposal and at the request of the competent authorities, shall indicate their location.

3. Member States shall provide, inter alia through electronic means, pre-established forms based on the areas determined in the previous year as well as graphic material indicating the location of those areas.

A Member State may decide that the aid application and the payment claim:

(a)
are valid if the beneficiary confirms the absence of changes with respect to the aid application and the payment claim submitted the previous year,

(b)
need to contain only changes with respect to the aid application and the payment claim submitted for the previous year.

However, with regard to the small farmers scheme provided for in Title V of Regulation (EU) No 1307/2013, that possibility shall be given to all farmers concerned.

4. A Member State may decide that a single application shall cover a number of or all support schemes and measures referred to in Article 67 or other support schemes and measures.

5. By way of derogation from Council Regulation (EEC, Euratom) No 1182/71, the calculation of the date for the submission or the amendment of an aid application, of a payment claim or of any supporting documents, contracts or declarations under this Chapter shall be adapted to the specific requirements of the integrated system. The Commission shall be empowered to adopt delegated acts in accordance with Article 115 concerning rules applicable to periods, dates and time limits where the final date for submission of applications or amendments is a public holiday, a Saturday or a Sunday.

### REFERENCED ANNEXES — none. The target article cites no resolvable annex.",e682a285c56104174656822ab04ee63735c0228f34306dd64bb937e200e44c87,many_refs,32014R0809,http://data.europa.eu/eli/reg_impl/2014/809/art_12/oj,"Commission Implementing Regulation (EU) No 809/2014 of 17 July 2014 laying down rules for the application of Regulation (EU) No 1306/2013 of the European Parliament and of the Council with regard to the integrated administration and control system, rural development measures and cross compliance",jev,completed,,0.77,lookup,lookup,~typesafe/jev-latest,,"{""fact_pattern"": 0.15, ""lookup"": 0.84, ""skip"": 0.01}"
