corpus,document_id,target_id,mode,partition,probability_yes,accepted,probability_threshold,recorded_selected,recorded_probability_threshold,score_cutoff,best_total_40,above_cutoff,confusion,candidate_count,generation_skip,has_audit_passing_candidate_above_cutoff,best_candidate_ids_json,best_questions_json,best_answers_json,best_audit_statuses_json,best_verifier_reasons_json
eurlex,32009L0133,http://data.europa.eu/eli/dir/2009/133/art_4/oj,fact_pattern,development,0.7,True,0.55,True,0.55,31.0,28.0,False,FP,1,False,False,"[""q_1257f2cc37c8c0fce6054875""]","[""A receiving company applies the no-tax treatment to assets and liabilities transferred in a partial division. Under what rule must it compute new depreciation and any gains or losses for that treatment to apply?""]","[""Paragraphs 1 and 3 shall apply only if the receiving company computes any new depreciation and any gains or losses in respect of the assets and liabilities transferred according to the rules that would have applied to the transferring company or companies if the merger, division or partial division had not taken place.""]","[""blocking""]","[{""faithfulness_reason"": ""The answer fully supports the question by providing the exact condition under Article 4(4) of Directive 2009/133/EC governing the computation of depreciation and gains/losses for tax deferral. Precision is concise and exact. Numerical fidelity not applicable; 4 is a compatibility value."", ""quality_reason"": ""situation: The scenario sets up a receiving company in a partial division seeking tax neutrality, but the final ask ('Under what rule must it compute...') largely requests the abstract statutory condition rather than testing an applied compliance scenario.\nregime_fixing: The question lacks any factual anchor to EU cross-border reorganisations or the EU common system of taxation; without an EU or cross-border dimension, the factual setting could apply to almost any domestic corporate tax regime.\nterminology_and_distance: The query lifts significant phrasing from Article 4(4) ('receiving company', 'assets and liabilities transferred', 'partial division', 'compute new depreciation and any gains or losses'), leaving limited independent scenario framing.\nfocus: The informational objective is unified and clearly bounded to the prerequisite calculation basis governing depreciation, gains, and losses.\nlinguistic_quality: The sentence structure is clean, natural, and grammatically correct."", ""audit_reason"": ""mode: The scenario omits essential regime fixing (no indication of an EU or cross-border corporate reorganisation setting) and reduces the factual pattern to an abstract rule lookup.\nmetadata: The first item in 'particulars' ('a receiving company') fails exact case-sensitive matching against the question sentence opener ('A receiving company').""}]"
eurlex,32009L0133,http://data.europa.eu/eli/dir/2009/133/art_4/oj,lookup,development,0.69,True,0.55,True,0.55,31.0,25.0,False,FP,1,False,False,"[""q_856e5bb8f72c37e8cac02adb""]","[""Under what condition must the receiving company calculate depreciation and gains or losses for transferred assets and liabilities for the non-taxation rule to apply?""]","[""only if the receiving company computes any new depreciation and any gains or losses in respect of the assets and liabilities transferred according to the rules that would have applied to the transferring company or companies if the merger, division or partial division had not taken place""]","[""minor_issues""]","[{""faithfulness_reason"": ""The question accurately asks for the condition governing the application of the non-taxation rule under Article 4, and the answer extracts the exact operative condition from Article 4(4). Numerical fidelity not applicable; 4 is a compatibility value."", ""quality_reason"": ""practitioner_realism: The query operates predominantly as a source-reading comprehension prompt rather than an authentic practitioner lookup, referencing 'the non-taxation rule' without specifying any substantive transactional context such as company mergers, divisions, or cross-border restructurings.\nanchoring: The base question contains no regime identification or substantive framework (omitting any mention of mergers, divisions, or EU corporate reorganisation rules) and relies on the unanchored phrase 'the non-taxation rule', making it impossible to identify the relevant legal regime without consulting the cited rendering or source.\ninformativeness: The extracted span contains the governing substantive rule ('according to the rules that would have applied to the transferring company...'), but retaining the entire introductory condition clause creates semantic redundancy against the question.\nfocus: The focus is basically identifiable but conceptually tangled, conflating the condition for tax deferral with a supposed condition governing how depreciation itself must be calculated.\nlinguistic_quality: Serviceable phrasing, but syntactically awkward due to framing the computation standard as a condition under which the receiving company must calculate depreciation."", ""audit_reason"": ""anchoring: The base question lacks essential regime context, referring ambiguously to 'the non-taxation rule' without identifying corporate mergers, divisions, or the EU tax regime.""}]"
eurlex,32009L0133,http://data.europa.eu/eli/dir/2009/133/art_4/oj,conceptual,development,0.62,True,0.55,True,0.55,31.0,32.0,True,TP,1,False,True,"[""q_f19faee48058b64540051f8e""]","[""What condition governs the non-taxation of capital gains in cross-border mergers, divisions and partial divisions under the EU common tax system?""]","[""4. Paragraphs 1 and 3 shall apply only if the receiving company computes any new depreciation and any gains or losses in respect of the assets and liabilities transferred according to the rules that would have applied to the transferring company or companies if the merger, division or partial division had not taken place.\n\n5. Where, under the laws of the Member State of the transferring company, the receiving company is entitled to have any new depreciation or any gains or losses in respect of the assets and liabilities transferred computed on a basis different from that set out in paragraph 4, paragraph 1 shall not apply to the assets and liabilities in respect of which that option is exercised.""]","[""clear""]","[{""faithfulness_reason"": ""The question asks what condition governs the non-taxation rule, and the answer faithfully reproduces paragraphs 4 and 5 of Article 4, which establish the mandatory roll-over condition and the exception where an alternative valuation option is exercised. Cross-references to paragraphs 1, 3, and 4 are accurately retained."", ""quality_reason"": ""search_realism: The query presents a realistic legal inquiry concerning the statutory prerequisites for tax neutrality in corporate restructurings under the EU corporate tax regime.\nanchoring_and_time: Properly fixes the substantive regime ('EU common tax system', 'cross-border mergers, divisions and partial divisions') without relying on prohibited act locators or exact titles.\nconsequence: The selected passage comprehensively answers the inquiry by supplying both the mandatory continuity-of-depreciation condition in paragraph 4 and the scope-limiting exception in paragraph 5.\nlexical_distance: Reformulates the rule into a natural legal question ('condition governs the non-taxation of capital gains') while preserving essential legal concepts.\nlinguistic_quality: Grammatically sound, precise, and idiomatic legal English."", ""audit_reason"": ""No problems reported.""}]"
eurlex,32009L0133,http://data.europa.eu/eli/dir/2009/133/art_4/oj,comparison,development,0.35,False,0.55,False,0.55,31.0,32.0,True,FN,1,False,True,"[""q_759e7b113ed0027775e1d76f""]","[""Under EU cross-border restructuring tax rules, are a merger and a partial division treated alike regarding taxation of capital gains?""]","[""A merger, division or partial division shall not give rise to any taxation of capital gains calculated by reference to the difference between the real values of the assets and liabilities transferred and their values for tax purposes.""]","[""clear""]","[{""faithfulness_reason"": ""The answer directly establishes the shared treatment of mergers and partial divisions under Article 4(1) regarding capital gains taxation. Precision is fully concise, covering the exact governing rule without extraneous text. Numerical fidelity not applicable; 4 is a compatibility value."", ""quality_reason"": ""search_realism: Reflects a genuine corporate tax query regarding whether partial divisions benefit from the same capital gains tax neutrality as standard mergers under EU rules.\nanchoring_and_time: The regime is adequately identified via substantive subject-matter context ('EU cross-border restructuring tax rules') without relying on prohibited locators or formal citations.\nconsequence: The continuous quoted provision directly confirms the shared tax treatment for both transactions, fully resolving the comparative inquiry.\nlexical_distance: Converts the statutory rule into a natural shared-treatment comparison ('treated alike regarding...') without unnecessary structural copying.\nlinguistic_quality: The question is clear, fluent, and precisely phrased in standard legal English."", ""audit_reason"": ""No problems reported.""}]"
eurlex,32009L0133,http://data.europa.eu/eli/dir/2009/133/art_4/oj,claim_verification,development,0.64,True,0.55,True,0.55,31.0,24.0,False,FP,1,False,False,"[""q_48189f9ffc37025ca6e77623""]","[""Under the EU merger tax regime, do the tax rules in paragraphs 1 and 3 apply only if the receiving company computes new depreciation and gains or losses for the transferred assets and liabilities according to the rules that would have applied to the transferring company or companies if the restructuring had not taken place?""]","[""Paragraphs 1 and 3 shall apply only if the receiving company computes any new depreciation and any gains or losses in respect of the assets and liabilities transferred according to the rules that would have applied to the transferring company or companies if the merger, division or partial division had not taken place.""]","[""blocking""]","[{""faithfulness_reason"": ""The claim verification is fully supported by Article 4(4) of Directive 2009/133/EC, which establishes that paragraphs 1 and 3 apply only under the specified condition. The extracted span precisely covers paragraph 4 without extraneous text, and references to paragraphs 1 and 3 are accurately maintained."", ""quality_reason"": ""search_realism: The query functions as a mechanical reading-comprehension check of a single source sentence rather than a genuine practitioner query, relying on an unresolved reference to 'paragraphs 1 and 3'.\nanchoring_and_time: The question refers vaguely to 'the tax rules in paragraphs 1 and 3' under the broad EU merger tax regime without identifying the specific substantive rule (e.g., non-taxation of capital gains on transferred assets) or the article, leaving essential context dependent on a prohibited internal paragraph locator.\nconsequence: The submitted excerpt contains paragraph 4, which establishes the condition stated in the question, but the referent of 'paragraphs 1 and 3' remains unspecified within the query.\nlexical_distance: The question is an almost verbatim transcription of Article 4(4) ('computes new depreciation and gains or losses for the transferred assets and liabilities according to the rules that would have applied to the transferring company or companies if...'), changing only 'merger, division or partial division' to 'restructuring' inside a thin interrogative wrapper.\nlinguistic_quality: Grammatically sound, but awkwardly phrased due to the dangling reference to 'paragraphs 1 and 3' detached from its parent provision."", ""audit_reason"": ""mode: The question violates the standalone locator policy by including a prohibited internal paragraph locator ('paragraphs 1 and 3') rather than specifying the substantive tax rules being tested.""}]"
eurlex,32009L0133,http://data.europa.eu/eli/dir/2009/133/art_4/oj,source_finding,development,0.49,False,0.55,False,0.55,31.0,28.0,False,TN,1,False,False,"[""q_1ce800639270c2ffc78bc4c2""]","[""Which EU provision states that a merger, division or partial division must not give rise to taxation of capital gains calculated by reference to the difference between the real values of the assets and liabilities transferred and their values for tax purposes?""]","[""Article 4 — Council Directive 2009/133/EC""]","[""clear""]","[{""faithfulness_reason"": ""The source finding clue directly reproduces the substantive rule in Article 4(1) of Council Directive 2009/133/EC, accurately identifying both the act and article without error."", ""quality_reason"": ""search_realism: The query uses a thin 'Which EU provision states that...' wrapper around an almost verbatim statutory sentence, reflecting artificial document-comprehension framing rather than an organic research need.\nanchoring_and_time: The substantive context of cross-border corporate reorganisations (merger, division, partial division) and tax neutrality on capital gains provides adequate domain fixing without leaking forbidden identifiers.\nconsequence: The submitted metadata and target body evidence completely and accurately identify Article 4 of Directive 2009/133/EC corresponding to the stated rule.\nlexical_distance: Avoidable near-copy of the source sentence: the question reproduces the entire text of Article 4(1) ('give rise to [...] taxation of capital gains calculated by reference to the difference between the real values of the assets and liabilities transferred and their values for tax purposes') verbatim, changing only 'shall not' to 'must not' and dropping 'any'.\nlinguistic_quality: Grammatically sound, clear, and fluent English with standard legal phrasing."", ""audit_reason"": ""No problems reported.""}]"
eurlex,32009L0090,http://data.europa.eu/eli/dir/2009/90/art_4/oj,fact_pattern,validation,0.58,True,0.55,True,0.55,31.0,29.0,False,FP,2,False,False,"[""q_84ea1dc6f17d388fd49c99ef""]","[""A Member State applies a chemical-analysis method for monitoring water status whose measurement uncertainty at the level of the relevant environmental quality standard is 60 %. What minimum performance criteria must it ensure for all methods of analysis applied?""]","[""the minimum performance criteria for all methods of analysis applied are based on an uncertainty of measurement of 50 % or below (k = 2) estimated at the level of relevant environmental quality standards and a limit of quantification equal or below a value of 30 % of the relevant environmental quality standards""]","[""blocking""]","[{""faithfulness_reason"": ""The answer accurately reproduces the minimum performance criteria set out in Article 4(1). All numerical values (50 %, k = 2, 30 %) and relational conditions are correctly preserved without defect."", ""quality_reason"": ""situation: The question presents a specific circumstance (a method with 60 % measurement uncertainty), but the final ask ignores this fact and requests the unchanged general threshold rule ('What minimum performance criteria must it ensure for all methods of analysis applied?'). This constitutes a decorative case wrapper ending in a general definition/threshold lookup.\nregime_fixing: The regime is clearly established using chemical-analysis methods, water status monitoring, and environmental quality standards without citing the legal act.\nterminology_and_distance: The phrasing of the final ask directly mirrors the statutory wording of Article 4(1), though the scenario itself is independently drafted.\nfocus: The informational intent is unified on the general minimum performance criteria.\nlinguistic_quality: The sentence structure is fluent, natural, and grammatically correct."", ""audit_reason"": ""mode: The scenario introduces a specific 60 % uncertainty fact but immediately reverts to an unchanged general threshold lookup ('What minimum performance criteria must it ensure for all methods of analysis applied?'), violating the fact_pattern mode requirement that facts actively drive the legal treatment.""}]"
eurlex,32009L0090,http://data.europa.eu/eli/dir/2009/90/art_4/oj,lookup,validation,0.66,True,0.55,True,0.55,31.0,32.0,True,TP,2,False,True,"[""q_e03b933180807dfe0fc1276f"", ""q_f13a4104c8f25e650da934bd""]","[""What minimum performance criteria must Member States ensure for methods of analysis applied to water-status monitoring?"", ""When must water-status monitoring use best available techniques not entailing excessive costs?""]","[""an uncertainty of measurement of 50 % or below (k = 2) estimated at the level of relevant environmental quality standards and a limit of quantification equal or below a value of 30 % of the relevant environmental quality standards"", ""In the absence of relevant environmental quality standard for a given parameter, or in the absence of method of analysis meeting the minimum performance criteria set out in paragraph 1, Member States shall ensure that monitoring is carried out using best available techniques not entailing excessive costs.""]","[""clear"", ""clear""]","[{""faithfulness_reason"": ""The answer accurately extracts the substantive performance criteria specified in Article 4(1). The numerical limits (50 % or below, k = 2, 30 % or below) and their benchmarks are fully preserved without defect."", ""quality_reason"": ""practitioner_realism: A realistic technical-compliance lookup addressing the regulatory thresholds required for chemical analysis methods in water monitoring.\nanchoring: Adequately contextualised through the substantive subject matter of water-status monitoring methods without relying on forbidden locators.\ninformativeness: The extracted span directly provides the two mandatory quantitative thresholds (uncertainty of measurement and limit of quantification).\nfocus: Maintains a single informational objective regarding the baseline performance criteria.\nlinguistic_quality: Grammatically sound, clear, and natural phrasing conforming to professional legal drafting."", ""audit_reason"": ""No problems reported.""}, {""faithfulness_reason"": ""The answer provides the complete, verbatim provision of Article 4(2) establishing the specific fallback conditions under which best available techniques not entailing excessive costs must be used. Numerical fidelity not applicable; 4 is a compatibility value."", ""quality_reason"": ""practitioner_realism: Presents a direct regulatory question asking when an environmental monitoring fallback rule (best available techniques) is triggered.\nanchoring: The query grounds the context in water-status monitoring and the specific technical standard concept without structural identifiers.\ninformativeness: The selected passage completely covers both alternative trigger conditions under Article 4(2).\nfocus: Direct and bounded request targeting the exact circumstances under which the secondary standard applies.\nlinguistic_quality: Fluent, concise, and accurately formulated in natural legal English."", ""audit_reason"": ""No problems reported.""}]"
eurlex,32009L0090,http://data.europa.eu/eli/dir/2009/90/art_4/oj,conceptual,validation,0.46,False,0.55,False,0.55,31.0,30.0,False,TN,1,False,False,"[""q_88e7f8c9da61f1736cd89ebb""]","[""What must Member States ensure for methods of analysis and monitoring of water status when applying minimum performance criteria?""]","[""Member States shall ensure that the minimum performance criteria for all methods of analysis applied are based on an uncertainty of measurement of 50 % or below (k = 2) estimated at the level of relevant environmental quality standards and a limit of quantification equal or below a value of 30 % of the relevant environmental quality standards. In the absence of relevant environmental quality standard for a given parameter, or in the absence of method of analysis meeting the minimum performance criteria set out in paragraph 1, Member States shall ensure that monitoring is carried out using best available techniques not entailing excessive costs.""]","[""clear""]","[{""faithfulness_reason"": ""The answer quotes Article 4(1) and 4(2) verbatim, fully resolving the question's scope by providing both the primary minimum performance criteria and the fallback rule for water monitoring. All thresholds (50% with k = 2, 30%) and their relational qualifiers are accurately preserved."", ""quality_reason"": ""search_realism: Plausible search need regarding regulatory duties for water monitoring analysis methods, but the formulation ('What must Member States ensure... when applying minimum performance criteria?') is noticeably constructed and sounds like a document-comprehension prompt.\nanchoring_and_time: The combination of 'methods of analysis and monitoring of water status' and 'minimum performance criteria' clearly grounds the query in the technical specifications framework of Directive 2009/90/EC without using prohibited formal citations.\nconsequence: The supplied extract fully resolves the inquiry by providing both the quantitative baseline criteria (uncertainty <= 50%, LOQ <= 30% of EQS) and the fallback rule (best available techniques not entailing excessive costs).\nlexical_distance: The query stitches together verbatim phrases from the directive's title and article heading ('methods of analysis and monitoring of water status', 'minimum performance criteria') with direct source phrasing ('Member States ensure').\nlinguistic_quality: The sentence is grammatically correct, fluent, and easily readable."", ""audit_reason"": ""No problems reported.""}]"
eurlex,32009L0090,http://data.europa.eu/eli/dir/2009/90/art_4/oj,comparison,validation,0.23,False,0.55,False,0.55,31.0,35.0,True,FN,1,False,True,"[""q_c780430c9f6dfc2b62ececb3""]","[""Under EU water-monitoring rules, how do the method requirements compare for methods subject to the minimum performance criteria and for monitoring when a relevant environmental quality standard or compliant method is absent?""]","[""1. Member States shall ensure that the minimum performance criteria for all methods of analysis applied are based on an uncertainty of measurement of 50 % or below (k = 2) estimated at the level of relevant environmental quality standards and a limit of quantification equal or below a value of 30 % of the relevant environmental quality standards.\n\n2. In the absence of relevant environmental quality standard for a given parameter, or in the absence of method of analysis meeting the minimum performance criteria set out in paragraph 1, Member States shall ensure that monitoring is carried out using best available techniques not entailing excessive costs.""]","[""clear""]","[{""faithfulness_reason"": ""Grounding exceptional: The candidate directly addresses the two-tier legal framework of Article 4, accurately comparing the baseline minimum performance criteria under paragraph 1 against the explicit fallback standard (best available techniques not entailing excessive costs) when standards or compliant methods are absent under paragraph 2. Precision exceptional: The extracted text constitutes the exact, minimal continuous span across paragraphs 1 and 2 necessary to resolve both sides of the comparison completely, retaining all essential qualifications without unnecessary padding. Numerical fidelity exceptional: The response perfectly preserves all numerical specifications, including the inequality '50 % or below', the coverage factor '(k = 2)', and the limit of quantification threshold 'equal or below a value of 30 %', alongside their precise relational benchmarks."", ""quality_reason"": ""search_realism: A plausible and practical legal-technical query comparing the baseline quantitative criteria against the statutory fallback standard when criteria cannot be met.\nanchoring_and_time: Properly anchored to 'EU water-monitoring rules' without leaking citations or prohibited act numbers.\nconsequence: The continuous extract of paragraphs 1 and 2 cleanly and completely resolves both sides of the comparison.\nlexical_distance: Effectively rephrases the relationship between the baseline rule and the fallback scenario while keeping necessary technical terms.\nlinguistic_quality: Grammatically sound, clear, and idiomatic legal English."", ""audit_reason"": ""No problems reported.""}]"
eurlex,32009L0090,http://data.europa.eu/eli/dir/2009/90/art_4/oj,claim_verification,validation,0.6,True,0.55,True,0.55,31.0,32.0,True,TP,2,False,True,"[""q_17be2c2ffdd38f33c543a6d9""]","[""Under EU water-status monitoring rules, must Member States use the best available techniques not entailing excessive costs when no relevant environmental quality standard or compliant analytical method exists?""]","[""In the absence of relevant environmental quality standard for a given parameter, or in the absence of method of analysis meeting the minimum performance criteria set out in paragraph 1, Member States shall ensure that monitoring is carried out using best available techniques not entailing excessive costs.""]","[""clear""]","[{""faithfulness_reason"": ""The claim accurately reflects the conditional obligation in Article 4(2) to use best available techniques not entailing excessive costs, and is correctly verified as supported. The extracted span is concise and complete. Numerical fidelity is 4 for routine preservation of the internal paragraph reference."", ""quality_reason"": ""search_realism: Reflects a realistic practitioner verification need concerning the specific fallback obligation when standard performance criteria or environmental quality standards are unavailable.\nanchoring_and_time: The subject matter anchor 'EU water-status monitoring rules' correctly identifies the governing regime without resorting to document locators.\nconsequence: The excerpted text from Article 4(2) directly and completely resolves the uncertain proposition, establishing the duty to apply best available techniques not entailing excessive costs under the specified conditions.\nlexical_distance: Accurately integrates the statutory prerequisite conditions into a fluent interrogative form while retaining necessary legal phrasing.\nlinguistic_quality: Fluent, precise, and idiomatic phrasing with appropriate syntactical structure."", ""audit_reason"": ""No problems reported.""}]"
eurlex,32009L0090,http://data.europa.eu/eli/dir/2009/90/art_4/oj,source_finding,validation,0.45,False,0.55,False,0.55,31.0,30.0,False,TN,1,False,False,"[""q_6416cbb56722e3ca24d52d73""]","[""Which EU provision sets the minimum performance criteria for methods of analysis used in chemical analysis and monitoring of water status, including the 50% measurement-uncertainty and 30% limit-of-quantification thresholds?""]","[""Article 4 — Commission Directive 2009/90/EC""]","[""clear""]","[{""faithfulness_reason"": ""In source_finding, substantive evidence for every material part of the clue must be validated from a contiguous target-body evidence span, while metadata supplies identity only. The question clue includes the substantive qualifier 'used in chemical analysis and monitoring of water status', which is imported from the Directive title metadata and does not appear in the body of Article 4 (which mentions neither 'chemical analysis' nor 'water status'), leaving a material part of the clue unsupported by target-body evidence. Precision is 4 as Article 4(1) is an appropriately concise single-sentence span containing the criteria without unnecessary excess. Numerical fidelity is 4 as the 50% and 30% thresholds, as well as the article and directive identifiers, are accurately reproduced in their correct roles."", ""quality_reason"": ""search_realism: The query reflects a realistic legal and regulatory search need where a practitioner recalls specific technical thresholds (50% uncertainty, 30% LOQ) for water status chemical analysis and seeks the governing EU provision.\nanchoring_and_time: Context is clearly established using substantive environmental monitoring terms and specific analytical thresholds without leaking the act number or full formal title.\nconsequence: The submitted evidence from Article 4(1) directly validates the exact criteria and numerical thresholds specified in the clue, correctly identifying the target article and directive.\nlexical_distance: The query synthesizes the technical domain subject matter with the specific numerical limits into an organic question, retaining mandatory regulatory terminology while avoiding unnecessary verbatim copy.\nlinguistic_quality: The sentence is grammatically sound, fluent, and framed cleanly with appropriate technical terminology."", ""audit_reason"": ""No problems reported.""}]"
eurlex,32010L0035,http://data.europa.eu/eli/dir/2010/35/art_15/oj,fact_pattern,development,0.62,True,0.55,True,0.55,31.0,32.0,True,TP,3,False,True,"[""q_420ee2bb6b8c47926a592be4"", ""q_88140e81e5b1ccb512a66950""]","[""A manufacturer is affixing the Pi marking to transportable pressure equipment with a diameter of 140 mm. What is the minimum height of the marking?"", ""A notified body has carried out the initial inspections and tests for a manufacturer's transportable pressure equipment. What must follow the Pi marking, and who may affix the identification number?""]","[""The minimum height of the Pi marking shall be 5 mm. For transportable pressure equipment with a diameter less than or equal to 140 mm the minimum height shall be 2,5 mm."", ""The Pi marking shall be followed by the identification number of the notified body involved in the initial inspections and tests. The identification number of the notified body shall be affixed by the body itself, or under its instructions, by the manufacturer.""]","[""clear"", ""clear""]","[{""faithfulness_reason"": ""The answer fully grounds the application scenario using Article 15(2). Quoting both sentences of the paragraph provides the general threshold alongside the inclusive 140 mm boundary condition without introducing external matter. All numerical values and thresholds (140 mm, 2,5 mm, 5 mm) are faithfully reproduced."", ""quality_reason"": ""situation: A concrete manufacturing scenario sets up equipment with a diameter of 140 mm, directly testing the boundary condition ('less than or equal to 140 mm') for the marking height without revealing the applicable threshold.\nregime_fixing: Specifies 'transportable pressure equipment' and the 'Pi marking', which reliably fixes the regulatory scope without citing the directive.\nterminology_and_distance: Natural drafting that poses a clear classification/threshold question without quoting the operative rule.\nfocus: Sharp single informational need regarding the minimum height requirement applicable to this specific equipment size.\nlinguistic_quality: Clean, concise, and grammatically impeccable English prose."", ""audit_reason"": ""No problems reported.""}, {""faithfulness_reason"": ""Article 15(6) directly and completely answers both prongs of the prompt concerning what must follow the Pi marking and which actors (the notified body or the manufacturer under instructions) may affix the identification number. Numerical fidelity not applicable; 4 is a compatibility value."", ""quality_reason"": ""situation: Presents a clear operational situation where initial inspections and tests have taken place, creating the practical need to determine what markings accompany the Pi marking and who is authorized to affix them.\nregime_fixing: Fixes the regime through 'Pi marking', notified body role in initial inspections and tests, and transportable pressure equipment.\nterminology_and_distance: Phrased independently without disclosing that the notified body's identification number is required or who may affix it.\nfocus: Cohesive two-part inquiry covering the identification marking requirement and authorized affixing actors under Article 15(6).\nlinguistic_quality: Clear, well-punctuated, and fluent."", ""audit_reason"": ""No problems reported.""}]"
eurlex,32010L0035,http://data.europa.eu/eli/dir/2010/35/art_15/oj,lookup,development,0.66,True,0.55,True,0.55,31.0,32.0,True,TP,3,False,True,"[""q_97e27c67543e5c72b92b7f76"", ""q_888a7154156e088ea4091bc7""]","[""What minimum height must the Pi marking have on transportable pressure equipment, including equipment with a diameter of 140 mm or less?"", ""Where must the Pi marking be affixed on transportable pressure equipment and its safety-related demountable parts?""]","[""5 mm. For transportable pressure equipment with a diameter less than or equal to 140 mm the minimum height shall be 2,5 mm."", ""visibly, legibly and permanently to the transportable pressure equipment or to its data plate as well as to demountable parts of refillable transportable pressure equipment having a direct safety function""]","[""clear"", ""clear""]","[{""faithfulness_reason"": ""The answer accurately reflects the two-tier minimum height rule under Article 15(2). Numerical values (5 mm, 140 mm, 2,5 mm) and the threshold condition are correctly preserved."", ""quality_reason"": ""practitioner_realism: Reflects a genuine compliance inquiry by a manufacturer or conformity assessment body determining dimensional specifications for equipment markings.\nanchoring: The regime is well-anchored through 'Pi marking' and 'transportable pressure equipment', providing sufficient context to locate the applicable rule without citing the directive.\ninformativeness: The answer provides both the general rule (5 mm) and the specific threshold rule for smaller equipment (2.5 mm for diameter <= 140 mm) directly resolving the inquiry.\nfocus: The question maintains a single, sharp informational goal regarding minimum height specifications across standard and small-diameter equipment.\nlinguistic_quality: Clear, grammatically sound, and precise phrasing appropriate for regulatory standards."", ""audit_reason"": ""No problems reported.""}, {""faithfulness_reason"": ""The extracted span from Article 15(4) fully resolves the question regarding where and how the Pi marking must be affixed. Numerical fidelity not applicable; 4 is a compatibility value."", ""quality_reason"": ""practitioner_realism: Represents a practical operational question regarding the physical placement of statutory conformity markings on industrial equipment.\nanchoring: The query is properly anchored by the substantive references to 'Pi marking' and 'transportable pressure equipment'.\ninformativeness: The excerpt answers where the marking must be affixed (equipment, data plate, or demountable parts), including the qualifying conditions of the continuous span.\nfocus: Maintains a unified focus on the permitted affixing locations for transportable pressure equipment and demountable parts.\nlinguistic_quality: Natural, professional English phrasing with accurate legal terminology."", ""audit_reason"": ""No problems reported.""}]"
eurlex,32010L0035,http://data.europa.eu/eli/dir/2010/35/art_15/oj,conceptual,development,0.47,False,0.55,False,0.55,31.0,32.0,True,FN,2,False,True,"[""q_33c6ebbb89700f624e2856d6""]","[""How must the Pi marking be placed on new transportable pressure equipment and safety-critical demountable parts?""]","[""The Pi marking shall be affixed visibly, legibly and permanently to the transportable pressure equipment or to its data plate as well as to demountable parts of refillable transportable pressure equipment having a direct safety function. The Pi marking shall be affixed before the new transportable pressure equipment or demountable parts of refillable transportable pressure equipment having a direct safety function are placed on the market.""]","[""clear""]","[{""faithfulness_reason"": ""The question's scope is fully established by paragraphs 4 and 5 of Article 15, which form a contiguous span addressing the manner, location, and timing of affixing the Pi marking. Numerical fidelity not applicable; 4 is a compatibility value."", ""quality_reason"": ""search_realism: A realistic and coherent query reflecting an authentic technical compliance inquiry regarding the physical placement and timing rules for applying the Pi marking.\nanchoring_and_time: Successfully anchors the substantive context using 'Pi marking', 'transportable pressure equipment', and 'demountable parts' without relying on prohibited legal locators.\nconsequence: The continuous extract from paragraphs 4 and 5 directly and comprehensively resolves the inquiry on how (visibly, legibly, permanently, to data plates/parts) and when (prior to market placement) the marking is applied.\nlexical_distance: Competently reformulates the source language ('affixed' to 'placed', 'demountable parts of refillable transportable pressure equipment having a direct safety function' to 'safety-critical demountable parts') while preserving necessary terminology.\nlinguistic_quality: Grammatically sound, natural, and clearly formulated English prose."", ""audit_reason"": ""No problems reported.""}]"
eurlex,32010L0035,http://data.europa.eu/eli/dir/2010/35/art_15/oj,comparison,development,0.31,False,0.55,False,0.55,31.0,32.0,True,FN,1,False,True,"[""q_03076f673ff2229f2671bb41""]","[""Under EU rules for the Pi marking on transportable pressure equipment, what minimum-height requirement applies to transportable pressure equipment generally compared with transportable pressure equipment with a diameter less than or equal to 140 mm?""]","[""The minimum height of the Pi marking shall be 5 mm. For transportable pressure equipment with a diameter less than or equal to 140 mm the minimum height shall be 2,5 mm.""]","[""clear""]","[{""faithfulness_reason"": ""The question and answer cleanly establish the comparative minimum height rules for both general transportable pressure equipment and equipment with a diameter of 140 mm or less directly from Article 15(2). Precision captures the exact relevant paragraph without unnecessary peripheral text, and all numerical thresholds (5 mm, 140 mm, and 2,5 mm) are accurately preserved."", ""quality_reason"": ""search_realism: Reflects a realistic practical compliance query regarding baseline versus reduced-size marking specifications for transportable pressure equipment.\nanchoring_and_time: Establishes clear substantive context via the Pi marking regime on transportable pressure equipment without relying on formal act numbers or locators.\nconsequence: The selected continuous span directly establishes the minimum height threshold for both standard equipment (5 mm) and equipment with a diameter up to 140 mm (2.5 mm).\nlexical_distance: Competently reframes the baseline and special exception into a comparative question while retaining necessary legal and technical dimensions.\nlinguistic_quality: Grammatically sound, precise, and idiomatic query prose that clearly sets up both sides of the comparison."", ""audit_reason"": ""No problems reported.""}]"
eurlex,32010L0035,http://data.europa.eu/eli/dir/2010/35/art_15/oj,claim_verification,development,0.6,True,0.55,True,0.55,31.0,31.0,False,FP,1,False,False,"[""q_75a1bd1a620d9b04e5150b26""]","[""Under EU rules on transportable pressure equipment, must the Pi marking be affixed before new transportable pressure equipment is placed on the market?""]","[""The Pi marking shall be affixed before the new transportable pressure equipment or demountable parts of refillable transportable pressure equipment having a direct safety function are placed on the market.""]","[""clear""]","[{""faithfulness_reason"": ""Article 15(5) directly establishes that the Pi marking must be affixed before new transportable pressure equipment is placed on the market, fully supporting the claim verdict. The extracted text is an exact single-sentence provision without excess. Numerical fidelity not applicable; 4 is a compatibility value."", ""quality_reason"": ""search_realism: Presents a realistic, clearly motivated compliance verification query regarding the timing requirement for affixing the conformity marking.\nanchoring_and_time: Properly anchored by the substantive regime ('EU rules on transportable pressure equipment') without relying on prohibited formal citations or act numbers.\nconsequence: The extracted provision from Article 15(5) definitively confirms the asserted obligation and its precise timing condition.\nlexical_distance: The query closely tracks the sentence structure and phrasing of paragraph 5 ('shall be affixed before the new transportable pressure equipment... are placed on the market'), applying only a standard interrogative conversion.\nlinguistic_quality: Grammatically sound, fluent, and clearly formulated interrogative sentence."", ""audit_reason"": ""No problems reported.""}]"
eurlex,32010L0035,http://data.europa.eu/eli/dir/2010/35/art_15/oj,source_finding,development,0.44,False,0.55,False,0.55,31.0,32.0,True,FN,1,False,True,"[""q_5aa35fe11bb8278af0f1cd52""]","[""Which EU provision lays down the minimum dimensions, placement, timing and notified-body identification requirements for the Pi marking on transportable pressure equipment?""]","[""Article 15 — Directive 2010/35/EU""]","[""clear""]","[{""faithfulness_reason"": ""The source finding clue elements (minimum dimensions, placement, timing, and notified-body identification requirements) are all directly verified within the target article body, and the official source identity is correctly identified. The evidence span is contiguous, including necessary intervening text between paragraphs 2 and 6. Numerical fidelity is fully accurate for all dimensional thresholds."", ""quality_reason"": ""search_realism: The query realistically reflects a compliance search where a practitioner remembers the four distinct regulatory facets (dimensions, placement, timing, notified body number) of the marking regime but requires the governing EU citation.\nanchoring_and_time: The question anchors cleanly to the Pi marking regime on transportable pressure equipment without revealing prohibited formal locators or full titles.\nconsequence: The provided target article and act identity resolve the exact legal source governing all four listed requirements, supported directly by the excerpted paragraphs 2–6.\nlexical_distance: Synthesizes disparate paragraphs (minimum height, affixing rules, timing relative to placing on the market, notified body number) into functional regulatory categories ('minimum dimensions, placement, timing and notified-body identification requirements').\nlinguistic_quality: Grammatically sound, concise, and standard legal drafting style with natural phrasing."", ""audit_reason"": ""No problems reported.""}]"
eurlex,32012L0018,http://data.europa.eu/eli/dir/2012/18/art_4/oj,fact_pattern,validation,0.59,True,0.55,True,0.55,31.0,26.0,False,FP,1,False,False,"[""q_b2d885e45e3c87f3acd7263d""]","[""A Member State considers that a dangerous substance does not present a major-accident hazard under the EU major-accident regime. What must accompany its notification to the Commission?""]","[""supporting justification, including the information referred to in paragraph 3""]","[""blocking""]","[{""faithfulness_reason"": ""The question accurately reflects the conditions of Article 4(2) of Directive 2012/18/EU, and the extracted answer precisely identifies what must accompany the Member State's notification. The cross-reference to paragraph 3 is accurately preserved."", ""quality_reason"": ""situation: There is no concrete situation or factual file. The question merely copies the abstract statutory condition of Article 4(2) verbatim ('A Member State considers that a dangerous substance does not present a major-accident hazard...') without providing any specific substance, process, or applied circumstances.\nregime_fixing: The regime is identifiable primarily through the explicit substantive label 'EU major-accident regime', but lacks concrete factual anchoring.\nterminology_and_distance: Severe avoidable lifting of the source scaffolding: almost the entire question is lifted directly from Article 4(2) ('Member State considers that a dangerous substance does not present a major-accident hazard', 'notification to the Commission').\nfocus: Well-bounded, single informational ask inquiring strictly about what must accompany the notification.\nlinguistic_quality: Grammatically sound, clear, and natural English prose."", ""audit_reason"": ""mode: Fails the fact_pattern contract because it does not construct a concrete situation for a party or authority handling a file; it merely restates the abstract statutory condition of Article 4(2) directly as a general rule lookup.""}]"
eurlex,32012L0018,http://data.europa.eu/eli/dir/2012/18/art_4/oj,lookup,validation,0.68,True,0.55,True,0.55,31.0,32.0,True,TP,3,False,True,"[""q_90e0b3667a69def38b059e72"", ""q_3f1eeff35a6e13f8a79c0dcf"", ""q_94e328e5dc71feaf90da87b6""]","[""Under EU rules on the control of major-accident hazards involving dangerous substances, what must the Commission assess for a particular dangerous substance?"", ""What must the Commission do after assessing a dangerous substance under EU major-accident hazard control rules?"", ""Which characteristics must form the basis of the Commission's assessment of a dangerous substance under EU major-accident hazard control rules?""]","[""whether it is impossible in practice for a particular dangerous substance covered by Part 1 or listed in Part 2 of Annex I, to cause a release of matter or energy that could create a major accident under both normal and abnormal conditions which can reasonably be foreseen"", ""if appropriate, present a legislative proposal to the European Parliament and to the Council to exclude the dangerous substance concerned from the scope of this Directive"", ""the physical form of the dangerous substance under normal processing or handling conditions or in an unplanned loss of containment; the inherent properties of the dangerous substance, in particular those related to dispersive behaviour in a major-accident scenario, such as molecular mass and saturated vapour pressure; the maximum concentration of the substances in the case of mixtures""]","[""clear"", ""clear"", ""clear""]","[{""faithfulness_reason"": ""The candidate directly answers the question using a verbatim contiguous span from Article 4(1). Numerical fidelity not applicable; 4 is a compatibility value."", ""quality_reason"": ""practitioner_realism: Presents a clear, realistic legal lookup inquiry regarding the substantive statutory standard the Commission must apply when evaluating a dangerous substance.\nanchoring: Accurately grounds the inquiry in the EU regime governing the control of major-accident hazards involving dangerous substances without using forbidden identifiers.\ninformativeness: Directly and fully resolves the question by citing the exact statutory assessment test laid down in Article 4(1).\nfocus: Maintains a single, well-defined informational focus on the core question of what the Commission must evaluate.\nlinguistic_quality: Fluent, concise, and grammatically correct English phrasing."", ""audit_reason"": ""No problems reported.""}, {""faithfulness_reason"": ""The answer accurately reflects the Commission's potential action following the assessment under Article 4(4), retaining the condition 'if appropriate'. Numerical fidelity not applicable; 4 is a compatibility value."", ""quality_reason"": ""practitioner_realism: Presents a legitimate practical information need regarding the procedural follow-up action incumbent on the Commission post-assessment.\nanchoring: The substantive subject matter of EU major-accident hazard control rules provides adequate context without leaking forbidden locators.\ninformativeness: The extracted span properly captures the conditional obligation ('if appropriate') and the exact legislative proposal required under Article 4(4).\nfocus: Sharply targeted to the single consequence/obligation following the completed assessment.\nlinguistic_quality: Natural, direct, and well-formulated question."", ""audit_reason"": ""No problems reported.""}, {""faithfulness_reason"": ""The answer provides the exact list of characteristics specified in Article 4(1)(a)-(c) without excess or distortion. Numerical fidelity not applicable; 4 is a compatibility value."", ""quality_reason"": ""practitioner_realism: Reflects a genuine practitioner lookup seeking the precise technical characteristics required as the basis for the Commission's evaluation.\nanchoring: Sufficiently establishes the regulatory context using permitted substantive terminology for the EU major-accident hazard regime.\ninformativeness: Provides the complete enumerated list of characteristics under points (a) through (c) of Article 4(1).\nfocus: Binds the query cleanly to the specific characteristics governing the assessment.\nlinguistic_quality: Clear, natural, and syntactically correct question formulation."", ""audit_reason"": ""No problems reported.""}]"
eurlex,32012L0018,http://data.europa.eu/eli/dir/2012/18/art_4/oj,conceptual,validation,0.65,True,0.55,True,0.55,31.0,32.0,True,TP,3,False,True,"[""q_ff90a829cdbb68ee9ef77af0""]","[""How must the Commission assess whether a particular dangerous substance can cause a major accident under foreseeable normal and abnormal conditions?""]","[""The Commission shall assess, where appropriate or in any event on the basis of a notification by a Member State in accordance with paragraph 2, whether it is impossible in practice for a particular dangerous substance covered by Part 1 or listed in Part 2 of Annex I, to cause a release of matter or energy that could create a major accident under both normal and abnormal conditions which can reasonably be foreseen. That assessment shall take into account the information referred to in paragraph 3, and shall be based on one or more of the following characteristics:\n\n(a)\nthe physical form of the dangerous substance under normal processing or handling conditions or in an unplanned loss of containment;\n\n(b)\nthe inherent properties of the dangerous substance, in particular those related to dispersive behaviour in a major-accident scenario, such as molecular mass and saturated vapour pressure;\n\n(c)\nthe maximum concentration of the substances in the case of mixtures.\n\nFor the purposes of the first subparagraph, the containment and generic packing of the dangerous substance should, where appropriate, also be taken into account, including in particular where covered under specific Union legislation.""]","[""clear""]","[{""faithfulness_reason"": ""The question asks how the Commission assesses whether a dangerous substance can create a major accident under foreseeable conditions. The answer quotes Article 4(1) completely and verbatim, fully establishing the assessment criteria, characteristics, and considerations without error."", ""quality_reason"": ""search_realism: A realistic, well-motivated conceptual inquiry seeking the criteria and parameters governing the Commission's safety assessment of dangerous substances.\nanchoring_and_time: Establishes clear substantive EU major-accident hazard regime context without using formal citations or prohibited locators.\nconsequence: The continuous span from Article 4(1) fully resolves the assessment criteria, required inputs, and physical characteristics.\nlexical_distance: The query naturally condenses and reorders source phrases (such as foreseeable conditions) into a clean interrogative form.\nlinguistic_quality: Grammatically sound, fluent, and precise legal English."", ""audit_reason"": ""No problems reported.""}]"
eurlex,32012L0018,http://data.europa.eu/eli/dir/2012/18/art_4/oj,comparison,validation,0.23,False,0.55,False,0.55,31.0,29.0,False,TN,1,False,False,"[""q_c1bd1723c57332e5966f1632""]","[""Under Directive 2012/18/EU rules on major-accident hazards involving dangerous substances, how do the Commission’s assessment role and a Member State’s notification role compare when a particular dangerous substance may not present a major-accident hazard?""]","[""1. The Commission shall assess, where appropriate or in any event on the basis of a notification by a Member State in accordance with paragraph 2, whether it is impossible in practice for a particular dangerous substance covered by Part 1 or listed in Part 2 of Annex I, to cause a release of matter or energy that could create a major accident under both normal and abnormal conditions which can reasonably be foreseen. That assessment shall take into account the information referred to in paragraph 3, and shall be based on one or more of the following characteristics:\n\n(a)\nthe physical form of the dangerous substance under normal processing or handling conditions or in an unplanned loss of containment;\n\n(b)\nthe inherent properties of the dangerous substance, in particular those related to dispersive behaviour in a major-accident scenario, such as molecular mass and saturated vapour pressure;\n\n(c)\nthe maximum concentration of the substances in the case of mixtures.\n\nFor the purposes of the first subparagraph, the containment and generic packing of the dangerous substance should, where appropriate, also be taken into account, including in particular where covered under specific Union legislation.\n2. Where a Member State considers that a dangerous substance does not present a major-accident hazard in accordance with paragraph 1, it shall notify the Commission together with supporting justification, including the information referred to in paragraph 3.""]","[""blocking""]","[{""faithfulness_reason"": ""The extract from Article 4(1) and 4(2) fully grounds both sides of the comparison regarding the Commission's assessment mandate and the Member State's notification obligation. Because both provisions are required, the intervening points within paragraph 1 cannot be removed in a single contiguous span, making the precision solid and conciseness intact. All cross-references and designations are accurately preserved."", ""quality_reason"": ""search_realism: The query addresses a plausible procedural relationship between the Commission's assessment and Member State notifications, but framing it around a formal act citation and an open-ended comparison gives it a constructed, document-driven feel.\nanchoring_and_time: Disregarding the prohibited formal act number 'Directive 2012/18/EU' per rubric instructions, 'rules on major-accident hazards involving dangerous substances' identifies the general subject matter, but lacks an explicit EU or Seveso regime anchor.\nconsequence: The continuous extract of paragraphs 1 and 2 fully resolves the procedural interaction, laying out both the Commission's assessment mandate and the Member State's notification duty.\nlexical_distance: The query relies heavily on source-derived phrasing ('major-accident hazards involving dangerous substances', 'Commission's assessment', 'Member State's notification', 'does not present a major-accident hazard') with limited reformulation.\nlinguistic_quality: The question is grammatically correct, fluent, and clearly structured in standard legal English."", ""audit_reason"": ""mode: The question includes a formal target act number ('Directive 2012/18/EU'), violating the locator policy which prohibits formal act numbers in comparison mode queries.""}]"
eurlex,32012L0018,http://data.europa.eu/eli/dir/2012/18/art_4/oj,claim_verification,validation,0.65,True,0.55,True,0.55,31.0,27.0,False,FP,1,False,False,"[""q_75d9c4a3d3732a81f40d7d65""]","[""Is it true that the Commission’s assessment of whether a dangerous substance can cause a major accident must be based on every characteristic listed in Article 4(1)(a) to (c) of Directive 2012/18/EU?""]","[""That assessment shall take into account the information referred to in paragraph 3, and shall be based on one or more of the following characteristics:""]","[""blocking""]","[{""faithfulness_reason"": ""The claim that the assessment must be based on every characteristic listed in points (a) to (c) is directly contradicted by the statutory text requiring it to be based on 'one or more of the following characteristics', making the contradicted verdict accurate and fully grounded. The extracted sentence resolves the question concisely. Numerical fidelity not applicable; 4 is a compatibility value."", ""quality_reason"": ""search_realism: The query is framed as a document-comprehension quiz question testing a specific cited provision rather than a realistic retrieval need from an external practitioner's perspective.\nanchoring_and_time: The question relies entirely on a prohibited formal act citation and internal paragraph locator ('Article 4(1)(a) to (c) of Directive 2012/18/EU') to identify the list of characteristics being tested, violating the standalone locator policy.\nconsequence: The selected answer span directly refutes the claim by showing that the assessment must be based on 'one or more of the following characteristics' rather than every characteristic, completely resolving the verification need.\nlexical_distance: The query negates 'one or more' into 'every', but otherwise tracks the structure and headings of the source closely and leans on structural paragraph pointers.\nlinguistic_quality: The sentence is grammatically correct, natural, and clearly structured."", ""audit_reason"": ""mode: The question violates the standalone locator policy by including formal act citations and internal locators ('Article 4(1)(a) to (c) of Directive 2012/18/EU').""}]"
eurlex,32012L0018,http://data.europa.eu/eli/dir/2012/18/art_4/oj,source_finding,validation,0.46,False,0.55,False,0.55,31.0,32.0,True,FN,1,False,True,"[""q_1637bed7a2833ea559f5bde1""]","[""Which EU provision provides that, following the Commission’s assessment of a dangerous substance under the major-accident hazards Directive, it shall, if appropriate, present a legislative proposal to exclude that substance from the Directive’s scope?""]","[""Article 4 — Directive 2012/18/EU""]","[""clear""]","[{""faithfulness_reason"": ""The source finding clue accurately and fully reflects Article 4(4) of Directive 2012/18/EU, and the target metadata is correctly identified. The evidence span is an exact, concise reproduction of paragraph 4. Numerical fidelity not applicable; 4 is a compatibility value."", ""quality_reason"": ""search_realism: The query reflects a realistic legal research task to locate the specific mechanism and provision under the major-accident hazards framework allowing substance exclusions.\nanchoring_and_time: Contextualizes the inquiry effectively using the substantive regime reference ('major-accident hazards Directive') and the Commission's assessment role without leaking the act number or target article.\nconsequence: The submitted answer and exact body evidence pinpoint Article 4(4) of Directive 2012/18/EU, directly resolving the identity of the provision.\nlexical_distance: Syntactically integrates the core rule into an inquiry while naturally adapting surrounding phrasing and retaining necessary legal terms.\nlinguistic_quality: Clear, grammatically correct, and idiomatic legal English prose."", ""audit_reason"": ""No problems reported.""}]"
eurlex,32013L0034,http://data.europa.eu/eli/dir/2013/34/art_33/oj,fact_pattern,development,0.61,True,0.55,True,0.55,31.0,26.0,False,FP,1,False,False,"[""q_d21ee32f8dda88b6dfc80e8d""]","[""An undertaking's administrative, management and supervisory bodies act within competences assigned by national law, and the undertaking must draw up and publish its annual and consolidated financial statements and related management reports. What collective responsibility must the Member State ensure for those members?""]","[""Member States shall ensure that the members of the administrative, management and supervisory bodies of an undertaking, acting within the competences assigned to them by national law, have collective responsibility for ensuring that:\n\n(a)\nthe annual financial statements, the management report and, when provided separately, the corporate governance statement; and\n\n(b)\nthe consolidated financial statements, consolidated management reports and, when provided separately, the consolidated corporate governance statement,\n\nare drawn up and published in accordance with the requirements of this Directive and, where applicable, with the international accounting standards adopted in accordance with Regulation (EC) No 1606/2002.""]","[""blocking""]","[{""faithfulness_reason"": ""The question and answer are fully supported by Article 33(1) of Directive 2013/34/EU, capturing the exact collective responsibility imposed on board members regarding financial statements and reports. The extracted span precisely covers paragraph 1 without extraneous additions, and the cited Regulation (EC) No 1606/2002 identifier is accurately preserved."", ""quality_reason"": ""situation: The prompt does not present a genuine, concrete file-handling situation for a private entity or competent authority; rather, it restates the abstract legal prerequisites of Article 33(1) as a wrapper before asking for the general statutory obligation of the Member State.\nregime_fixing: The governance context for drawing up and publishing company accounts is identifiable, but it relies on an abstract restatement of statutory phrases rather than realistic contextual grounding.\nterminology_and_distance: Extensive near-verbatim borrowing of statutory text ('administrative, management and supervisory bodies', 'competences assigned by national law', 'draw up and publish its annual and consolidated financial statements') makes the question an obvious paraphrase of the provision's scaffolding.\nfocus: The informational need targets the scope of collective responsibility, but the scope is diffuse and functions as a direct regulatory lookup rather than a targeted application problem.\nlinguistic_quality: The phrasing is grammatically correct, natural, and clear."", ""audit_reason"": ""mode: The candidate fails the fact_pattern mode requirements because it lacks a concrete practical scenario handling a file and instead strings together the statutory conditions of Article 33(1) to ask for the Member State's general legislative/regulatory obligation.""}]"
eurlex,32013L0034,http://data.europa.eu/eli/dir/2013/34/art_33/oj,lookup,development,0.62,True,0.55,True,0.55,31.0,31.0,False,FP,2,False,False,"[""q_b257840df0282cd2f6e9e5c8""]","[""What liability rules must Member States ensure apply to members of an undertaking's administrative, management and supervisory bodies for breaches of their duties concerning financial statements and reports?""]","[""that their laws, regulations and administrative provisions on liability, at least towards the undertaking, apply to the members of the administrative, management and supervisory bodies of the undertakings for breach of the duties referred to in paragraph 1.""]","[""clear""]","[{""faithfulness_reason"": ""The answer correctly reproduces the liability requirements of Article 33(2), specifying that national liability provisions (at least towards the undertaking) must apply for breach of the duties. The text selection is fully continuous and appropriately scoped, retaining the internal cross-reference to paragraph 1 without distortion."", ""quality_reason"": ""practitioner_realism: Presents a realistic legal compliance query regarding Member State obligations on corporate management liability.\nanchoring: The base question identifies the obligation on 'Member States' concerning financial reporting duties, providing serviceable context, though lacking a specific substantive reference to EU accounting directives.\ninformativeness: The extracted passage accurately supplies the legal rule, identifying national liability provisions and the mandatory baseline ('at least towards the undertaking').\nfocus: Maintains a sharp, unitary focus on the scope of liability rules required under the provision.\nlinguistic_quality: The phrasing is natural, fluent, and employs precise legal terminology."", ""audit_reason"": ""No problems reported.""}]"
eurlex,32013L0034,http://data.europa.eu/eli/dir/2013/34/art_33/oj,conceptual,development,0.61,True,0.55,True,0.55,31.0,28.0,False,FP,1,False,False,"[""q_706a911118737fb278f5d34c""]","[""What responsibility and liability must Member States ensure for undertaking bodies regarding financial statements and management reports?""]","[""Member States shall ensure that the members of the administrative, management and supervisory bodies of an undertaking, acting within the competences assigned to them by national law, have collective responsibility for ensuring that the annual financial statements, the management report and, when provided separately, the corporate governance statement, and the consolidated financial statements, consolidated management reports and, when provided separately, the consolidated corporate governance statement, are drawn up and published in accordance with the requirements of this Directive and, where applicable, with the international accounting standards adopted in accordance with Regulation (EC) No 1606/2002. Member States shall ensure that their laws, regulations and administrative provisions on liability, at least towards the undertaking, apply to the members of the administrative, management and supervisory bodies of the undertakings for breach of the duties referred to in paragraph 1.""]","[""clear""]","[{""faithfulness_reason"": ""The answer fully and accurately establishes both the collective responsibility under paragraph 1 and the liability rule under paragraph 2 from Article 33. The continuous extracted span covers the necessary legal text without extraneous non-target material, and the citation to Regulation (EC) No 1606/2002 and cross-reference to paragraph 1 are faithfully maintained."", ""quality_reason"": ""search_realism: The query reflects an artificially broad request designed to prompt a verbatim recitation of Article 33, rather than a focused, realistic practitioner inquiry.\nanchoring_and_time: The reference to 'Member States' establishes an EU legal setting, but the query lacks specific regime markers beyond general corporate reporting terms, leaving context broad.\nconsequence: The extracted span comprehensively resolves both paragraphs of Article 33, detailing collective responsibility for drawing up and publishing reports as well as liability towards the undertaking.\nlexical_distance: The query closely mirrors the source heading ('Responsibility and liability for drawing up and publishing the financial statements and the management report') and the opening drafting formula ('Member States shall ensure'), displaying minimal lexical reformulation.\nlinguistic_quality: The question is clear, fluent, and grammatically correct English."", ""audit_reason"": ""No problems reported.""}]"
eurlex,32013L0034,http://data.europa.eu/eli/dir/2013/34/art_33/oj,comparison,development,0.24,False,0.55,False,0.55,31.0,32.0,True,FN,1,False,False,"[""q_dc2f3e897939a05c58fa7a94""]","[""Under EU rules on annual and consolidated financial statements, how does the collective responsibility of the undertaking’s governing bodies compare for drawing up and publishing the annual and consolidated financial statements?""]","[""Member States shall ensure that the members of the administrative, management and supervisory bodies of an undertaking, acting within the competences assigned to them by national law, have collective responsibility for ensuring that:\n\n(a)\nthe annual financial statements, the management report and, when provided separately, the corporate governance statement; and\n\n(b)\nthe consolidated financial statements, consolidated management reports and, when provided separately, the consolidated corporate governance statement,\n\nare drawn up and published in accordance with the requirements of this Directive and, where applicable, with the international accounting standards adopted in accordance with Regulation (EC) No 1606/2002.""]","[""repair""]","[{""faithfulness_reason"": ""The answer fully grounds the comparison by providing Article 33(1), which establishes the parallel collective responsibility of governing body members for both annual and consolidated financial statements under identical drawing up and publication standards. Precision is solid as it quotes the complete governing rule without extraneous paragraphs, and the citation to Regulation (EC) No 1606/2002 is accurately preserved."", ""quality_reason"": ""search_realism: Presents a realistic legal query regarding whether board members bear the same collective responsibility for standalone annual accounts versus consolidated accounts under EU accounting rules.\nanchoring_and_time: Properly anchored to EU rules on annual and consolidated financial statements and the responsibilities of corporate governing bodies without using prohibited locators.\nconsequence: The provided span of Article 33(1) fully resolves the query by demonstrating that the collective responsibility obligation applies equally to both annual and consolidated financial statements.\nlexical_distance: Competently reformulates the source into a comparative question, using natural synonyms such as 'governing bodies' instead of copying the full statutory list of bodies.\nlinguistic_quality: Grammatically sound, natural, and clearly phrased legal English."", ""audit_reason"": ""metadata: the first comparison_entity 'annual financial statements' does not appear as an exact verbatim substring in the question, which uses the coordinated phrase 'annual and consolidated financial statements'.""}]"
eurlex,32013L0034,http://data.europa.eu/eli/dir/2013/34/art_33/oj,claim_verification,development,0.59,True,0.55,True,0.55,31.0,32.0,True,TP,2,False,True,"[""q_b8e5f56aae08e7cb50d558f0""]","[""Does EU accounting law require Member States to apply their liability laws, at least towards the undertaking, to members of an undertaking’s administrative, management and supervisory bodies when they breach the duties concerning the drawing up and publication of the financial statements and reports?""]","[""Member States shall ensure that their laws, regulations and administrative provisions on liability, at least towards the undertaking, apply to the members of the administrative, management and supervisory bodies of the undertakings for breach of the duties referred to in paragraph 1.""]","[""clear""]","[{""faithfulness_reason"": ""The claim is completely established by Article 33(2), with the supported verdict verified and the answer providing the exact relevant paragraph. The reference to paragraph 1 is accurately preserved."", ""quality_reason"": ""search_realism: A realistic compliance verification question asking whether EU accounting rules mandate applying liability provisions to corporate board members for reporting breaches.\nanchoring_and_time: Clearly establishes the EU accounting framework, the target actors (administrative, management, and supervisory bodies), and the minimum scope of liability.\nconsequence: Directly resolved by Article 33(2), which requires Member States to ensure liability provisions apply at least towards the undertaking for breach of the drawing-up and publication duties.\nlexical_distance: Successfully resolves the internal cross-reference in paragraph 2 ('breach of the duties referred to in paragraph 1') into substantive wording ('breach the duties concerning the drawing up and publication...').\nlinguistic_quality: Clear, grammatically correct, and idiomatic legal English."", ""audit_reason"": ""No problems reported.""}]"
eurlex,32013L0034,http://data.europa.eu/eli/dir/2013/34/art_33/oj,source_finding,development,0.47,False,0.55,False,0.55,31.0,32.0,True,FN,1,False,True,"[""q_4e9a30c2b0eba7d886e503f8""]","[""Which EU provision makes the members of an undertaking’s administrative, management and supervisory bodies collectively responsible for ensuring that its financial statements and management reports are drawn up and published in accordance with the applicable requirements?""]","[""Article 33 — Directive 2013/34/EU""]","[""clear""]","[{""faithfulness_reason"": ""The question's clue directly mirrors the duties laid out in Article 33(1) of Directive 2013/34/EU. The evidence span accurately extracts paragraph 1 containing all material components of collective responsibility for drawing up and publishing financial statements and management reports. Official identifiers and article numbering are correctly captured in the answer and metadata."", ""quality_reason"": ""search_realism: Reflects a realistic legal research inquiry seeking the EU instrument and article imposing collective board responsibility for annual and consolidated reporting.\nanchoring_and_time: Adequately contextualizes the corporate governance and accounting duty across administrative, management, and supervisory bodies without relying on prohibited locators.\nconsequence: The submitted source identifier and article number accurately identify the governing provision, which is completely verified by the provided target evidence span.\nlexical_distance: Smoothly reformulates the multi-part structure of paragraph 1 into a coherent question format while retaining necessary statutory terminology.\nlinguistic_quality: Grammatically correct, natural, and precise legal phrasing throughout the question."", ""audit_reason"": ""No problems reported.""}]"
eurlex,32014L0066,http://data.europa.eu/eli/dir/2014/66/art_10/oj,fact_pattern,development,0.57,True,0.55,True,0.55,31.0,32.0,True,TP,2,False,True,"[""q_25bf62e23f6b30a20f49f820"", ""q_93a66f944dd0d362c593bde1""]","[""A third-country national is applying for entry and residence as an intra-corporate transferee, and family members are included in the application. What information must Member States make easily accessible to the applicants?"", ""A host entity is involved in an intra-corporate transfer and needs to understand the consequences of non-compliance. What information must the Member States concerned make available to the host entity?""]","[""Member States shall make easily accessible to applicants the information on all the documentary evidence needed for an application and information on entry and residence, including the rights, obligations and procedural safeguards, of the intra-corporate transferee and of his or her family members."", ""The Member States concerned shall make available information to the host entity on the right of Member States to impose sanctions in accordance with Articles 9 and 23.""]","[""clear"", ""clear""]","[{""faithfulness_reason"": ""The answer directly provides the exact statutory requirement from Article 10(1) regarding information that must be made easily accessible to applicants concerning documentary evidence, entry, residence, rights, obligations, and safeguards. Numerical fidelity not applicable; 4 is a compatibility value."", ""quality_reason"": ""situation: The scenario sets up an application by a third-country national intra-corporate transferee including family members, creating a concrete need to identify the informational disclosure duties owed to them under the procedure.\nregime_fixing: The combination of a third-country national applying for entry and residence as an intra-corporate transferee alongside family members adequately fixes the ICT directive regime without relying on prohibited locators.\nterminology_and_distance: Natural legal phrasing that uses standard statutory concepts without lifting unnecessary structural scaffolding or revealing the outcome.\nfocus: The question maintains a single, tightly defined informational objective addressing the accessibility duty owed to applicants.\nlinguistic_quality: Clear, fluent, and grammatical English appropriate for EU legal practice."", ""audit_reason"": ""No problems reported.""}, {""faithfulness_reason"": ""The answer accurately reproduces the obligation under Article 10(2) to inform the host entity about the right of Member States to impose sanctions, correctly preserving the cross-references to Articles 9 and 23."", ""quality_reason"": ""situation: The case of a host entity participating in an intra-corporate transfer and seeking clarity on compliance liabilities creates a valid practical context for asking what sanction-related information must be made available to it.\nregime_fixing: Specifying the host entity in the context of an intra-corporate transfer correctly grounds the inquiry in the Directive 2014/66 framework without citing the act.\nterminology_and_distance: Paraphrases the sanction regime trigger as 'consequences of non-compliance', establishing healthy lexical distance from the source text while keeping the target answer unrevealed.\nfocus: Unmistakable single focus targeting the specific disclosure obligation owed by Member States to host entities under Article 10(2).\nlinguistic_quality: Concise, professional, and natural legal phrasing with no grammatical or stylistic flaws."", ""audit_reason"": ""No problems reported.""}]"
eurlex,32014L0066,http://data.europa.eu/eli/dir/2014/66/art_10/oj,lookup,development,0.64,True,0.55,True,0.55,31.0,32.0,True,TP,3,False,False,"[""q_e470b9507c9ed3a3a8883cad"", ""q_f1a682470c0d2cc18aa31810""]","[""What information must Member States make easily accessible to applicants for an intra-corporate transfer?"", ""What must Member States make available to host entities concerning sanctions in the intra-corporate transfer framework?""]","[""the information on all the documentary evidence needed for an application and information on entry and residence, including the rights, obligations and procedural safeguards, of the intra-corporate transferee and of his or her family members"", ""information on the right of Member States to impose sanctions in accordance with Articles 9 and 23""]","[""repair"", ""repair""]","[{""faithfulness_reason"": ""The answer accurately quotes the exact scope of information that Member States must make easily accessible to applicants under the first sentence of Article 10(1). Numerical fidelity not applicable; 4 is a compatibility value."", ""quality_reason"": ""practitioner_realism: Presents a direct, natural professional lookup query regarding Member State obligations toward ICT applicants.\nanchoring: The base query clearly anchors the subject matter to the EU intra-corporate transfer framework without citing prohibited locators.\ninformativeness: Provides an exact, comprehensive answer span identifying the required information categories under Article 10(1).\nfocus: Maintains a single, sharp informational goal with clean boundaries.\nlinguistic_quality: Fluent, grammatically accurate, and concise phrasing in both the question and answer."", ""audit_reason"": ""metadata: The anchor string 'documentary evidence needed for an application' does not appear in the question or question_cited text.""}, {""faithfulness_reason"": ""The answer precisely identifies the required information made available to host entities pursuant to Article 10(2), and the cross-references to Articles 9 and 23 are faithfully retained."", ""quality_reason"": ""practitioner_realism: Reflects a practical compliance inquiry on information disclosure obligations owed to host entities.\nanchoring: Successfully anchors to host entities and sanctions within the intra-corporate transfer framework.\ninformativeness: Directly resolves the unknown with an exact verbatim extract from Article 10(2).\nfocus: Clear, single-intent question with tightly aligned answer boundaries.\nlinguistic_quality: Well-constructed, professional, and grammatically correct English formulation."", ""audit_reason"": ""metadata: The anchor string 'right of Member States to impose sanctions' does not appear in the question or question_cited text.""}]"
eurlex,32014L0066,http://data.europa.eu/eli/dir/2014/66/art_10/oj,conceptual,development,0.59,True,0.55,True,0.55,31.0,32.0,True,TP,1,False,True,"[""q_82bb0cc6d7826167e649205f""]","[""How must Member States inform applicants for intra-corporate transfer permits about the application and mobility process?""]","[""Member States shall make easily accessible to applicants the information on all the documentary evidence needed for an application and information on entry and residence, including the rights, obligations and procedural safeguards, of the intra-corporate transferee and of his or her family members. Member States shall also make easily available information on the procedures applicable to the short-term mobility referred to in Article 21(2) and to the long-term mobility referred to in Article 22(1).""]","[""clear""]","[{""faithfulness_reason"": ""The candidate directly answers the question using a verbatim extraction of Article 10(1). It correctly focuses on obligations toward applicants while properly omitting Article 10(2) concerning host entities. All cross-references are accurately preserved without modification."", ""quality_reason"": ""search_realism: Formulates a realistic, practical legal question asking about the duties of Member States to communicate procedural and mobility requirements to intra-corporate transfer applicants.\nanchoring_and_time: Establishes clear substantive context using the intra-corporate transfer permit regime without relying on formal citations or document locators.\nconsequence: The continuous extract from Article 10(1) directly and completely resolves the obligations regarding accessibility of application requirements, rights, and mobility procedures.\nlexical_distance: Effectively condenses and synthesizes the statutory provisions into a natural search query ('inform applicants ... about the application and mobility process') without mirroring source scaffolding.\nlinguistic_quality: Grammatically sound, natural, and precise legal English phrasing."", ""audit_reason"": ""No problems reported.""}]"
eurlex,32014L0066,http://data.europa.eu/eli/dir/2014/66/art_10/oj,comparison,development,0.4,False,0.55,False,0.55,31.0,32.0,True,FN,1,False,True,"[""q_9a01a421bc1fb9125bf8210a""]","[""Under EU intra-corporate transfer rules, what information must Member States make accessible to applicants compared with what they must make available to host entities?""]","[""1. Member States shall make easily accessible to applicants the information on all the documentary evidence needed for an application and information on entry and residence, including the rights, obligations and procedural safeguards, of the intra-corporate transferee and of his or her family members. Member States shall also make easily available information on the procedures applicable to the short-term mobility referred to in Article 21(2) and to the long-term mobility referred to in Article 22(1).\n\n2. The Member States concerned shall make available information to the host entity on the right of Member States to impose sanctions in accordance with Articles 9 and 23.""]","[""clear""]","[{""faithfulness_reason"": ""The question asks for a comparison of the information Member States must provide to applicants versus host entities under Article 10 of Directive 2014/66/EU. The extracted text provides both paragraphs of Article 10, completely establishing both compared aspects without extraneous text, and all statutory cross-references are accurately preserved."", ""quality_reason"": ""search_realism: Presents a realistic, well-motivated legal query contrasting statutory disclosure duties owed to individual applicants against those owed to host entities.\nanchoring_and_time: Successfully identifies the legal framework ('EU intra-corporate transfer rules') and the relevant actors without citing formal locators or act numbers.\nconsequence: The provided continuous span from Article 10 fully resolves the information requirements for both comparative sides.\nlexical_distance: Phrased naturally in a comparative structure rather than mimicking the rigid declarative text of the directive.\nlinguistic_quality: Fluent, concise, and grammatically impeccable English formulation."", ""audit_reason"": ""No problems reported.""}]"
eurlex,32014L0066,http://data.europa.eu/eli/dir/2014/66/art_10/oj,claim_verification,development,0.61,True,0.55,True,0.55,31.0,29.0,False,FP,2,False,False,"[""q_99d860fd51e0bf8eccff03da""]","[""Does Directive 2014/66/EU on intra-corporate transfers require Member States to make information on the procedures for short-term and long-term mobility easily available?""]","[""Member States shall also make easily available information on the procedures applicable to the short-term mobility referred to in Article 21(2) and to the long-term mobility referred to in Article 22(1).""]","[""blocking""]","[{""faithfulness_reason"": ""The claim is fully supported by the second sentence of Article 10(1). The extraction cleanly isolates the exact relevant rule, and the cross-referenced provisions in the quoted text are accurately preserved."", ""quality_reason"": ""search_realism: Formulates an understandable compliance verification query regarding mobility procedure information, though shaped closely around the statutory phrasing.\nanchoring_and_time: Disregarding the formal act number, 'intra-corporate transfers' identifies the broad legal framework, but provides minimal independent situational discrimination.\nconsequence: Directly resolves the claim regarding Member State duties to make mobility procedure information available using the relevant sentence of Article 10(1).\nlexical_distance: Slightly compresses the source phrasing ('procedures applicable to the short-term mobility ... and to the long-term mobility' into 'procedures for short-term and long-term mobility'), but heavily retains source framing ('make information on ... easily available').\nlinguistic_quality: Well-formed, natural, and precise English phrasing throughout."", ""audit_reason"": ""mode: The base question contains the formal target act number 'Directive 2014/66/EU', violating the standalone locator policy for claim_verification.""}]"
eurlex,32014L0066,http://data.europa.eu/eli/dir/2014/66/art_10/oj,source_finding,development,0.42,False,0.55,False,0.55,31.0,32.0,True,FN,1,False,True,"[""q_6b36b355359308aacb19dc94""]","[""Which EU provision requires Member States to make information on application documents, entry and residence, procedural safeguards, and short- and long-term mobility accessible to applicants for intra-corporate transfers?""]","[""Article 10 — Directive 2014/66/EU""]","[""clear""]","[{""faithfulness_reason"": ""The source finding clue accurately matches the obligations set out in Article 10(1) of Directive 2014/66/EU, correctly identifying both the act and article from the target body evidence without extraneous elements."", ""quality_reason"": ""search_realism: Presents a realistic legal research inquiry by a practitioner or compliance officer seeking the specific EU legal provision mandating transparency on ICT application rules and mobility procedures.\nanchoring_and_time: Properly anchored to the regime of intra-corporate transfers and the obligations imposed on Member States toward applicants without disclosing the target citation.\nconsequence: The provided source identifier and specific article perfectly resolve the search query, with the target text fully substantiating all listed informational duties.\nlexical_distance: Successfully synthesizes the dispersed elements of Article 10(1) (application documentation, residence rights, safeguards, and mobility procedures) into a natural, condensed query.\nlinguistic_quality: Fluent, grammatically sound, and precise formulation conforming to professional legal English standards."", ""audit_reason"": ""No problems reported.""}]"
eurlex,32005R1346,http://data.europa.eu/eli/reg/2005/1346/art_21/oj,fact_pattern,development,0.52,False,0.55,False,0.55,31.0,29.0,False,TN,3,False,False,"[""q_ffe3d0b1a32410f8a1458eeb""]","[""A Member State concerned is selecting programmes completed in the previous year for annual checks. What sampling rules apply?""]","[""The checks described shall be undertaken each year on at least 20 % of the programmes completed in the previous year, covering a minimum of two programmes, and shall relate to at least 20 % of the total budget of the programmes completed during the previous year. The selection of programmes for sampling shall be based on a risk analysis.""]","[""blocking""]","[{""faithfulness_reason"": ""Grounding exceptional: the candidate precisely answers the specific sampling rules for annual checks under Article 21(1) without confusing general monitoring obligations or subsequent reporting duties. Precision exceptional: it extracts the exact two contiguous sentences governing the sampling thresholds and methodology (risk analysis) without extraneous surrounding text. Numerical fidelity exceptional: all dual quantitative thresholds (at least 20 % of completed programmes, minimum of two programmes, at least 20 % of the total budget) and reference populations (completed in the previous year) are perfectly captured."", ""quality_reason"": ""situation: The question presents a generic wrapper ('A Member State concerned is selecting programmes completed in the previous year for annual checks') that immediately defaults to an abstract lookup ('What sampling rules apply?'), lacking concrete case circumstances.\nregime_fixing: There is no indication whatsoever of the legal field, sector, or regime (agricultural product information and promotion in third countries); the query could apply to virtually any EU co-financed programme.\nterminology_and_distance: The phrasing closely echoes the source text ('programmes completed in the previous year', 'selection of programmes for sampling') without substantive transformation into an independent scenario.\nfocus: The scope of the request is clear and asks specifically for the sampling rules applicable to those checks.\nlinguistic_quality: The sentence is grammatically correct, natural, and concise."", ""audit_reason"": ""mode: Fails fact-pattern mode requirements because the question is a bare lookup preceded by a generic situation wrapper, and it lacks essential regime anchoring to distinguish the governing domain.""}]"
eurlex,32005R1346,http://data.europa.eu/eli/reg/2005/1346/art_21/oj,lookup,development,0.62,True,0.55,True,0.55,31.0,35.0,True,TP,2,False,True,"[""q_e9eba7db9784b91006e55532""]","[""What annual sampling and budget-coverage requirements apply to checks of programmes completed in the previous year under the agricultural-promotion Regulation?""]","[""The checks described shall be undertaken each year on at least 20 % of the programmes completed in the previous year, covering a minimum of two programmes, and shall relate to at least 20 % of the total budget of the programmes completed during the previous year.""]","[""clear""]","[{""faithfulness_reason"": ""Grounding exceptional: the question and answer perfectly isolate the annual sampling rules from Article 21(1) second sentence, strictly preserving the denominator population of programmes completed in the previous year and both distinct coverage dimensions (programme volume and budget share). Precision exceptional: the span perfectly captures the single continuous sentence containing all three mandatory thresholds while excluding preceding determination rules and subsequent sampling/reporting requirements. Numerical fidelity exceptional: all three numerical thresholds ('at least 20 %', 'minimum of two programmes', 'at least 20 % of the total budget') along with their exact reference basis ('completed in the previous year' / 'completed during the previous year') and frequency ('each year') are flawlessly preserved."", ""quality_reason"": ""practitioner_realism: Presents a direct, realistic compliance inquiry regarding the minimum statutory sampling rate and budget coverage for Member State checks.\nanchoring: The base query clearly identifies the substantive regulatory regime ('agricultural-promotion Regulation') and the specific scope of the check ('programmes completed in the previous year') without relying on prohibited formal citations.\ninformativeness: The extracted sentence directly and fully answers the question, providing both numerical thresholds (at least 20%, minimum two programmes) and the budget coverage rule.\nfocus: The query has a single, well-bounded target seeking the combined coverage parameters applicable to the annual checks.\nlinguistic_quality: Natural, grammatically flawless, and professionally drafted in clear English."", ""audit_reason"": ""No problems reported.""}]"
eurlex,32005R1346,http://data.europa.eu/eli/reg/2005/1346/art_21/oj,conceptual,development,0.62,True,0.55,True,0.55,31.0,32.0,True,TP,1,False,True,"[""q_a976313315c2e3db7f130eb8""]","[""How do Member States verify that programmes promoting agricultural products in third countries comply with their requirements?""]","[""In particular by means of technical and accounting checks at the premises of the contracting organisation and the implementing body, the Member States shall take the steps necessary to verify that:\n\n(a) the information and supporting documents supplied are accurate, and\n\n(b) all the obligations laid down in the contract referred to in Article 12(1) have been fulfilled.""]","[""clear""]","[{""faithfulness_reason"": ""The answer provides a verbatim extract from Article 21(2) that directly addresses how Member States verify compliance through technical and accounting checks. The span is complete, appropriately bounded, and correctly retains the internal cross-reference to Article 12(1)."", ""quality_reason"": ""search_realism: The query reflects a realistic administrative/legal question regarding the specific mechanisms Member States use to verify compliance for third-country agricultural promotion programmes.\nanchoring_and_time: The regime is clearly anchored via the substantive subject matter ('programmes promoting agricultural products in third countries') and the relevant actors ('Member States').\nconsequence: The selected answer directly and completely resolves the inquiry by identifying the specific checking methods (technical and accounting checks at premises) and the verification criteria.\nlexical_distance: The query rephrases the legal requirement naturally, synthesizing the regulatory scope without copying the operative sentence structure of Article 21(2).\nlinguistic_quality: Fluent, concise, and grammatically correct phrasing in both the question and the extracted answer span."", ""audit_reason"": ""No problems reported.""}]"
eurlex,32005R1346,http://data.europa.eu/eli/reg/2005/1346/art_21/oj,comparison,development,0.41,False,0.55,False,0.55,31.0,31.0,False,TN,1,False,False,"[""q_6db624d7291e26d80c12ab32""]","[""For information and promotion programmes for agricultural products in third countries, how do the checking roles of the Member States and the Commission differ?""]","[""The Commission may take part at any time in the checks provided for in paragraphs 1, 2 and 3. To that end, the competent national authorities in the Member States shall send the Commission, at least 30 days prior to the checks, a provisional schedule of the checks to be carried out by the Member State. The Commission may carry out any additional checks it considers necessary.""]","[""clear""]","[{""faithfulness_reason"": ""The answer quotes paragraph 4 of Article 21, which establishes the comparative checking roles: the Member States carry out the scheduled checks (providing a provisional schedule), while the Commission may participate in those checks at any time and conduct any additional checks it deems necessary. The span is concise and complete for this aspect, and the numerical value ('at least 30 days') and cross-references ('paragraphs 1, 2 and 3') are faithfully reproduced."", ""quality_reason"": ""search_realism: The query reflects a realistic legal inquiry regarding the division of checking powers between national authorities and the Commission under agricultural promotion programmes.\nanchoring_and_time: The regime anchor ('information and promotion programmes for agricultural products in third countries') accurately pins down the subject matter without using prohibited locators or formal citations.\nconsequence: The answer establishes the jurisdictional relationship under paragraph 4 (Member States carry out the scheduled checks, while the Commission may participate at any time and conduct additional checks), but it leaves the substantive checking tasks of the Member States from paragraphs 1 and 2 unaddressed, making the answer serviceable rather than complete.\nlexical_distance: The query synthesizes the issue into a natural comparative framing ('how do the checking roles ... differ?') rather than closely mimicking source phrasing.\nlinguistic_quality: The question is written in clear, precise, and grammatically sound English."", ""audit_reason"": ""No problems reported.""}]"
eurlex,32005R1346,http://data.europa.eu/eli/reg/2005/1346/art_21/oj,claim_verification,development,0.59,True,0.55,True,0.55,31.0,22.0,False,FP,1,False,False,"[""q_3f5337dadc29d9aeb92c81e8""]","[""Is it true that Member States must each year check at least 20 % of agricultural-promotion programmes financed under Commission Regulation (EC) No 1346/2005, with a minimum of two programmes and coverage of at least 20 % of the relevant total budget?""]","[""The checks described shall be undertaken each year on at least 20 % of the programmes completed in the previous year, covering a minimum of two programmes, and shall relate to at least 20 % of the total budget of the programmes completed during the previous year.""]","[""blocking""]","[{""faithfulness_reason"": ""The claim omits the crucial reference population/denominator 'completed in the previous year', asserting instead that Member States must check at least 20% of programmes financed under the Regulation. Under the governing text, the 20% sampling threshold applies specifically to programmes completed in the previous year, making the claim unsupported as formulated; labeling it supported incurs a mandatory grounding ceiling of 2. The extracted answer span is concise and accurately reproduces all stated numerical values."", ""quality_reason"": ""search_realism: The query includes a prohibited formal act citation ('Commission Regulation (EC) No 1346/2005') and formulates a claim with a distorted population scope.\nanchoring_and_time: Relies on a prohibited formal regulation number for anchoring, while omitting the crucial temporal qualification ('programmes completed in the previous year') for the programme sampling base.\nconsequence: The claim asserts that 20 % of financed programmes must be checked each year, altering the denominator from 'programmes completed in the previous year'. Because the claim is materially inaccurate and labeled 'supported', the answer does not support the stated proposition.\nlexical_distance: The sentence structure closely tracks the target text, substituting 'financed under Commission Regulation (EC) No 1346/2005' for the source's precise temporal scope.\nlinguistic_quality: Grammatically well-formed and fluent English sentence."", ""audit_reason"": ""mode: The question contains a formal act citation ('Commission Regulation (EC) No 1346/2005'), which violates the locator policy for claim_verification.\nsupport: The claim asserts a 20 % check on all financed programmes, whereas Article 21(1) restricts the population to 'programmes completed in the previous year'. Marking this claim as supported is incorrect.\nmetadata: claim_status is marked as 'supported' despite the assertion being ungrounded/incompatible with the source text's defined denominator.""}]"
eurlex,32005R1346,http://data.europa.eu/eli/reg/2005/1346/art_21/oj,source_finding,development,0.43,False,0.55,False,0.55,31.0,33.0,True,FN,1,False,True,"[""q_fe1685a8891cb101229ce8b5""]","[""Which EU provision governs Member State checks of programmes financed to provide information on and promote agricultural products in third countries, including annual risk-based sampling and reporting to the Commission?""]","[""Article 21 — Commission Regulation (EC) No 1346/2005""]","[""clear""]","[{""faithfulness_reason"": ""Grounding exceptional: the clue cleanly captures all substantive facets of Article 21(1) (Member State checks, promotional programmes in third countries, annual risk-based sampling, and reporting of results/anomalies to the Commission) with exact metadata attribution and complete support in the contiguous evidence span. Precision is strong and cleanly delimited to paragraph 1. Numerical fidelity not applicable; 4 is a compatibility value."", ""quality_reason"": ""search_realism: Presents a realistic search need where the practitioner remembers the substantive regulatory mechanism (Member State audit obligations, risk-based sampling, and Commission reporting under third-country agricultural promotion) and needs to identify the governing provision.\nanchoring_and_time: Well-anchored by the specific agricultural promotion scheme in third countries and the operational check requirements, without relying on prohibited formal citations.\nconsequence: The submitted metadata answer and accompanying paragraph 1 evidence definitively identify the exact provision establishing these checking, sampling, and reporting duties.\nlexical_distance: Effectively summarizes the operative mechanisms in Article 21(1) into concise searcher terms ('annual risk-based sampling and reporting to the Commission') rather than lifting long verbatim spans.\nlinguistic_quality: Fluent, idiomatic, and grammatically precise legal English phrasing."", ""audit_reason"": ""No problems reported.""}]"
eurlex,32005R0356,http://data.europa.eu/eli/reg/2005/356/art_14/oj,fact_pattern,validation,0.63,True,0.55,True,0.55,31.0,31.0,False,FP,2,False,False,"[""q_fb7db58a5818d953a47cac07""]","[""A fishing operator is deploying passive fishing gear extending 1.2 nautical miles and plans to leave its final 0.2 nautical miles unmarked. What buoy-placement rules apply?""]","[""Intermediary marker buoys shall be fixed to passive gear extending more than 1 nautical mile. Intermediary marker buoys shall be deployed at distances of not more than 1 nautical mile so that no part of the gear extending 1 nautical mile or more shall be left unmarked.""]","[""clear""]","[{""faithfulness_reason"": ""The question presents a direct application scenario regarding gear length and unmarked portions, and the extracted text from paragraphs 1 and 2 fully resolves the applicable placement rules without extraneous material. All numerical thresholds (1 nautical mile) and conditions are accurately reproduced."", ""quality_reason"": ""situation: The scenario sets up an operational task with gear extending 1.2 nautical miles, but the specific intention to leave 0.2 nautical miles unmarked connects loosely to the relatively broad final ask ('What buoy-placement rules apply?').\nregime_fixing: The combination of fishing operator, passive fishing gear, and specific length measurements anchors the query to the fishing gear marking rules without citing the act.\nterminology_and_distance: The query uses natural phrasing and incorporates necessary technical concepts ('passive fishing gear', 'nautical miles') without lifting unnecessary source scaffolding.\nfocus: The informational need is strictly bounded to the placement and spacing requirements for buoys on gear of this length.\nlinguistic_quality: The question is formulated in clear, fluent, and idiomatic English."", ""audit_reason"": ""No problems reported.""}]"
eurlex,32005R0356,http://data.europa.eu/eli/reg/2005/356/art_14/oj,lookup,validation,0.65,True,0.55,True,0.55,31.0,32.0,True,TP,3,False,True,"[""q_f73b93501951e0a51a022908""]","[""At what maximum spacing must intermediary marker buoys be deployed so that passive fishing gear is not left unmarked?""]","[""at distances of not more than 1 nautical mile so that no part of the gear extending 1 nautical mile or more shall be left unmarked""]","[""clear""]","[{""faithfulness_reason"": ""The answer accurately extracts the deployment distance and its qualifying purpose directly from Article 14(2). Numerical values and units are faithfully preserved."", ""quality_reason"": ""practitioner_realism: Presents a realistic professional lookup regarding the maximum spacing rules for deploying intermediary marker buoys on passive fishing gear.\nanchoring: Adequately fixes the subject matter to intermediary marker buoys on passive gear without relying on prohibited formal citations.\ninformativeness: Directly resolves the unknown threshold ('at distances of not more than 1 nautical mile') while including the contextual objective from paragraph 2.\nfocus: Clear single-intent inquiry into maximum deployment distance.\nlinguistic_quality: Fluent, precise, and idiomatic legal English."", ""audit_reason"": ""No problems reported.""}]"
eurlex,32005R0356,http://data.europa.eu/eli/reg/2005/356/art_14/oj,conceptual,validation,0.44,False,0.55,False,0.55,31.0,32.0,True,FN,1,False,True,"[""q_19bf3e79ead2c45c38d7d36f""]","[""How must passive gear extending more than one nautical mile be marked with intermediary marker buoys?""]","[""Intermediary marker buoys shall be fixed to passive gear extending more than 1 nautical mile.\n\nIntermediary marker buoys shall be deployed at distances of not more than 1 nautical mile so that no part of the gear extending 1 nautical mile or more shall be left unmarked.""]","[""clear""]","[{""faithfulness_reason"": ""The answer extracts a fully supported, contiguous text span from Article 14(1)-(2) directly addressing how passive gear extending over one nautical mile must be marked with intermediary buoys. Numerical values and distance thresholds ('1 nautical mile') are accurately preserved."", ""quality_reason"": ""search_realism: Presents a realistic, practically motivated inquiry regarding the regulatory deployment obligations for intermediary marker buoys on extended passive fishing gear.\nanchoring_and_time: Establishes sound substantive context using the exact operational regime criteria ('passive gear extending more than one nautical mile' and 'intermediary marker buoys') without resorting to formal legal citations.\nconsequence: Fully resolves the inquiry by extracting the rules mandating buoy attachment and deployment intervals of not more than one nautical mile to ensure complete marking.\nlexical_distance: Successfully reframes the normative provisions into an interrogative format while preserving indispensable technical maritime terminology.\nlinguistic_quality: Clean, natural, and grammatically sound phrasing in both question formulation and extracted evidence."", ""audit_reason"": ""No problems reported.""}]"
eurlex,32005R0356,http://data.europa.eu/eli/reg/2005/356/art_14/oj,comparison,validation,0.48,False,0.55,False,0.55,31.0,32.0,True,FN,1,False,True,"[""q_fd62382e83f5696a4174d6f2""]","[""Under EU passive fishing-gear marking rules, how do the characteristics of intermediary marker buoys compare with those of the end marker buoy in the eastern sector?""]","[""Intermediary marker buoys shall have the same characteristics as those of the end marker buoy in the eastern sector except for the following:\n\n(a)\nthe flags shall be white;\n\n(b)\nevery fifth intermediary marker buoys shall be fitted with a radar reflector giving an echo at least two nautical miles.""]","[""clear""]","[{""faithfulness_reason"": ""The answer directly and accurately quotes Article 14(3), establishing the baseline shared characteristics between intermediary marker buoys and the eastern sector end marker buoy along with the two specific exceptions. The span is precisely delimited to paragraph 3 without unnecessary deployment distance rules from paragraphs 1 and 2, and all numerical terms ('fifth', 'two nautical miles') are fully preserved."", ""quality_reason"": ""search_realism: Presents a realistic technical regulatory query comparing marker buoy specifications without artificial phrasing.\nanchoring_and_time: Properly anchors the query to EU passive fishing-gear marking rules without relying on forbidden act numbers or citation locators.\nconsequence: The continuous extract from Article 14(3) directly and comprehensively answers both the baseline parity and the specific exceptions between the two buoy types.\nlexical_distance: Naturally formulates the comparison aspect and framing around characteristics and gear marking rules, keeping necessary technical legal terminology intact.\nlinguistic_quality: Grammatically sound, clear, and professional legal English throughout."", ""audit_reason"": ""No problems reported.""}]"
eurlex,32005R0356,http://data.europa.eu/eli/reg/2005/356/art_14/oj,claim_verification,validation,0.59,True,0.55,True,0.55,31.0,31.0,False,FP,1,False,False,"[""q_e18775638f1b778c2f7b1cd2""]","[""Do EU rules on marking passive fishing gear require intermediary marker buoys to be fixed to passive gear extending more than 1 nautical mile?""]","[""Intermediary marker buoys shall be fixed to passive gear extending more than 1 nautical mile.""]","[""clear""]","[{""faithfulness_reason"": ""The claim is fully and directly supported by Article 14(1), with the verified obligation and threshold accurately identified, an exact contiguous extract, and faithful reproduction of the numerical distance."", ""quality_reason"": ""search_realism: The query models a realistic compliance verification scenario regarding buoy marking requirements for passive fishing gear.\nanchoring_and_time: Effectively anchored by subject matter ('EU rules on marking passive fishing gear') without using forbidden act citations or article numbers.\nconsequence: The selected excerpt directly and unambiguously confirms the mandatory deployment obligation for gear exceeding one nautical mile.\nlexical_distance: The query adapts the text into an interrogative requirement check, but largely preserves the source clause's exact wording ('intermediary marker buoys to be fixed to passive gear extending more than 1 nautical mile').\nlinguistic_quality: Grammatically sound, concise, and clear standard English."", ""audit_reason"": ""No problems reported.""}]"
eurlex,32005R0356,http://data.europa.eu/eli/reg/2005/356/art_14/oj,source_finding,validation,0.46,False,0.55,False,0.55,31.0,32.0,True,FN,1,False,True,"[""q_42333b3d1fcdf163a35b38d6""]","[""Which EU provision requires intermediary marker buoys on passive fishing gear extending more than one nautical mile and limits the distance between them to one nautical mile?""]","[""Article 14 — Regulation (EC) No 356/2005""]","[""clear""]","[{""faithfulness_reason"": ""The clue accurately combines the requirement to fix intermediary marker buoys on passive gear extending more than 1 nautical mile with the deployment spacing limit of not more than 1 nautical mile. The contiguous evidence span from paragraphs 1 and 2 fully substantiates every element of the clue, and the metadata identification correctly names Article 14 of Regulation (EC) No 356/2005."", ""quality_reason"": ""search_realism: Presents a realistic, well-motivated query seeking the specific EU provision governing technical deployment distances for marine gear markers.\nanchoring_and_time: Effectively anchors the query around passive fishing gear and the specific nautical-mile thresholds without leaking the act title or article number.\nconsequence: The provided source identifier and article directly resolve the search clue, and the evidence span fully supports both conditions mentioned.\nlexical_distance: Smoothly integrates the obligations of paragraphs 1 and 2 into a single interrogative sentence using active verbs ('requires', 'limits').\nlinguistic_quality: Clear, precise, and grammatically correct English legal phrasing."", ""audit_reason"": ""No problems reported.""}]"
eurlex,32006R0950,http://data.europa.eu/eli/reg/2006/950/art_8/oj,fact_pattern,development,0.56,True,0.55,True,0.55,31.0,29.0,False,FP,1,False,False,"[""q_d11ac1e345e0b4037980b475""]","[""A Member State is reporting under a sugar tariff quota for imports from a particular country of origin. What must it communicate before the end of each month?""]","[""the quantities of sugar, by tel quel weight and in white sugar equivalent actually imported three months before""]","[""clear""]","[{""faithfulness_reason"": ""The question faithfully reflects the reporting obligation of Article 8(a) for a specific tariff quota and origin. The answer extracts the exact necessary span specifying the quantities and units required to be communicated monthly, preserving the 'three months before' timeframe."", ""quality_reason"": ""situation: Sets up an administrative reporting task for a national authority, but the scenario is minimally developed and primarily restates the scoping conditions of Article 8 rather than presenting a rich factual situation.\nregime_fixing: Specifying reporting under a sugar tariff quota for imports from a country of origin sufficiently anchors the subject matter, though distinguishing context remains fairly broad.\nterminology_and_distance: The query closely tracks the framing language of Article 8 ('tariff quota', 'country of origin', 'communicate', 'before the end of each month'), though the required outcome remains properly concealed.\nfocus: Maintains a single, sharp informational objective targeting exclusively the monthly reporting obligation under point (a).\nlinguistic_quality: Grammatically sound, concise, and natural English phrasing."", ""audit_reason"": ""No problems reported.""}]"
eurlex,32006R0950,http://data.europa.eu/eli/reg/2006/950/art_8/oj,lookup,development,0.64,True,0.55,True,0.55,31.0,32.0,True,TP,1,False,True,"[""q_1795d2db405b8f1751f77dbe""]","[""What must Member States communicate before the end of each month under the EU rules for importing and refining sugar under tariff quotas and preferential agreements?""]","[""before the end of each month, the quantities of sugar, by tel quel weight and in white sugar equivalent actually imported three months before""]","[""clear""]","[{""faithfulness_reason"": ""The answer accurately extracts point (a) of Article 8 in response to the specific monthly communication requirement. The temporal and quantitative terms are fully supported and preserved without defect."", ""quality_reason"": ""practitioner_realism: Reflects a genuine compliance need concerning regular monthly reporting obligations imposed on Member State competent authorities under the sugar import regime.\nanchoring: The base question identifies the specific regulatory framework using substantive descriptive terms ('EU rules for importing and refining sugar under tariff quotas and preferential agreements') without citing formal identifiers.\ninformativeness: The selected span directly provides the required communication content, including the specific reference period (three months prior) and required measurement metrics (tel quel weight and white sugar equivalent).\nfocus: Maintains a sharp focus on the specific monthly reporting requirement under Article 8(a), clearly separated from annual reporting rules.\nlinguistic_quality: Grammatically sound, natural, and phrased clearly in professional legal English."", ""audit_reason"": ""No problems reported.""}]"
eurlex,32006R0950,http://data.europa.eu/eli/reg/2006/950/art_8/oj,conceptual,development,0.43,False,0.55,False,0.55,31.0,,False,TN,0,True,False,[],[],[],[],[]
eurlex,32006R0950,http://data.europa.eu/eli/reg/2006/950/art_8/oj,comparison,development,0.21,False,0.55,False,0.55,31.0,32.0,True,FN,1,False,True,"[""q_25bcfd56b04d2b592b565dda""]","[""Under the EU reporting rules for sugar imported under tariff quotas and preferential agreements, are sugar for refining and sugar not intended for refining reported using the same quantity measurements for the previous marketing year or delivery period?""]","[""(i)\nthe total quantity actually imported:\n\nin the form of sugar for refining, expressed in tel quel weight and in white sugar equivalent,\n\nin the form of sugar not intended for refining, expressed in tel quel weight and in white sugar equivalent,""]","[""clear""]","[{""faithfulness_reason"": ""The candidate directly extracts the relevant comparative provision under point (b)(i), confirming that both sugar for refining and sugar not intended for refining must be reported expressed in tel quel weight and in white sugar equivalent. The continuous span is complete and free of irrelevant text. Numerical fidelity not applicable; 4 is a compatibility value."", ""quality_reason"": ""search_realism: Reflects a practical compliance inquiry regarding whether distinct reporting metrics apply to sugar destined for refining versus direct consumption under quota rules.\nanchoring_and_time: Effectively anchors the query to the specific import quota reporting framework and the annual reporting reference period without employing prohibited formal locators.\nconsequence: Directly resolves the comparison by showing that identical measurement expressions (tel quel weight and white sugar equivalent) govern both categories.\nlexical_distance: Rephrases the listed regulatory items into an integrated interrogative sentence about shared quantity measurements without mirroring sentence structure.\nlinguistic_quality: Clear, precise, and grammatically sound legal English phrasing throughout."", ""audit_reason"": ""No problems reported.""}]"
eurlex,32006R0950,http://data.europa.eu/eli/reg/2006/950/art_8/oj,claim_verification,development,0.55,True,0.55,True,0.55,31.0,29.0,False,FP,1,False,False,"[""q_189ab45e87b18ec59de63262""]","[""Does the sugar-import reporting process under Commission Regulation (EC) No 950/2006 require Member States to report, before the end of each month, the quantities actually imported three months earlier, separately for each tariff quota or delivery obligation and country of origin?""]","[""Member States shall communicate to the Commission separately for each tariff quota or delivery obligation and for each country of origin:\n\n(a)\nbefore the end of each month, the quantities of sugar, by tel quel weight and in white sugar equivalent actually imported three months before;""]","[""blocking""]","[{""faithfulness_reason"": ""The claim is fully supported by the introductory text and point (a) of Article 8. The extracted span is precisely delimited to the relevant monthly reporting obligation without unnecessary inclusion of point (b), and the temporal numerical value ('three months before') is faithfully preserved."", ""quality_reason"": ""search_realism: Presents a functional compliance verification need regarding monthly sugar import notifications, but is framed directly around a formal act identifier.\nanchoring_and_time: The question relies on a prohibited formal act number ('Commission Regulation (EC) No 950/2006') to establish its regime context; stripped of this citation, 'the sugar-import reporting process' lacks essential regime and temporal delimitation.\nconsequence: The continuous extract comprising the introductory chapeau and point (a) directly and completely verifies the monthly notification obligation and its breakdown parameters.\nlexical_distance: Retains necessary regulatory terms ('tariff quota', 'delivery obligation', 'country of origin') while naturally restructuring the obligation into an interrogative verification format ('require Member States to report' for 'Member States shall communicate').\nlinguistic_quality: Grammatically sound, well-structured, and clear English syntax throughout the question."", ""audit_reason"": ""mode: The question includes a prohibited formal act number ('Commission Regulation (EC) No 950/2006'), violating the standalone locator policy.""}]"
eurlex,32006R0950,http://data.europa.eu/eli/reg/2006/950/art_8/oj,source_finding,development,0.46,False,0.55,False,0.55,31.0,32.0,True,FN,1,False,True,"[""q_9ecf0726577ebfe966258b4c""]","[""Which provision requires Member States to communicate to the Commission, for each sugar tariff quota or delivery obligation and country of origin, the quantities actually imported and refined?""]","[""Article 8 — Regulation (EC) No 950/2006""]","[""clear""]","[{""faithfulness_reason"": ""The source-finding clue is fully supported by the text of Article 8, accurately capturing the obligation of Member States to communicate imported and refined sugar quantities by quota/delivery obligation and country of origin. Target identity and article designation are exact."", ""quality_reason"": ""search_realism: Presents a realistic legal research inquiry seeking the specific regulatory basis governing Member State reporting on sugar import quota and refining volumes.\nanchoring_and_time: Effectively anchors the query to the specific regime elements (sugar tariff quotas, delivery obligations, country of origin, and quantities imported/refined) without leaking the act identifier.\nconsequence: The clue accurately reflects the obligations in paragraphs (a) and (b), and the submitted answer correctly identifies the exact article and regulation.\nlexical_distance: Synthesizes the disaggregated reporting obligations of points (a) and (b) into a clean, concise summary ('the quantities actually imported and refined') rather than copying the exact text structure.\nlinguistic_quality: Grammatically sound, fluent, and precise legal phrasing throughout."", ""audit_reason"": ""No problems reported.""}]"
eurlex,32007R1303,http://data.europa.eu/eli/reg/2007/1303/art_13/oj,fact_pattern,validation,0.51,False,0.55,False,0.55,31.0,31.0,False,TN,2,False,False,"[""q_c3103202d67a25ac885871ae""]","[""A Member State has received a Commission request for a summary of information on the functioning of its electronic reporting system. How are the summary’s format and timing determined?""]","[""Summaries of information on the functioning of Member States’ electronic reporting systems shall be sent to the Commission on its request in a format and at time intervals to be decided in consultation between Member States and the Commission.""]","[""clear""]","[{""faithfulness_reason"": ""The answer fully establishes how format and timing are decided pursuant to Article 13(2) (consultation between Member States and the Commission). The span is a complete, concise single-sentence provision resolving the prompt. Numerical fidelity not applicable; 4 is a compatibility value."", ""quality_reason"": ""situation: Presents a clear, realistic administrative trigger (receipt of a Commission request for an electronic reporting system summary) that directly requires determining the procedure for agreeing on format and timing under Article 13(2).\nregime_fixing: Fixes the institutional interaction (Member State and Commission) and subject matter (electronic reporting system functioning summary) without using prohibited legal citations.\nterminology_and_distance: Paraphrases 'time intervals' into 'timing', but lifts significant phrasing directly from the target text ('summary of information on the functioning of its electronic reporting system').\nfocus: Binds the query cleanly to the determination mechanism for format and timing.\nlinguistic_quality: Fluent, concise, and professional legal English."", ""audit_reason"": ""No problems reported.""}]"
eurlex,32007R1303,http://data.europa.eu/eli/reg/2007/1303/art_13/oj,lookup,validation,0.59,True,0.55,True,0.55,31.0,31.0,False,FP,2,False,False,"[""q_e5ade58c87519e1516c86a04"", ""q_bf8a8bf7216b91e685daf98f""]","[""When must summaries of information on the functioning of Member States’ electronic reporting systems be sent to the Commission?"", ""What information must Member States’ databases on the functioning of the electronic reporting system contain?""]","[""on its request in a format and at time intervals to be decided in consultation between Member States and the Commission"", ""the list of fishing vessels flying their flag whose electronic reporting systems have experienced technical failure or have failed to function;\nthe number of electronic logbook transmissions received per day and the average number of transmissions received per vessel, broken down by flag Member State;\nthe number of landing declaration, transhipment declaration, takeover declaration and sales note transmissions received, broken down by flag State""]","[""clear"", ""clear""]","[{""faithfulness_reason"": ""The answer faithfully reproduces the conditions governing when summaries must be transmitted pursuant to Article 13(2). The continuous span appropriately captures the trigger and timing determination mechanism. Numerical fidelity not applicable; 4 is a compatibility value."", ""quality_reason"": ""practitioner_realism: Reflects a genuine administrative lookup concerning the timing and conditions for transmitting summary reporting data to the Commission.\nanchoring: The query specifies 'summaries of information on the functioning of Member States’ electronic reporting systems', providing serviceable context though omitting the specific fisheries sector.\ninformativeness: Directly resolves the timing question by quoting the rule specifying that transmission is upon request at intervals decided in consultation.\nfocus: Clearly bounded to the transmission timing requirement under paragraph 2.\nlinguistic_quality: Clear, fluent, and well-structured query text conforming to formal legal drafting."", ""audit_reason"": ""No problems reported.""}, {""faithfulness_reason"": ""The answer accurately provides the three categories of information specified in Article 13(1)(a)–(c). Omitting the bare structural markers (a)–(c) is an acceptable representation matter. Numerical fidelity not applicable; 4 is a compatibility value."", ""quality_reason"": ""practitioner_realism: Presents a direct, realistic compliance inquiry regarding the mandatory contents of national databases for electronic reporting systems.\nanchoring: The base query cites 'databases on the functioning of the electronic reporting system', which identifies the substantive mechanism but lacks a domain discriminator such as fisheries.\ninformativeness: The excerpt directly and completely supplies the statutory list of required data categories without irrelevant padding.\nfocus: Maintains a single, bounded informational need targeting the mandatory data fields.\nlinguistic_quality: Natural, clear, and grammatically correct phrasing that aligns with standard legal English."", ""audit_reason"": ""No problems reported.""}]"
eurlex,32007R1303,http://data.europa.eu/eli/reg/2007/1303/art_13/oj,conceptual,validation,0.47,False,0.55,False,0.55,31.0,31.0,False,TN,1,False,False,"[""q_1011a741d2701150506ec6b8""]","[""What information must Member States record in databases on the functioning of electronic reporting systems for fishing activities?""]","[""Member States shall maintain databases on the functioning of their electronic reporting system. They shall contain at least the following information:\n\n(a) the list of fishing vessels flying their flag whose electronic reporting systems have experienced technical failure or have failed to function;\n\n(b) the number of electronic logbook transmissions received per day and the average number of transmissions received per vessel, broken down by flag Member State;\n\n(c) the number of landing declaration, transhipment declaration, takeover declaration and sales note transmissions received, broken down by flag State.""]","[""clear""]","[{""faithfulness_reason"": ""The answer quotes Article 13(1) verbatim, fully establishing the minimum required database contents requested by the question. Numerical fidelity not applicable; 4 is a compatibility value."", ""quality_reason"": ""search_realism: Presents a realistic regulatory compliance question regarding the statutory monitoring data required to be held on reporting systems.\nanchoring_and_time: Clearly establishes the subject-matter domain of electronic reporting systems for fishing activities and the Member State level without relying on prohibited formal citations.\nconsequence: The continuous quoted excerpt from paragraph 1 completely and directly answers the question by listing all mandatory data categories.\nlexical_distance: The phrasing borrows closely from the heading and opening sentence ('databases on the functioning of... reporting system', 'information must Member States record/maintain'), with modest lexical variation.\nlinguistic_quality: Grammatically sound, clear, and natural regulatory phrasing."", ""audit_reason"": ""No problems reported.""}]"
eurlex,32007R1303,http://data.europa.eu/eli/reg/2007/1303/art_13/oj,comparison,validation,0.18,False,0.55,False,0.55,31.0,32.0,True,FN,1,False,True,"[""q_ec56ad60f453c61758e58782""]","[""Under EU fishing-activity reporting rules, how does the required functioning data for electronic logbook transmissions compare with that for landing, transhipment, takeover and sales-note transmissions?""]","[""(b)\nthe number of electronic logbook transmissions received per day and the average number of transmissions received per vessel, broken down by flag Member State;\n\n(c)\nthe number of landing declaration, transhipment declaration, takeover declaration and sales note transmissions received, broken down by flag State.""]","[""clear""]","[{""faithfulness_reason"": ""The answer provides a contiguous span of Article 13(1)(b)-(c) that directly establishes both sides of the comparison regarding functioning data metrics and breakdowns. Numerical fidelity not applicable; 4 is a compatibility value."", ""quality_reason"": ""search_realism: Formulates a realistic compliance and data-architecture question concerning the specific functioning metrics required for different types of electronic fishery transmissions.\nanchoring_and_time: Establishes clear substantive subject-matter context with 'Under EU fishing-activity reporting rules' and specific transmission types without relying on prohibited act locators.\nconsequence: The continuous extractive span of points (b) and (c) fully resolves the comparison, showing that logbook transmissions require daily counts and vessel averages by flag Member State, whereas the declaration/note transmissions require received totals by flag State.\nlexical_distance: Rephrases the obligation smoothly into a comparative inquiry ('required functioning data... compare with that for...') while retaining only the necessary statutory transmission types.\nlinguistic_quality: Grammatically sound, natural, and precise legal phrasing in English."", ""audit_reason"": ""No problems reported.""}]"
eurlex,32007R1303,http://data.europa.eu/eli/reg/2007/1303/art_13/oj,claim_verification,validation,0.55,True,0.55,True,0.55,31.0,31.0,False,FP,1,False,False,"[""q_a539fd957e920b027a48f9f0""]","[""Is it true that Member States must maintain databases on the functioning of their electronic reporting systems for fishing activities?""]","[""Member States shall maintain databases on the functioning of their electronic reporting system.""]","[""clear""]","[{""faithfulness_reason"": ""The claim is accurately identified as supported and is directly proven by the extracted first sentence of Article 13(1). The text span is concise and completely answers the claim. Numerical fidelity not applicable; 4 is a compatibility value."", ""quality_reason"": ""search_realism: Presents a realistic, clearly motivated regulatory verification query regarding the obligation of Member States to maintain operational databases for electronic reporting.\nanchoring_and_time: The substantive context ('electronic reporting systems for fishing activities') anchors the subject matter cleanly without citing prohibited locators.\nconsequence: The submitted excerpt directly and conclusively establishes that Member States must maintain databases on the functioning of their electronic reporting systems.\nlexical_distance: The query closely tracks the source phrasing ('Member States shall maintain databases on the functioning of their electronic reporting system') with minimal transformation beyond changing 'shall' to 'must'.\nlinguistic_quality: Grammatically sound, clear, and idiomatic legal English."", ""audit_reason"": ""No problems reported.""}]"
eurlex,32007R1303,http://data.europa.eu/eli/reg/2007/1303/art_13/oj,source_finding,validation,0.45,False,0.55,False,0.55,31.0,31.0,False,TN,1,False,False,"[""q_507e4483e56791b3bd95e492""]","[""Which provision of the EU rules on electronic recording and reporting of fishing activities requires Member States to maintain databases on the functioning of their electronic reporting systems?""]","[""Article 13 — Regulation (EC) No 1303/2007""]","[""clear""]","[{""faithfulness_reason"": ""The clue accurately reflects the obligation in Article 13(1), and the official source identifier and article number correctly identify the target act. The evidence span concisely captures the exact rule without extraneous text, and all numerical identifiers are faithful."", ""quality_reason"": ""search_realism: Presents a realistic legal research query seeking the specific EU provision imposing database maintenance duties on Member States within fisheries electronic reporting.\nanchoring_and_time: Properly fixes the regulatory domain using the subject matter of the regime without leaking the formal citation or article locator.\nconsequence: Accurately resolves the source identity and specific article number establishing the database obligation.\nlexical_distance: The query relies heavily on the source's exact phrasing ('maintain databases on the functioning of their electronic reporting systems') rather than rephrasing the substantive clue.\nlinguistic_quality: Grammatically sound, clear, and idiomatic phrasing."", ""audit_reason"": ""No problems reported.""}]"
eurlex,32007R0041,http://data.europa.eu/eli/reg/2007/41/art_79/oj,fact_pattern,development,0.55,True,0.55,True,0.55,31.0,25.0,False,FP,1,False,False,"[""q_15ddc9bed4528987652aafbe""]","[""A Member State receives observer data from each of its flagged vessels after they leave the SEAFO Convention Area. What submission and onward-sharing rules apply?""]","[""the submission of the information collected by the observers, in respect of each vessel flying its flag, within 30 days of leaving the SEAFO Convention Area. The data shall be submitted in the format specified by the SEAFO Scientific Committee. The Member State shall provide the Commission with a copy of the information as soon as possible, taking account of the need to maintain confidentiality of non-aggregated data. The Member State may also provide the SEAFO Executive Secretary with a copy of the information.""]","[""blocking""]","[{""faithfulness_reason"": ""The answer draws directly from Article 79(2) and covers the required submission format and onward-sharing rules, but precision is reduced because clipping 'Each Member State shall require' leaves the opening clause as an unanchored sentence fragment missing its governing actor and modal verb. The 30-day timeframe is accurately maintained."", ""quality_reason"": ""situation: The scenario posits that a Member State receives observer data, but ends in an unchanged broad rules lookup ('What submission and onward-sharing rules apply?'). Furthermore, the factual premise that data was already received conflicts with the extracted answer's opening requirement concerning the initial submission deadline by vessels.\nregime_fixing: Anchoring relies directly on the explicit mention of the 'SEAFO Convention Area' and flagged vessels, adequately fixing the domain but doing little beyond naming the convention area.\nterminology_and_distance: The phrasing is natural, but the broad ask ('What ... rules apply?') functions as an open-ended solicitation of general regulatory provisions.\nfocus: The question bundles multiple separate rules (vessel-to-State submission deadline, format specification, mandatory onward sharing with the Commission, and discretionary sharing with the SEAFO Executive Secretary) into an unbounded inquiry.\nlinguistic_quality: The question is written in clear, natural, and grammatical English."", ""audit_reason"": ""mode: The question wraps a decorative factual statement around an unchanged general regulatory lookup ('What submission and onward-sharing rules apply?'), failing the requirement for a concrete application task that selects treatment.\nsupport: The extracted span removes the governing obligor and verb ('Each Member State shall require '), leaving the opening clause as an unsupported, headless noun phrase lacking legal status. In addition, the premise that the Member State already receives the data contradicts answering with the vessel submission rule.""}]"
eurlex,32007R0041,http://data.europa.eu/eli/reg/2007/41/art_79/oj,lookup,development,0.56,True,0.55,True,0.55,31.0,32.0,True,TP,2,False,True,"[""q_39266f40a2ec74752329b205"", ""q_4671adc31815130de1504e6a""]","[""What must each Member State ensure for fishing vessels operating in the SEAFO Convention Area and targeting species covered by the SEAFO Convention?"", ""Within what period must the information collected by observers for each vessel flying its flag be submitted after the vessel leaves the SEAFO Convention Area?""]","[""that all its fishing vessels operating in the SEAFO Convention Area, and targeting species covered by the SEAFO Convention, carry qualified scientific observers"", ""within 30 days of leaving the SEAFO Convention Area""]","[""clear"", ""clear""]","[{""faithfulness_reason"": ""The question and answer faithfully capture the Member State obligation set out in paragraph 1 of Article 79. The extracted span is concise and directly answers the prompt. Numerical fidelity not applicable; 4 is a compatibility value."", ""quality_reason"": ""practitioner_realism: Presents a direct, practical compliance question regarding Member State obligations for flag vessels in the SEAFO Convention Area.\nanchoring: Sufficiently contextualised using substantive regime identifiers ('SEAFO Convention Area', 'SEAFO Convention') without relying on prohibited formal citations.\ninformativeness: Directly resolves the unknown with a verbatim quotation from Article 79(1) establishing the requirement to carry qualified scientific observers.\nfocus: Maintains a single, sharp informational inquiry concerning the observer requirement.\nlinguistic_quality: Grammatically sound, natural, and accurately reflects legal drafting norms."", ""audit_reason"": ""No problems reported.""}, {""faithfulness_reason"": ""The question and answer accurately identify the 30-day reporting requirement after departure specified in Article 79(2). The numerical value '30 days' and its triggering event are preserved without error."", ""quality_reason"": ""practitioner_realism: Reflects a genuine compliance deadline question relevant to fisheries management and reporting.\nanchoring: Properly anchored to the SEAFO Convention Area and observer data collection rules without formal citation leakage in the base question.\ninformativeness: Successfully identifies the precise submission timeframe ('within 30 days of leaving the SEAFO Convention Area') pursuant to Article 79(2).\nfocus: Focuses strictly on the specific temporal limitation for data submission.\nlinguistic_quality: Clear, precise, and idiomatic phrasing."", ""audit_reason"": ""No problems reported.""}]"
eurlex,32007R0041,http://data.europa.eu/eli/reg/2007/41/art_79/oj,conceptual,development,0.5,False,0.55,False,0.55,31.0,31.0,False,TN,1,False,False,"[""q_29f814401027ffab638843a2""]","[""How must Member States support stock assessment for vessels targeting species covered by the SEAFO Convention in the SEAFO Convention Area?""]","[""Each Member State shall ensure that all its fishing vessels operating in the SEAFO Convention Area, and targeting species covered by the SEAFO Convention, carry qualified scientific observers. Each Member State shall require the submission of the information collected by the observers, in respect of each vessel flying its flag, within 30 days of leaving the SEAFO Convention Area. The data shall be submitted in the format specified by the SEAFO Scientific Committee. The Member State shall provide the Commission with a copy of the information as soon as possible, taking account of the need to maintain confidentiality of non-aggregated data. The Member State may also provide the SEAFO Executive Secretary with a copy of the information.""]","[""clear""]","[{""faithfulness_reason"": ""The answer provides a fully supported contiguous span from Article 79(1)-(2) directly addressing Member State obligations regarding scientific observers and the handling of collected information. The 30-day submission timeframe is preserved faithfully."", ""quality_reason"": ""search_realism: Presents a realistic legal search inquiry regarding Member State compliance duties for scientific observation and data submission under the regional fisheries regime.\nanchoring_and_time: Properly fixes the substantive regime by specifying vessels targeting species covered by the SEAFO Convention in the SEAFO Convention Area without using prohibited formal act numbers.\nconsequence: The selected passage comprehensively answers the inquiry by detailing both the mandatory carriage of qualified scientific observers and the subsequent reporting/transmission protocols.\nlexical_distance: The query closely tracks the phrasing of the article title and opening clause ('support stock assessment', 'vessels targeting species covered by the SEAFO Convention in the SEAFO Convention Area').\nlinguistic_quality: Grammatically sound, natural, and directly phrased question."", ""audit_reason"": ""No problems reported.""}]"
eurlex,32007R0041,http://data.europa.eu/eli/reg/2007/41/art_79/oj,comparison,development,0.16,False,0.55,False,0.55,31.0,32.0,True,FN,1,False,True,"[""q_5ea6b19bb90a570e5e892a9a""]","[""For information collected by scientific observers on fishing vessels in the SEAFO Convention Area, what is the difference between providing a copy to the Commission and providing one to the SEAFO Executive Secretary?""]","[""The Member State shall provide the Commission with a copy of the information as soon as possible, taking account of the need to maintain confidentiality of non-aggregated data. The Member State may also provide the SEAFO Executive Secretary with a copy of the information.""]","[""clear""]","[{""faithfulness_reason"": ""The candidate directly resolves the comparison aspect by providing the contiguous excerpt from Article 79(2) that contrasts the mandatory obligation to provide a copy to the Commission ('shall provide') with the discretionary permission to provide one to the SEAFO Executive Secretary ('may also provide'). Precision is clean and spans only the two governing sentences. Numerical fidelity not applicable; 4 is a compatibility value."", ""quality_reason"": ""search_realism: The query reflects a realistic legal/operational compliance inquiry comparing the mandatory submission to the Commission against the discretionary provision to the SEAFO Executive Secretary.\nanchoring_and_time: The question is appropriately anchored to information collected by scientific observers on fishing vessels in the SEAFO Convention Area without citing forbidden act identifiers.\nconsequence: The provided excerpt directly resolves the core legal distinction between the mandatory requirement ('shall provide') accompanied by timing and confidentiality stipulations, and the discretionary option ('may also provide').\nlexical_distance: The query naturally contrasts the two reporting destinations using parallel action phrases rather than merely echoing the statutory grammar.\nlinguistic_quality: Clean, natural, and syntactically sound formulation in legal English."", ""audit_reason"": ""No problems reported.""}]"
eurlex,32007R0041,http://data.europa.eu/eli/reg/2007/41/art_79/oj,claim_verification,development,0.56,True,0.55,True,0.55,31.0,27.0,False,FP,1,False,False,"[""q_7879dcd70325ffeb9dc716f4""]","[""Does Article 79 require each Member State to ensure that all its fishing vessels operating in the SEAFO Convention Area and targeting species covered by the SEAFO Convention carry qualified scientific observers?""]","[""Each Member State shall ensure that all its fishing vessels operating in the SEAFO Convention Area, and targeting species covered by the SEAFO Convention, carry qualified scientific observers.""]","[""blocking""]","[{""faithfulness_reason"": ""The claim is fully supported by Article 79(1), and the extracted sentence directly resolves the question. Precision is exact and contains no irrelevant text. Numerical fidelity not applicable; 4 is a compatibility value."", ""quality_reason"": ""search_realism: The query uses an explicit article locator ('Does Article 79 require...') resulting in document-comprehension framing rather than an authentic standalone legal research need.\nanchoring_and_time: Ignoring the prohibited locator, the query identifies the actor ('Member State') and substantive regime ('SEAFO Convention Area' and target species), but lacks the governing EU regulation context or temporal frame (2007 fishing opportunities).\nconsequence: The supplied extractive answer directly and completely confirms the tested observer obligation for vessels operating in the SEAFO Convention Area.\nlexical_distance: The proposition is an almost verbatim transcription of the source sentence ('each Member State to ensure that all its fishing vessels operating in the SEAFO Convention Area and targeting species covered by the SEAFO Convention carry qualified scientific observers') wrapped only in an interrogative frame.\nlinguistic_quality: Grammatically sound, clear, and fluent English."", ""audit_reason"": ""mode: The base question contains a prohibited target article locator ('Article 79'), which violates the locator policy for claim verification.""}]"
eurlex,32007R0041,http://data.europa.eu/eli/reg/2007/41/art_79/oj,source_finding,development,0.44,False,0.55,False,0.55,31.0,31.0,False,TN,1,False,False,"[""q_b142e653ceaaac9f0920ea00""]","[""Which EU provision requires Member States to ensure that fishing vessels operating in the SEAFO Convention Area and targeting species covered by the SEAFO Convention carry qualified scientific observers?""]","[""Article 79 — Council Regulation (EC) No 41/2006""]","[""clear""]","[{""faithfulness_reason"": ""The source finding clue accurately reflects paragraph 1 of the target article, correctly identifying Council Regulation (EC) No 41/2006 and Article 79 from the provided metadata and body text. The evidence span is verbatim and precisely delimited without extraneous text."", ""quality_reason"": ""search_realism: Presents a realistic legal research query seeking the specific EU provision imposing scientific observer coverage in the SEAFO regulatory area.\nanchoring_and_time: Properly anchors the query to Member State obligations concerning vessels active in the SEAFO Convention Area targeting covered species without leaking the target act identifier.\nconsequence: The submitted metadata identifier and specific article answer fully and accurately resolve the source-finding objective.\nlexical_distance: The query closely mirrors the exact syntax and phrasing of Article 79(1) ('ensure that ... fishing vessels operating in the SEAFO Convention Area, and targeting species covered by the SEAFO Convention, carry qualified scientific observers') with minimal syntactic reformulation.\nlinguistic_quality: Fluent, precise, and grammatically standard English phrasing throughout."", ""audit_reason"": ""No problems reported.""}]"
eurlex,32007R0715,http://data.europa.eu/eli/reg/2007/715/art_3/oj,fact_pattern,development,0.43,False,0.55,False,0.55,31.0,29.0,False,TN,2,False,False,"[""q_f278a47fa5ef482bd0b16f39""]","[""For EU vehicle-emissions type-approval purposes, a vehicle manufacturer uses a software element that senses engine speed and delays operation of part of the emission control system under conditions reasonably expected during normal vehicle operation. What does the regulation mean by “defeat device”?""]","[""‘defeat device’ means any element of design which senses temperature, vehicle speed, engine speed (RPM), transmission gear, manifold vacuum or any other parameter for the purpose of activating, modulating, delaying or deactivating the operation of any part of the emission control system, that reduces the effectiveness of the emission control system under conditions which may reasonably be expected to be encountered in normal vehicle operation and use""]","[""blocking""]","[{""faithfulness_reason"": ""The definition of 'defeat device' from Article 3(10) is fully and precisely quoted. Numerical fidelity not applicable; 4 is a compatibility value."", ""quality_reason"": ""situation: A concrete scenario is framed involving a software element, but the final ask remains an unchanged general definition query ('What does the regulation mean by “defeat device”?') rather than testing whether the element qualifies as one.\nregime_fixing: The domain is clearly anchored to EU vehicle-emissions type-approval and emission control system parameters without using prohibited locators.\nterminology_and_distance: The scenario adapts some specific parameters from the rule, but pairing them directly with a general definitional request mirrors the source definition's structure.\nfocus: The informational scope is strictly bounded to a single concept.\nlinguistic_quality: The sentence structure is fluent, natural, and free of grammatical flaws."", ""audit_reason"": ""mode: The question constructs a factual case but ends in an unchanged general definition request ('What does the regulation mean by “defeat device”?') instead of an applied classification ask.""}]"
eurlex,32007R0715,http://data.europa.eu/eli/reg/2007/715/art_3/oj,lookup,development,0.52,False,0.55,False,0.55,31.0,32.0,True,FN,2,False,True,"[""q_84e8810d9b11a33fc0f1f2a4"", ""q_f28d382ea8b0a625ef5184c3""]","[""How is the ‘reference mass’ of a vehicle calculated for EU vehicle emissions type approval?"", ""What is a ‘defeat device’ in EU vehicle emissions type approval?""]","[""the mass of the vehicle in running order less the uniform mass of the driver of 75 kg and increased by a uniform mass of 100 kg"", ""any element of design which senses temperature, vehicle speed, engine speed (RPM), transmission gear, manifold vacuum or any other parameter for the purpose of activating, modulating, delaying or deactivating the operation of any part of the emission control system, that reduces the effectiveness of the emission control system under conditions which may reasonably be expected to be encountered in normal vehicle operation and use""]","[""clear"", ""clear""]","[{""faithfulness_reason"": ""The answer directly and accurately quotes the statutory definition of 'reference mass' from Article 3(3). The numerical deductions and additions (75 kg and 100 kg) along with their units are fully preserved."", ""quality_reason"": ""practitioner_realism: Formulates a realistic regulatory lookup regarding the technical calculation of reference mass used in vehicle homologation.\nanchoring: Adequately fixes the subject matter to EU vehicle emissions type approval without relying on prohibited formal citations.\ninformativeness: Directly and completely resolves the calculation method with the exact uniform mass additions and deductions.\nfocus: Maintains a single, tight information need focused on the calculation formula.\nlinguistic_quality: Natural, clear, and grammatically sound English."", ""audit_reason"": ""No problems reported.""}, {""faithfulness_reason"": ""The answer provides the exact continuous text defining 'defeat device' from Article 3(10) without omission or distortion. Numerical fidelity not applicable; 4 is a compatibility value."", ""quality_reason"": ""practitioner_realism: Presents a direct, genuine legal compliance inquiry concerning the statutory definition of a defeat device.\nanchoring: The domain is sufficiently identified through 'EU vehicle emissions type approval' without prohibited document locators.\ninformativeness: Extracts the exact, complete definition including sensed parameters, purpose, and operating conditions.\nfocus: Has a clear, unitary focus on the legal definition of the specified term.\nlinguistic_quality: Fluent, concise, and correctly phrased query."", ""audit_reason"": ""No problems reported.""}]"
eurlex,32007R0715,http://data.europa.eu/eli/reg/2007/715/art_3/oj,conceptual,development,0.33,False,0.55,False,0.55,31.0,30.0,False,TN,1,False,False,"[""q_6aaf0e1540a594afb2afeb51""]","[""How do EU type-approval rules for light passenger and commercial vehicle emissions identify a design feature as a defeat device?""]","[""‘defeat device’ means any element of design which senses temperature, vehicle speed, engine speed (RPM), transmission gear, manifold vacuum or any other parameter for the purpose of activating, modulating, delaying or deactivating the operation of any part of the emission control system, that reduces the effectiveness of the emission control system under conditions which may reasonably be expected to be encountered in normal vehicle operation and use;""]","[""blocking""]","[{""faithfulness_reason"": ""The answer directly and faithfully quotes the definition of 'defeat device' from Article 3(10) of Regulation (EC) No 715/2007 in response to the question. The extracted span is complete and appropriately concise without extraneous definitions. Numerical fidelity not applicable; 4 is a compatibility value."", ""quality_reason"": ""search_realism: The query asks for the isolated statutory definition of 'defeat device' under Article 3(10) using an interrogative 'How' formulation. Under the conceptual mode contract, an isolated definition lookup remains lookup despite 'how', triggering the mandatory ceiling of at most 2.\nanchoring_and_time: Substantive context is well-established via the subject-matter regime ('EU type-approval rules for light passenger and commercial vehicle emissions') without relying on prohibited formal citations or locators.\nconsequence: The quoted definition provides all statutory criteria and elements specifying what constitutes a defeat device, fully answering the question asked.\nlexical_distance: The query suitably reformulates the statutory phrase ('element of design') into an inquiry about identifying a design feature while appropriately retaining the defined term.\nlinguistic_quality: Clear, grammatically correct, and natural professional phrasing with no drafting defects."", ""audit_reason"": ""mode: An isolated definition lookup from Article 3(10) framed with 'How' does not meet the conceptual mode criteria (an isolated definition remains lookup despite 'how').""}]"
eurlex,32007R0715,http://data.europa.eu/eli/reg/2007/715/art_3/oj,comparison,development,0.31,False,0.55,False,0.55,31.0,30.0,False,TN,1,False,False,"[""q_93371792d8a54b7cb1534fb6""]","[""Under EU Euro 5/Euro 6 vehicle-emissions rules, how are an original pollution control device and a replacement pollution control device defined in relation to type approval and vehicle replacement?""]","[""12.\n‘original pollution control device’ means a pollution control device or an assembly of such devices covered by the type approval granted for the vehicle concerned;\n\n13.\n‘replacement pollution control device’ means a pollution control device or an assembly of such devices intended to replace an original pollution control device and which can be approved as a separate technical unit as defined in Directive 70/156/EEC;""]","[""clear""]","[{""faithfulness_reason"": ""The answer extracts points 12 and 13 of Article 3, which directly and accurately define both entities regarding type approval and replacement function as requested. The continuous span is appropriately bounded without excess, and the cross-reference to Directive 70/156/EEC is faithfully retained."", ""quality_reason"": ""search_realism: The query addresses a plausible regulatory topic (distinguishing original from replacement pollution control devices), but the phrasing ('how are ... defined in relation to type approval and vehicle replacement?') feels noticeably constructed rather than reflecting an organic practitioner need.\nanchoring_and_time: The substantive anchor 'EU Euro 5/Euro 6 vehicle-emissions rules' properly fixes the regime and subject matter without relying on prohibited formal citations.\nconsequence: The selected contiguous excerpt (points 12 and 13 of Article 3) directly and completely resolves the definitions and comparative type-approval treatment of both devices.\nlexical_distance: The query keeps necessary legal terms but leans on prompt-scaffolding phrasing that mirrors the text's explicit definitional elements with modest reformulation.\nlinguistic_quality: Grammatically sound, precise, and immediately readable English prose."", ""audit_reason"": ""No problems reported.""}]"
eurlex,32007R0715,http://data.europa.eu/eli/reg/2007/715/art_3/oj,claim_verification,development,0.48,False,0.55,False,0.55,31.0,29.0,False,TN,1,False,False,"[""q_48f4e07ff97bffb3b26f3722""]","[""Under Regulation (EC) No 715/2007 on type approval of motor vehicles with respect to emissions, does a hybrid vehicle require at least two different energy converters and two different on-vehicle energy storage systems for vehicle propulsion?""]","[""‘hybrid vehicle’ means a vehicle with at least two different energy converters and two different energy storage systems (on vehicle) for the purpose of vehicle propulsion;""]","[""blocking""]","[{""faithfulness_reason"": ""The claim verification label 'supported' is fully backed by Article 3(1), which defines a hybrid vehicle as having at least two different energy converters and two different energy storage systems (on vehicle) for propulsion. The quoted span is exact and concise, and the numerical values are faithfully reproduced."", ""quality_reason"": ""search_realism: The query frames a serviceable verification task testing statutory component requirements for hybrid propulsion under vehicle emissions rules, but the inclusion of the formal regulation identifier makes the prompt read like an exam check rather than a natural practitioner search.\nanchoring_and_time: Ignoring the prohibited formal citation, the substantive subject-matter description ('type approval of motor vehicles with respect to emissions') provides broad but recognizable context; however, it lacks specific regime discriminators without relying on the formal citation.\nconsequence: The selected definition excerpt from Article 3(1) directly and completely confirms each asserted condition (two energy converters, two on-vehicle energy storage systems for propulsion).\nlexical_distance: The question borrows the entire noun-phrase structure directly from the target text ('at least two different energy converters and two different energy storage systems... for vehicle propulsion') with minimal syntactic rephrasing beyond inserting an interrogative frame.\nlinguistic_quality: Grammatically sound, clear, and well-structured English with natural phrasing."", ""audit_reason"": ""mode: The question includes a prohibited formal target act citation ('Regulation (EC) No 715/2007'), violating the standalone locator policy for claim_verification.""}]"
eurlex,32007R0715,http://data.europa.eu/eli/reg/2007/715/art_3/oj,source_finding,development,0.41,False,0.55,False,0.55,31.0,32.0,True,FN,1,False,True,"[""q_e29228e9c86b6bb73de7e86b""]","[""Which EU provision defines a “defeat device” in the context of type approval for emissions from light passenger and commercial vehicles?""]","[""Article 3 — Regulation (EC) No 715/2007""]","[""clear""]","[{""faithfulness_reason"": ""The source metadata and quoted definition in point 10 of Article 3 fully corroborate every element of the clue and identify the target act and article correctly. The extracted span is concise and exact, and all identifiers are faithfully preserved."", ""quality_reason"": ""search_realism: Reflects a practical and common legal research need to locate the foundational statutory definition of a defeat device under EU vehicle emissions law.\nanchoring_and_time: The regime context ('type approval for emissions from light passenger and commercial vehicles') combined with the specific technical term provides sufficient substantive narrowing without resorting to prohibited act numbers or full titles.\nconsequence: The submitted metadata answer and target body evidence completely resolve the search request by pinpointing the exact defining article and providing the full definition.\nlexical_distance: The query naturally adapts the subject matter into a concise search question while keeping necessary domain terminology.\nlinguistic_quality: Clear, grammatically flawless, and professional legal English."", ""audit_reason"": ""No problems reported.""}]"
eurlex,32008R1221,http://data.europa.eu/eli/reg/2008/1221/art_2/oj,fact_pattern,validation,0.1,False,0.55,False,0.55,31.0,,False,TN,0,True,False,[],[],[],[],[]
eurlex,32008R1221,http://data.europa.eu/eli/reg/2008/1221/art_2/oj,lookup,validation,0.13,False,0.55,False,0.55,31.0,,False,TN,0,True,False,[],[],[],[],[]
eurlex,32008R1221,http://data.europa.eu/eli/reg/2008/1221/art_2/oj,conceptual,validation,0.1,False,0.55,False,0.55,31.0,,False,TN,0,True,False,[],[],[],[],[]
eurlex,32008R1221,http://data.europa.eu/eli/reg/2008/1221/art_2/oj,comparison,validation,0.09,False,0.55,False,0.55,31.0,,False,TN,0,True,False,[],[],[],[],[]
eurlex,32008R1221,http://data.europa.eu/eli/reg/2008/1221/art_2/oj,claim_verification,validation,0.18,False,0.55,False,0.55,31.0,,False,TN,0,True,False,[],[],[],[],[]
eurlex,32008R1221,http://data.europa.eu/eli/reg/2008/1221/art_2/oj,source_finding,validation,0.17,False,0.55,False,0.55,31.0,,False,TN,0,True,False,[],[],[],[],[]
eurlex,32008R0683,http://data.europa.eu/eli/reg/2008/683/art_22/oj,fact_pattern,validation,0.16,False,0.55,False,0.55,31.0,28.0,False,TN,1,False,False,"[""q_18a95d8492af9b95718ec43a""]","[""A private contractor handling an EGNOS and Galileo programme file needs to check the Commission's reporting duty when it presents the preliminary draft budget. What must the Commission present each year?""]","[""Each year, when it presents the preliminary draft budget, it shall present a report to the European Parliament and to the Council on the implementation of the programmes.""]","[""blocking""]","[{""faithfulness_reason"": ""The question accurately asks for the Commission's annual reporting obligation when presenting the preliminary draft budget under the EGNOS and Galileo programmes, and the answer provides the exact governing sentence from Article 22 without irrelevant text. The frequency requirement ('Each year') is faithfully preserved."", ""quality_reason"": ""situation: The private contractor is purely ornamental framing attached to an unchanged lookup of the Commission's institutional reporting requirement to the Parliament and Council.\nregime_fixing: Specifying an EGNOS and Galileo programme file alongside the preliminary draft budget anchors the general policy area, though it lacks an operational factual setting.\nterminology_and_distance: The query copies the verbatim condition 'when it presents the preliminary draft budget' directly from the source sentence to ask what must be presented.\nfocus: The informational objective is a single, clear question about the Commission's annual reporting obligation.\nlinguistic_quality: Grammatically sound, natural, and clear English phrasing."", ""audit_reason"": ""mode: Fact pattern excludes generic institutional review/report/evaluation obligations, and the case wrapper is ornamental framing preceding a general institutional rule lookup.""}]"
eurlex,32008R0683,http://data.europa.eu/eli/reg/2008/683/art_22/oj,lookup,validation,0.26,False,0.55,False,0.55,31.0,,False,TN,0,True,False,[],[],[],[],[]
eurlex,32008R0683,http://data.europa.eu/eli/reg/2008/683/art_22/oj,conceptual,validation,0.32,False,0.55,False,0.55,31.0,32.0,True,FN,1,False,True,"[""q_81e47df5fb7c91c6a05407e2""]","[""How does the mid-term review of the EGNOS and Galileo programmes inform the European Parliament and the Council about progress?""]","[""A mid-term review shall be carried out in 2010, which shall include a review of costs, risks and likely revenues from the services offered by Galileo, inter alia, in the light of technological and market developments, to inform the European Parliament and the Council of the progress made on the programmes.""]","[""clear""]","[{""faithfulness_reason"": ""The question and answer are fully supported by Article 22, accurately quoting the sentence defining what the 2010 mid-term review will include to inform the European Parliament and Council. Precision captures the complete governing sentence without unnecessary text, and the date 2010 is faithfully preserved."", ""quality_reason"": ""search_realism: The query reflects a realistic institutional accountability search need, asking how the mandated mid-term review substantively informs the co-legislators on programme progress.\nanchoring_and_time: The question is properly anchored using the substantive programme names ('EGNOS and Galileo programmes') and the mid-term review mechanism without relying on formal act numbers or article locators.\nconsequence: The selected continuous sentence completely resolves the inquiry by identifying the substantive subject areas of the review (costs, risks, and likely revenues in light of technological and market developments).\nlexical_distance: The query restructures the source sentence into a natural functional question while correctly retaining necessary institutional actors and programme designations.\nlinguistic_quality: The question is formulated in clean, natural, and grammatically precise legal English."", ""audit_reason"": ""No problems reported.""}]"
eurlex,32008R0683,http://data.europa.eu/eli/reg/2008/683/art_22/oj,comparison,validation,0.14,False,0.55,False,0.55,31.0,32.0,True,FN,1,False,True,"[""q_5b9babb8244114fc1ddbdd01""]","[""Under the EU EGNOS and Galileo programme rules, does the Commission provide the European Parliament and the Council with the same annual implementation report?""]","[""Each year, when it presents the preliminary draft budget, it shall present a report to the European Parliament and to the Council on the implementation of the programmes.""]","[""clear""]","[{""faithfulness_reason"": ""The extracted sentence directly supports the shared reporting obligation to both the European Parliament and the Council under Article 22. The span is precise and contains no extraneous text. Numerical fidelity not applicable; 4 is a compatibility value."", ""quality_reason"": ""search_realism: Formulates a realistic institutional search query testing whether reporting obligations apply identically to both budgetary authorities.\nanchoring_and_time: Successfully anchors to the substantive regime ('EU EGNOS and Galileo programme rules') without including prohibited legal citations or formal act numbers.\nconsequence: The extracted sentence directly and fully confirms that the Commission presents a single report on programme implementation to both institutions concurrently when presenting the preliminary draft budget.\nlexical_distance: Naturally restructures the statutory obligation into an inquiry regarding parity of reporting between the two co-legislators, avoiding source sentence cloning.\nlinguistic_quality: Grammatically sound, precise, and idiomatic legal English."", ""audit_reason"": ""No problems reported.""}]"
eurlex,32008R0683,http://data.europa.eu/eli/reg/2008/683/art_22/oj,claim_verification,validation,0.33,False,0.55,False,0.55,31.0,31.0,False,TN,1,False,False,"[""q_3d927a7b690b67ccf07de439""]","[""Does Regulation (EC) No 683/2008 require the Commission to report annually to the European Parliament and the Council on the implementation of the EGNOS and Galileo programmes?""]","[""Each year, when it presents the preliminary draft budget, it shall present a report to the European Parliament and to the Council on the implementation of the programmes.""]","[""blocking""]","[{""faithfulness_reason"": ""The claim verification is fully supported by Article 22 of Regulation (EC) No 683/2008, accurately confirming the Commission's obligation to report annually to the European Parliament and the Council on programme implementation. The extracted sentence is concise, and the annual frequency is faithfully reflected."", ""quality_reason"": ""search_realism: The query reflects an understandable reporting compliance check, but the inclusion of the formal act number makes it read more like an artificial comprehension test than a natural search need.\nanchoring_and_time: Ignoring the prohibited formal citation, the substantive context ('the Commission', 'the European Parliament and the Council', and 'the EGNOS and Galileo programmes') adequately anchors the governance and reporting regime.\nconsequence: The excerpt directly and completely resolves the annual reporting obligation imposed on the Commission.\nlexical_distance: Competently reformulates the source phrase 'Each year... present a report' into 'report annually' while keeping necessary institutional and programme names intact.\nlinguistic_quality: Clear, grammatically correct, and standard legal English."", ""audit_reason"": ""mode: The base question includes a prohibited formal target act number ('Regulation (EC) No 683/2008'), violating the standalone locator policy.""}]"
eurlex,32008R0683,http://data.europa.eu/eli/reg/2008/683/art_22/oj,source_finding,validation,0.33,False,0.55,False,0.55,31.0,32.0,True,FN,1,False,True,"[""q_223fb68235cfd539f230bed4""]","[""Which provision of the EU regulation on the further implementation of EGNOS and Galileo requires the Commission, when presenting the preliminary draft budget each year, to report to the European Parliament and the Council on implementation of the programmes?""]","[""Article 22 — Regulation (EC) No 683/2008""]","[""clear""]","[{""faithfulness_reason"": ""The question and clue accurately represent the Commission's reporting obligation under Article 22 of Regulation (EC) No 683/2008, supported by an exact continuous evidence span and valid metadata identity."", ""quality_reason"": ""search_realism: Presents a realistic and well-formulated search need seeking the specific legal provision governing annual reporting for the EGNOS and Galileo programmes.\nanchoring_and_time: Effectively anchors the query to the EGNOS and Galileo implementation framework and accurately incorporates the temporal hook ('when presenting the preliminary draft budget each year') without using prohibited formal citations.\nconsequence: The submitted answer and evidence fully and accurately identify the target act and article satisfying the clue.\nlexical_distance: Smoothly transforms the declarative statutory language ('it shall present a report...') into an indirect interrogative clause ('requires the Commission... to report...') while retaining essential institutional terms.\nlinguistic_quality: Grammatically sound, fluent, and precise English phrasing throughout."", ""audit_reason"": ""No problems reported.""}]"
eurlex,32009R1107,http://data.europa.eu/eli/reg/2009/1107/art_31/oj,fact_pattern,development,0.64,True,0.55,True,0.55,31.0,30.0,False,FP,2,False,False,"[""q_0ff4cabf1411cfa930032311""]","[""A national authority authorises a plant protection product for use on railways and in storage rooms, but the authorisation names neither the permitted purposes nor the areas. What must the authorisation define?""]","[""The authorisation shall define plants or plant products and non-agricultural areas (for example railways, public areas, storage rooms) on which and the purposes for which the plant protection product may be used.""]","[""blocking""]","[{""faithfulness_reason"": ""The question presents a direct scenario matching Article 31(1) of Regulation (EC) No 1107/2009, and the answer provides the exact verbatim rule specifying what the authorisation must define. Numerical fidelity not applicable; 4 is a compatibility value."", ""quality_reason"": ""situation: The question constructs a concrete scenario involving an authorisation for railways and storage rooms, but abandons application in the final ask to perform an unchanged general statutory lookup ('What must the authorisation define?'), triggering the mandatory score ceiling.\nregime_fixing: The reference to a national authority authorising a plant protection product adequately establishes the sectoral regulatory framework without citing the act.\nterminology_and_distance: The query uses natural language and avoids copying structural boilerplate, although it echoes the statutory verb 'define'.\nfocus: The informational objective is unified and clearly bounded to the mandatory scope of an authorisation.\nlinguistic_quality: The sentence structure is grammatical, natural, and concise."", ""audit_reason"": ""mode: The candidate wraps an unchanged general rule lookup ('What must the authorisation define?') in a scenario rather than asking how the legal rule applies to the presented situation.""}]"
eurlex,32009R1107,http://data.europa.eu/eli/reg/2009/1107/art_31/oj,lookup,development,0.68,True,0.55,True,0.55,31.0,32.0,True,TP,2,False,True,"[""q_44393a88354d60a77820993e"", ""q_a41c482cd0fe5e6f60b061a8""]","[""What must an authorisation for a plant protection product define regarding its permitted use?"", ""Which additional requirements must an authorisation for a plant protection product include where applicable?""]","[""The authorisation shall define plants or plant products and non-agricultural areas (for example railways, public areas, storage rooms) on which and the purposes for which the plant protection product may be used."", ""The requirements referred to in paragraph 2 shall also include where applicable:\n\n(a)\nthe maximum dose per hectare in each application;\n\n(b)\nthe period between the last application and harvest;\n\n(c)\nthe maximum number of applications per year.""]","[""clear"", ""clear""]","[{""faithfulness_reason"": ""The question and answer directly correspond to Article 31(1) of Regulation (EC) No 1107/2009, capturing the full scope of what an authorisation must define regarding permitted uses without omission or distortion. Numerical fidelity not applicable; 4 is a compatibility value."", ""quality_reason"": ""practitioner_realism: Presents a direct, realistic regulatory information lookup regarding the required scope specifications in a plant protection product authorisation.\nanchoring: The base query clearly anchors the regulatory subject matter ('authorisation for a plant protection product') and the specific dimension ('permitted use') without needing target locators.\ninformativeness: The extracted span from Article 31(1) provides a direct, complete, and unpadded answer to the specific question asked.\nfocus: Maintains a single, tight question boundary aimed exclusively at what the authorisation must define regarding permitted use.\nlinguistic_quality: Clean, natural legal English phrasing with accurate syntax and terminology."", ""audit_reason"": ""No problems reported.""}, {""faithfulness_reason"": ""The answer quotes the complete and exact contiguous text of Article 31(3) of Regulation (EC) No 1107/2009, accurately addressing which requirements must be included where applicable, preserving the listed conditions and frequency units."", ""quality_reason"": ""practitioner_realism: Reflects a genuine compliance need to determine mandatory conditional requirements for product authorisations under the plant protection regime.\nanchoring: Establishes sufficient context via 'authorisation for a plant protection product' combined with the condition 'where applicable'.\ninformativeness: Extracts the exact exhaustive three-point list under Article 31(3) addressing conditional mandatory content without extraneous surrounding provisions.\nfocus: Well-bounded single ask targeting the specific conditional requirements of Article 31(3).\nlinguistic_quality: Grammatically sound, fluent, and precisely phrased."", ""audit_reason"": ""No problems reported.""}]"
eurlex,32009R1107,http://data.europa.eu/eli/reg/2009/1107/art_31/oj,conceptual,development,0.6,True,0.55,True,0.55,31.0,29.0,False,FP,1,False,False,"[""q_4c92604dbb529afdd1f282cf""]","[""How may authorisations for plant protection products protect people and the environment through restrictions on distribution and use?""]","[""a restriction with respect to the distribution and use of the plant protection product in order to protect the health of the distributors, users, bystanders, residents, consumers or workers concerned or the environment, taking into consideration requirements imposed by other Community provisions; such restriction shall be indicated on the label;""]","[""clear""]","[{""faithfulness_reason"": ""The question and answer are fully supported by Article 31(4)(a) of Regulation (EC) No 1107/2009. Precision is well-delimited to the relevant list item. Numerical fidelity not applicable; 4 is a compatibility value."", ""quality_reason"": ""search_realism: The query reflects a plausible conceptual inquiry regarding authorization conditions, but framing the question around 'how' authorisations protect people through restrictions feels noticeably constructed given that the answer mostly re-states the permission to impose such restrictions.\nanchoring_and_time: The regime context ('authorisations for plant protection products') is clearly established without resorting to formal citations or prohibited locators.\nconsequence: The answer supplies Article 31(4)(a), clarifying the specific groups protected (distributors, bystanders, consumers, etc.) and the labelling requirement, though the question's inclusion of both the restriction mechanism and the objective leaves the evidential resolution somewhat circular.\nlexical_distance: The query closely mirrors the target phrasing ('protect... the environment', 'restrictions on distribution and use') around a standard interrogative frame, though 'people' generalises the enumerated list of persons.\nlinguistic_quality: Grammatically sound, natural, and fluent English with clear structure."", ""audit_reason"": ""No problems reported.""}]"
eurlex,32009R1107,http://data.europa.eu/eli/reg/2009/1107/art_31/oj,comparison,development,0.39,False,0.55,False,0.55,31.0,30.0,False,TN,1,False,False,"[""q_aa7066fbaf4682c4e6967693""]","[""Under Regulation (EC) No 1107/2009, which application-related requirements must authorisations for plant protection products include where applicable, and which may they include?""]","[""3. The requirements referred to in paragraph 2 shall also include where applicable:\n\n(a)\nthe maximum dose per hectare in each application;\n\n(b)\nthe period between the last application and harvest;\n\n(c)\nthe maximum number of applications per year.\n\n4. The requirements referred to in paragraph 2 may include the following:\n\n(a)\na restriction with respect to the distribution and use of the plant protection product in order to protect the health of the distributors, users, bystanders, residents, consumers or workers concerned or the environment, taking into consideration requirements imposed by other Community provisions; such restriction shall be indicated on the label;\n\n(b)\nthe obligation before the product is used to inform any neighbours who could be exposed to the spray drift and who have requested to be informed;\n\n(c)\nindications for proper use according to the principles of Integrated Pest Management referred to in Article 14 of and Annex III to Directive 2009/128/EC;\n\n(d)\ndesignation of categories of users, such as professional and non-professional;\n\n(e)\nthe approved label;\n\n(f)\nthe interval between applications;\n\n(g)\nthe period between the last application and consumption of the plant product where applicable;\n\n(h)\nthe re-entry interval;\n\n(i)\nthe packaging size and material.""]","[""blocking""]","[{""faithfulness_reason"": ""The question and answer faithfully address the comparison between mandatory-where-applicable requirements under Article 31(3) and optional requirements under Article 31(4) of Regulation (EC) No 1107/2009. The answer quotes the complete contiguous text of both paragraphs accurately, fully resolving the requested scope without defects."", ""quality_reason"": ""search_realism: The query reflects a practical compliance question contrasting mandatory and discretionary authorization elements, but the inclusion of the formal regulation identifier makes it feel somewhat artificial.\nanchoring_and_time: Ignoring the prohibited formal citation, 'authorisations for plant protection products' provides substantive domain anchoring, though broader contextual precision is modest.\nconsequence: The submitted continuous extract of paragraphs 3 and 4 fully and directly resolves both sides of the comparison (mandatory where applicable vs discretionary elements).\nlexical_distance: The query naturally reformulates the statutory drafting ('shall also include where applicable' and 'may include') into a coherent comparative question.\nlinguistic_quality: The question is grammatically sound, clear, and idiomatic."", ""audit_reason"": ""mode: The question includes a formal target act number ('Regulation (EC) No 1107/2009'), violating the standalone locator policy for comparison mode.\nmetadata: Both entries in comparison_entities ('requirements referred to in paragraph 2 that must be included where applicable' and 'requirements referred to in paragraph 2 that may be included') fail to match exact substrings in the question.""}]"
eurlex,32009R1107,http://data.europa.eu/eli/reg/2009/1107/art_31/oj,claim_verification,development,0.62,True,0.55,True,0.55,31.0,31.0,False,FP,1,False,False,"[""q_b0b451a2a3254d66c767d384""]","[""Is it true that an authorisation for a plant protection product must define the non-agricultural areas on which, and purposes for which, it may be used?""]","[""The authorisation shall define plants or plant products and non-agricultural areas (for example railways, public areas, storage rooms) on which and the purposes for which the plant protection product may be used.""]","[""clear""]","[{""faithfulness_reason"": ""The claim is fully supported by Article 31(1) of Regulation (EC) No 1107/2009, with an accurate claim_status verdict. The extracted span precisely covers the full governing sentence. Numerical fidelity not applicable; 4 is a compatibility value."", ""quality_reason"": ""search_realism: Presents a clear, realistic compliance verification question regarding the mandatory scope and contents of a plant protection product authorisation.\nanchoring_and_time: Establishes proper regulatory context using the substantive regime term 'authorisation for a plant protection product' without relying on forbidden locators.\nconsequence: The provided excerpt directly and definitively confirms that the authorisation must define non-agricultural areas and the purposes for which the product may be used.\nlexical_distance: The question adapts the core obligation into an interrogative format, but closely follows the syntax and phrasing of the source text ('define... non-agricultural areas on which, and purposes for which, it may be used').\nlinguistic_quality: Grammatically sound, well-punctuated, and fluent natural English phrasing throughout."", ""audit_reason"": ""No problems reported.""}]"
eurlex,32009R1107,http://data.europa.eu/eli/reg/2009/1107/art_31/oj,source_finding,development,0.45,False,0.55,False,0.55,31.0,31.0,False,TN,1,False,False,"[""q_9f5e59a06ae098f21eccccf6""]","[""Which EU provision requires authorisations for plant protection products to set out requirements for placing them on the market and using them, including minimum conditions needed to comply with the approval conditions for their active substances, safeners and synergists?""]","[""Article 31 — Regulation (EC) No 1107/2009""]","[""clear""]","[{""faithfulness_reason"": ""The source finding clue accurately reflects Article 31(2) of Regulation (EC) No 1107/2009, and the identified provision correctly matches the target act and article metadata. The evidence span is continuous and cleanly focused on the material elements of the clue, and all citational identifiers are faithfully preserved."", ""quality_reason"": ""search_realism: Presents a realistic, plausible retrieval need for locating the governing regulatory provision imposing mandatory conditions in plant protection product authorisations.\nanchoring_and_time: Properly anchored by the substantive regime of authorisations for plant protection products and the tripartite reference to active substances, safeners, and synergists without revealing the citation.\nconsequence: The clue accurately matches paragraph 2 of the target article, and the submitted answer correctly identifies the act and article with an exact supporting evidence span.\nlexical_distance: The query relies heavily on the syntax and noun phrasing of the target sentence ('set out requirements relating to the placing on the market and use... conditions of use necessary to comply with the conditions and requirements provided for... approving the active substances, safeners and synergists').\nlinguistic_quality: Grammatically sound, fluent, and easily comprehensible English legal phrasing."", ""audit_reason"": ""No problems reported.""}]"
eurlex,32009R1221,http://data.europa.eu/eli/reg/2009/1221/art_42/oj,fact_pattern,validation,0.41,False,0.55,False,0.55,31.0,27.0,False,TN,1,False,False,"[""q_7e8038f90c73d01e415df34d""]","[""An organisation preparing to participate in the Community eco-management and audit scheme (EMAS) needs to understand the rules governing its participation. What information must be provided to it?""]","[""organisations on the content of this Regulation""]","[""blocking""]","[{""faithfulness_reason"": ""The answer accurately captures the required information under Article 42(1)(b) for an organisation. Precision is well-contained with standard list-item opening text. Numerical fidelity not applicable; 4 is a compatibility value."", ""quality_reason"": ""situation: The scenario is substantially decorative; an organisation preparing to participate does not trigger a distinct legal rule or differentiated treatment under Article 42(1)(b), which merely sets out a general administrative obligation for the Commission toward organisations.\nregime_fixing: Fixes the scheme by explicitly naming the Community eco-management and audit scheme (EMAS), but the surrounding actor circumstances are entirely generic.\nterminology_and_distance: The phrasing is natural, but the extracted span awkwardly includes the recipient category ('organisations') in response to a question asking what information must be provided to 'it'.\nfocus: Focuses on one provision, though asking what information must be provided to the specific organisation results in a slightly misaligned answer boundary.\nlinguistic_quality: The English question is grammatically well-formed, natural, and clearly structured."", ""audit_reason"": ""metadata: The declared particular 'An organisation preparing to participate in EMAS' is not an exact substring in the question, which reads 'An organisation preparing to participate in the Community eco-management and audit scheme (EMAS)'.\nmode: The question functions as a decorative case wrapper over a general institutional duty lookup under Article 42(1)(b) rather than a genuine application scenario selecting treatment.""}]"
eurlex,32009R1221,http://data.europa.eu/eli/reg/2009/1221/art_42/oj,lookup,validation,0.6,True,0.55,True,0.55,31.0,32.0,True,TP,2,False,True,"[""q_35e1ad44721e1eb52c50bf63"", ""q_d79899d6348f86daee5ffd7c""]","[""What information must the Commission provide to the public about EMAS?"", ""What information resources must the Commission maintain and make publicly available for EMAS?""]","[""the objectives and principal components of EMAS"", ""(a)\na register of environmental verifiers and registered organisations;\n\n(b)\na database of environmental statements in electronic format;\n\n(c)\na database of best practices on EMAS, including, inter alia, effective tools for EMAS promotion and examples of technical support to organisations;\n\n(d)\na list of Community resources for the funding of EMAS implementation and related projects and activities.""]","[""clear"", ""clear""]","[{""faithfulness_reason"": ""The answer accurately extracts the specific topic of information the Commission is required to provide to the public pursuant to Article 42(1)(a). Numerical fidelity not applicable; 4 is a compatibility value."", ""quality_reason"": ""practitioner_realism: Presents a clear, realistic lookup inquiry concerning the European Commission's statutory communication obligations regarding EMAS.\nanchoring: The substantive regime name 'EMAS' and the institutional actor clearly contextualise the query without needing a formal act number.\ninformativeness: The extracted span directly identifies the exact substantive information items specified for the public in Article 42(1)(a).\nfocus: Precisely isolated to the public information branch of Article 42(1), neatly separating it from information provided to organisations.\nlinguistic_quality: Grammatically sound, natural, and concise English formulation."", ""audit_reason"": ""No problems reported.""}, {""faithfulness_reason"": ""The response faithfully provides the full list of resources the Commission must maintain and make publicly available under Article 42(2)(a)–(d) without extraneous text. Numerical fidelity not applicable; 4 is a compatibility value."", ""quality_reason"": ""practitioner_realism: Reflects a practical compliance and administrative information-retrieval need regarding publicly accessible EMAS registers and databases.\nanchoring: Clearly identifies the Commission and the EMAS scheme, providing sufficient substantive context to locate the obligation.\ninformativeness: The answer provides the complete, unbroken list of mandatory registers, databases, and resource lists specified in Article 42(2).\nfocus: Maintains a coherent, singular focus on the specific category of publicly maintained databases and registers.\nlinguistic_quality: Clean, natural phrasing that appropriately captures the legal terminology of the provision."", ""audit_reason"": ""No problems reported.""}]"
eurlex,32009R1221,http://data.europa.eu/eli/reg/2009/1221/art_42/oj,conceptual,validation,0.49,False,0.55,False,0.55,31.0,31.0,False,TN,1,False,False,"[""q_2ab896a8412bfe2b3e8dd59f""]","[""What information must the Commission provide to the public and organisations about EMAS?""]","[""The Commission shall provide information to:\n\n(a)\nthe public on the objectives and principal components of EMAS;\n\n(b)\norganisations on the content of this Regulation.""]","[""clear""]","[{""faithfulness_reason"": ""The answer directly and faithfully quotes Article 42(1), fully satisfying the question regarding information provided to the public and organisations. Numerical fidelity not applicable; 4 is a compatibility value."", ""quality_reason"": ""search_realism: Presents a realistic, coherent information need regarding the institutional communication responsibilities of the Commission under EMAS.\nanchoring_and_time: Properly anchored by the Commission and EMAS without relying on formal act citations or article locators.\nconsequence: The extracted paragraph fully and precisely resolves what information must be provided to both the public and organisations.\nlexical_distance: The phrasing closely mirrors the target text's structure ('provide information to the public and organisations'), resulting in ordinary distance.\nlinguistic_quality: Grammatically correct, natural, and concise formulation."", ""audit_reason"": ""No problems reported.""}]"
eurlex,32009R1221,http://data.europa.eu/eli/reg/2009/1221/art_42/oj,comparison,validation,0.22,False,0.55,False,0.55,31.0,32.0,True,FN,1,False,True,"[""q_54fee2101696e52249a2d15c""]","[""Under EMAS, what information must the Commission provide to the public compared with organisations?""]","[""1. The Commission shall provide information to:\n\n(a)\nthe public on the objectives and principal components of EMAS;\n\n(b)\norganisations on the content of this Regulation.""]","[""clear""]","[{""faithfulness_reason"": ""The answer quotes Article 42(1) verbatim, establishing the exact distinct information the Commission must provide to the public versus organisations. The span is concise and contains no irrelevant material. Numerical fidelity not applicable; 4 is a compatibility value."", ""quality_reason"": ""search_realism: The query reflects a realistic legal inquiry comparing the Commission's statutory information-dissemination duties towards two distinct recipient groups.\nanchoring_and_time: The regime is clearly anchored via EMAS and the specific institutional duty of the Commission without relying on forbidden locators.\nconsequence: The extracted paragraph 1 comprehensively and concisely resolves the specific information categories required for each entity.\nlexical_distance: The query rephrases the statutory list structure into a natural comparative inquiry while keeping the necessary substantive terminology.\nlinguistic_quality: The question is formulated in concise, fully grammatical, and idiomatic legal English."", ""audit_reason"": ""No problems reported.""}]"
eurlex,32009R1221,http://data.europa.eu/eli/reg/2009/1221/art_42/oj,claim_verification,validation,0.5,False,0.55,False,0.55,31.0,31.0,False,TN,1,False,False,"[""q_178b170847fe7651169269be""]","[""Is it true that, under the EMAS Regulation, the Commission must provide the public with information on the objectives and principal components of EMAS?""]","[""The Commission shall provide information to:\n\n(a)\nthe public on the objectives and principal components of EMAS;""]","[""clear""]","[{""faithfulness_reason"": ""The claim is fully supported by Article 42(1)(a), correctly identified as supported, and the extracted text establishes the Commission's obligation towards the public. The contiguous span includes the governing lead-in and point (a) without unnecessary subparagraphs. Numerical fidelity not applicable; 4 is a compatibility value."", ""quality_reason"": ""search_realism: Presents a clear and realistic verification task concerning the European Commission's statutory transparency and information duties under EMAS.\nanchoring_and_time: Properly anchored to the EMAS Regulation and the European Commission without relying on prohibited formal locators or CELEX numbers.\nconsequence: The selected quotation directly and completely resolves the uncertain proposition, establishing the mandatory duty ('shall provide') without missing conditions.\nlexical_distance: Adequate restructuring into a continuous question sentence, but it retains the core wording ('provide the public with information on the objectives and principal components of EMAS') with minimal lexical variation from the source list item.\nlinguistic_quality: Grammatically sound, natural, and clearly phrased throughout."", ""audit_reason"": ""No problems reported.""}]"
eurlex,32009R1221,http://data.europa.eu/eli/reg/2009/1221/art_42/oj,source_finding,validation,0.47,False,0.55,False,0.55,31.0,31.0,False,TN,1,False,False,"[""q_eeb690cb1b7fdece3a40da0f""]","[""Which provision of the EU Eco-Management and Audit Scheme (EMAS) rules requires the Commission to maintain and make publicly available a register, databases and a list of Community resources?""]","[""Article 42 — Regulation (EC) No 1221/2009""]","[""clear""]","[{""faithfulness_reason"": ""The source-finding question accurately reflects the obligation imposed on the Commission in Article 42(2) of Regulation (EC) No 1221/2009, and the identified target provision directly supports every element of the clue. The evidence span is exactly delimited to paragraph 2 without extraneous text, and all identifiers are reproduced faithfully."", ""quality_reason"": ""search_realism: Presents a realistic search need by a legal researcher or compliance officer seeking the specific legal base obligating the Commission to maintain EMAS databases and registers.\nanchoring_and_time: Properly anchored to the EMAS scheme and the Commission's institutional reporting and repository duties without revealing prohibited locators.\nconsequence: The clue accurately matches Article 42(2), which is completely identified by the returned source identifier and article number.\nlexical_distance: While it condenses the multiple databases into a plural noun, the question retains substantial consecutive verbatim phrasing from the source ('maintain and make publicly available', 'list of Community resources').\nlinguistic_quality: Fluent, clean, and grammatically precise English question formulation."", ""audit_reason"": ""No problems reported.""}]"
eurlex,32009R0194,http://data.europa.eu/eli/reg/2009/194/art_1/oj,fact_pattern,development,0.57,True,0.55,True,0.55,31.0,32.0,True,TP,2,False,True,"[""q_b90286d718132b51e06d0c7c""]","[""A customs authority is examining a United States-origin biodiesel blend containing 25 % by weight of non-fossil fatty-acid mono-alkyl esters and classified under CN code ex15162098. Is the product subject to the provisional countervailing duty?""]","[""A provisional countervailing duty is hereby imposed on imports of fatty-acid mono-alkyl esters and/or paraffinic gas oil obtained from synthesis and/or hydro-treatment, of non-fossil origin, commonly known as ‘biodiesel’, in pure form or in a blend containing by weight more than 20 % of fatty-acid mono-alkyl esters and/or paraffinic gas oil obtained from synthesis and/or hydro-treatment, of non-fossil origin, falling within CN codes ex15162098 (TARIC code 1516209820), ex15180091 (TARIC code 1518009120), ex15180099 (TARIC code 1518009920), ex27101941 (TARIC code 2710194120), 38249091, ex38249097 (TARIC code 3824909787), and originating in the United States of America.""]","[""clear""]","[{""faithfulness_reason"": ""The answer quotes Article 1(1) verbatim, establishing the exact conditions (origin, blend percentage above 20 %, and CN code) governing the hypothetical product. All values and codes are accurately preserved."", ""quality_reason"": ""situation: Sets up a realistic customs classification problem with specific factual parameters (US origin, 25% blend ratio, CN code) to test against the regulatory threshold.\nregime_fixing: Fixes the product scope, origin, and classification code accurately without naming the act.\nterminology_and_distance: Naturally operationalizes the 'more than 20 %' threshold using an explicit 25 % blend fact without lifting entire source phrases verbatim.\nfocus: Sharp single-issue question regarding duty applicability to the specific consignment.\nlinguistic_quality: Grammatically sound, concise, and appropriate for customs practitioner communication."", ""audit_reason"": ""No problems reported.""}]"
eurlex,32009R0194,http://data.europa.eu/eli/reg/2009/194/art_1/oj,lookup,development,0.57,True,0.55,True,0.55,31.0,31.0,False,FP,1,False,False,"[""q_7cfe6b3ad79194919834f3c0""]","[""What must be provided for the release for free circulation of biodiesel imports subject to the provisional countervailing duty?""]","[""subject to the provision of a security, equivalent to the amount of the provisional duty""]","[""clear""]","[{""faithfulness_reason"": ""The answer accurately reflects Article 1(3) regarding the requirement of a security for release for free circulation. The extracted span includes a slight leading grammatical fragment ('subject to') but is otherwise concise and fully supported. Numerical fidelity not applicable; 4 is a compatibility value."", ""quality_reason"": ""practitioner_realism: Presents a realistic customs clearance inquiry regarding release conditions under a provisional trade defence duty.\nanchoring: The base query specifies the product and measure ('biodiesel imports subject to the provisional countervailing duty'), but omits the country of origin (United States), leaving a meaningful missing discriminator.\ninformativeness: The extracted span directly identifies the core requirement to provide a security equivalent to the amount of the provisional duty.\nfocus: Maintains a single, well-bounded informational objective focused strictly on the prerequisite for customs release.\nlinguistic_quality: Natural, fluent, and professional English phrasing with correct terminology throughout."", ""audit_reason"": ""No problems reported.""}]"
eurlex,32009R0194,http://data.europa.eu/eli/reg/2009/194/art_1/oj,conceptual,development,0.45,False,0.55,False,0.55,31.0,32.0,True,FN,1,False,True,"[""q_c5e891ecad80b2f71f5b8244""]","[""For the provisional countervailing duty on US-origin biodiesel, how is the duty on blends calculated?""]","[""The countervailing duty on blends shall be applicable in proportion in the blend, by weight, of the total content of fatty-acid mono-alkyl esters and of paraffinic gasoils obtained from synthesis and/or hydro-treatment, of non-fossil origin (biodiesel content).""]","[""clear""]","[{""faithfulness_reason"": ""The question and answer are fully supported by Article 1(2), which explicitly sets out the proportional rule for calculating the countervailing duty on blends by weight of biodiesel content. The extracted continuous span is precise and complete with no unnecessary excess. Numerical fidelity not applicable; 4 is a compatibility value."", ""quality_reason"": ""search_realism: Reflects a practical customs inquiry regarding the apportionment mechanism for calculating provisional countervailing duty rates on blended imports.\nanchoring_and_time: Establishes the specific commercial and regulatory context (provisional countervailing duty on US-origin biodiesel) without referencing prohibited document identifiers.\nconsequence: The continuous extracted provision fully answers the calculation method, stating that the duty applies in proportion to the biodiesel content by weight in the blend.\nlexical_distance: Phrased naturally as an inquiry into how the duty is calculated rather than echoing the source's administrative scaffolding.\nlinguistic_quality: Clean, grammatical, and unambiguous English formulation."", ""audit_reason"": ""No problems reported.""}]"
eurlex,32009R0194,http://data.europa.eu/eli/reg/2009/194/art_1/oj,comparison,development,0.28,False,0.55,False,0.55,31.0,29.0,False,TN,1,False,False,"[""q_ed937c64bc4f26c3ab3447eb""]","[""Under Commission Regulation (EC) No 194/2009, what provisional countervailing duty rates apply to biodiesel imports originating in the United States for Archer Daniels Midland Company compared with Cargill Inc.?""]","[""Archer Daniels Midland Company, Decatur237,0A933Cargill Inc., Wayzata213,8A934""]","[""blocking""]","[{""faithfulness_reason"": ""The candidate correctly identifies and compares the provisional countervailing duty rates for both Archer Daniels Midland Company and Cargill Inc. from Article 1(2). The continuous span captures both entries accurately with their corresponding TARIC additional codes, though it omits the column header specifying the unit (EUR per tonne net). All numerical values and codes are faithfully preserved from the source table."", ""quality_reason"": ""search_realism: The underlying comparative question regarding company-specific provisional countervailing duty rates is plausible, but relying on a formal act citation in the question text makes the retrieval need artificial rather than an organic subject-matter query.\nanchoring_and_time: Even when setting aside the prohibited citation, the query supplies sufficient substantive anchoring by identifying the product (biodiesel imports), country of origin (United States), provisional countervailing duty context, and the specific companies being compared.\nconsequence: The extracted answer span captures the company names, numbers, and TARIC codes, but cuts off the essential unit of measurement ('EUR per tonne net') appearing in the table header, leaving the numerical values without their required unit and denominator.\nlexical_distance: Successfully synthesizes elements from paragraphs 1 and 2 (product, origin, duty type, and specific producers) into a smooth comparative question rather than copying boilerplate scaffolding.\nlinguistic_quality: Clear, grammatically correct, and natural English phrasing throughout."", ""audit_reason"": ""mode: The question contains a formal target act identifier ('Commission Regulation (EC) No 194/2009'), violating the standalone locator policy for comparison mode.\nsupport: The answer span cuts off the table header containing the essential unit of measurement ('EUR per tonne net'), leaving the duty rates without their necessary monetary unit and denominator.""}]"
eurlex,32009R0194,http://data.europa.eu/eli/reg/2009/194/art_1/oj,claim_verification,development,0.57,True,0.55,True,0.55,31.0,32.0,True,TP,2,False,True,"[""q_1cdd9429d709a77934332b65""]","[""Is it true that release for free circulation in the Community of US biodiesel covered by the provisional countervailing duty may occur without providing security?""]","[""The release for free circulation in the Community of the product referred to in paragraph 1 shall be subject to the provision of a security, equivalent to the amount of the provisional duty.""]","[""clear""]","[{""faithfulness_reason"": ""The claim that release for free circulation may occur without providing security is directly contradicted by Article 1(3), which mandates the provision of a security. The extracted span is concise and fully resolves the verification without excess. Numerical fidelity not applicable; 4 is a compatibility value."", ""quality_reason"": ""search_realism: Reflects a genuine customs compliance question regarding whether goods subject to a provisional countervailing duty can be cleared for free circulation without posting security.\nanchoring_and_time: Properly specifies the substantive context ('release for free circulation in the Community', 'US biodiesel', and 'provisional countervailing duty') without relying on prohibited formal locators.\nconsequence: The submitted excerpt from paragraph 3 directly and definitively refutes the claim by showing that release is explicitly subject to providing security equal to the duty.\nlexical_distance: Effectively restructures the rule into a natural negative condition ('may occur without providing security' vs 'shall be subject to the provision of a security').\nlinguistic_quality: Grammatically sound, precise, and completely natural English."", ""audit_reason"": ""No problems reported.""}]"
eurlex,32009R0194,http://data.europa.eu/eli/reg/2009/194/art_1/oj,source_finding,development,0.43,False,0.55,False,0.55,31.0,31.0,False,TN,1,False,False,"[""q_5aa7b187e22225ddb8d2b822""]","[""Which provision imposes a provisional countervailing duty on imports of biodiesel originating in the United States of America?""]","[""Article 1 — Regulation (EC) No 194/2009""]","[""clear""]","[{""faithfulness_reason"": ""The clue is fully established by the body text of Article 1(1), which explicitly imposes a provisional countervailing duty on imports of biodiesel originating in the United States of America. The official act and article identifiers are accurately reproduced, and the evidence span is completely contiguous and sufficient."", ""quality_reason"": ""search_realism: Presents a realistic trade-law retrieval inquiry seeking the specific instrument and article that established provisional countervailing duties on US biodiesel imports.\nanchoring_and_time: Effectively anchored by the specific trade defence instrument (provisional countervailing duty), commodity (biodiesel), and territory of origin (United States of America).\nconsequence: The provided identifier and Article 1(1) body evidence directly and completely resolve the target provision establishing the duty.\nlexical_distance: While the core trade terms are standard legal terminology, the query frames them by tracking the exact phrasing of the act's title and opening operative clause with a basic interrogative wrapper.\nlinguistic_quality: Grammatically sound, clear, and natural English phrasing."", ""audit_reason"": ""No problems reported.""}]"
eurlex,32010R0257,http://data.europa.eu/eli/reg/2010/257/art_2/oj,fact_pattern,validation,0.37,False,0.55,False,0.55,31.0,30.0,False,TN,2,False,False,"[""q_4d4fc7d83fac6e29622be1e8"", ""q_e782fa8c3530aa6306f5f850""]","[""A food-business company is responsible for ensuring that Regulation (EC) No 1333/2008 is complied with within the food business it controls. What is that company under the food-additive re-evaluation programme?"", ""A dossier was used to evaluate a food additive and permit it for use in food before 20 January 2009. How is that dossier classified under the food-additive re-evaluation programme?""]","[""‘business operator’ means any natural or legal person responsible for ensuring that the requirements of Regulation (EC) No 1333/2008 are met within the food business under its control"", ""‘original dossier’ means a dossier on the basis of which the food additive was evaluated and permitted for use in food before 20 January 2009""]","[""repair"", ""repair""]","[{""faithfulness_reason"": ""The question presents a direct application of the statutory definition in Article 2(b), and the extracted answer provides the exact contiguous definition of 'business operator' along with the correctly cited Regulation (EC) No 1333/2008."", ""quality_reason"": ""situation: Sets up a serviceable classification task asking for the regulatory status of a company under the programme, though it is essentially a direct factual rephrasing of the statutory definition.\nregime_fixing: Fixes the legal domain accurately via reference to the food-additive re-evaluation programme and Regulation (EC) No 1333/2008 without citing the target regulation.\nterminology_and_distance: Noticeable syntactic mirroring and verbatim lifting from Article 2(b) ('responsible for ensuring that... within the food business... control').\nfocus: Well-bounded, asking for a single status classification.\nlinguistic_quality: Grammatically correct, natural, and clear English."", ""audit_reason"": ""metadata: particular 'a food-business company' does not match the question text case-sensitively ('A food-business company').""}, {""faithfulness_reason"": ""The question asks for the classification of a dossier matching the criteria of Article 2(d), and the extract reproduces the complete, contiguous definition of 'original dossier' with the exact date (20 January 2009) fully preserved."", ""quality_reason"": ""situation: A usable classification scenario asking how a specific historical dossier is categorized under the programme, closely following the definition's criteria.\nregime_fixing: Sufficiently grounds the regime via the substantive reference to the food-additive re-evaluation programme and pre-2009 authorization context.\nterminology_and_distance: Heavily borrows phrasing directly from Article 2(d) ('evaluate a food additive and permit it for use in food before 20 January 2009').\nfocus: Sharp and unified single classification ask.\nlinguistic_quality: Fluent, standard, and natural legal English."", ""audit_reason"": ""metadata: particular 'a dossier' does not match the question text case-sensitively ('A dossier').""}]"
eurlex,32010R0257,http://data.europa.eu/eli/reg/2010/257/art_2/oj,lookup,validation,0.45,False,0.55,False,0.55,31.0,32.0,True,FN,1,False,True,"[""q_bdd74e86022d64f65f41e2dd""]","[""What is meant by an ‘approved food additive’ in the programme for the re-evaluation of approved food additives?""]","[""a food additive authorised before 20 January 2009 and listed in Directive 94/35/EC of the European Parliament and of the Council of 30 June 1994 on sweeteners for use in foodstuffs, Directive 94/36/EC of the European Parliament and of the Council of 30 June 1994 on colours for use in foodstuffs or in Directive 95/2/EC of the European Parliament and of the Council of 20 February 1995 on food additives other than colours and sweeteners""]","[""clear""]","[{""faithfulness_reason"": ""The answer extracts the complete definition of 'approved food additive' from Article 2(a) of Regulation (EU) No 257/2010 verbatim, fully answering the question without extraneous material, and all cited directives and dates are accurately preserved."", ""quality_reason"": ""practitioner_realism: Presents a direct, authentic regulatory lookup regarding the legal definition of an approved food additive subject to re-evaluation.\nanchoring: The base query clearly identifies the regime by referencing the specific re-evaluation programme for approved food additives without using prohibited identifiers.\ninformativeness: The extracted span directly and fully supplies the statutory definition with all conditions (authorisation date and specific directives).\nfocus: Maintains a single, sharp informational goal asking for the definition of a single defined term.\nlinguistic_quality: Drafted in natural, precise, and grammatically standard English appropriate for EU legal lookup."", ""audit_reason"": ""No problems reported.""}]"
eurlex,32010R0257,http://data.europa.eu/eli/reg/2010/257/art_2/oj,conceptual,validation,0.33,False,0.55,False,0.55,31.0,,False,TN,0,True,False,[],[],[],[],[]
eurlex,32010R0257,http://data.europa.eu/eli/reg/2010/257/art_2/oj,comparison,validation,0.23,False,0.55,False,0.55,31.0,32.0,True,FN,1,False,True,"[""q_dd29f2dcb52d9bac43152972""]","[""Under the EU programme for re-evaluating approved food additives, how do the definitions of a business operator and an interested business operator differ regarding their role?""]","[""‘business operator’ means any natural or legal person responsible for ensuring that the requirements of Regulation (EC) No 1333/2008 are met within the food business under its control;\n\n‘interested business operator’ means a business operator interested in the continuity of the authorisation of one or more approved food additives;""]","[""clear""]","[{""faithfulness_reason"": ""The answer provides the exact definitions of both entities from Article 2(b) and 2(c), fully addressing how their roles are distinguished. The omission of the structural label '(c)' between the two adjacent points is a harmless representation matter that does not compromise contiguity or meaning, and all legal references are faithfully preserved."", ""quality_reason"": ""search_realism: Presents a realistic legal research inquiry distinguishing a general baseline category from a specific subcategory under the regulatory scheme.\nanchoring_and_time: Effectively anchors the question to the substantive EU food additives re-evaluation programme without relying on prohibited citation locators.\nconsequence: The selected definitions directly resolve the difference in roles between a standard business operator and an interested business operator.\nlexical_distance: Phrased naturally in the searcher's own words while keeping the precise defined terms required.\nlinguistic_quality: Grammatically sound, concise, and immediately intelligible English."", ""audit_reason"": ""No problems reported.""}]"
eurlex,32010R0257,http://data.europa.eu/eli/reg/2010/257/art_2/oj,claim_verification,validation,0.43,False,0.55,False,0.55,31.0,30.0,False,TN,1,False,False,"[""q_022e8864c536f4222bc534cc""]","[""Under the EU food-additive re-evaluation programme, does an ‘approved food additive’ mean a food additive authorised before 20 January 2009 and listed in one of the specified EU directives?""]","[""‘approved food additive’ means a food additive authorised before 20 January 2009 and listed in Directive 94/35/EC of the European Parliament and of the Council of 30 June 1994 on sweeteners for use in foodstuffs, Directive 94/36/EC of the European Parliament and of the Council of 30 June 1994 on colours for use in foodstuffs or in Directive 95/2/EC of the European Parliament and of the Council of 20 February 1995 on food additives other than colours and sweeteners;""]","[""clear""]","[{""faithfulness_reason"": ""The claim is fully supported by Article 2(a) of Regulation (EU) No 257/2010, the 'supported' verdict is accurate, the extracted span matches the relevant definition point, and all cited dates and directive references are faithfully preserved."", ""quality_reason"": ""search_realism: Presents a functional claim-verification scenario testing a regulatory definition, though framed in a somewhat mechanical fashion by echoing the source text.\nanchoring_and_time: Successfully anchors to the EU food-additive re-evaluation programme without relying on prohibited act numbers or article locators.\nconsequence: The target excerpt directly and fully verifies the scoped definition proposition with supported status.\nlexical_distance: The question borrows substantial verbatim phrasing from Article 2(a), substituting only the directive titles with 'one of the specified EU directives'.\nlinguistic_quality: Grammatically sound, well-punctuated, and clearly formulated query."", ""audit_reason"": ""No problems reported.""}]"
eurlex,32010R0257,http://data.europa.eu/eli/reg/2010/257/art_2/oj,source_finding,validation,0.39,False,0.55,False,0.55,31.0,29.0,False,TN,1,False,False,"[""q_920be9c2bd5c31b9fc6a2d7c""]","[""Which provision of the programme for the re-evaluation of approved food additives defines an ‘interested business operator’ as a business operator interested in the continuity of the authorisation of one or more approved food additives?""]","[""Article 2 — Commission Regulation (EU) No 257/2010""]","[""clear""]","[{""faithfulness_reason"": ""The source-finding clue is fully supported by the target body, the official act and article identifiers are correctly resolved, and the extracted definition span precisely matches point (c) without extraneous text."", ""quality_reason"": ""search_realism: The query reflects a serviceable source-finding need to locate the provision establishing a specific legal definition, though the query is noticeably constructed by embedding the full verbatim definition into an interrogative frame.\nanchoring_and_time: The reference to the programme for the re-evaluation of approved food additives provides clear and legitimate contextual grounding without leaking the formal act number or CELEX identifier.\nconsequence: The submitted answer and evidence fully and precisely resolve the source identity and specific article for the cited definition.\nlexical_distance: The clue is a verbatim copy of point (c) ('‘interested business operator’ means a business operator interested in the continuity of the authorisation of one or more approved food additives') placed inside a thin interrogative wrapper ('Which provision of the ... defines X as Y?'), triggering the ceiling for an avoidable near-copy.\nlinguistic_quality: Grammatically sound, clear, and natural English prose."", ""audit_reason"": ""No problems reported.""}]"
eurlex,32011R0204,http://data.europa.eu/eli/reg/2011/204/art_13/oj,fact_pattern,validation,0.61,True,0.55,True,0.55,31.0,29.0,False,FP,1,False,False,"[""q_e7edb90291204551f547a6de""]","[""A company located in a Member State holds accounts frozen under the Libya restrictive measures and is subject to a verification of information by the competent authority. What must it do?""]","[""supply immediately any information which would facilitate compliance with this Regulation, such as accounts and amounts frozen in accordance with Article 4, to the competent authority in the Member State where they are resident or located, as indicated on the websites listed in Annex IV, and shall transmit such information, either directly or through the Member States, to the Commission; and (b) cooperate with that competent authority in any verification of this information.""]","[""clear""]","[{""faithfulness_reason"": ""The candidate directly resolves the hypothetical inquiry using the obligations set out in Article 13(1)(a) and (b). The extracted span accurately captures both duties (immediate information supply and cooperation in verifications). Numerical fidelity not applicable; 4 is a compatibility value."", ""quality_reason"": ""situation: The scenario sets up an entity holding frozen assets subject to authority verification, but the broad final ask ('What must it do?') functions as an open call for statutory duties rather than a tightly integrated concrete action choice.\nregime_fixing: The regime context ('Libya restrictive measures') and actor setting ('company located in a Member State') clearly anchor the relevant sanctions framework without using prohibited legal citations.\nterminology_and_distance: The phrase 'is subject to a verification of information by the competent authority' closely mirrors the text of point (b) ('cooperate with that competent authority in any verification of this information'), creating noticeable source scaffolding overlap.\nfocus: The open-ended question 'What must it do?' results in a broad answer boundary spanning both distinct limbs of Article 13(1).\nlinguistic_quality: The question is formulated in clear, natural, and grammatically correct English."", ""audit_reason"": ""No problems reported.""}]"
eurlex,32011R0204,http://data.europa.eu/eli/reg/2011/204/art_13/oj,lookup,validation,0.61,True,0.55,True,0.55,31.0,32.0,True,TP,3,False,True,"[""q_5deafa2b9f53aee27b02d00e"", ""q_853b2ee92646d9635fd81e60""]","[""Subject to applicable reporting, confidentiality and professional secrecy rules, what must natural and legal persons, entities and bodies do immediately with information facilitating compliance with the EU restrictive measures concerning the situation in Libya?"", ""For what purposes may information provided or received under the EU restrictive measures concerning the situation in Libya be used?""]","[""supply immediately any information which would facilitate compliance with this Regulation, such as accounts and amounts frozen in accordance with Article 4, to the competent authority in the Member State where they are resident or located, as indicated on the websites listed in Annex IV, and shall transmit such information, either directly or through the Member States, to the Commission"", ""only for the purposes for which it was provided or received""]","[""clear"", ""clear""]","[{""faithfulness_reason"": ""The candidate directly answers the question regarding immediate compliance reporting duties using a verbatim continuous extract from Article 13(1)(a). Citation references (Article 4 and Annex IV) within the text are preserved accurately."", ""quality_reason"": ""practitioner_realism: Reflects a genuine sanctions compliance lookup regarding reporting obligations to national competent authorities and the Commission.\nanchoring: Correctly anchors to the EU restrictive measures concerning the situation in Libya without relying on forbidden locators.\ninformativeness: The extracted span fully resolves the obligation, including the relevant recipients and transmission channels.\nfocus: Maintains a single clear informational objective regarding the required handling of compliance information.\nlinguistic_quality: Clear, grammatically correct, and legally precise phrasing throughout both renderings."", ""audit_reason"": ""No problems reported.""}, {""faithfulness_reason"": ""Numerical fidelity not applicable; 4 is a compatibility value. The response cleanly isolates the restrictive purpose clause of Article 13(2), answering the question completely and concisely."", ""quality_reason"": ""practitioner_realism: Represents a practical compliance query regarding purpose limitation for sensitive information gathered under sanctions regulations.\nanchoring: Properly identifies the substantive regime without borrowing target locators.\ninformativeness: Directly provides the exact purpose limitation rule set out in Article 13(2).\nfocus: Strictly focused on the allowable purposes for using provided or received information.\nlinguistic_quality: Concise, idiomatic, and legally accurate formulation."", ""audit_reason"": ""No problems reported.""}]"
eurlex,32011R0204,http://data.europa.eu/eli/reg/2011/204/art_13/oj,conceptual,validation,0.58,True,0.55,True,0.55,31.0,32.0,True,TP,2,False,True,"[""q_e870bd2a359c81cafae7db1f""]","[""What use restriction applies to information provided or received under the EU restrictive measures concerning the situation in Libya?""]","[""Any information provided or received in accordance with this Article shall be used only for the purposes for which it was provided or received.""]","[""clear""]","[{""faithfulness_reason"": ""The answer accurately reproduces the complete and exact text of Article 13(2) defining the specific purpose limitation. Numerical fidelity not applicable; 4 is a compatibility value."", ""quality_reason"": ""search_realism: Reflects a genuine compliance need concerning the legal constraints and purpose limitation on information shared under sanctions procedures.\nanchoring_and_time: Appropriately frames the regime as EU restrictive measures concerning Libya without relying on target citations.\nconsequence: Directly provides the exact purpose limitation safeguard set out in Article 13(2).\nlexical_distance: Frames the obligation naturally using the concept of 'use restriction' rather than copying the source syntax.\nlinguistic_quality: Fluent, concise, and immediately interpretable English."", ""audit_reason"": ""No problems reported.""}]"
eurlex,32011R0204,http://data.europa.eu/eli/reg/2011/204/art_13/oj,comparison,validation,0.22,False,0.55,False,0.55,31.0,32.0,True,FN,1,False,False,"[""q_40c5c62e65ad6e52daf9ee5f""]","[""Under EU restrictive measures concerning Libya, how does the required communication of information to a competent authority in a Member State compare with its transmission to the Commission?""]","[""supply immediately any information which would facilitate compliance with this Regulation, such as accounts and amounts frozen in accordance with Article 4, to the competent authority in the Member State where they are resident or located, as indicated on the websites listed in Annex IV, and shall transmit such information, either directly or through the Member States, to the Commission""]","[""repair""]","[{""faithfulness_reason"": ""The answer quotes Article 13(1)(a) verbatim, establishing both sides of the comparison: immediate supply to the national competent authority versus transmission directly or through Member States to the Commission. Numerical fidelity not applicable; 4 is a compatibility value."", ""quality_reason"": ""search_realism: Presents a realistic legal compliance query regarding the differing reporting pathways/mechanisms under EU sanctions regulations.\nanchoring_and_time: Properly anchored using the substantive regime context ('EU restrictive measures concerning Libya') without relying on prohibited formal citations or article locators.\nconsequence: The selected continuous span directly resolves the comparative unknown by showing the immediate supply to the national authority versus transmission directly or via Member States to the Commission.\nlexical_distance: Naturally reformulates the legal obligation into a comparative inquiry while keeping essential statutory terms intact.\nlinguistic_quality: Grammatically sound, clear, and idiomatic legal phrasing."", ""audit_reason"": ""metadata: comparison_entities[0] ('the competent authority in the Member State where they are resident or located') is copied from the source text and does not appear as an exact substring in the question ('a competent authority in a Member State').""}]"
eurlex,32011R0204,http://data.europa.eu/eli/reg/2011/204/art_13/oj,claim_verification,validation,0.55,True,0.55,True,0.55,31.0,32.0,True,TP,1,False,True,"[""q_c60011cc4ddd4f163b1e66b9""]","[""Is it true that information provided or received under the Libya restrictive-measures Regulation may be used for any purpose?""]","[""Any information provided or received in accordance with this Article shall be used only for the purposes for which it was provided or received.""]","[""clear""]","[{""faithfulness_reason"": ""The claim that information may be used for any purpose is directly contradicted by Article 13(2), which restricts use solely to the purposes for which the information was provided or received. The extracted sentence is exact and concise. Numerical fidelity not applicable; 4 is a compatibility value."", ""quality_reason"": ""search_realism: Presents a realistic compliance checking scenario regarding whether information obtained under the sanctions framework is subject to a purpose limitation or may be used freely.\nanchoring_and_time: Properly anchors to the Libya restrictive-measures regime using permitted substantive terminology without citing formal act numbers or locators.\nconsequence: The selected span directly and unambiguously contradicts the claim by stating that information must be used only for the purposes for which it was provided or received.\nlexical_distance: Naturally reframes the strict purpose limitation ('shall be used only for the purposes for which it was provided or received') into an open-ended proposition ('may be used for any purpose').\nlinguistic_quality: Grammatically sound, precise, and natural legal English."", ""audit_reason"": ""No problems reported.""}]"
eurlex,32011R0204,http://data.europa.eu/eli/reg/2011/204/art_13/oj,source_finding,validation,0.43,False,0.55,False,0.55,31.0,31.0,False,TN,1,False,False,"[""q_eb150308c5d7cf7d7ac93434""]","[""Which EU provision requires natural and legal persons, entities and bodies subject to the restrictive measures concerning the situation in Libya to immediately supply information facilitating compliance and cooperate with verification by the competent authority?""]","[""Article 13 — Council Regulation (EU) No 204/2011""]","[""clear""]","[{""faithfulness_reason"": ""The question's clue is fully established by Article 13(1) of Council Regulation (EU) No 204/2011, and the source identity matches the target article. The evidence span accurately extracts paragraph 1 containing points (a) and (b) without extraneous material, and all citational designations are accurately maintained."", ""quality_reason"": ""search_realism: Presents a realistic, well-motivated compliance research query seeking the specific legal basis for reporting and cooperation obligations under EU sanctions.\nanchoring_and_time: Effectively anchors the query to the Libya restrictive measures regime and the specific duty without disclosing the formal act number or locator.\nconsequence: The provided identifier, article reference, and supporting evidence directly and completely resolve the target provision.\nlexical_distance: While grammatically restructured into an inquiry, the clue retains several consecutive phrasing clusters directly from the source ('natural and legal persons, entities and bodies', 'immediately supply information facilitating compliance', 'cooperate with ... verification').\nlinguistic_quality: The query is fluent, grammatically flawless, and phrased in natural legal English."", ""audit_reason"": ""No problems reported.""}]"
eurlex,32011R0349,http://data.europa.eu/eli/reg/2011/349/art_1/oj,fact_pattern,development,0.44,False,0.55,False,0.55,31.0,29.0,False,TN,3,False,False,"[""q_2982a272b09e421795b0ebe8"", ""q_4e82997c00de2e80e19ffd25"", ""q_af38794f1a582eff8f73b9bb""]","[""A national statistics authority is recording an accident in which the victim died 11 months later. What is a “fatal accident” under the EU accident-at-work statistics rules?"", ""A private employer is classifying a road crash that occurred while an employee travelled between home and the workplace for EU accident-at-work statistics. What does “accident at work” mean?"", ""An employer is completing an EU accident-at-work statistics file for a victim who was unfit for work for 12 calendar days because of the accident. What do “days lost” mean?""]","[""‘a fatal accident’ means an accident which leads to the death of a victim within 1 year of the accident"", ""‘accident at work’ means a discrete occurrence in the course of work which leads to physical or mental harm. The phrase ‘in the course of work’ means whilst engaged in an occupational activity or during the time spent at work. This includes road traffic accidents that occur in the course of work but excludes commuting accidents, i.e. road accidents that occur during the journey between home and the workplace"", ""‘days lost’ means the number of calendar days during which the victim is unfit for work as a result of an accident at work""]","[""blocking"", ""blocking"", ""blocking""]","[{""faithfulness_reason"": ""Article 1(b) directly defines 'a fatal accident' with the 1-year temporal threshold relevant to the hypothetical scenario. The span is continuous and fully resolves the prompt. The temporal limit of 1 year is reproduced accurately."", ""quality_reason"": ""situation: The candidate matches the explicit negative example in the rubric: setting up a victim who died 11 months later, but then asking for the general definition of 'fatal accident' rather than applying the threshold to the facts. Capped at 2.\nregime_fixing: Fixes the legal setting to national statistical recording under EU accident-at-work statistics rules.\nterminology_and_distance: Constructs an 11-month scenario against the 1-year rule, but ends with a generic abstract definitional query.\nfocus: Presents a tightly focused query asking for a single statutory term.\nlinguistic_quality: Fluent, idiomatic, and grammatically correct."", ""audit_reason"": ""mode: The specific fact (victim died 11 months later) is decorative because the question asks for the abstract general definition of 'fatal accident' instead of resolving the classification of the incident.""}, {""faithfulness_reason"": ""The definition of 'accident at work' in Article 1(a) directly addresses the scenario by defining the general concept and explicitly excluding commuting accidents between home and the workplace. The span is exact and concise. Numerical fidelity not applicable; 4 is a compatibility value."", ""quality_reason"": ""situation: The question constructs a concrete scenario (an employee travelling between home and the workplace), but abandons it in the final ask, which reverts to an unchanged general definition lookup ('What does “accident at work” mean?'). Under the fact_pattern contract, this caps situation at 2.\nregime_fixing: Specifies a private employer classifying incidents for EU accident-at-work statistics, adequately anchoring the legal domain without naming the specific regulation.\nterminology_and_distance: Lifts the phrasing 'journey between home and the workplace' almost verbatim into the scenario and ends in a standard definitional prompt.\nfocus: Maintains a single, well-bounded informational objective targeting the definition of an accident at work.\nlinguistic_quality: Grammatically sound, natural, and clear English prose."", ""audit_reason"": ""mode: The candidate introduces a factual scenario but concludes with an unchanged general definition lookup ('What does “accident at work” mean?'), failing the final-ask application requirement for fact_pattern.""}, {""faithfulness_reason"": ""Article 1(i) fully supports the definition of 'days lost' as calendar days of unfitness resulting from an accident at work. The span is exact and concise without superfluous text. Numerical fidelity not applicable; 4 is a compatibility value."", ""quality_reason"": ""situation: Directly exhibits the contrast example in the rubric: specifying 12 calendar days of incapacity, but concluding with an abstract definitional lookup ('What do “days lost” mean?'), leaving the fact unused. Capped at 2.\nregime_fixing: Properly identifies an employer completing an EU accident-at-work statistics file.\nterminology_and_distance: Borrows 'calendar days' and 'unfit for work' directly from the definition to build the scenario, followed by a verbatim term inquiry.\nfocus: Clear, single-intent definitional request.\nlinguistic_quality: Natural, polished, and free of grammatical defects."", ""audit_reason"": ""mode: The factual detail of 12 calendar days is purely ornamental; the question ends in an unchanged general definition request ('What do “days lost” mean?') rather than an applied classification.""}]"
eurlex,32011R0349,http://data.europa.eu/eli/reg/2011/349/art_1/oj,lookup,development,0.52,False,0.55,False,0.55,31.0,32.0,True,FN,3,False,True,"[""q_e591c7e96caaca0344779405"", ""q_d2068e2e81406c65b661b344""]","[""For statistics on accidents at work, what is a fatal accident?"", ""For statistics on accidents at work, what do days lost mean?""]","[""an accident which leads to the death of a victim within 1 year of the accident"", ""the number of calendar days during which the victim is unfit for work as a result of an accident at work""]","[""clear"", ""clear""]","[{""faithfulness_reason"": ""The definition of 'fatal accident' is directly and faithfully extracted from Article 1(b). The span is complete and concise, and the '1 year' timeframe is preserved accurately."", ""quality_reason"": ""practitioner_realism: Presents a direct, realistic professional lookup question concerning statistical reporting criteria for workplace fatalities.\nanchoring: The base query clearly anchors the subject matter to the regime of statistics on accidents at work without using prohibited formal citations.\ninformativeness: Directly resolves the unknown with the exact substantive legal definition and the key qualification ('within 1 year of the accident').\nfocus: Maintains a single, sharp informational goal asking for the definition of the specific term.\nlinguistic_quality: Natural, grammatically correct, and standard legal English formulation."", ""audit_reason"": ""No problems reported.""}, {""faithfulness_reason"": ""The definition of 'days lost' is fully grounded in Article 1(i), accurately quoting the exact continuous definitional text without extraneous content. Numerical fidelity compatibility value applies."", ""quality_reason"": ""practitioner_realism: Reflects a practical compliance and statistical reporting inquiry regarding the calculation of lost workdays.\nanchoring: Sufficiently contextualizes the definition within statistics on accidents at work without premature reliance on legal citations.\ninformativeness: Extracts the exact statutory definition, clarifying that calendar days (rather than working days) are counted.\nfocus: Completely focused on a single definitional term.\nlinguistic_quality: Clear, fluent, and conventional phrasing."", ""audit_reason"": ""No problems reported.""}]"
eurlex,32011R0349,http://data.europa.eu/eli/reg/2011/349/art_1/oj,conceptual,development,0.28,False,0.55,False,0.55,31.0,29.0,False,TN,1,False,False,"[""q_0fce362c477a89a04da34a05""]","[""How does the EU framework for statistics on accidents at work distinguish accidents occurring in the course of work from commuting accidents?""]","[""‘accident at work’ means a discrete occurrence in the course of work which leads to physical or mental harm. The phrase ‘in the course of work’ means whilst engaged in an occupational activity or during the time spent at work. This includes road traffic accidents that occur in the course of work but excludes commuting accidents, i.e. road accidents that occur during the journey between home and the workplace;""]","[""blocking""]","[{""faithfulness_reason"": ""The answer quotes Article 1(a) verbatim, fully resolving the distinction between accidents occurring in the course of work and commuting accidents. The introductory definition of accident at work is harmless context that does not impair precision. Numerical fidelity not applicable; 4 is a compatibility value."", ""quality_reason"": ""search_realism: The query asks how the legal framework distinguishes between two categories ('distinguish accidents occurring in the course of work from commuting accidents'), which is an actual two-sided distinction belonging to comparison mode rather than a conceptual situation or mechanism, and addresses an isolated definition from Article 1(a); capped at 2 under the mode contract.\nanchoring_and_time: Effectively anchors the substantive regime ('EU framework for statistics on accidents at work') without relying on prohibited formal identifiers or article numbers.\nconsequence: The quoted passage resolves the distinction by specifying that 'in the course of work' covers occupational activity or time spent at work (including road traffic accidents then) while explicitly excluding commuting accidents between home and work, though the opening definition sentence is slight extraneous prefix text.\nlexical_distance: Adequately framed into a comparative question, but retains the core descriptive clusters from the definition ('in the course of work', 'commuting accidents', 'statistics on accidents at work').\nlinguistic_quality: Grammatically correct, natural, and clearly formulated English prose."", ""audit_reason"": ""mode: The question asks for an actual two-sided distinction ('distinguish accidents occurring in the course of work from commuting accidents') and targets an isolated definition from Article 1(a), violating the conceptual mode contract which excludes isolated definition lookups and assigns actual two-sided distinctions to comparison mode.""}]"
eurlex,32011R0349,http://data.europa.eu/eli/reg/2011/349/art_1/oj,comparison,development,0.29,False,0.55,False,0.55,31.0,32.0,True,FN,1,False,False,"[""q_fcd70ac962ed9f7c2db85c03""]","[""Under EU statistics rules on accidents at work, how do the definitions of an accident at work and a fatal accident differ in the harm required?""]","[""‘accident at work’ means a discrete occurrence in the course of work which leads to physical or mental harm. The phrase ‘in the course of work’ means whilst engaged in an occupational activity or during the time spent at work. This includes road traffic accidents that occur in the course of work but excludes commuting accidents, i.e. road accidents that occur during the journey between home and the workplace;\n\n‘a fatal accident’ means an accident which leads to the death of a victim within 1 year of the accident;""]","[""review""]","[{""faithfulness_reason"": ""The candidate accurately establishes the comparison between an accident at work (physical or mental harm) and a fatal accident (death within 1 year) using adjacent points (a) and (b) of Article 1. The intervening text in point (a) cannot be removed under the single continuous span rule, and the temporal figure '1 year' is accurately preserved."", ""quality_reason"": ""search_realism: A realistic practitioner query comparing two related statistical definitions under the same regime.\nanchoring_and_time: The regime context 'EU statistics rules on accidents at work' properly identifies the subject matter without using prohibited formal locators.\nconsequence: The continuous extract fully covers the definitions of both terms, directly answering what harm is required for an accident at work (physical or mental harm) versus a fatal accident (death within 1 year).\nlexical_distance: The question effectively reformulates the inquiry around 'the harm required' rather than copying phrasing from the introductory clause.\nlinguistic_quality: Clear, concise, and grammatically standard English."", ""audit_reason"": ""metadata: Structural paragraph markers '(a)' and '(b)' were omitted from the extracted text without an explicit representation normalization declaration, though all substantive text is continuous and intact.""}]"
eurlex,32011R0349,http://data.europa.eu/eli/reg/2011/349/art_1/oj,claim_verification,development,0.48,False,0.55,False,0.55,31.0,32.0,True,FN,1,False,True,"[""q_9526aab05a025b5b07a3398d""]","[""Under the EU rules on statistics on accidents at work, is it true that the definition of an ‘accident at work’ includes road accidents during the journey between home and the workplace?""]","[""This includes road traffic accidents that occur in the course of work but excludes commuting accidents, i.e. road accidents that occur during the journey between home and the workplace;""]","[""clear""]","[{""faithfulness_reason"": ""The claim that accidents at work include road accidents during commuting between home and the workplace is directly and explicitly contradicted by Article 1(a). The extracted span precisely covers the rule establishing this exclusion. Numerical fidelity not applicable; 4 is a compatibility value."", ""quality_reason"": ""search_realism: Reflects a practical and common statistical compliance query regarding whether commuting accidents qualify under the EU definition of an accident at work.\nanchoring_and_time: Properly anchored using the substantive domain description ('EU rules on statistics on accidents at work') without relying on prohibited formal citations or act numbers.\nconsequence: The provided extract directly and unequivocally refutes the proposition by stating that commuting accidents (journey between home and work) are expressly excluded.\nlexical_distance: Integrates the key statutory terms smoothly into a natural claim verification framing without unnecessary copying of introductory statutory scaffolding.\nlinguistic_quality: Grammatically sound, precise, and idiomatic phrasing."", ""audit_reason"": ""No problems reported.""}]"
eurlex,32011R0349,http://data.europa.eu/eli/reg/2011/349/art_1/oj,source_finding,development,0.39,False,0.55,False,0.55,31.0,32.0,True,FN,1,False,True,"[""q_c678efe22cd91bb7806c492c""]","[""Which EU provision implementing statistics on accidents at work defines a fatal accident as an accident leading to the victim’s death within one year?""]","[""Article 1 — Regulation (EU) No 349/2011""]","[""clear""]","[{""faithfulness_reason"": ""The target identity (Regulation (EU) No 349/2011, Article 1) and every substantive element of the clue are fully supported by the verbatim target body evidence span. The span is cleanly delimited to point (b), and the numerical value ('1 year') and act identifiers are accurately reproduced."", ""quality_reason"": ""search_realism: Presents a realistic legal research inquiry seeking the specific regulatory provision that establishes the definition and 1-year threshold for fatal accidents in EU work-accident statistics.\nanchoring_and_time: Effectively anchors to the domain of statistics on accidents at work and incorporates the substantive definition of a fatal accident without revealing prohibited formal locators.\nconsequence: The submitted metadata identifier, article locator, and supporting body evidence directly and completely resolve the target provision.\nlexical_distance: Natural paraphrasing of the statutory text ('leading to the victim’s death within one year' vs 'which leads to the death of a victim within 1 year of the accident') while maintaining necessary legal terms.\nlinguistic_quality: Grammatically sound, concise, and fluent query formulation adhering to standard English legal phrasing."", ""audit_reason"": ""No problems reported.""}]"
eurlex,32013R0575,http://data.europa.eu/eli/reg/2013/575/art_435/oj,fact_pattern,validation,0.53,False,0.55,False,0.55,31.0,29.0,False,TN,1,False,False,"[""q_fe767596f1a1deea57cfe901""]","[""An institution is preparing a risk-management disclosure, and its management body approves a declaration on the adequacy of its risk-management arrangements. What assurance must that declaration provide?""]","[""a declaration approved by the management body on the adequacy of risk management arrangements of the institution providing assurance that the risk management systems put in place are adequate with regard to the institution's profile and strategy""]","[""clear""]","[{""faithfulness_reason"": ""The answer directly and faithfully quotes Article 435(1)(e) of Regulation (EU) No 575/2013 to establish what assurance the declaration approved by the management body must provide. The continuous span accurately captures the required provision without extraneous text. Numerical fidelity not applicable; 4 is a compatibility value."", ""quality_reason"": ""situation: The scenario creates a serviceable compliance task (preparing risk-management disclosures), but it essentially splits the statutory clause into a factual premise and a request for the remaining statutory wording rather than constructing an independent fact pattern.\nregime_fixing: The actor is identified only as 'An institution', which is broad across EU regulatory regimes; the risk-management disclosure context anchors the general prudential domain, but sector-specific context remains somewhat thin.\nterminology_and_distance: The query closely tracks the syntactic structure and phrasing of Article 435(1)(e) ('declaration approved by the management body on the adequacy of risk management arrangements... providing assurance'), resulting in noticeable reliance on source scaffolding.\nfocus: Maintains a single, clearly bounded inquiry directed specifically at the required assurance content of the declaration.\nlinguistic_quality: Grammatically sound, natural, and fluent English phrasing throughout."", ""audit_reason"": ""No problems reported.""}]"
eurlex,32013R0575,http://data.europa.eu/eli/reg/2013/575/art_435/oj,lookup,validation,0.63,True,0.55,True,0.55,31.0,32.0,True,TP,2,False,True,"[""q_8c6c4ad1b4a1239e02e7c113"", ""q_c52cffbb0f2f0a26b2dc4d47""]","[""What assurance must an institution’s management-body-approved declaration provide about its risk management arrangements?"", ""How frequently must institutions update disclosures regarding governance arrangements?""]","[""that the risk management systems put in place are adequate with regard to the institution's profile and strategy"", ""regular, at least annual updates""]","[""clear"", ""clear""]","[{""faithfulness_reason"": ""The answer is fully grounded in Article 435(1)(e), which explicitly specifies that the declaration must provide assurance that the risk management systems put in place are adequate with regard to the institution's profile and strategy. Precision is concise and directly answers the question. Numerical fidelity not applicable; 4 is a compatibility value."", ""quality_reason"": ""practitioner_realism: Reflects a genuine prudential disclosure inquiry by a compliance officer or legal counsel regarding required statements in an institution's risk management disclosures.\nanchoring: The query grounds the context effectively in the institutional management body's declaration on risk management arrangements without premature reliance on locators.\ninformativeness: Directly targets and extracts the specific substantive assurance required under Article 435(1)(e).\nfocus: Maintains a single, sharp informational goal with unambiguous scope.\nlinguistic_quality: Grammatically sound, natural legal English phrasing matching professional terminology."", ""audit_reason"": ""No problems reported.""}, {""faithfulness_reason"": ""The answer accurately reflects Article 435(2), which requires institutions to disclose governance information including regular, at least annual updates. The span is well-delimited and the annual frequency requirement is preserved."", ""quality_reason"": ""practitioner_realism: Presents a realistic regulatory reporting query regarding update cadence for governance disclosures under EU banking regulation.\nanchoring: Adequately framed around institutional disclosures regarding governance arrangements.\ninformativeness: Accurately extracts the exact frequency standard ('regular, at least annual updates') from Article 435(2).\nfocus: Clear single inquiry asking exclusively for the update frequency.\nlinguistic_quality: Clean, concise, and idiomatically natural phrasing."", ""audit_reason"": ""No problems reported.""}]"
eurlex,32013R0575,http://data.europa.eu/eli/reg/2013/575/art_435/oj,conceptual,validation,0.57,True,0.55,True,0.55,31.0,32.0,True,TP,1,False,True,"[""q_123a50344832765ef3f079e7""]","[""What management-body-approved assurances and risk-profile information must institutions include in their risk management disclosures?""]","[""(e) a declaration approved by the management body on the adequacy of risk management arrangements of the institution providing assurance that the risk management systems put in place are adequate with regard to the institution's profile and strategy;\n\n(f) a concise risk statement approved by the management body succinctly describing the institution's overall risk profile associated with the business strategy. This statement shall include key ratios and figures providing external stakeholders with a comprehensive view of the institution's management of risk, including how the risk profile of the institution interacts with the risk tolerance set by the management body.""]","[""clear""]","[{""faithfulness_reason"": ""The question specifically asks for the management-body-approved items under risk management disclosures, and the extracted contiguous span of points (e) and (f) of Article 435(1) completely and accurately answers it without unnecessary text. Numerical fidelity not applicable; 4 is a compatibility value."", ""quality_reason"": ""search_realism: The query reflects a realistic regulatory reporting and compliance inquiry regarding the specific governance-level sign-offs and risk statements required from an institution's management body.\nanchoring_and_time: Establishes sufficient substantive context through the subject-matter terms ('institutions', 'risk management disclosures', 'management-body-approved assurances') without relying on prohibited locators or act citations.\nconsequence: The continuous text span of points (e) and (f) fully and directly resolves the inquiry by providing both the adequacy declaration and the concise risk statement.\nlexical_distance: Synthesizes the specific legal phrasing ('declaration approved by the management body ... providing assurance' and 'concise risk statement approved by the management body ... describing the institution's overall risk profile') into a concise compound query phrase.\nlinguistic_quality: Clear, grammatically sound, and professional legal-regulatory English phrasing."", ""audit_reason"": ""No problems reported.""}]"
eurlex,32013R0575,http://data.europa.eu/eli/reg/2013/575/art_435/oj,comparison,validation,0.21,False,0.55,False,0.55,31.0,32.0,True,FN,1,False,True,"[""q_a77240b7fba0a71ffa88a558""]","[""Under EU prudential disclosure rules for institutions, what governance-arrangement information must be disclosed about management-body diversity compared with the risk committee?""]","[""(c)\nthe policy on diversity with regard to selection of members of the management body, its objectives and any relevant targets set out in that policy, and the extent to which these objectives and targets have been achieved;\n\n(d)\nwhether or not the institution has set up a separate risk committee and the number of times the risk committee has met;""]","[""clear""]","[{""faithfulness_reason"": ""The question asks for the required governance-arrangement disclosures concerning management-body diversity compared to the risk committee, which are directly established by Article 435(2)(c) and (d). The answer provides a clean contiguous span containing precisely both required elements without irrelevant points. Numerical fidelity not applicable; 4 is a compatibility value."", ""quality_reason"": ""search_realism: The query reflects a practical compliance question comparing the specific disclosure items required for two distinct governance areas under institutional disclosure rules.\nanchoring_and_time: The regime is clearly anchored via 'EU prudential disclosure rules for institutions' and 'governance-arrangement information' without relying on forbidden article or act locators.\nconsequence: The continuous extract from Article 435(2) fully answers the comparative disclosure requirements for both diversity in the management body and the risk committee.\nlexical_distance: The question naturally synthesizes the comparative frame and integrates terms from the legal text without copying excessive structural scaffolding.\nlinguistic_quality: The phrasing is grammatically sound, clear, and professionally drafted in standard legal English."", ""audit_reason"": ""No problems reported.""}]"
eurlex,32013R0575,http://data.europa.eu/eli/reg/2013/575/art_435/oj,claim_verification,validation,0.59,True,0.55,True,0.55,31.0,31.0,False,FP,1,False,False,"[""q_d9885f0ee21d3c08c35bd98a""]","[""Do EU prudential disclosure rules require institutions to provide regular, at least annual updates on specified governance arrangements?""]","[""Institutions shall disclose the following information, including regular, at least annual updates, regarding governance arrangements:""]","[""clear""]","[{""faithfulness_reason"": ""The claim is accurately identified as supported by Article 435(2) of Regulation (EU) No 575/2013. The selected span directly addresses the update frequency requirement for governance arrangements without extraneous text, and the temporal qualification ('at least annual') is faithfully retained."", ""quality_reason"": ""search_realism: Reflects a genuine compliance checking query verifying periodic disclosure frequency for institutional governance arrangements under EU prudential rules.\nanchoring_and_time: Properly anchors the legal area using 'EU prudential disclosure rules' without leaning on formal document numbers, citations, or article locators.\nconsequence: The selected introductory text of paragraph 2 directly and cleanly confirms that institutions must provide regular, at least annual updates regarding the listed governance arrangements.\nlexical_distance: The query adapts the modal obligation ('Institutions shall disclose' to 'require institutions to provide'), but copies the core phrasing 'regular, at least annual updates' and 'governance arrangements' closely from the source.\nlinguistic_quality: Grammatically sound, concise, and professional legal English phrasing with clear interrogative syntax."", ""audit_reason"": ""No problems reported.""}]"
eurlex,32013R0575,http://data.europa.eu/eli/reg/2013/575/art_435/oj,source_finding,validation,0.47,False,0.55,False,0.55,31.0,32.0,True,FN,1,False,True,"[""q_4d8d61f3fc76909be7754f64""]","[""Which EU provision requires institutions to disclose, for each separate category of risk, their risk-management strategies and processes, organisational arrangements, reporting and measurement systems, and hedging and risk-mitigation policies?""]","[""Article 435 — Regulation (EU) No 575/2013""]","[""clear""]","[{""faithfulness_reason"": ""The clue accurately reflects the disclosure mandates of Article 435(1)(a)-(d) of Regulation (EU) No 575/2013, and the target source identity is correctly identified. The evidence span is continuous and cleanly bounded to the elements queried in the prompt, with all act identifiers and citations correctly preserved."", ""quality_reason"": ""search_realism: Presents a realistic, well-motivated regulatory compliance query seeking the origin of prudential Pillar 3 disclosure rules for institutions.\nanchoring_and_time: Successfully anchors the search to banking/prudential disclosures for separate categories of risk without leaking the act citation or article number.\nconsequence: The provided source identifier and specific article accurately and completely satisfy the query's substantive clue.\nlexical_distance: Competently synthesizes items (a) through (d) of Article 435(1) into a coherent, flowing query list rather than transcribing raw legislative boilerplate.\nlinguistic_quality: Clear, precise, and fully grammatical legal English phrasing."", ""audit_reason"": ""No problems reported.""}]"
eurlex,32014R0909,http://data.europa.eu/eli/reg/2014/909/art_43/oj,fact_pattern,development,0.62,True,0.55,True,0.55,31.0,32.0,True,TP,3,False,True,"[""q_0a3006eee54d82386d536a64""]","[""A CSD is designing rules, procedures and contracts for operations in several jurisdictions, including a situation in which a participant may default. What must the CSD ensure about those rules, procedures and contracts?""]","[""A CSD shall design its rules, procedures and contracts so that they are enforceable in all relevant jurisdictions, including in the case of the default of a participant.""]","[""clear""]","[{""faithfulness_reason"": ""The answer quotes Article 43(2) of Regulation (EU) No 909/2014 verbatim, accurately establishing the enforceability requirement across relevant jurisdictions. Numerical fidelity not applicable; 4 is a compatibility value."", ""quality_reason"": ""situation: Presents a realistic rule-drafting scenario for a CSD operating across jurisdictions with exposure to participant default, creating a genuine compliance question.\nregime_fixing: Accurately anchors the CSD cross-border regulatory context and default scenarios without using prohibited locators.\nterminology_and_distance: Natural rephrasing that keeps the outcome (cross-jurisdictional enforceability) entirely unknown.\nfocus: Single, well-bounded inquiry precisely targeting the enforceability requirement of Article 43(2).\nlinguistic_quality: Fluent, professional, and grammatically sound English."", ""audit_reason"": ""No problems reported.""}]"
eurlex,32014R0909,http://data.europa.eu/eli/reg/2014/909/art_43/oj,lookup,development,0.62,True,0.55,True,0.55,31.0,32.0,True,TP,3,False,True,"[""q_41e8463ea51b83277aeeaff5"", ""q_c053939e0a383507d6f93081""]","[""What must a central securities depository have for the authorisation and supervision of its activities and for informing its clients?"", ""What must a central securities depository do when conducting business in different jurisdictions to address potential conflicts of law?""]","[""rules, procedures, and contracts that are clear and understandable for all the securities settlement systems that it operates and all other services that it provides"", ""take all reasonable steps to identify and mitigate the risks arising from potential conflicts of law across jurisdictions""]","[""clear"", ""clear""]","[{""faithfulness_reason"": ""The answer directly and accurately quotes the statutory requirement from Article 43(1). Numerical fidelity not applicable; 4 is a compatibility value."", ""quality_reason"": ""practitioner_realism: Presents a direct, realistic compliance lookup regarding organizational rules and documentation required for CSD supervision and client disclosure.\nanchoring: The term 'central securities depository' combined with the supervision and client disclosure context sufficiently identifies the EU regulatory domain without relying on prohibited locators.\ninformativeness: The extracted span directly and completely resolves the query by detailing the required qualities of the rules, procedures, and contracts.\nfocus: Maintains a single, bounded legal query targeted at the requirements under Article 43(1).\nlinguistic_quality: Natural, clear, and grammatically standard English formulation."", ""audit_reason"": ""No problems reported.""}, {""faithfulness_reason"": ""The answer accurately captures the full obligation under Article 43(3) without unnecessary excess or omissions. Numerical fidelity not applicable; 4 is a compatibility value."", ""quality_reason"": ""practitioner_realism: A realistic cross-border regulatory lookup regarding the obligation of CSDs to mitigate multi-jurisdictional legal risk.\nanchoring: The query clearly anchors the subject matter through the actor ('central securities depository') and the specific operational context ('conducting business in different jurisdictions to address potential conflicts of law').\ninformativeness: The quoted span precisely supplies the duty of care ('take all reasonable steps to identify and mitigate the risks...').\nfocus: Strictly limited to a single statutory obligation under Article 43(3).\nlinguistic_quality: Well-constructed, precise legal phrasing with clean sentence structure."", ""audit_reason"": ""No problems reported.""}]"
eurlex,32014R0909,http://data.europa.eu/eli/reg/2014/909/art_43/oj,conceptual,development,0.59,True,0.55,True,0.55,31.0,31.0,False,FP,1,False,False,"[""q_9957b36698b8185301b99399""]","[""How must a central securities depository structure its rules, procedures and contracts to manage legal risks across jurisdictions?""]","[""For the purpose of its authorisation and supervision, as well as for the information of its clients, a CSD shall have rules, procedures, and contracts that are clear and understandable for all the securities settlement systems that it operates and all other services that it provides. A CSD shall design its rules, procedures and contracts so that they are enforceable in all relevant jurisdictions, including in the case of the default of a participant. A CSD conducting business in different jurisdictions shall take all reasonable steps to identify and mitigate the risks arising from potential conflicts of law across jurisdictions.""]","[""clear""]","[{""faithfulness_reason"": ""The answer is fully grounded in Article 43, but includes paragraph 1 as meaningful removable prefix excess when the question specifically asks about structuring rules, procedures, and contracts across jurisdictions, which is resolved by paragraph 2 (with paragraph 3 addressing conflict-of-law risks). Numerical fidelity not applicable; 4 is a compatibility value."", ""quality_reason"": ""search_realism: Presents a realistic, well-motivated compliance question regarding how central securities depositories must structure their contractual and procedural framework under cross-border legal risk rules.\nanchoring_and_time: Effectively anchors to central securities depositories and the governance of cross-border legal risk without relying on forbidden formal citations or locators.\nconsequence: The provided text directly and comprehensively answers the question by setting out the clarity, enforceability, and conflict-of-law mitigation duties across jurisdictions.\nlexical_distance: Synthesizes the heading ('Legal risks') and specific textual obligations ('design', 'clear and understandable', 'enforceable in all relevant jurisdictions') into a natural compliance inquiry ('structure its rules, procedures and contracts to manage legal risks across jurisdictions').\nlinguistic_quality: Fluent, precise, and professional English query with no grammatical or stylistic flaws."", ""audit_reason"": ""No problems reported.""}]"
eurlex,32014R0909,http://data.europa.eu/eli/reg/2014/909/art_43/oj,comparison,development,0.21,False,0.55,False,0.55,31.0,31.0,False,TN,1,False,False,"[""q_afd013da3ecfa86c7335e2dd""]","[""Under EU CSD legal-risk rules, must a CSD's rules, procedures and contracts be clear and understandable for both its securities settlement systems and its other services?""]","[""For the purpose of its authorisation and supervision, as well as for the information of its clients, a CSD shall have rules, procedures, and contracts that are clear and understandable for all the securities settlement systems that it operates and all other services that it provides.""]","[""repair""]","[{""faithfulness_reason"": ""The answer fully grounds the comparison between securities settlement systems operated by a CSD and its other services under Article 43(1). The extracted contiguous sentence is complete and concise. Numerical fidelity not applicable; 4 is a compatibility value."", ""quality_reason"": ""search_realism: Presents a realistic compliance inquiry verifying whether the statutory clarity requirement spans both core settlement systems and ancillary services.\nanchoring_and_time: Properly anchored to EU CSD legal-risk rules without leaking prohibited locators or formal citations.\nconsequence: The continuous quoted provision directly confirms that the obligation applies equally across both operational categories.\nlexical_distance: Adequately restructured into a comparative yes/no scope question, though it closely mirrors the source sentence structure and borrows 'rules, procedures and contracts' along with 'clear and understandable'.\nlinguistic_quality: Clear, grammatically correct, and natural legal English."", ""audit_reason"": ""metadata: The entries in comparison_entities ('all the securities settlement systems that it operates' and 'all other services that it provides') are extracted from the source text and are not exact verbatim substrings of the question, which instead uses 'its securities settlement systems' and 'its other services'.""}]"
eurlex,32014R0909,http://data.europa.eu/eli/reg/2014/909/art_43/oj,claim_verification,development,0.56,True,0.55,True,0.55,31.0,32.0,True,TP,1,False,True,"[""q_26ace3e88901e1969ed41449""]","[""Does the EU regulation on central securities depositories require a CSD operating in different jurisdictions to identify and mitigate risks arising from potential conflicts of law?""]","[""A CSD conducting business in different jurisdictions shall take all reasonable steps to identify and mitigate the risks arising from potential conflicts of law across jurisdictions.""]","[""clear""]","[{""faithfulness_reason"": ""The claim verification is supported by Article 43(3) of Regulation (EU) No 909/2014, and the answer extracts the exact governing sentence without extraneous text. Numerical fidelity not applicable; 4 is a compatibility value."", ""quality_reason"": ""search_realism: Reflects a realistic compliance inquiry verifying cross-border conflict of law duties for central securities depositories under the applicable EU regime.\nanchoring_and_time: Properly anchored via substantive domain terms ('EU regulation on central securities depositories', 'CSD operating in different jurisdictions') without relying on prohibited formal citations or locators.\nconsequence: The provided excerpt of Article 43(3) directly and definitively resolves the query by confirming the obligation to identify and mitigate cross-jurisdictional conflict of law risks.\nlexical_distance: Natural reformulation of the regulatory obligation ('operating in different jurisdictions' vs 'conducting business in different jurisdictions') while retaining necessary legal terms.\nlinguistic_quality: Grammatically sound, precise, and natural legal phrasing in English."", ""audit_reason"": ""No problems reported.""}]"
eurlex,32014R0909,http://data.europa.eu/eli/reg/2014/909/art_43/oj,source_finding,development,0.46,False,0.55,False,0.55,31.0,32.0,True,FN,1,False,True,"[""q_d8a1c7a1943cd50a8c3557a4""]","[""Which EU provision requires a central securities depository to maintain clear and understandable rules, procedures and contracts for its securities settlement systems and other services?""]","[""Article 43 — Regulation (EU) No 909/2014""]","[""clear""]","[{""faithfulness_reason"": ""The clue accurately reflects the requirement in Article 43(1) of Regulation (EU) No 909/2014. The evidence span contains the entire governing provision for this obligation, and the source identifiers and article reference are completely accurate."", ""quality_reason"": ""search_realism: Reflects a genuine regulatory compliance inquiry seeking the governing EU provision on CSD procedural and contractual transparency.\nanchoring_and_time: Clearly anchors to central securities depositories, EU law, and the operation of securities settlement systems without leaking prohibited locators.\nconsequence: The clue accurately matches paragraph 1 of the target article, correctly resolving the source identifier and article.\nlexical_distance: Rephrases the obligation naturally ('requires a central securities depository to maintain...') while preserving statutory terms of art.\nlinguistic_quality: Grammatically sound, clear, and idiomatic legal phrasing throughout."", ""audit_reason"": ""No problems reported.""}]"
eurlex,32012R0520,http://data.europa.eu/eli/reg_impl/2012/520/art_8/oj,fact_pattern,development,0.49,False,0.55,False,0.55,31.0,28.0,False,TN,1,False,False,"[""q_fee2eaee0149b11fb9b42a8d""]","[""A national competent authority's staff are involved in pharmacovigilance procedures and processes but do not take responsibility for the functioning of its quality system. What responsibility applies to those persons?""]","[""All persons involved in the procedures and processes of the quality systems established by the national competent authorities and the Agency for the performance of pharmacovigilance activities shall be responsible for the good functioning of those quality systems and shall ensure a systematic approach towards quality and towards the implementation and maintenance of the quality system.""]","[""blocking""]","[{""faithfulness_reason"": ""The answer directly and accurately resolves the question by quoting Article 8(5), establishing the statutory responsibilities governing staff involved in the quality system procedures of national competent authorities. The extracted text is concise, fully contiguous, and properly bounded. Numerical fidelity not applicable; 4 is a compatibility value."", ""quality_reason"": ""situation: The scenario operates as a case wrapper preceding an unchanged general obligation inquiry ('What responsibility applies to those persons?') rather than requiring an applied classification or concrete compliance determination.\nregime_fixing: Specifying a national competent authority's staff involved in pharmacovigilance procedures and processes adequately fixes the regulatory setting without citing the instrument.\nterminology_and_distance: Stipulating that staff 'do not take responsibility for the functioning of its quality system' substantially discloses the substantive statutory duty ('responsible for the good functioning of those quality systems') directly in the premise.\nfocus: The informational ask is singular, targeted, and clearly bounded to the legal responsibilities of the specified personnel.\nlinguistic_quality: The sentence structure and legal phrasing are grammatically sound, natural, and clear."", ""audit_reason"": ""mode: The question uses a narrative wrapper that ends in a general obligation lookup rather than an applied legal task, while simultaneously leaking the core obligation into the fact pattern.""}]"
eurlex,32012R0520,http://data.europa.eu/eli/reg_impl/2012/520/art_8/oj,lookup,development,0.59,True,0.55,True,0.55,31.0,32.0,True,TP,2,False,True,"[""q_3c903ecae8055507e15f83b9"", ""q_b916cfc6d6131ec657e7457e""]","[""What must marketing authorisation holders, national competent authorities and the Agency establish and use for their pharmacovigilance activities?"", ""What activities must form the basis of a quality system for pharmacovigilance activities?""]","[""a quality system that is adequate and effective for the performance of their pharmacovigilance activities"", ""quality planning: establishing structures and planning integrated and consistent processes;\n\n(b)\nquality adherence: carrying out tasks and responsibilities in accordance with quality requirements;\n\n(c)\nquality control and assurance: monitoring and evaluating how effectively the structures and processes have been established and how effectively the processes are being carried out;\n\n(d)\nquality improvements: correcting and improving the structures and processes where necessary.""]","[""clear"", ""clear""]","[{""faithfulness_reason"": ""The answer accurately extracts the obligation from Article 8(1) in a concise, continuous span. Numerical fidelity not applicable; 4 is a compatibility value."", ""quality_reason"": ""practitioner_realism: Presents a direct, realistic compliance lookup for marketing authorisation holders, national competent authorities, and the EMA regarding core organizational duties.\nanchoring: The base query establishes clear context by naming the three distinct institutional actors and the specific operational domain of pharmacovigilance activities without relying on forbidden citations.\ninformativeness: Directly resolves the unknown by extracting the mandatory requirement along with its statutory qualifiers ('adequate and effective').\nfocus: Maintains a single, sharp focus on what the specified actors are required to establish and use.\nlinguistic_quality: Natural, grammatically sound, and concise formulation following legal English conventions."", ""audit_reason"": ""No problems reported.""}, {""faithfulness_reason"": ""The answer provides the continuous text of points (a) through (d) from Article 8(3) listing the required activities. Numerical fidelity not applicable; 4 is a compatibility value."", ""quality_reason"": ""practitioner_realism: Reflects a genuine regulatory need to determine the essential functional components that must underpin a pharmacovigilance quality system.\nanchoring: Sufficiently grounds the inquiry within pharmacovigilance quality system requirements.\ninformativeness: Extracts the full list of mandatory activities (quality planning, adherence, control/assurance, and improvements) along with their statutory definitions.\nfocus: The scope is well defined, addressing exactly the four foundational activities enumerated in Article 8(3).\nlinguistic_quality: Clear, fluent, and directly posed inquiry."", ""audit_reason"": ""No problems reported.""}]"
eurlex,32012R0520,http://data.europa.eu/eli/reg_impl/2012/520/art_8/oj,conceptual,development,0.52,False,0.55,False,0.55,31.0,31.0,False,TN,1,False,False,"[""q_eee9d436b340dba694a1e15d""]","[""How are persons involved in the pharmacovigilance quality systems of national competent authorities and the Agency made responsible for maintaining those systems?""]","[""All persons involved in the procedures and processes of the quality systems established by the national competent authorities and the Agency for the performance of pharmacovigilance activities shall be responsible for the good functioning of those quality systems and shall ensure a systematic approach towards quality and towards the implementation and maintenance of the quality system.""]","[""clear""]","[{""faithfulness_reason"": ""The answer accurately quotes Article 8(5) of Regulation (EU) No 520/2012 to address the responsibility of personnel involved in the quality systems of national competent authorities and the Agency. Precision is concise and exact to paragraph 5. Numerical fidelity not applicable; 4 is a compatibility value."", ""quality_reason"": ""search_realism: The query reflects a serviceable search need regarding personnel duties within pharmacovigilance quality systems, though phrasing the direct statutory duty as 'how are persons ... made responsible' feels slightly constructed around the source sentence.\nanchoring_and_time: Solid contextual anchoring specifying pharmacovigilance quality systems, national competent authorities, and the Agency without relying on formal act numbers or locators.\nconsequence: The provided text from Article 8(5) directly answers what responsibilities and systematic approach obligations are imposed on individuals involved in these systems.\nlexical_distance: Effectively reorganizes and condenses the lengthy formulation in Article 8(5) into a concise query while preserving required institutional and domain terms.\nlinguistic_quality: Grammatically sound, clear, and idiomatic legal English."", ""audit_reason"": ""No problems reported.""}]"
eurlex,32012R0520,http://data.europa.eu/eli/reg_impl/2012/520/art_8/oj,comparison,development,0.26,False,0.55,False,0.55,31.0,30.0,False,TN,1,False,False,"[""q_19fc405e68509be088b0b96a""]","[""Under EU pharmacovigilance rules, must marketing authorisation holders and national competent authorities establish and use an adequate and effective quality system for their pharmacovigilance activities?""]","[""Marketing authorisation holders, the national competent authorities and the Agency shall establish and use a quality system that is adequate and effective for the performance of their pharmacovigilance activities.""]","[""clear""]","[{""faithfulness_reason"": ""The answer directly extracts Article 8(1), which fully establishes the shared obligation for both marketing authorisation holders and national competent authorities to establish and use an adequate and effective quality system. The text is accurate, concise, and complete. Numerical fidelity not applicable; 4 is a compatibility value."", ""quality_reason"": ""search_realism: The query investigates whether an operational requirement applies equally to both commercial and regulatory actors under EU pharmacovigilance rules. While valid as a shared-obligation inquiry, framing it as a direct verification of a near-verbatim regulatory clause makes it feel somewhat constructed around the source sentence rather than stemming from an independent compliance workflow.\nanchoring_and_time: Framing the question under 'EU pharmacovigilance rules' correctly establishes the substantive regime and actor scope without relying on prohibited act citations or locators.\nconsequence: The continuous quotation of Article 8(1) directly and completely resolves the shared obligation, confirming that both marketing authorisation holders and national competent authorities are subject to the requirement to establish and use an adequate and effective quality system.\nlexical_distance: The query condenses the source's relative clause ('a quality system that is adequate and effective for the performance of their pharmacovigilance activities' into 'an adequate and effective quality system for their pharmacovigilance activities'), but otherwise tracks the source predicate closely ('establish and use ... quality system ... pharmacovigilance activities').\nlinguistic_quality: Clear, grammatically sound, and idiomatic legal English with proper syntax and natural phrasing."", ""audit_reason"": ""No problems reported.""}]"
eurlex,32012R0520,http://data.europa.eu/eli/reg_impl/2012/520/art_8/oj,claim_verification,development,0.54,False,0.55,False,0.55,31.0,30.0,False,TN,1,False,False,"[""q_e83454534ba2a0f4b09a5575""]","[""Does EU pharmacovigilance law require marketing authorisation holders, the national competent authorities and the Agency to establish and use an adequate and effective quality system for their pharmacovigilance activities?""]","[""Marketing authorisation holders, the national competent authorities and the Agency shall establish and use a quality system that is adequate and effective for the performance of their pharmacovigilance activities.""]","[""clear""]","[{""faithfulness_reason"": ""The claim verification is fully supported by Article 8(1), which explicitly mandates that marketing authorisation holders, national competent authorities, and the Agency establish and use an adequate and effective quality system for pharmacovigilance activities. The extracted span is concise and exact. Numerical fidelity not applicable; 4 is a compatibility value."", ""quality_reason"": ""search_realism: The query represents an intelligible legal verification need, but it is noticeably constructed by wrapping Article 8(1) into an interrogative frame rather than expressing an independently motivated practitioner inquiry.\nanchoring_and_time: The domain is clearly identified as EU pharmacovigilance law, and the tripartite addressees (MAHs, NCAs, and the Agency) sufficiently anchor the substantive scope without relying on prohibited formal citations.\nconsequence: The provided text of Article 8(1) directly resolves the question and fully supports the asserted obligation across all named entities.\nlexical_distance: The question closely tracks the source wording of Article 8(1) ('establish and use a quality system that is adequate and effective for the performance of their pharmacovigilance activities') with minimal paraphrasing beyond the interrogative prefix.\nlinguistic_quality: The sentence is grammatically sound, clear, and adheres to standard legal English syntax."", ""audit_reason"": ""No problems reported.""}]"
eurlex,32012R0520,http://data.europa.eu/eli/reg_impl/2012/520/art_8/oj,source_finding,development,0.47,False,0.55,False,0.55,31.0,31.0,False,TN,1,False,False,"[""q_01e420c1fc5b470ba6c5e621""]","[""Which EU provision requires marketing authorisation holders, national competent authorities and the Agency to establish and use an adequate and effective quality system for pharmacovigilance activities?""]","[""Article 8 — Commission Implementing Regulation (EU) No 520/2012""]","[""clear""]","[{""faithfulness_reason"": ""The question and clue accurately reflect the obligation in Article 8(1) of Commission Implementing Regulation (EU) No 520/2012, the metadata identity correctly identifies the target act and article, and the selected continuous evidence span cleanly resolves the clue without omissions or excess."", ""quality_reason"": ""search_realism: Presents a realistic legal research inquiry seeking the primary legal basis for the pharmacovigilance quality system requirement across the three responsible entities.\nanchoring_and_time: The question incorporates all three regulated actors and the distinct subject matter of pharmacovigilance quality systems without relying on prohibited formal citations.\nconsequence: The provided source identifier and article precisely pinpoint the governing provision establishing the obligation described in the query.\nlexical_distance: The query applies an interrogative wrapper ('Which EU provision requires... to...') around a nearly verbatim reproduction of Article 8(1) phrasing ('establish and use an adequate and effective quality system for pharmacovigilance activities').\nlinguistic_quality: Grammatically correct, clear, and natural legal English."", ""audit_reason"": ""No problems reported.""}]"
eurlex,32014R1244,http://data.europa.eu/eli/reg_impl/2014/1244/art_24/oj,fact_pattern,development,0.68,True,0.55,True,0.55,31.0,30.0,False,FP,2,False,False,"[""q_c89b31e097925f8379574965""]","[""An EU Aid Volunteer has insurance coverage lasting longer than 12 weeks and needs follow-up medical treatment in their home country for an illness that occurred during the initial deployment coverage. How must the insurance coverage be extended?""]","[""it shall be extended for a further 8 weeks in the insured's home country to cover follow-up medical treatment for illnesses and injuries that occurred during the first period of coverage""]","[""clear""]","[{""faithfulness_reason"": ""The answer accurately cites Article 24(3) to address the extension conditions and duration. All premises, numbers (12 weeks, 8 weeks), and legal relations are correctly maintained."", ""quality_reason"": ""situation: The scenario sets up an application need for an extended coverage rule, but it mechanically feeds the exact statutory conditions verbatim (>12 weeks, follow-up treatment in home country) rather than presenting natural concrete operational facts.\nregime_fixing: The EU Aid Volunteer regime and post-deployment context are accurately established without citing the governing act.\nterminology_and_distance: Noticeable avoidable scaffolding copying: the question lifts almost all conditional phrases directly from paragraph 3, leaving only the 8-week duration as the unknown result.\nfocus: Maintains a single, bounded focus on the terms of the insurance extension.\nlinguistic_quality: Fluent, grammatically correct, and easily interpretable English prose."", ""audit_reason"": ""No problems reported.""}]"
eurlex,32014R1244,http://data.europa.eu/eli/reg_impl/2014/1244/art_24/oj,lookup,development,0.7,True,0.55,True,0.55,31.0,32.0,True,TP,2,False,True,"[""q_6cf4d74623b858766b4bbb0a"", ""q_15999a8872bc41ba5d9c98f1""]","[""What additional insurance coverage applies to an EU Aid Volunteer when coverage lasts longer than 12 weeks?"", ""During what period must worldwide, 24-hour insurance coverage protect EU Aid Volunteers?""]","[""For insurance coverage longer than 12 weeks, it shall be extended for a further 8 weeks in the insured's home country to cover follow-up medical treatment for illnesses and injuries that occurred during the first period of coverage."", ""The insurance coverage shall be worldwide, 24 hours a day. It shall start from the day the EU Aid Volunteer leaves home on the way to the third country of deployment until the day the EU Aid Volunteer leaves the third country of deployment on the way to, and arrives back at, their home (‘the first period of coverage’).""]","[""clear"", ""repair""]","[{""faithfulness_reason"": ""The answer quotes Article 24(3) verbatim, fully establishing the post-deployment extension condition, purpose, and duration. All temporal values (12 weeks, 8 weeks) are preserved in their exact legal roles."", ""quality_reason"": ""practitioner_realism: A realistic practitioner lookup regarding the supplemental post-deployment medical coverage triggered by deployments exceeding 12 weeks.\nanchoring: The query grounds the regime context clearly with 'EU Aid Volunteer' and the specific 12-week threshold without using prohibited locators.\ninformativeness: The submitted extract directly and completely answers what coverage applies (an 8-week extension in the home country for follow-up medical treatment).\nfocus: Maintains a single, sharp informational inquiry about the specific extension rules.\nlinguistic_quality: Clear, grammatically correct, and natural legal English."", ""audit_reason"": ""No problems reported.""}, {""faithfulness_reason"": ""The answer accurately provides the full definition of the first period of coverage from Article 24(2), directly answering the question. The temporal qualification '24 hours a day' is faithfully maintained."", ""quality_reason"": ""practitioner_realism: A straightforward professional query establishing the operational time window ('first period of coverage') of the mandatory volunteer insurance.\nanchoring: Identifies the core regime and actor ('EU Aid Volunteers') effectively without relying on formal legal citations.\ninformativeness: Directly provides the start and end milestones defining the coverage window.\nfocus: Singular and well-bounded inquiry into coverage duration.\nlinguistic_quality: Well-formulated, natural, and fluent question phrasing."", ""audit_reason"": ""metadata: The specified anchor 'worldwide, 24 hours a day' does not appear verbatim in either question rendering, which both read 'worldwide, 24-hour'.""}]"
eurlex,32014R1244,http://data.europa.eu/eli/reg_impl/2014/1244/art_24/oj,conceptual,development,0.64,True,0.55,True,0.55,31.0,32.0,True,TP,2,False,True,"[""q_92f8ba8a001468c0a5bef380"", ""q_083f5ca0e0515be4debac491""]","[""How is insurance protection for EU Aid Volunteers structured during deployment and after it?"", ""Which activities and risks must the EU Aid Volunteers insurance cover at 100% during the first period of coverage?""]","[""All EU Aid Volunteers shall be covered by a complete insurance policy specifically designed to protect them during the entire duration of their deployment in the third countries and relevant periods before and after.\n\nThe insurance coverage shall be worldwide, 24 hours a day. It shall start from the day the EU Aid Volunteer leaves home on the way to the third country of deployment until the day the EU Aid Volunteer leaves the third country of deployment on the way to, and arrives back at, their home (‘the first period of coverage’).\n\nFor insurance coverage longer than 12 weeks, it shall be extended for a further 8 weeks in the insured's home country to cover follow-up medical treatment for illnesses and injuries that occurred during the first period of coverage."", ""The coverage shall be applicable to all activities linked to the EU Aid Volunteers initiative and also the private activities of EU Aid Volunteers during the first period of coverage.\n\nAll EU Aid Volunteers shall be covered at 100 % (total coverage) for the following:\n\n(a)\nmedical and dental care;\n\n(b)\npregnancy and childbirth;\n\n(c)\naccident;\n\n(d)\nrepatriation;\n\n(e)\nlife insurance;\n\n(f)\npermanent and temporary disability or incapacity;\n\n(g)\nthird party liability;\n\n(h)\nloss or theft of documents, travel tickets and personal belongings;\n\n(i)\ncomplementary assistance.""]","[""clear"", ""clear""]","[{""faithfulness_reason"": ""The response accurately extracts paragraphs 1 to 3 of Article 24, fully resolving the temporal and structural question regarding insurance coverage during and following deployment. Numerical values (24 hours a day, 12 weeks, 8 weeks) are preserved correctly without alteration."", ""quality_reason"": ""search_realism: The query reflects a realistic administrative and operational need to understand how the insurance scheme protects volunteers across different mission phases.\nanchoring_and_time: Properly specifies the target initiative ('EU Aid Volunteers') and temporal bounds ('during deployment and after it') without relying on prohibited formal citations.\nconsequence: The selected continuous span (paragraphs 1–3) directly and fully answers the question by explaining the worldwide 24/7 scope during deployment and the 8-week medical extension post-deployment.\nlexical_distance: Phrased naturally in the searcher's own syntax ('structured during deployment and after it') while retaining necessary regime terminology.\nlinguistic_quality: Clear, concise, and grammatically sound question formulation."", ""audit_reason"": ""No problems reported.""}, {""faithfulness_reason"": ""The answer provides a contiguous and exact extract of Article 24(4) and (5), resolving both the activities covered during the first period of coverage and the specific risks subject to 100% coverage. The numerical value 100 % is accurately maintained."", ""quality_reason"": ""search_realism: Presents a credible compliance query seeking to determine the scope of covered activities and specific risk categories under mandatory total coverage.\nanchoring_and_time: Correctly anchors the query to the EU Aid Volunteers insurance framework and the 'first period of coverage'.\nconsequence: The contiguous span of paragraphs 4 and 5 completely enumerates the applicable activities and the 100% covered risk categories.\nlexical_distance: Integrates legal conditions into an original interrogative structure without copying nonessential statutory scaffolding.\nlinguistic_quality: Accurate, fluent, and precise English phrasing."", ""audit_reason"": ""No problems reported.""}]"
eurlex,32014R1244,http://data.europa.eu/eli/reg_impl/2014/1244/art_24/oj,comparison,development,0.26,False,0.55,False,0.55,31.0,32.0,True,FN,1,False,True,"[""q_189079b0101107d60d6a9d3b""]","[""For EU Aid Volunteers, how does insurance coverage during the first period of coverage compare with the further eight-week home-country coverage for deployments longer than 12 weeks?""]","[""2. The insurance coverage shall be worldwide, 24 hours a day. It shall start from the day the EU Aid Volunteer leaves home on the way to the third country of deployment until the day the EU Aid Volunteer leaves the third country of deployment on the way to, and arrives back at, their home (‘the first period of coverage’).\n\n3. For insurance coverage longer than 12 weeks, it shall be extended for a further 8 weeks in the insured's home country to cover follow-up medical treatment for illnesses and injuries that occurred during the first period of coverage.\n\n4. The coverage shall be applicable to all activities linked to the EU Aid Volunteers initiative and also the private activities of EU Aid Volunteers during the first period of coverage.""]","[""clear""]","[{""faithfulness_reason"": ""The question establishes a valid comparison between the first period of coverage and the eight-week extension, and paragraphs 2 to 4 provide complete evidence for both sides regarding geographical, temporal, and activity scope. The extracted span is contiguous, fully sufficient, and accurately retains all numerical values (24 hours, 12 weeks, 8 weeks)."", ""quality_reason"": ""search_realism: Presents a realistic legal and operational inquiry comparing the scope of insurance coverage during deployment versus the follow-up period in the volunteer's home country.\nanchoring_and_time: Properly anchored to the EU Aid Volunteers initiative and explicitly identifies both distinct temporal coverage scenarios.\nconsequence: The selected contiguous excerpt (paragraphs 2 to 4 of Article 24) completely establishes the spatial, temporal, and substantive scope of both coverage periods.\nlexical_distance: Paraphrases the comparison effectively using natural legal terms while avoiding unneeded copying of operative drafting formulas.\nlinguistic_quality: Grammatically sound, clear, and well-structured comparative phrasing."", ""audit_reason"": ""No problems reported.""}]"
eurlex,32014R1244,http://data.europa.eu/eli/reg_impl/2014/1244/art_24/oj,claim_verification,development,0.67,True,0.55,True,0.55,31.0,32.0,True,TP,1,False,True,"[""q_a49113d31f06f7f972f7e833""]","[""Is it true that insurance coverage for EU Aid Volunteers applies only to activities linked to the EU Aid Volunteers initiative during the first period of coverage?""]","[""The coverage shall be applicable to all activities linked to the EU Aid Volunteers initiative and also the private activities of EU Aid Volunteers during the first period of coverage.""]","[""clear""]","[{""faithfulness_reason"": ""The claim asserts that coverage is restricted only to initiative-linked activities, which is directly contradicted by Article 24(4) extending coverage to private activities as well. The extracted span is exact and concise. Numerical fidelity not applicable; 4 is a compatibility value."", ""quality_reason"": ""search_realism: Presents a realistic, practically relevant compliance question testing whether volunteer insurance coverage is restricted purely to official duties or also extends to private activities.\nanchoring_and_time: Properly anchors the query to the EU Aid Volunteers insurance scheme and specifies the relevant operational phase ('first period of coverage') without using illegal locators.\nconsequence: The selected quotation directly refutes the tested exclusivity assertion by explicitly providing that private activities during the first period of coverage are also covered.\nlexical_distance: Effectively tests an exclusive scope rule by introducing 'only to', while keeping the necessary legal designations of the initiative and coverage periods intact.\nlinguistic_quality: Clear, precise, and grammatically sound sentence structure with natural phrasing."", ""audit_reason"": ""No problems reported.""}]"
eurlex,32014R1244,http://data.europa.eu/eli/reg_impl/2014/1244/art_24/oj,source_finding,development,0.51,False,0.55,False,0.55,31.0,32.0,True,FN,1,False,True,"[""q_9809946ca7a9ba1094dfb831""]","[""Which EU provision requires all EU Aid Volunteers to have complete insurance coverage throughout their deployment in third countries and relevant periods before and after?""]","[""Article 24 — Commission Implementing Regulation (EU) No 1244/2014""]","[""clear""]","[{""faithfulness_reason"": ""The source finding question accurately reflects the substantive rule in Article 24(1), the official act and article identifiers are correctly identified, and the evidence span precisely captures the governing requirement."", ""quality_reason"": ""search_realism: Reflects a realistic legal and operational inquiry seeking the exact EU act and provision establishing comprehensive insurance requirements for deployed volunteers.\nanchoring_and_time: Properly anchored using the programme name 'EU Aid Volunteers' and deployment temporal framing without improperly leaking formal act citations or CELEX numbers.\nconsequence: The submitted answer and exact target body quotation completely and cleanly resolve the identity of the required provision.\nlexical_distance: Smoothly transforms the passive phrasing 'shall be covered by a complete insurance policy' into active requirement phrasing ('requires all EU Aid Volunteers to have complete insurance coverage throughout their deployment').\nlinguistic_quality: Clear, natural, and grammatically impeccable English prose."", ""audit_reason"": ""No problems reported.""}]"
eurlex,32014R0727,http://data.europa.eu/eli/reg_impl/2014/727/art_4/oj,fact_pattern,development,0.61,True,0.55,True,0.55,31.0,32.0,True,TP,3,False,True,"[""q_5c2d3ad4a4dbf228c8b4856a""]","[""An interested party in the new exporter review of the anti-dumping duty on imports of trichloroisocyanuric acid originating in China wants its representations to be taken into account. What must it do within 37 days from the date of the entry into force of the Regulation?""]","[""Interested parties, if their representations are to be taken into account during the investigation, must make themselves known by contacting the Commission, present their views in writing and submit a reply to the questionnaire indicated in recital 11 of this Regulation or any information to be taken into account within 37 days from the date of the entry into force of this Regulation, unless otherwise specified.""]","[""clear""]","[{""faithfulness_reason"": ""The answer quotes Article 4(1) verbatim, fully establishing all requirements and conditions for representations to be considered within the specified 37-day deadline."", ""quality_reason"": ""situation: Sets up a clear, concrete procedural situation where an interested party needs to know the mandatory steps to ensure its representations are considered within the specified 37-day timeframe.\nregime_fixing: Accurately anchors the legal context by specifying the new exporter review concerning the anti-dumping duty on trichloroisocyanuric acid originating in China without citing prohibited act numbers.\nterminology_and_distance: Formulates the question naturally in standard administrative language, preserving the requisite legal conditions while avoiding direct verbatim copying of the operational obligation.\nfocus: Maintains a single, sharp informational goal asking specifically for the required actions within the 37-day window.\nlinguistic_quality: Grammatically sound, clear, and professional English appropriate for EU trade defence procedures."", ""audit_reason"": ""No problems reported.""}]"
eurlex,32014R0727,http://data.europa.eu/eli/reg_impl/2014/727/art_4/oj,lookup,development,0.63,True,0.55,True,0.55,31.0,32.0,True,TP,3,False,True,"[""q_f1edc4a580b1ab08aacbe3b4"", ""q_5312314575f0221edf29c37a""]","[""Within what period must interested parties submit representations or questionnaire replies for them to be taken into account in the new exporter review of trichloroisocyanuric acid imports from China?"", ""Within what period must a request to be heard on issues concerning the initial stage of the new exporter review of trichloroisocyanuric acid imports from China be submitted?""]","[""within 37 days from the date of the entry into force of this Regulation, unless otherwise specified"", ""within 15 days of the date of entry into force of this Regulation""]","[""clear"", ""clear""]","[{""faithfulness_reason"": ""The answer accurately reproduces the required deadline from Article 4(1), including the qualification 'unless otherwise specified'. The numerical value (37 days) and its baseline are faithfully preserved without defect."", ""quality_reason"": ""practitioner_realism: Reflects a genuine, professional procedural information need for trade law practitioners calculating participation timelines.\nanchoring: The base query clearly identifies the specific proceeding by naming the substantive subject matter and type of review.\ninformativeness: Directly provides the exact 37-day time limit alongside the essential qualifying condition ('unless otherwise specified').\nfocus: Maintains a single, well-bounded procedural question concerning questionnaire and representation deadlines.\nlinguistic_quality: Grammatically sound, natural, and accurately phrased using standard trade defense legal terminology."", ""audit_reason"": ""No problems reported.""}, {""faithfulness_reason"": ""The answer provides the exact continuous text establishing the deadline for hearings on initial stage issues under Article 4(2). The 15-day period and reference event are fully supported and accurate."", ""quality_reason"": ""practitioner_realism: Represents a typical practical lookup regarding the deadline to request initial hearings in trade defense proceedings.\nanchoring: Adequately fixes the specific anti-dumping review proceeding without relying on formal identifiers or locators.\ninformativeness: Extracted span precisely answers the specific time limit requested for initial-stage hearings.\nfocus: Confined to a single distinct legal issue without extraneous sub-questions.\nlinguistic_quality: Clear, fluent, and well-formulated legal English."", ""audit_reason"": ""No problems reported.""}]"
eurlex,32014R0727,http://data.europa.eu/eli/reg_impl/2014/727/art_4/oj,conceptual,development,0.53,False,0.55,False,0.55,31.0,32.0,True,FN,3,False,False,"[""q_eeab1f189b0f8cf6b336da8e"", ""q_b05986b3d21f72331da510a5""]","[""How may interested parties request a hearing during the new exporter review of anti-dumping measures on trichloroisocyanuric acid imports from China?"", ""How can parties to the new exporter review comment on Japan's proposed role as a market-economy third country for establishing normal value for China?""]","[""Interested parties may request to be heard by the Commission investigation services. Any request to be heard must be made in writing and must specify the reasons for the request. For hearings on issues pertaining to the initial stage of the investigation the request must be submitted within 15 days of the date of entry into force of this Regulation. Thereafter, a request to be heard must be submitted within the specific deadlines set by the Commission in its communication with the parties."", ""Parties to the investigation wanting to comment on the appropriateness of Japan, which is envisaged as a market-economy third country for the purpose of establishing normal value in respect of the People's Republic of China, must submit their comments within 10 days of the date of entry into force of this Regulation.""]","[""repair"", ""repair""]","[{""faithfulness_reason"": ""The answer reproduces Article 4(2) verbatim, covering the formal requirements and deadlines for hearing requests during the initial stage and subsequent stages of the investigation."", ""quality_reason"": ""search_realism: Reflects a genuine practitioner need to understand the procedural requirements and deadlines for requesting a hearing in a trade defence investigation.\nanchoring_and_time: Properly fixes the review proceedings, subject matter, and origin without relying on formal act numbers.\nconsequence: The answer provides the complete procedural rules, form requirements, and phased deadlines for hearing requests.\nlexical_distance: Natural reformulation that adapts 'request to be heard' into 'request a hearing' and frames an effective query.\nlinguistic_quality: Fluent, idiomatic, and unambiguous procedural query."", ""audit_reason"": ""metadata: anchor 'request to be heard' does not appear verbatim in the question (which uses 'request a hearing').""}, {""faithfulness_reason"": ""The answer provides Article 4(3) in full, answering the prompt regarding comments on Japan as a market-economy third country, including the 10-day deadline."", ""quality_reason"": ""search_realism: Expresses a clear, realistic substantive question regarding participation in third-country market economy selections.\nanchoring_and_time: Substantively anchors the question to Japan's role as a third country for establishing normal value in China without prohibited citations.\nconsequence: Directly resolves the conditions and deadline governing submissions on the third-country selection.\nlexical_distance: Nicely reformulates 'appropriateness of Japan, which is envisaged as' into 'Japan's proposed role as'.\nlinguistic_quality: Precise, natural, and well-constructed legal phrasing."", ""audit_reason"": ""metadata: anchor 'comment on the appropriateness of Japan' is taken from the source and does not appear verbatim in the question.""}]"
eurlex,32014R0727,http://data.europa.eu/eli/reg_impl/2014/727/art_4/oj,comparison,development,0.27,False,0.55,False,0.55,31.0,32.0,True,FN,1,False,True,"[""q_5d551a449d75cc1d227b64e5""]","[""Under the new exporter review concerning imports of trichloroisocyanuric acid originating in China, how do the deadlines for requests to be heard compare between the initial stage of the investigation and later stages?""]","[""Any request to be heard must be made in writing and must specify the reasons for the request. For hearings on issues pertaining to the initial stage of the investigation the request must be submitted within 15 days of the date of entry into force of this Regulation. Thereafter, a request to be heard must be submitted within the specific deadlines set by the Commission in its communication with the parties.""]","[""clear""]","[{""faithfulness_reason"": ""The comparison between the deadline for the initial stage (15 days from entry into force) and subsequent stages (specific deadlines set by the Commission) is fully supported by Article 4(2). The span includes a minor introductory sentence regarding writing and reasons, but remains concise, fully grounded, and numerically accurate."", ""quality_reason"": ""search_realism: Presents a realistic procedural inquiry by an interested party or legal counsel seeking to determine hearing request deadlines across different phases of the anti-dumping review.\nanchoring_and_time: Effectively anchors the query to the specific review proceeding using the proceeding type, product name, and country of origin without using prohibited formal locators or CELEX numbers.\nconsequence: Fully resolves the comparison between the initial 15-day window from entry into force and subsequent Commission-notified deadlines, though the excerpt includes a slightly extraneous introductory sentence on written form.\nlexical_distance: Naturally rephrases the source wording ('Thereafter') into 'later stages' and frames the question cleanly around procedural timing.\nlinguistic_quality: Grammatically sound, clear, and professional drafting that reads naturally as specialized legal English."", ""audit_reason"": ""No problems reported.""}]"
eurlex,32014R0727,http://data.europa.eu/eli/reg_impl/2014/727/art_4/oj,claim_verification,development,0.59,True,0.55,True,0.55,31.0,32.0,True,TP,1,False,True,"[""q_3b1338595605f9578648e43f""]","[""Is it true that parties to the new exporter review of the anti-dumping duty on trichloroisocyanuric acid from China must submit comments on Japan's appropriateness as the envisaged market-economy third country within 10 days of the Regulation's entry into force?""]","[""Parties to the investigation wanting to comment on the appropriateness of Japan, which is envisaged as a market-economy third country for the purpose of establishing normal value in respect of the People's Republic of China, must submit their comments within 10 days of the date of entry into force of this Regulation.""]","[""clear""]","[{""faithfulness_reason"": ""The claim is fully supported by Article 4(3), the status 'supported' is correct, the quoted span directly and concisely establishes the obligation, and the 10-day time limit is accurately reproduced."", ""quality_reason"": ""search_realism: Reflects a realistic trade-law verification need regarding tight procedural time limits for commenting on analogue country selection in an anti-dumping review.\nanchoring_and_time: Effectively anchors the factual setting using the product and review proceeding without relying on formal act numbers or locators.\nconsequence: The provided extract from Article 4(3) directly and definitively confirms the 10-day deadline asserted in the query.\nlexical_distance: Smoothly integrates the procedural conditions into an interrogative format while preserving necessary trade defense terminology.\nlinguistic_quality: Fluent, grammatically accurate, and clearly phrased legal English."", ""audit_reason"": ""No problems reported.""}]"
eurlex,32014R0727,http://data.europa.eu/eli/reg_impl/2014/727/art_4/oj,source_finding,development,0.51,False,0.55,False,0.55,31.0,32.0,True,FN,1,False,True,"[""q_f848bb159d72998544f6851d""]","[""Which provision of the new exporter review concerning anti-dumping measures on imports of trichloroisocyanuric acid originating in China sets the 37-day period for interested parties to contact the Commission, submit written views and provide a questionnaire reply or other information?""]","[""Article 4 — Commission Implementing Regulation (EU) No 727/2014""]","[""clear""]","[{""faithfulness_reason"": ""The source finding question and body evidence correctly identify Article 4 of Commission Implementing Regulation (EU) No 727/2014. The evidence excerpt precisely captures paragraph 1, which establishes the 37-day deadline and requirements, without irrelevant subsequent paragraphs, and all numerical and citational elements are faithfully reproduced."", ""quality_reason"": ""search_realism: The query reflects a realistic professional search scenario seeking the specific legal provision that establishes procedural deadlines for interested parties in an anti-dumping exporter review.\nanchoring_and_time: Properly anchors to the specific proceeding (new exporter review on trichloroisocyanuric acid from China) without leaking formal CELEX numbers, regulation numbers, or the exact verbatim title.\nconsequence: The answer identifies the exact article and regulation, supported by a contiguous, highly relevant excerpt from paragraph 1 setting the 37-day deadline.\nlexical_distance: Smoothly transforms the statutory phrasing into a concise procedural question ('sets the 37-day period for interested parties to contact the Commission, submit written views and provide a questionnaire reply') while retaining necessary procedural terms.\nlinguistic_quality: Grammatically sound, clear, and natural English legal drafting."", ""audit_reason"": ""No problems reported.""}]"
un,1998/s/1998/927,1998/s/1998/927#3,lookup,development,0.63,True,0.55,True,0.55,31.0,32.0,True,TP,2,False,False,"[""q_731089e27c056a61797fc15f""]","[""What access rights did Iraq have to accept unconditionally under the IAEA's OMV plan, according to the report conveyed in the Secretary-General's 7 October 1998 letter to the Security Council?""]","[""full and free access at any time to all sites, facilities, areas, locations, activities, materials and other items, including documentation, and to all persons and all information that, in the Agency's judgement, may be necessary for its OMV activities""]","[""repair""]","[{""faithfulness_reason"": ""The answer accurately extracts the full scope of access rights enumerated in paragraph 6 of the target block. Numerical fidelity not applicable; 4 is a compatibility value."", ""quality_reason"": ""practitioner_realism: A practical and realistic lookup request asking for the specific scope of unconditional access rights under the OMV plan as documented in the transmission.\nanchoring: The base query establishes sufficient context by identifying the report transmitted via the Secretary-General's 7 October 1998 letter to the Security Council and the relevant regime.\ninformativeness: The extracted span provides the complete, exact enumeration of access rights required of Iraq without omitted conditions or unnecessary excess.\nconsequence: Directly and fully resolves the specific legal and operational scope of the access obligations under the OMV plan.\nlinguistic_quality: Clear, fluent, and professional legal English with natural phrasing."", ""audit_reason"": ""metadata: The specified anchor \""full and free access\"" does not appear in the question (which instead mentions \""access rights\""); anchors must match an exact substring of the question.""}]"
un,1998/s/1998/927,1998/s/1998/927#3,practitioner,development,0.58,True,0.55,True,0.55,31.0,32.0,True,TP,2,False,True,"[""q_ce2b413f54bd2bc65a601a98""]","[""An IAEA monitoring team must plan inspections under Iraq’s ongoing monitoring and verification (OMV) plan after Iraq suspended cooperation. What access and cooperation terms did Iraq communicate?""]","[""(a) Iraq will continue to facilitate OMV inspections at sites for which it routinely provides declarations under the OMV plan;\n(b) Iraq will continue to allow IAEA access to locations for the purpose of collecting environmental samples or carrying out radiation surveys;\n(c) Iraq will not permit access to capable sites or indeed to any sites other than those for which Iraq routinely provides declarations under the OMV plan;b\n(d) Iraq will not cooperate in any activity involving investigation of its clandestine nuclear programme.""]","[""clear""]","[{""faithfulness_reason"": ""The answer quotes the exact contiguous four-point list of terms communicated by Iraq regarding access and cooperation under the OMV plan. Numerical fidelity not applicable; 4 is a compatibility value."", ""quality_reason"": ""practitioner_realism: Presents a genuine, credible operational task: an IAEA monitoring team adjusting its inspection planning following Iraq's suspension of cooperation.\nanchoring_and_time: Properly fixes the institutional framework (IAEA, Iraq, OMV plan) and the specific operational juncture (post-suspension) without using artificial locators.\nconsequence: Directly and fully resolves the operational question by quoting the four specific terms communicated by Iraq.\ninformativeness: Provides the complete set of parameters governing inspections and access without extraneous surrounding material.\nlinguistic_quality: Natural, clear, and professional phrasing in standard administrative English."", ""audit_reason"": ""No problems reported.""}]"
un,1998/s/1998/927,1998/s/1998/927#3,conceptual,development,0.67,True,0.55,True,0.55,31.0,26.0,False,FP,1,False,False,"[""q_2cb42b90802f605cf0a77e0d""]","[""Why did the IAEA say its ongoing monitoring and verification inspections in Iraq could not ensure that prohibited activities would be detected in October 1998?""]","[""The Agency's OMV plan, which Iraq formally accepted on 26 November 1993, obliges Iraq to accept unconditionally all of the rights of IAEA enumerated in the plan. The rights include full and free access at any time to all sites, facilities, areas, locations, activities, materials and other items, including documentation, and to all persons and all information that, in the Agency's judgement, may be necessary for its OMV activities.\nAs a consequence, IAEA is unable, through capable site inspections, to ensure that prohibited activities are not being carried out in Iraq, free from the risk of detection through direct inspection measures.\nIraq's refusal to address any matters related to its clandestine nuclear programme constitutes a further limitation of the Agency's right of full and free access, specifically to information.""]","[""blocking""]","[{""faithfulness_reason"": ""The question asks why the IAEA could not ensure prohibited activities would be detected through inspections, but the extracted span cuts off item (c) ('Iraq will not permit access to capable sites...'). Consequently, the extracted text leaves 'As a consequence' detached from its actual cause, omitting the decisive explanation and creating a misleading causal link from the plan's obligations. The date 26 November 1993 is reproduced accurately."", ""quality_reason"": ""search_realism: Presents a realistic, well-motivated practitioner information need investigating the substantive rationale behind verification limitations reported by the IAEA.\nanchoring_and_time: Successfully fixes the institutional actor (IAEA), substantive framework (ongoing monitoring and verification), jurisdiction (Iraq), and timeframe (October 1998) without relying on formal document symbols or locators.\nconsequence: Capped at 2 due to support failure: the extracted span omits the critical antecedent in subparagraph (c) ('Iraq will not permit access to capable sites...'), leaving the clause 'As a consequence' detached from the actual restriction and failing to explain why capable site inspections were compromised.\nlexical_distance: Effectively reformulates the source text into an autonomous question while preserving necessary specialized terms.\nlinguistic_quality: Clear, grammatically correct, and natural professional English."", ""audit_reason"": ""support: The answer span omits subparagraph (c) ('Iraq will not permit access to capable sites or indeed to any sites other than those for which Iraq routinely provides declarations under the OMV plan'), leaving 'As a consequence' without its causal premise and leaving the core 'why' question unresolved.""}]"
un,1998/s/1998/927,1998/s/1998/927#3,comparison,development,0.45,False,0.55,False,0.55,31.0,32.0,True,FN,1,False,True,"[""q_96cfe9e262e227bebe9e170a""]","[""Under Iraq's stated position on the IAEA ongoing monitoring and verification (OMV) plan, how did its access and cooperation for routinely declared sites compare with those for capable or other sites?""]","[""(a) Iraq will continue to facilitate OMV inspections at sites for which it routinely provides declarations under the OMV plan;\n(b) Iraq will continue to allow IAEA access to locations for the purpose of collecting environmental samples or carrying out radiation surveys;\n(c) Iraq will not permit access to capable sites or indeed to any sites other than those for which Iraq routinely provides declarations under the OMV plan;b\n(d) Iraq will not cooperate in any activity involving investigation of its clandestine nuclear programme.""]","[""clear""]","[{""faithfulness_reason"": ""The comparison between routinely declared sites and capable or other sites is fully grounded in Iraq's stated position under subparagraphs (a) and (c). The continuous excerpt includes subparagraphs (b) and (d) as minor list context, which remains acceptable without impairing clarity. Numerical fidelity not applicable; 4 is a compatibility value."", ""quality_reason"": ""search_realism: Reflects a genuine verification policy search need examining Iraq's differentiated stance toward declared versus capable non-declared inspection sites.\nanchoring_and_time: Accurately anchors the inquiry to Iraq's position on the IAEA ongoing monitoring and verification (OMV) plan without relying on formal document symbols.\nconsequence: The submitted continuous text directly answers the comparative inquiry by contrasting continued facilitation at routinely declared sites with the refusal of access to capable and other sites.\nlexical_distance: Naturally synthesizes the two distinct provisions into an integrated comparison question, avoiding mechanical copy-pasting of source scaffolding.\nlinguistic_quality: Grammatically sound, concise, and professional legal/diplomatic English formulation."", ""audit_reason"": ""No problems reported.""}]"
un,1998/s/1998/927,1998/s/1998/927#3,claim_verification,development,0.65,True,0.55,True,0.55,31.0,32.0,True,TP,1,False,True,"[""q_26c65bed947eaadd1fa00793""]","[""In the October 1998 IAEA assessment of Iraq's OMV cooperation, did the IAEA report that Iraq would permit access to capable sites?""]","[""(c) Iraq will not permit access to capable sites or indeed to any sites other than those for which Iraq routinely provides declarations under the OMV plan;b""]","[""clear""]","[{""faithfulness_reason"": ""The claim that the IAEA reported Iraq would permit access to capable sites is directly contradicted by item (c) of the target text, which specifies that Iraq will not permit access to capable sites. The extracted span is concise and fully resolves the claim. Numerical fidelity not applicable; 4 is a compatibility value."", ""quality_reason"": ""search_realism: The query reflects a realistic verification need regarding Iraq's cooperation under OMV monitoring, framed naturally from a practitioner's perspective.\nanchoring_and_time: Properly anchored by specifying the October 1998 IAEA assessment and Iraq's OMV cooperation without relying on prohibited formal document symbols.\nconsequence: The selected evidence explicitly refutes the asserted proposition by stating that Iraq will not permit access to capable sites, directly validating the contradicted verdict.\nlexical_distance: The query naturally rephrases the proposition while retaining necessary technical terminology ('OMV cooperation', 'capable sites').\nlinguistic_quality: Clear, grammatically correct, and concise English formulation."", ""audit_reason"": ""No problems reported.""}]"
un,1998/s/1998/927,1998/s/1998/927#3,source_finding,development,0.51,False,0.55,False,0.55,31.0,32.0,True,FN,1,False,True,"[""q_ab00912728fd685c3a5897d3""]","[""Which Security Council document contains the IAEA assessment that Iraq’s refusal to address its clandestine nuclear programme further limited the Agency’s right of full and free access to information under its ongoing monitoring and verification plan?""]","[""S/1998/927""]","[""clear""]","[{""faithfulness_reason"": ""The document identifier S/1998/927 accurately matches the target metadata, and all material components of the clue regarding Iraq's refusal to address its clandestine nuclear programme and the resulting limitation on access under the OMV plan are fully substantiated by the contiguous evidence span."", ""quality_reason"": ""search_realism: Presents a realistic, well-formulated search need by an international law or non-proliferation researcher seeking the specific Security Council communication reporting the IAEA finding.\nanchoring_and_time: The question provides sufficient substantive discriminators (IAEA assessment, OMV plan, Iraq's refusal to address clandestine nuclear programme, access to information) without leaking the document symbol.\nconsequence: The provided target document symbol S/1998/927 and exact evidentiary span directly and completely resolve the substantive clue.\nlexical_distance: Naturally reformulates the finding in paragraph 6 into an interrogative retrieval query while keeping necessary technical terms.\nlinguistic_quality: Fluent, idiomatic, and syntactically sound English with clear phrasing."", ""audit_reason"": ""No problems reported.""}]"
un,1999/a/54/pv_76,1999/a/54/pv_76#9,lookup,validation,0.54,False,0.55,False,0.55,31.0,31.0,False,TN,3,False,False,"[""q_c92dca67d3b49b818bdd91e1""]","[""In the General Assembly meeting record for its consideration of the Sixth Committee's report under agenda item 159, what further work did the draft resolution request the Special Committee to continue on the peaceful settlement of disputes and related institutional matters?""]","[""to continue its work on the question of the peaceful settlement of disputes between States, to continue to consider proposals concerning the Trusteeship Council and to continue to consider, on a priority basis, ways and means to improve its working methods and enhance its efficiency""]","[""clear""]","[{""faithfulness_reason"": ""The answer correctly captures the full scope of requested actions regarding dispute settlement, the Trusteeship Council, and working methods directly from the target text. Numerical fidelity not applicable; 4 is a compatibility value."", ""quality_reason"": ""practitioner_realism: A realistic legal research lookup inquiring into the specific mandated areas of work requested of the Special Committee on the Charter.\nanchoring: Specifies the setting (General Assembly plenary consideration of the Sixth Committee report under agenda item 159), though it lacks the session number or date.\ninformativeness: Directly provides the full three-part operative request encompassing dispute settlement, proposals regarding the Trusteeship Council, and working methods.\nconsequence: Completely resolves the multi-part mandate inquiry without omissions or extraneous padding.\nlinguistic_quality: Fluent, precise, and idiomatic drafting in both question renderings."", ""audit_reason"": ""No problems reported.""}]"
un,1999/a/54/pv_76,1999/a/54/pv_76#9,practitioner,validation,0.56,True,0.55,True,0.55,31.0,27.0,False,FP,2,False,False,"[""q_05ff67310f3f73fbdb0eec1d"", ""q_329ece1bb08f9f2f79cbbaeb""]","[""Under the Sixth Committee's proposed action on assistance to third States affected by sanctions imposed under Chapter VII, what would the General Assembly request the Special Committee to do?"", ""In the Sixth Committee's proposed follow-up concerning the peaceful settlement of disputes between States, the Trusteeship Council and the Special Committee's efficiency, what would the General Assembly further request the Special Committee to do?""]","[""to continue to consider, on a priority basis, the question of the implementation of the provisions of the Charter of the United Nations related to assistance to third States affected by the application of sanctions imposed under Chapter VII of the Charter."", ""to continue its work on the question of the peaceful settlement of disputes between States, to continue to consider proposals concerning the Trusteeship Council and to continue to consider, on a priority basis, ways and means to improve its working methods and enhance its efficiency.""]","[""blocking"", ""blocking""]","[{""faithfulness_reason"": ""The candidate directly answers the question using a verbatim contiguous excerpt from the target block without introducing extraneous text or unsupported claims. Chapter VII is accurately preserved."", ""quality_reason"": ""practitioner_realism: The query fails to present a practitioner task, actor, or practical circumstance, functioning entirely as an academic reading-comprehension lookup about the content of a draft resolution.\nanchoring_and_time: The substantive body and agenda item topic are recognizable, but the question lacks any session or temporal marker (such as the fifty-fourth session or 1999) to distinguish this recurring Charter Committee item.\nconsequence: The quoted text accurately and fully resolves the specific operative action requested of the Special Committee regarding assistance to third States.\ninformativeness: The question front-loads almost all the substantive subject-matter phrasing from the target clause, meaning the answer's incremental informational value is confined largely to the procedural instruction to continue considering the matter on a priority basis.\nlinguistic_quality: The question is formulated in clear, grammatical, and natural English."", ""audit_reason"": ""mode: The question contains no practitioner persona, practical circumstance, or operational task, presenting a pure reading-comprehension query rather than an applied UN practitioner need.""}, {""faithfulness_reason"": ""The answer accurately reflects all three requested elements from the target block in a concise, contiguous span. Numerical fidelity not applicable; 4 is a compatibility value."", ""quality_reason"": ""practitioner_realism: There is no operational setting, practitioner persona, or concrete mandate-execution task; the prompt is framed purely as a document-reading lookup.\nanchoring_and_time: The question specifies the Committee and the three distinct subject areas, but contains no temporal or session context to anchor this recurring reporting process.\nconsequence: The continuous extract directly answers what the General Assembly would further request regarding the three listed items.\ninformativeness: By enumerating all three substantive topics (peaceful settlement, Trusteeship Council, working methods/efficiency) directly in the question, the prompt leaves little unknown besides the connective operative verbs.\nlinguistic_quality: The phrasing is fluent, grammatically correct, and clearly structured."", ""audit_reason"": ""mode: The question lacks any practitioner persona, practical situation, or decision-making task, posing an abstract reading-comprehension question instead of an applied UN practitioner search need.""}]"
un,1999/a/54/pv_76,1999/a/54/pv_76#9,conceptual,validation,0.55,True,0.55,True,0.55,31.0,32.0,True,TP,1,False,True,"[""q_4f5693f2dfc0e0b309c6c6f6""]","[""What continuing work would the General Assembly request of the Special Committee on the Charter of the United Nations and on the Strengthening of the Role of the Organization regarding assistance to States affected by sanctions and the peaceful settlement of disputes?""]","[""It would also request the Special Committee to continue to consider, on a priority basis, the question of the implementation of the provisions of the Charter of the United Nations related to assistance to third States affected by the application of sanctions imposed under Chapter VII of the Charter.\nThe Assembly would further request the Special Committee to continue its work on the question of the peaceful settlement of disputes between States, to continue to consider proposals concerning the Trusteeship Council and to continue to consider, on a priority basis, ways and means to improve its working methods and enhance its efficiency.""]","[""clear""]","[{""faithfulness_reason"": ""The answer extracts a contiguous span from the target text directly addressing the requested actions regarding sanctions assistance and peaceful settlement of disputes. The inclusion of the full second sentence is harmless, and the reference to Chapter VII is accurately preserved."", ""quality_reason"": ""search_realism: The query reflects a realistic legal research inquiry into the specific mandates and continuing tasks entrusted to a Charter committee on sanctions assistance and dispute settlement.\nanchoring_and_time: The question properly anchors the institutional framework using the complete formal name of the Special Committee and specifies the relevant substantive areas without using forbidden document locators.\nconsequence: The continuous extract fully answers the question, providing both requested elements of the Special Committee's mandate directly from the target block.\nlexical_distance: The query synthesizes two paragraphs into an integrated question, preserving essential official titles and subject designations while reformulating the surrounding sentence structure.\nlinguistic_quality: The question is clear, fluent, and adheres strictly to conventional diplomatic legal English."", ""audit_reason"": ""No problems reported.""}]"
un,1999/a/54/pv_76,1999/a/54/pv_76#9,comparison,validation,0.25,False,0.55,False,0.55,31.0,31.0,False,TN,1,False,False,"[""q_4e96190700def8aff6de750a""]","[""In the General Assembly's consideration of the Sixth Committee report, how did it treat the Secretary-General's efforts concerning the backlog in the publication of the Repertory of Practice of United Nations Organs compared with the backlog in the publication of the Repertoire of the Practice of the Security Council?""]","[""It would also commend the Secretary-General for his continued efforts to reduce the backlog in the publication of the Repertory of Practice of United Nations Organs and endorse his efforts to eliminate the backlog in the publication of the Repertoire of the Practice of the Security Council.""]","[""clear""]","[{""faithfulness_reason"": ""The question and answer are fully supported by the target block, directly establishing the comparative treatment between the two publications ('commend' to 'reduce' versus 'endorse' to 'eliminate'). The selected span is completely contiguous and concise. Numerical fidelity not applicable; 4 is a compatibility value."", ""quality_reason"": ""search_realism: Presents a realistic comparative research question examining how the draft resolution differently handles the Secretary-General's efforts regarding the two distinct legal publications.\nanchoring_and_time: Clearly grounds the inquiry in the General Assembly's review of the Sixth Committee's report without relying on prohibited formal citations.\nconsequence: The submitted extractive answer directly resolves the comparative unknown by setting out both actions: commending efforts to reduce one backlog while endorsing efforts to eliminate the other.\nlexical_distance: The question reuses extensive literal phrasing from the source sentence ('the Secretary-General's efforts', 'backlog in the publication of'), though it frames it into a functional comparison structure.\nlinguistic_quality: Grammatically sound, well-punctuated, and fluent English question."", ""audit_reason"": ""No problems reported.""}]"
un,1999/a/54/pv_76,1999/a/54/pv_76#9,claim_verification,validation,0.58,True,0.55,True,0.55,31.0,32.0,True,TP,2,False,False,"[""q_33086f614bbbfcff33a37bd5""]","[""In the draft resolution on the Special Committee on the Charter of the United Nations, was the Committee asked to continue considering assistance to third States affected by Chapter VII sanctions as a priority?""]","[""It would also request the Special Committee to continue to consider, on a priority basis, the question of the implementation of the provisions of the Charter of the United Nations related to assistance to third States affected by the application of sanctions imposed under Chapter VII of the Charter.""]","[""repair""]","[{""faithfulness_reason"": ""The claim is fully supported by the text, correctly identifying the request to the Special Committee to consider assistance to third States affected by Chapter VII sanctions on a priority basis. The excerpt is continuous, accurate, and cleanly delimited."", ""quality_reason"": ""search_realism: Presents a realistic, well-motivated verification need checking whether priority consideration was specifically mandated for third-State assistance under sanctions.\nanchoring_and_time: Properly fixes the context by identifying the draft resolution concerning the Special Committee on the Charter of the United Nations without relying on prohibited symbols or locators.\nconsequence: The selected passage fully and directly resolves the proposition, confirming the priority request for this specific topic.\nlexical_distance: Successfully reformulates the source language into natural checking syntax, condensing 'implementation of the provisions of the Charter... related to assistance to third States' into natural phrasing.\nlinguistic_quality: Grammatically sound, fluent, and precise legal English."", ""audit_reason"": ""metadata: The claim annotation ('the Committee was asked to continue considering assistance to third States affected by Chapter VII sanctions as a priority') is not an exact verbatim substring of the question, which uses interrogative word order ('was the Committee asked...').""}]"
un,1999/a/54/pv_76,1999/a/54/pv_76#9,source_finding,validation,0.51,False,0.55,False,0.55,31.0,32.0,True,FN,1,False,True,"[""q_f81fec3661f35ddbec7da74e""]","[""Which General Assembly meeting record contains draft-resolution language requesting the Special Committee on the Charter to consider, as a priority, assistance to third States affected by sanctions imposed under Chapter VII?""]","[""A/54/PV.76""]","[""clear""]","[{""faithfulness_reason"": ""The source identifier A/54/PV.76 accurately matches the target metadata, and all material components of the clue regarding requests to the Special Committee on assistance to third States affected by Chapter VII sanctions are fully supported by the extracted contiguous sentence."", ""quality_reason"": ""search_realism: The query reflects a practical, realistic archival search need to locate the meeting record summarizing Sixth Committee draft resolutions on assistance to third States under Chapter VII sanctions.\nanchoring_and_time: The question is properly anchored through substantive actors and subject matter (General Assembly, Special Committee on the Charter, Chapter VII sanctions) without relying on forbidden locators.\nconsequence: The provided document symbol correctly identifies the source, and the selected continuous evidence span directly and completely verifies every element of the clue.\nlexical_distance: The prompt successfully restructures the sentence structure into a query format ('contains draft-resolution language requesting... as a priority') while keeping necessary legal terminology intact.\nlinguistic_quality: The text is grammatically sound, concise, natural, and accurately punctuated."", ""audit_reason"": ""No problems reported.""}]"
un,2000/a/c_3/55/sr_30,2000/a/c_3/55/sr_30#11,lookup,development,0.47,False,0.55,False,0.55,31.0,24.0,False,TN,2,False,False,"[""q_8d32b236d2aabeb7d3317c70""]","[""According to the fifty-fifth-session summary record of the General Assembly's Third Committee on the World Conference against Racism, what action should the World Conference take regarding vulnerable groups?""]","[""analyse the situation of vulnerable groups, particularly indigenous peoples and migrants, and, taking into account indigenous traditions and customs, must strengthen action to guarantee access to justice""]","[""blocking""]","[{""faithfulness_reason"": ""The answer accurately extracts the action required regarding vulnerable groups directly from paragraph 29 of the target text. Numerical fidelity not applicable; 4 is a compatibility value."", ""quality_reason"": ""practitioner_realism: In the context of a UN summary record covering general debate, framing an individual delegation's intervention as an authoritative institutional mandate on what a World Conference must do reflects poor practitioner grounding.\nanchoring: The base question omits the essential speaking actor (Mexico / Mrs. Monroy), failing to distinguish which delegation's statement in a multi-speaker summary record is being queried, triggering the mandatory ceiling.\ninformativeness: Capped at 2 due to the support failure regarding speaker attribution and status; the excerpt captures the actions proposed by Mexico, but the question misrepresents them as established conference obligations.\nconsequence: Capped at 2 due to support failure; the answer does not resolve what the Third Committee or the World Conference decided, only what a single delegation proposed.\nlinguistic_quality: Clear, grammatically correct, and natural English prose."", ""audit_reason"": ""support: Paragraph 29 is part of the statement delivered by the representative of Mexico (Mrs. Monroy), not an agreed conclusion or adopted mandate of the Third Committee. The question fails to preserve the speaker-attributed capacity.\nanchoring: The question omits the essential speaking actor (Mexico), making the base description insufficiently discriminatory across the diverse debate statements in SR.30.""}]"
un,2000/a/c_3/55/sr_30,2000/a/c_3/55/sr_30#11,practitioner,development,0.49,False,0.55,False,0.55,31.0,27.0,False,TN,2,False,False,"[""q_af01d60d2bb25ed9d994f778""]","[""For the World Conference against Racism, what must the World Conference do concerning vulnerable groups and access to justice?""]","[""The World Conference must analyse the situation of vulnerable groups, particularly indigenous peoples and migrants, and, taking into account indigenous traditions and customs, must strengthen action to guarantee access to justice.""]","[""blocking""]","[{""faithfulness_reason"": ""The answer is fully grounded in paragraph 29 of the target text, addressing both vulnerable groups and access to justice. Precision is appropriate as it extracts the exact single sentence resolving the question. Numerical fidelity not applicable; 4 is a compatibility value."", ""quality_reason"": ""practitioner_realism: The query contains no practitioner persona, operational mandate, or practical circumstance requiring the information; it is purely an abstract comprehension question.\nanchoring_and_time: Mentions the World Conference against Racism and the relevant subjects, but lacks temporal context or delegation attribution.\nconsequence: The submitted excerpt matches the literal text of the question, but provides only a general reading-comprehension answer without operational application.\ninformativeness: Directly quotes the exact sentence specifying what the World Conference must do regarding vulnerable groups and access to justice.\nlinguistic_quality: Grammatically correct, clear, and natural English phrasing."", ""audit_reason"": ""mode: The candidate lacks any practitioner task, role, or concrete decision context required by the UN practitioner mode.""}]"
un,2000/a/c_3/55/sr_30,2000/a/c_3/55/sr_30#11,conceptual,development,0.56,True,0.55,True,0.55,31.0,25.0,False,FP,1,False,False,"[""q_6d54674994c2efa616403317""]","[""How does the World Conference against Racism propose addressing vulnerable groups and migrants?""]","[""The World Conference must analyse the situation of vulnerable groups, particularly indigenous peoples and migrants, and, taking into account indigenous traditions and customs, must strengthen action to guarantee access to justice.\nIt should also consider the issue of the human rights of migrants, who were being subjected to acts of xenophobia, in various parts of the world, without regard for their contribution to the society and economy of the host country.""]","[""blocking""]","[{""faithfulness_reason"": ""The question attributes the proposal to the World Conference against Racism itself ('How does the World Conference against Racism propose...'), whereas the source text (within Mexico's statement) reflects a national delegation's view of what the upcoming Conference must and should do. A false actor/source-role premise cannot be validated merely by quoting the paragraph. Precision is 4 as the extracted span accurately captures the substantive discussion of vulnerable groups and migrants. Numerical fidelity not applicable; 4 is a compatibility value."", ""quality_reason"": ""search_realism: The search need is serviceable as a conceptual inquiry, but it incorrectly conceives the text as a direct proposal issued by the World Conference rather than a member State's intervention during debate.\nanchoring_and_time: The question identifies the subject matter and target event, but it omits the necessary delegation context, incorrectly assigning the stance to the Conference itself instead of the speaking delegation.\nconsequence: Ceiling applied: consequence is capped at 2 because support fails. The target passage contains Mexico's position on what the Conference must do, not a proposal formulated or adopted by the World Conference itself.\nlexical_distance: The query adapts the text into an interrogative format but directly borrows the phrase 'vulnerable groups and migrants' from the opening sentence without much structural reformulation.\nlinguistic_quality: The question is grammatically sound, clear, and written in natural English."", ""audit_reason"": ""metadata: The specified anchor 'strengthen action to guarantee access to justice' does not appear in the question.\nsupport: Paragraph 29 continues the speaking turn of Mexico (Mrs. Monroy, introduced in paragraph 27) regarding what her Government considers the World Conference must and should do; the text does not record a proposal made or adopted by the World Conference against Racism itself.""}]"
un,2000/a/c_3/55/sr_30,2000/a/c_3/55/sr_30#11,comparison,development,0.26,False,0.55,False,0.55,31.0,32.0,True,FN,1,False,True,"[""q_2fdf36b209dc154b01c3c1cf""]","[""How did Haiti's first Constitution compare with Haiti's 1987 Constitution in addressing racial discrimination?""]","[""Since its founding in 1804, Haiti had instituted a tradition of racial tolerance, and that principle had been enshrined in the first Constitution. Although the 1987 Constitution did not explicitly refer to racial discrimination, it did refer to the Universal Declaration of Human Rights and the first Constitution.""]","[""clear""]","[{""faithfulness_reason"": ""The comparison between Haiti's first Constitution and the 1987 Constitution regarding racial tolerance and discrimination is fully supported by the contiguous excerpt from paragraph 31. The span correctly retains the antecedent for 'that principle' without unnecessary surrounding context, and both historical years (1804 and 1987) are faithfully reproduced."", ""quality_reason"": ""search_realism: Presents a realistic legal/historical comparative inquiry into how two specific constitutional frameworks addressed racial discrimination.\nanchoring_and_time: The question precisely anchors the jurisdiction (Haiti) and the two constitutional temporal benchmarks (the first Constitution and the 1987 Constitution) without relying on forbidden document locators.\nconsequence: The continuous extracted span directly resolves both comparative sides, contrasting the enshrinement of racial tolerance in the first Constitution with the implicit reference mechanism in the 1987 Constitution.\nlexical_distance: Formulates the comparative problem naturally in the question rather than mechanically copying the sentence structure of the source.\nlinguistic_quality: Fluent, concise, and grammatically impeccable English phrasing."", ""audit_reason"": ""No problems reported.""}]"
un,2000/a/c_3/55/sr_30,2000/a/c_3/55/sr_30#11,claim_verification,development,0.59,True,0.55,True,0.55,31.0,32.0,True,TP,2,False,True,"[""q_945f10d021cb3a88187125e1""]","[""Did Haiti's 1987 Constitution explicitly refer to racial discrimination?""]","[""Although the 1987 Constitution did not explicitly refer to racial discrimination, it did refer to the Universal Declaration of Human Rights and the first Constitution.""]","[""clear""]","[{""faithfulness_reason"": ""The claim that the 1987 Constitution explicitly referred to racial discrimination is directly contradicted by paragraph 31, and the quoted sentence fully supports the contradiction verdict. The year 1987 is faithfully reproduced."", ""quality_reason"": ""search_realism: The query presents a realistic, clear legal verification task regarding constitutional human rights provisions without artificial framing.\nanchoring_and_time: Properly fixes the jurisdiction (Haiti), the legal instrument, and the year (1987 Constitution) without relying on document-level locators.\nconsequence: The provided excerpt directly resolves and refutes the tested proposition by explicitly noting that the 1987 Constitution did not refer to racial discrimination.\nlexical_distance: Naturally converts the declarative source clause into an interrogative verification query while retaining necessary legal terminology.\nlinguistic_quality: Grammatically sound, precise, and idiomatic phrasing."", ""audit_reason"": ""No problems reported.""}]"
un,2000/a/c_3/55/sr_30,2000/a/c_3/55/sr_30#11,source_finding,development,0.49,False,0.55,False,0.55,31.0,32.0,True,FN,1,False,True,"[""q_f999862bd83d35438389cafc""]","[""Which United Nations Third Committee meeting record contains Haiti’s statement that its tradition of racial tolerance dated from 1804 and was reflected in its Constitutions?""]","[""A/C.3/55/SR.30""]","[""clear""]","[{""faithfulness_reason"": ""The source-finding question correctly identifies the official document symbol A/C.3/55/SR.30 from the metadata, and the contiguous evidence span from paragraph 31 fully substantiates Haiti's statement regarding its 1804 tradition of racial tolerance and constitutional references. Numerical values (1804, 1987) and citational identifiers are accurately preserved."", ""quality_reason"": ""search_realism: Presents a realistic UN document retrieval need where the researcher remembers Haiti's specific historical argument regarding its 1804 founding and constitutional tradition of racial tolerance.\nanchoring_and_time: Effectively anchors the query to the Third Committee, the delegation of Haiti, the founding year 1804, and its constitutional references without using prohibited formal document numbers.\nconsequence: The submitted document symbol correctly identifies the meeting record, supported by a continuous target-block passage covering paragraph 31.\nlexical_distance: Competently synthesizes the narrative points into a natural query ('dated from 1804 and was reflected in its Constitutions') rather than mimicking the raw sentence structures.\nlinguistic_quality: Clean, grammatically correct, and precise phrasing suitable for professional legal/diplomatic research."", ""audit_reason"": ""No problems reported.""}]"
un,2001/a/res/55/203,2001/a/res/55/203#3,lookup,development,0.45,False,0.55,False,0.55,31.0,32.0,True,FN,2,False,True,"[""q_8c3d0a337072ee4547cb3b17""]","[""What resolution did the General Assembly take note of concerning the safety of transport of radioactive materials in its resolution on the Caribbean Sea area?""]","[""resolution GC(44)/RES/17 of 22 September 2000 of the General Conference of the International Atomic Energy Agency on safety of transport of radioactive materials""]","[""clear""]","[{""faithfulness_reason"": ""The resolution symbol, date, adopted body, and subject matter are accurately asked and completely extracted from the target preambular paragraph with correct citational fidelity."", ""quality_reason"": ""practitioner_realism: Reflects a genuine, well-scoped lookup verifying a specific cross-referenced IAEA resolution on the transport of radioactive materials noted in a General Assembly resolution.\nanchoring: The base query successfully identifies the adopting organ and substantive topic without using prohibited symbols or premature paragraph locators.\ninformativeness: The answer provides the exact formal title, document symbol, date, and adopting body of the resolution referenced in the target text.\nconsequence: Fully resolves the searcher's inquiry with an exact and continuous evidence span from the target block.\nlinguistic_quality: Fluent, concise, and natural legal English with no grammatical or syntactic flaws."", ""audit_reason"": ""No problems reported.""}]"
un,2001/a/res/55/203,2001/a/res/55/203#3,practitioner,development,0.43,False,0.55,False,0.55,31.0,31.0,False,TN,2,False,False,"[""q_474360f9d5e2b45437ece11e""]","[""A Caribbean coastal-management team is mapping the pressures affecting coastal areas and the marine environment. What does the General Assembly identify as competing for their use?""]","[""the diversity and dynamic interaction and competition among socio-economic activities for the use of the coastal areas and the marine environment and their resources""]","[""clear""]","[{""faithfulness_reason"": ""The question accurately targets the second preambular paragraph regarding pressures on coastal and marine environments, and the extracted contiguous noun phrase directly supplies the competing socio-economic activities. Numerical fidelity not applicable; 4 is a compatibility value."", ""quality_reason"": ""practitioner_realism: A well-phrased, realistic task for a coastal-management team mapping marine and coastal pressures under UN frameworks.\nanchoring_and_time: Recognizable substantive topic, but the anchoring is somewhat broad, lacking temporal indicators or specific session context.\nconsequence: The extracted span directly identifies the competing pressures (dynamic interaction and competition among socio-economic activities) required by the task.\ninformativeness: Fully answers the question with the relevant continuous clause, though the span retains some trailing premise text ('for the use of the coastal areas and the marine environment and their resources').\nlinguistic_quality: Clean, natural, and grammatically correct prose."", ""audit_reason"": ""No problems reported.""}]"
un,2001/a/res/55/203,2001/a/res/55/203#3,conceptual,development,0.46,False,0.55,False,0.55,31.0,31.0,False,TN,1,False,False,"[""q_0e70c2403d7cae48e270b656""]","[""What approach were Caribbean countries using to address sectoral issues in managing the Caribbean Sea area?""]","[""Mindful also of the efforts of the Caribbean countries to address in a more holistic manner the sectoral issues relating to the management of the Caribbean Sea area and, in so doing, to promote an integrated management approach to the Caribbean Sea area in the context of sustainable development, through a regional cooperative effort among Caribbean countries,""]","[""repair""]","[{""faithfulness_reason"": ""The question is fully answered by the quoted preambular paragraph, which directly addresses how Caribbean countries approach sectoral issues regarding the Caribbean Sea area. Precision is appropriate for the contiguous clause. Numerical fidelity not applicable; 4 is a compatibility value."", ""quality_reason"": ""search_realism: The query reflects a realistic policy and governance search need concerning regional environmental management strategies, fitting the conceptual response framing well.\nanchoring_and_time: The question establishes proper geographical and substantive context through 'Caribbean countries' and 'managing the Caribbean Sea area' without relying on forbidden locators.\nconsequence: The target span directly resolves the query, identifying the holistic effort to promote an integrated management approach through regional cooperation.\nlexical_distance: The query relies heavily on the source phrasing, borrowing 'address ... sectoral issues' and 'managing the Caribbean Sea area' with modest structural variation.\nlinguistic_quality: Grammatically sound, natural, and clearly formulated English question."", ""audit_reason"": ""metadata: The anchor 'integrated management approach to the Caribbean Sea area' is not an exact substring of the question.""}]"
un,2001/a/res/55/203,2001/a/res/55/203#3,comparison,development,0.2,False,0.55,False,0.55,31.0,29.0,False,TN,1,False,False,"[""q_a61cd47a964986960bdf1c76""]","[""In the General Assembly's resolution on an integrated management approach to the Caribbean Sea area, how are sectoral issues and the integrated management approach related?""]","[""Mindful also of the efforts of the Caribbean countries to address in a more holistic manner the sectoral issues relating to the management of the Caribbean Sea area and, in so doing, to promote an integrated management approach to the Caribbean Sea area in the context of sustainable development, through a regional cooperative effort among Caribbean countries,""]","[""blocking""]","[{""faithfulness_reason"": ""The target block directly establishes the relationship between addressing sectoral issues holistically and promoting an integrated management approach. The selected continuous preambular paragraph cleanly captures this relationship without meaningful excess. Numerical fidelity not applicable; 4 is a compatibility value."", ""quality_reason"": ""search_realism: The query does not represent a comparative search objective comparing two entities across a common substantive aspect; instead, it frames an instrumental/relational clause into a document-comprehension question asking how two concepts are related.\nanchoring_and_time: Context is clearly established by identifying the General Assembly and the substantive topic of the integrated management approach to the Caribbean Sea area without using prohibited formal locators.\nconsequence: The selected preambular paragraph directly answers the query by showing that addressing sectoral issues holistically serves to promote the integrated management approach.\nlexical_distance: The query relies heavily on the exact terminology from the target clause ('sectoral issues', 'integrated management approach') placed in a generic relational question frame.\nlinguistic_quality: The question is formulated in grammatically sound, natural, and clear English."", ""audit_reason"": ""mode: The candidate fails the comparison contract because it does not compare two distinct entities along a shared substantive aspect; it asks how an object/challenge ('sectoral issues') and a governance strategy ('integrated management approach') in a single clause are related.""}]"
un,2001/a/res/55/203,2001/a/res/55/203#3,claim_verification,development,0.49,False,0.55,False,0.55,31.0,31.0,False,TN,1,False,False,"[""q_469e700065d9cf649af6f525""]","[""In its resolution on integrated management of the Caribbean Sea area, did the General Assembly note the efforts of Caribbean countries within the Association of Caribbean States to develop further support for treating the Caribbean Sea as an area of special importance?""]","[""Noting the efforts of the Caribbean countries, within the framework of the Association of Caribbean States, to develop further support for their concept of the Caribbean Sea as an area of special importance, in the context of sustainable development and in conformity with the relevant provisions of the United Nations Convention on the Law of the Sea,5""]","[""clear""]","[{""faithfulness_reason"": ""The claim is fully supported by the target block's preambular paragraph, and the 'supported' verdict is correct. The selected answer span cleanly provides the full continuous clause containing the necessary context. Numerical fidelity not applicable; 4 is a compatibility value."", ""quality_reason"": ""search_realism: The query reflects a realistic verification task concerning whether the General Assembly acknowledged regional initiatives under the Association of Caribbean States.\nanchoring_and_time: Adequately frames the context around the General Assembly's resolution on the Caribbean Sea without relying on prohibited formal document symbols or exact titles.\nconsequence: The submitted preambular excerpt directly resolves the proposition and fully confirms the 'supported' verdict.\nlexical_distance: The phrasing closely tracks the source structure ('efforts of Caribbean countries within... to develop further support for...'), with only minor adjustments such as replacing 'within the framework of' and 'their concept of' with 'within' and 'treating'.\nlinguistic_quality: Clean, grammatically sound, and immediately intelligible English formulation."", ""audit_reason"": ""No problems reported.""}]"
un,2001/a/res/55/203,2001/a/res/55/203#3,source_finding,development,0.44,False,0.55,False,0.55,31.0,32.0,True,FN,1,False,True,"[""q_f3fda801fa62ee5de5146c83""]","[""Which General Assembly resolution on the integrated management of the Caribbean Sea area records taking note of IAEA resolution GC(44)/RES/17 on the safety of transporting radioactive materials?""]","[""A/RES/55/203""]","[""clear""]","[{""faithfulness_reason"": ""The source finding clue, target document symbol A/RES/55/203, and contiguous evidence span perfectly align with the target text and metadata, correctly identifying the resolution taking note of IAEA resolution GC(44)/RES/17."", ""quality_reason"": ""search_realism: Presents a realistic, plausible retrieval need for a legal researcher tracing General Assembly actions citing specific IAEA decisions on radioactive transport.\nanchoring_and_time: Effectively anchors the query to the General Assembly and the management of the Caribbean Sea area alongside the specific cited IAEA resolution clue without relying on forbidden target locators.\nconsequence: The target evidence directly confirms the General Assembly taking note of IAEA resolution GC(44)/RES/17 on the safety of transport of radioactive materials, conclusively resolving the source identifier.\nlexical_distance: Smoothly rephrases the source wording from 'General Conference of the International Atomic Energy Agency on safety of transport of radioactive materials' into standard research shorthand ('IAEA resolution... on the safety of transporting radioactive materials').\nlinguistic_quality: Grammatically sound, fluent, and precise English phrasing."", ""audit_reason"": ""No problems reported.""}]"
un,2002/a/res/56/150,2002/a/res/56/150#3,lookup,validation,0.48,False,0.55,False,0.55,31.0,31.0,False,TN,1,False,False,"[""q_d36a02ce675eb1577fc57697""]","[""According to the General Assembly's resolution on the right to development, what does the realization of the right to development require at the national and international levels?""]","[""effective development policies at the national level as well as equitable economic relations and a favourable economic environment at the international level""]","[""clear""]","[{""faithfulness_reason"": ""The question and answer are fully supported by the target block, directly addressing what is required at both national and international levels. The extracted span is concise and complete. Numerical fidelity not applicable; 4 is a compatibility value."", ""quality_reason"": ""practitioner_realism: Presents a direct, realistic professional lookup seeking the specific national and international prerequisites recognized by the General Assembly regarding the right to development, free of artificial scaffolding.\nanchoring: Identifies the adopting organ ('General Assembly') and subject matter ('resolution on the right to development'), but omits the session or year; because the General Assembly regularly adopts resolutions under this recurring agenda title, the time parameter is a meaningful missing discriminator, capping this score at 3.\ninformativeness: The extracted span precisely answers the prompt by providing both the national requirement and the international economic requirements without including extraneous recital preambles.\nconsequence: Fully resolves the substantive query by detailing the exact twin-level policy and economic conditions stipulated in the resolution.\nlinguistic_quality: Grammatically sound, natural, and clearly formulated query and answer."", ""audit_reason"": ""No problems reported.""}]"
un,2002/a/res/56/150,2002/a/res/56/150#3,practitioner,validation,0.47,False,0.55,False,0.55,31.0,32.0,True,FN,2,False,True,"[""q_fd177ca2c8d088ba6338e7e0"", ""q_8b7968eedd21e15601257c5a""]","[""A UN development-policy team is assessing the right to development. What conditions does the General Assembly identify as necessary for its realization?"", ""A UN human rights office is planning work on the right to development. What role does the General Assembly underline for the United Nations High Commissioner for Human Rights?""]","[""effective development policies at the national level as well as equitable economic relations and a favourable economic environment at the international level"", ""the promotion and protection of the right to development""]","[""clear"", ""clear""]","[{""faithfulness_reason"": ""The answer quotes the exact dual national/international requirements specified in the target text for the realization of the right to development. Numerical fidelity not applicable; 4 is a compatibility value."", ""quality_reason"": ""practitioner_realism: Presents a credible UN policy assessment task that directly requires identifying the necessary national and international conditions for realizing the right to development.\nanchoring_and_time: Appropriately frames the institutional actor (General Assembly) and substantive agenda topic (the right to development) without relying on forbidden resolution symbols.\nconsequence: Directly and completely resolves the requested prerequisites using the verbatim preambular requirement.\ninformativeness: Extracts the exact required dual-level conditions (national policies and international environment) without extraneous text.\nlinguistic_quality: Clear, grammatically fluent, and concise phrasing."", ""audit_reason"": ""No problems reported.""}, {""faithfulness_reason"": ""The answer accurately extracts the precise role underlined for the High Commissioner in relation to the right to development from the target block. Numerical fidelity not applicable; 4 is a compatibility value."", ""quality_reason"": ""practitioner_realism: Formulates a realistic UN operational planning scenario concerning mandate roles for the High Commissioner on the right to development.\nanchoring_and_time: Clearly anchors the mandate inquiry to the General Assembly and the United Nations High Commissioner for Human Rights without prohibited locators.\nconsequence: Accurately and fully identifies the underlined role directly from the target text.\ninformativeness: Captures the precise substantive role ('promotion and protection of the right to development') without trailing preambular verbiage.\nlinguistic_quality: Natural, professional, and well-structured English."", ""audit_reason"": ""No problems reported.""}]"
un,2002/a/res/56/150,2002/a/res/56/150#3,conceptual,validation,0.53,False,0.55,False,0.55,31.0,31.0,False,TN,3,False,False,"[""q_59fce382d1fa1c867ddcde67"", ""q_37e490193231a95f919de4f8""]","[""How did the General Assembly link good governance objectives to the international economic order?"", ""What institutional roles did the General Assembly highlight for promoting and realizing the right to development?""]","[""Underlining the fact that meeting the objectives of good governance also depends on good governance at the international level and on transparency in the financial, monetary and trading systems and an open, equitable, rules-based, predictable and non-discriminatory multilateral trading and financial system,"", ""Underlining further the important role of the United Nations High Commissioner for Human Rights in the promotion and protection of the right to development,\nRecalling the need for coordination and cooperation throughout the United Nations system for a more effective promotion and realization of the right to development,""]","[""clear"", ""repair""]","[{""faithfulness_reason"": ""The question accurately asks how good governance objectives are linked to international systems, which the quoted clause establishes verbatim. Precision is concise without extraneous text. Numerical fidelity not applicable; 4 is a compatibility value."", ""quality_reason"": ""search_realism: Presents a well-motivated, realistic policy inquiry examining how international economic frameworks condition domestic and international governance objectives.\nanchoring_and_time: Combines good governance and multilateral financial/trading systems, but remains broad across General Assembly resolutions due to the absence of any temporal or session anchor.\nconsequence: The answer directly provides the dependent relationship and the specific qualifications required of the multilateral trading and financial system.\nlexical_distance: Effectively condenses the source's detailed enumeration of financial, monetary, and trading systems into the broader concept of 'the international economic order'.\nlinguistic_quality: Fluent, professional, and idiomatic drafting."", ""audit_reason"": ""No problems reported.""}, {""faithfulness_reason"": ""The question asks for institutional roles highlighted for promoting and realizing the right to development, which is fully addressed by the contiguous two preambular paragraphs covering the High Commissioner for Human Rights and the broader UN system. Numerical fidelity not applicable; 4 is a compatibility value."", ""quality_reason"": ""search_realism: Reflects a genuine institutional research question targeting UN bodies and coordination mandates regarding the right to development.\nanchoring_and_time: The question identifies the General Assembly and the substantive topic, but lacks any session, year, or narrower context to distinguish it from numerous similar resolutions.\nconsequence: The continuous two-paragraph span directly resolves the question by identifying both the High Commissioner for Human Rights and the UN system-wide coordination requirement.\nlexical_distance: The phrase 'institutional roles' appropriately abstracts the specific entities and coordination mechanisms enumerated in the text.\nlinguistic_quality: Grammatically well-formed, concise, and clear."", ""audit_reason"": ""metadata: The anchor 'United Nations High Commissioner for Human Rights' is completely absent from the question text.""}]"
un,2002/a/res/56/150,2002/a/res/56/150#3,comparison,validation,0.22,False,0.55,False,0.55,31.0,28.0,False,TN,1,False,False,"[""q_1737de340ba70f2dc4fba504""]","[""In General Assembly resolution 56/150 on the right to development, how are national-level development policies compared with international economic relations and the economic environment in relation to realizing the right to development?""]","[""Underlining also the fact that the realization of the right to development requires effective development policies at the national level as well as equitable economic relations and a favourable economic environment at the international level,""]","[""blocking""]","[{""faithfulness_reason"": ""The comparison question accurately asks about the relationship between national development policies and international economic relations/environment as requirements for realizing the right to development, which is fully supported by the extracted preambular clause. Precision is an exact, complete continuous span with no extraneous text. Numerical fidelity is fully preserved with correct resolution identification (4 is applied as the standard compatibility value)."", ""quality_reason"": ""search_realism: Presents a serviceable comparison query regarding shared requirements, but it is noticeably constructed around the target sentence's phrasing and relies on citing the resolution symbol.\nanchoring_and_time: Essential act and temporal identification relies entirely on the prohibited resolution locator 'resolution 56/150'; once stripped, the question provides no temporal anchor or discriminator among decades of General Assembly action on the right to development.\nconsequence: The continuous extracted preambular clause directly answers the inquiry by establishing that both national policies and international economic conditions are required for the realization of the right to development.\nlexical_distance: The query adapts the source clauses into entity noun phrases ('national-level development policies', 'international economic relations and the economic environment'), but remains closely patterned on the source sentence structure.\nlinguistic_quality: Grammatically sound, clear, and fluent comparative formulation in English."", ""audit_reason"": ""mode: The base question contains the formal target resolution symbol 'General Assembly resolution 56/150', violating the standalone/locator policy.""}]"
un,2002/a/res/56/150,2002/a/res/56/150#3,claim_verification,validation,0.51,False,0.55,False,0.55,31.0,31.0,False,TN,1,False,False,"[""q_a88ae3b62fc83f16de80482a""]","[""In its consideration of the right to development, did the General Assembly underline that meeting the objectives of good governance depends on good governance at the international level and on transparency in financial, monetary and trading systems?""]","[""Underlining the fact that meeting the objectives of good governance also depends on good governance at the international level and on transparency in the financial, monetary and trading systems and an open, equitable, rules-based, predictable and non-discriminatory multilateral trading and financial system,""]","[""clear""]","[{""faithfulness_reason"": ""The claim is fully supported by the target text, the status verdict is correct, and the selected evidence span precisely captures the relevant preambular paragraph. Numerical fidelity not applicable; 4 is a compatibility value."", ""quality_reason"": ""search_realism: Presents a realistic, well-formed claim verification need testing whether the General Assembly recognized international-level governance and financial transparency as factors for good governance in the context of the right to development.\nanchoring_and_time: Adequately frames the actor (General Assembly) and substantive thematic context (right to development) without relying on forbidden document symbols or formal locators.\nconsequence: The provided target excerpt directly and fully confirms the queried proposition, establishing that the GA underlined this exact relationship.\nlexical_distance: The query relies heavily on the source phrasing ('meeting the objectives of good governance depends on good governance at the international level and on transparency in financial, monetary and trading systems'), applying only an interrogative frame and minor minor omissions.\nlinguistic_quality: Grammatically sound, natural, and clear English syntax throughout."", ""audit_reason"": ""No problems reported.""}]"
un,2002/a/res/56/150,2002/a/res/56/150#3,source_finding,validation,0.49,False,0.55,False,0.55,31.0,31.0,False,TN,1,False,False,"[""q_07624d6eb459dabe531328af""]","[""Which General Assembly resolution underlines that good governance depends on transparency in financial, monetary and trading systems and an open, equitable, rules-based, predictable and non-discriminatory multilateral system?""]","[""A/RES/56/150""]","[""clear""]","[{""faithfulness_reason"": ""The clue accurately reflects the target preambular paragraph, and the official document symbol A/RES/56/150 is correctly identified and extracted without defect."", ""quality_reason"": ""search_realism: Presents a clear and realistic legal research need seeking the specific General Assembly resolution that affirmed principles connecting international governance to transparent, non-discriminatory multilateral trading and financial systems.\nanchoring_and_time: Well-anchored by the issuing organ (General Assembly) and a detailed substantive description of the economic governance principles, enabling unambiguous identification of the target act without using prohibited formal locators.\nconsequence: The submitted source identifier accurately identifies the document, and the contiguous target block evidence fully substantiates every element of the clue in the query.\nlexical_distance: The query relies heavily on a long verbatim string of terms directly copied from the target passage ('transparency in financial, monetary and trading systems and an open, equitable, rules-based, predictable and non-discriminatory multilateral system'), resulting in a source-shaped formulation with limited paraphrasing.\nlinguistic_quality: The question is grammatically sound, clear, and drafted in fluent, standard international legal English."", ""audit_reason"": ""No problems reported.""}]"
un,2002/a/res/56/29,2002/a/res/56/29#1,lookup,validation,0.53,False,0.55,False,0.55,31.0,31.0,False,TN,2,False,False,"[""q_dc9160568c4c5013c0fcc7d1"", ""q_3f8ad957e63164beda64619f""]","[""In the General Assembly's resolution on strengthening security and cooperation in the Mediterranean, what did it say about the peace negotiations in the Middle East?"", ""What concern did the General Assembly express in its resolution on strengthening security and cooperation in the Mediterranean regarding conditions that hinder efforts to strengthen security and cooperation in the region?""]","[""which should be of a comprehensive nature and represent an appropriate framework for the peaceful settlement of contentious issues in the region"", ""the persistent tension and continuing military activities in parts of the Mediterranean""]","[""clear"", ""clear""]","[{""faithfulness_reason"": ""The question's premise and requested topic are fully supported by the preambular paragraph of the resolution, and the extracted relative clause accurately identifies what was stated regarding the peace negotiations. Numerical fidelity not applicable; 4 is a compatibility value."", ""quality_reason"": ""practitioner_realism: Presents a clear and natural professional lookup seeking the General Assembly's substantive assessment of the Middle East peace negotiations within the Mediterranean security context.\nanchoring: Identifies the authoring body and resolution title, but omits the session or year for a recurring annual resolution, leaving the base identification broad.\ninformativeness: Directly provides the full substantive characterization without circularity or omitted qualifications.\nconsequence: Fully resolves the exact assessment of the peace negotiations expressed in the preambular paragraph.\nlinguistic_quality: Grammatically sound, natural English; the answer span naturally retains the relative clause structure of the resolution."", ""audit_reason"": ""No problems reported.""}, {""faithfulness_reason"": ""The answer accurately extracts the specific conditions of concern that hinder efforts to strengthen security and cooperation in the region. The span is complete and concise. Numerical fidelity not applicable; 4 is a compatibility value."", ""quality_reason"": ""practitioner_realism: A well-formulated lookup targeting the specific source of concern noted by the Assembly regarding regional security impediments.\nanchoring: Specifies the adopting organ and subject title, but lacks a temporal or session discriminator for this regularly recurring agenda item.\ninformativeness: Provides an exact, well-bounded noun phrase identifying the specific persistent conditions of concern.\nconsequence: Accurately resolves the factual question using the preambular text.\nlinguistic_quality: Clean, well-phrased question and an exact, cleanly extracted noun phrase for the answer."", ""audit_reason"": ""No problems reported.""}]"
un,2002/a/res/56/29,2002/a/res/56/29#1,practitioner,validation,0.53,False,0.55,False,0.55,31.0,26.0,False,TN,2,False,False,"[""q_e7d16bd53912c4a03762ffe7""]","[""A UN mediator is assessing the peace negotiations in the Middle East. How does the General Assembly characterize those negotiations?""]","[""the peace negotiations in the Middle East, which should be of a comprehensive nature and represent an appropriate framework for the peaceful settlement of contentious issues in the region""]","[""blocking""]","[{""faithfulness_reason"": ""The answer quotes the exact contiguous clause from the preambular paragraph defining the character and role of the Middle East peace negotiations. Numerical fidelity not applicable; 4 is a compatibility value."", ""quality_reason"": ""practitioner_realism: The practitioner opening ('A UN mediator is assessing...') is purely decorative and ends in a standard reading-comprehension inquiry ('How does the General Assembly characterize those negotiations?'), failing the final-ask test for an operational task or constraint.\nanchoring_and_time: Essential regime context is missing: the target text is a preambular recital in a resolution on security and cooperation in the Mediterranean, yet the question frames it as a general Middle East peace negotiation query with zero temporal or resolution-level discriminators.\nconsequence: The continuous span accurately captures the characterization in the recital, providing serviceable evidence, though its utility is bounded by the non-binding preambular nature of the text.\ninformativeness: The answer supplies the GA's descriptive characterization, although the opening part of the quotation repeats the topic already established in the prompt.\nlinguistic_quality: Grammatically sound, natural, and concise English formulation."", ""audit_reason"": ""mode: The question relies on a cosmetic practitioner wrapper ('A UN mediator is assessing...') that reduces to a generic comprehension lookup without any concrete practitioner task, decision, or constraint.\nanchoring_and_time: The substantive regime of the resolution (Mediterranean security and cooperation) and any temporal or session discriminator are omitted, leaving the query unlocatable among dozens of Middle East resolutions.""}]"
un,2002/a/res/56/29,2002/a/res/56/29#1,conceptual,validation,0.57,True,0.55,True,0.55,31.0,32.0,True,TP,2,False,True,"[""q_7d3977f76f5f3a3adff4ac08"", ""q_6e9490a7776ac91c6bff5f9a""]","[""How did the General Assembly characterize peace negotiations in the Middle East in its resolution on strengthening security and cooperation in the Mediterranean region?"", ""What did the General Assembly identify as hindering efforts to strengthen security and cooperation in the Mediterranean region?""]","[""Noting the peace negotiations in the Middle East, which should be of a comprehensive nature and represent an appropriate framework for the peaceful settlement of contentious issues in the region,"", ""Expressing its concern at the persistent tension and continuing military activities in parts of the Mediterranean that hinder efforts to strengthen security and cooperation in the region,""]","[""clear"", ""repair""]","[{""faithfulness_reason"": ""The question's premise and requested characterization are fully supported by the target block's third preambular paragraph. Precision is sound with a complete contiguous clause. Numerical fidelity not applicable; 4 is a compatibility value."", ""quality_reason"": ""search_realism: Presents a realistic conceptual query investigating the General Assembly's specific policy perspective on Middle East peace negotiations within the Mediterranean security framework.\nanchoring_and_time: Effectively anchors the substantive agenda item and diplomatic subject matter without relying on prohibited formal symbols or document locators.\nconsequence: The continuous extract directly resolves the question, specifying that negotiations should be comprehensive and provide an appropriate framework for peaceful settlement.\nlexical_distance: Successfully reframes the preambular recital ('Noting...') into a clear interrogative about characterization without mirroring nonessential syntax.\nlinguistic_quality: Fluent, professional, and grammatically precise legal English."", ""audit_reason"": ""No problems reported.""}, {""faithfulness_reason"": ""The question asks what hinders security and cooperation efforts, and the answer extracts the exact preambular paragraph identifying persistent tension and continuing military activities. Numerical fidelity not applicable; 4 is a compatibility value."", ""quality_reason"": ""search_realism: Formulates a genuine conceptual inquiry focusing on the situation/factors viewed by the General Assembly as impediments to regional cooperation.\nanchoring_and_time: Establishes proper institutional context and substantive focus on Mediterranean security and cooperation without prohibited locators.\nconsequence: Directly resolves the unknown by providing the exact preambular clause identifying persistent tension and continuing military activities as the hindering factors.\nlexical_distance: Appropriately transforms the passive preambular phrase into an active information-seeking question while maintaining necessary substantive terms.\nlinguistic_quality: Clean, grammatical, and natural phrasing conforming to professional standards."", ""audit_reason"": ""metadata: The anchor substring ('persistent tension and continuing military activities') is extracted from the source text and does not appear anywhere in the question.""}]"
un,2002/a/res/56/29,2002/a/res/56/29#1,comparison,validation,0.26,False,0.55,False,0.55,31.0,25.0,False,TN,1,False,False,"[""q_ad46cbe1f42ad939691f1fae""]","[""In resolution 56/29 on strengthening security and cooperation in the Mediterranean region, how does the General Assembly compare all States' responsibility to contribute to regional stability and prosperity with their commitment to respect the Charter and the principles of friendly relations among States?""]","[""Reaffirming the responsibility of all States to contribute to the stability and prosperity of the Mediterranean region and their commitment to respecting the purposes and principles of the Charter of the United Nations, as well as the provisions of the Declaration on Principles of International Law concerning Friendly Relations and Cooperation among States in accordance with the Charter of the United Nations,""]","[""blocking""]","[{""faithfulness_reason"": ""The answer quotes the exact preambular paragraph establishing both sides of the comparison (responsibility to contribute to regional stability and prosperity alongside commitment to the Charter and friendly relations principles) as reaffirmed duties of all States. The span is fully sufficient and concise. Numerical fidelity not applicable; 4 is a compatibility value."", ""quality_reason"": ""search_realism: The query fails the persona and objective of comparison mode: it forces a comparative framing ('how does the General Assembly compare...') onto two grammatically coordinated objects in a single preambular recital ('responsibility... and their commitment...') where no actual comparison, evaluation, or common aspect exists.\nanchoring_and_time: The question relies on an explicit prohibited formal resolution number ('resolution 56/29'), which violates the universal standalone/locator policy.\nconsequence: The submitted preambular clause does not establish any substantive comparison between the two elements; it merely reaffirms both in parallel.\nlexical_distance: The query adapts the preambular language into question form with minor alterations, but largely preserves the source phrase structure.\nlinguistic_quality: The sentence is grammatically well-formed, natural, and clear in English."", ""audit_reason"": ""mode: Contains a prohibited formal act identifier ('resolution 56/29') in violation of the locator policy for comparison mode.\nmode: Invalid comparison task; the source merely mentions two coordinated responsibilities/commitments without comparing them along any common aspect.\nsupport: The answer span does not compare the two entities; it merely recites that the General Assembly reaffirms both.\nmetadata: Both elements in comparison_entities ('contribute to the stability and prosperity of the Mediterranean region' and 'respecting the purposes and principles of the Charter of the United Nations') fail exact substring matching against the question, which uses 'contribute to regional stability and prosperity' and 'respect the Charter and the principles of friendly relations among States'.""}]"
un,2002/a/res/56/29,2002/a/res/56/29#1,claim_verification,validation,0.57,True,0.55,True,0.55,31.0,29.0,False,FP,2,False,False,"[""q_4666b9f8c971e05e96c992b1""]","[""In its resolution on strengthening security and cooperation in the Mediterranean region, did the General Assembly note that the Middle East peace negotiations should be comprehensive and provide an appropriate framework for the peaceful settlement of contentious issues in the region?""]","[""Noting the peace negotiations in the Middle East, which should be of a comprehensive nature and represent an appropriate framework for the peaceful settlement of contentious issues in the region,""]","[""clear""]","[{""faithfulness_reason"": ""The claim is fully supported by the target block preambular paragraph confirming the General Assembly's note on the Middle East peace negotiations. The extracted span is exact and concise. Numerical fidelity not applicable; 4 is a compatibility value."", ""quality_reason"": ""search_realism: The query sets up a serviceable claim verification task checking the General Assembly's stance on Middle East peace negotiations in the context of Mediterranean security, though it feels visibly reverse-engineered from the preambular clause.\nanchoring_and_time: The question identifies the subject matter of the resolution ('strengthening security and cooperation in the Mediterranean region') and the actor, but omits a session or temporal marker for an agenda item that recurs annually across sessions.\nconsequence: The submitted preambular paragraph directly confirms that the General Assembly noted the peace negotiations should be comprehensive and represent an appropriate framework for peaceful settlement.\nlexical_distance: The query keeps most source phrasing intact ('peace negotiations in the Middle East', 'appropriate framework for the peaceful settlement of contentious issues in the region') with minimal alterations ('comprehensive nature' to 'comprehensive', 'represent' to 'provide').\nlinguistic_quality: The sentence is grammatically sound, natural, and accurately conveys the proposition to be verified."", ""audit_reason"": ""No problems reported.""}]"
un,2002/a/res/56/29,2002/a/res/56/29#1,source_finding,validation,0.51,False,0.55,False,0.55,31.0,31.0,False,TN,1,False,False,"[""q_a6cf14d5926c6e78521d3f03""]","[""Which General Assembly resolution records that prospects for closer Euro-Mediterranean cooperation can be enhanced by positive developments worldwide, particularly in Europe, the Maghreb and the Middle East?""]","[""A/RES/56/29""]","[""clear""]","[{""faithfulness_reason"": ""The official document identifier A/RES/56/29 correctly identifies the target resolution, and all material elements of the clue in the question are directly grounded in the cited preambular paragraph. Precision is sound with a concise, contiguous evidence span, and the document symbol is reproduced accurately."", ""quality_reason"": ""search_realism: The query presents a coherent and realistic source-finding objective for a researcher seeking the specific General Assembly resolution expressing this Euro-Mediterranean policy recognition.\nanchoring_and_time: The question includes sufficient substantive context (General Assembly, Euro-Mediterranean cooperation, Europe, the Maghreb, and the Middle East) to distinguish the resolution without leaking formal document symbols or locators.\nconsequence: The submitted document symbol A/RES/56/29 precisely identifies the target act, and the evidence span fully substantiates the exact clue provided in the prompt.\nlexical_distance: The phrasing closely mirrors the source sentence structure ('prospects for closer Euro-Mediterranean cooperation can be enhanced by positive developments worldwide, particularly in Europe, the Maghreb and the Middle East'), applying only minimal syntactic adjustment.\nlinguistic_quality: The question is formulated in fully fluent, grammatical, and natural English."", ""audit_reason"": ""No problems reported.""}]"
un,2006/a/c_4/61/sr_10,2006/a/c_4/61/sr_10#17,lookup,validation,0.37,False,0.55,False,0.55,31.0,32.0,True,FN,2,False,True,"[""q_d32de330fb7e36866524d756"", ""q_e9fe649f37ada22f827f2220""]","[""At the 16 October 2006 discussion of questions relating to information, what did the Rio Group representative urge the Department of Public Information to do to reach a worldwide audience, according to the Special Political and Decolonization Committee's summary record?"", ""At the 16 October 2006 discussion of questions relating to information, what did the Rio Group representative say about cooperation between the Department of Peacekeeping Operations and the Department of Public Information, according to the Special Political and Decolonization Committee's summary record?""]","[""expand its links with national broadcasters and journalists in order to reach a worldwide audience"", ""The close cooperation between the Department of Peacekeeping Operations and DPI was commendable and should be expanded to ensure the best support for vital peacekeeping operations.""]","[""clear"", ""clear""]","[{""faithfulness_reason"": ""The premise regarding the Rio Group representative's statement on reaching a global audience is fully established by the context and target block text. The answer accurately extracts the specific recommended action. Numerical fidelity not applicable; 4 is a compatibility value."", ""quality_reason"": ""practitioner_realism: Presents a realistic, well-defined lookup inquiry regarding a regional bloc's specific recommendation to the Department of Public Information during a Fourth Committee debate.\nanchoring: The base query clearly identifies the committee, date, agenda item, and speaking actor without relying on formal document symbols or paragraph numbers.\ninformativeness: The extracted answer precisely identifies the required action (expanding links with national broadcasters and journalists) along with the stated objective.\nconsequence: Directly and completely satisfies the operational inquiry raised in the prompt.\nlinguistic_quality: Natural, grammatically correct, and concise English phrasing across both question renderings and the answer span."", ""audit_reason"": ""No problems reported.""}, {""faithfulness_reason"": ""The question's attribution to the Rio Group representative is supported by the preceding context, and the target text directly supplies the statement on cooperation between DPKO and DPI. The extracted span is concise and complete. Numerical fidelity not applicable; 4 is a compatibility value."", ""quality_reason"": ""practitioner_realism: Formulates a genuine research lookup concerning a delegation's position on inter-departmental cooperation in peacekeeping communication.\nanchoring: Accurately specifies the date, committee context, agenda topic, and representative bloc without premature citation markers in the base question.\ninformativeness: The answer cleanly quotes paragraph 42 of the summary record, providing the assessment (commendable) and the specific recommendation (expansion to ensure best support).\nconsequence: Fully resolves the unknown regarding the Rio Group's view on DPKO-DPI collaboration.\nlinguistic_quality: Fluent, unambiguous, and professional legal/diplomatic phrasing throughout."", ""audit_reason"": ""No problems reported.""}]"
un,2006/a/c_4/61/sr_10,2006/a/c_4/61/sr_10#17,practitioner,validation,0.44,False,0.55,False,0.55,31.0,24.0,False,TN,2,False,False,"[""q_4a2cec6080c7e411eaa11993""]","[""How should DPI reach audiences in the developing world where radio and print media remain key sources of information?""]","[""It should therefore expand its links with national broadcasters and journalists in order to reach a worldwide audience.""]","[""blocking""]","[{""faithfulness_reason"": ""The premise and resolution are fully supported by paragraph 42 of the target text, and the extracted sentence directly and concisely answers the question. Numerical fidelity not applicable; 4 is a compatibility value."", ""quality_reason"": ""practitioner_realism: There is no practitioner scenario, decision, or applied task; it is an ordinary document comprehension lookup.\nanchoring_and_time: The item fails to anchor the statement to the speaker (the representative of Guyana speaking on behalf of the Rio Group) or the Fourth Committee meeting context.\nconsequence: The question frames the statement as an authoritative corporate mandate for DPI rather than an attributed position/recommendation expressed by a regional group in general debate.\ninformativeness: The extracted sentence provides a complete thought, but its value is impaired by stripping the necessary speaker attribution.\nlinguistic_quality: Fluent, natural, and grammatically sound phrasing in both the question and answer."", ""audit_reason"": ""mode: Contains no practitioner persona, operational problem, or applied context as mandated for un_practitioners.\nsupport: Fails status and speaker attribution by converting a statement made by Guyana on behalf of the Rio Group into an objective UN-wide operational requirement.""}]"
un,2006/a/c_4/61/sr_10,2006/a/c_4/61/sr_10#17,conceptual,validation,0.55,True,0.55,True,0.55,31.0,31.0,False,FP,2,False,False,"[""q_a894c4a4368a3514042b652f"", ""q_d7ff2c3709de7beb1bd86901""]","[""Why did the Rio Group urge the Department of Public Information to expand its links with national broadcasters and journalists?"", ""Why did the Rio Group call for closer cooperation between the Department of Peacekeeping Operations and the Department of Public Information?""]","[""The Department should be aware that, even though the new information and communication technology was readily available in the developed world, the traditional means of communication like radio and the print media were to many in the developing world still the only means of obtaining information.\nIt should therefore expand its links with national broadcasters and journalists in order to reach a worldwide audience."", ""The close cooperation between the Department of Peacekeeping Operations and DPI was commendable and should be expanded to ensure the best support for vital peacekeeping operations.""]","[""clear"", ""clear""]","[{""faithfulness_reason"": ""The premise correctly identifies the Rio Group via the resolved speaker context, and the extracted contiguous text fully answers the question by providing the rationale and intended audience. Numerical fidelity not applicable; 4 is a compatibility value."", ""quality_reason"": ""search_realism: Presents a realistic, coherent conceptual inquiry exploring the policy rationale behind a regional group's communication recommendations.\nanchoring_and_time: Properly identifies the actor (the Rio Group, established in preceding context) and the target entity (Department of Public Information) without using formal document locators.\nconsequence: The selected passage fully and directly answers the question, providing both the underlying problem (reliance on traditional media in the developing world) and the ultimate objective (reaching a worldwide audience).\nlexical_distance: The predicate 'expand its links with national broadcasters and journalists' is taken verbatim from the text, though framed naturally into an interrogative structure.\nlinguistic_quality: Grammatically sound, clear, and well-structured English phrasing."", ""audit_reason"": ""No problems reported.""}, {""faithfulness_reason"": ""The Rio Group's rationale for expanding cooperation between DPKO and DPI ('to ensure the best support for vital peacekeeping operations') is directly and fully captured by the selected sentence. Numerical fidelity not applicable; 4 is a compatibility value."", ""quality_reason"": ""search_realism: Reflects a practical and plausible search objective regarding inter-departmental coordination rationale within the UN system.\nanchoring_and_time: Accurately anchors the position to the Rio Group and names both UN bodies involved without relying on citation symbols.\nconsequence: Directly resolves the unknown by citing the explicit purpose stated in the text ('to ensure the best support for vital peacekeeping operations').\nlexical_distance: Relies closely on source terms ('close cooperation between the Department of Peacekeeping Operations and DPI'), although it appropriately spells out the acronym.\nlinguistic_quality: Clean, grammatically correct, and concise question syntax."", ""audit_reason"": ""No problems reported.""}]"
un,2006/a/c_4/61/sr_10,2006/a/c_4/61/sr_10#17,comparison,validation,0.25,False,0.55,False,0.55,31.0,32.0,True,FN,1,False,True,"[""q_59417302f2e7068a65e8a56d""]","[""In the Department of Public Information's global outreach work in 2006, how did access to communication technologies differ between the developed world and the developing world?""]","[""The Department should be aware that, even though the new information and communication technology was readily available in the developed world, the traditional means of communication like radio and the print media were to many in the developing world still the only means of obtaining information. It should therefore expand its links with national broadcasters and journalists in order to reach a worldwide audience.""]","[""clear""]","[{""faithfulness_reason"": ""The extract establishes the contrast between the developed world (readily available new ICT) and the developing world (traditional media like radio and print remaining the sole means of obtaining information). The answer span includes a minor trailing recommendation sentence, but remains concise and directly relevant. Numerical fidelity not applicable; 4 is a compatibility value."", ""quality_reason"": ""search_realism: Reflects a genuine, well-motivated practitioner inquiry examining UN public information and communication policy in 2006 regarding disparate regional access to technology.\nanchoring_and_time: Successfully contextualizes the query with the substantive body (Department of Public Information), the domain (global outreach work), and the relevant year (2006) without relying on forbidden document locators.\nconsequence: The continuous answer extract directly resolves the comparative question, setting out the availability of new communications technology in the developed world against reliance on traditional media in the developing world.\nlexical_distance: The query naturally reformulates the source statement into a comparative information need without awkward phrasing or copying long verbatim strings.\nlinguistic_quality: Grammatically polished, clear, and idiomatic legal/policy English."", ""audit_reason"": ""No problems reported.""}]"
un,2006/a/c_4/61/sr_10,2006/a/c_4/61/sr_10#17,claim_verification,validation,0.52,False,0.55,False,0.55,31.0,30.0,False,TN,1,False,False,"[""q_4e7b7502181f81eac90c48c8""]","[""In the discussion of the Department of Public Information's public-information work, did the statement recommend expanding DPI's links with national broadcasters and journalists to reach a worldwide audience?""]","[""The Department should be aware that, even though the new information and communication technology was readily available in the developed world, the traditional means of communication like radio and the print media were to many in the developing world still the only means of obtaining information.\nIt should therefore expand its links with national broadcasters and journalists in order to reach a worldwide audience.""]","[""clear""]","[{""faithfulness_reason"": ""The claim is fully supported by the target block, which explicitly states that the Department should expand its links with national broadcasters and journalists in order to reach a worldwide audience. The extracted span is contiguous, capturing the recommendation and its immediate premise without extraneous material. Numerical fidelity not applicable; 4 is a compatibility value."", ""quality_reason"": ""search_realism: Presents a realistic, plausible verification inquiry assessing whether a specific policy recommendation on traditional media outreach was voiced regarding the Department of Public Information.\nanchoring_and_time: Identifies the Department of Public Information and its public-information mandate, but refers generically to 'the statement' without specifying the speaker or delegation (Rio Group / Guyana).\nconsequence: The continuous quoted excerpt directly and decisively confirms the recommendation along with its core rationale.\nlexical_distance: The query lifts the central clause ('expand its links with national broadcasters and journalists in order to reach a worldwide audience') almost verbatim into the question wrapper.\nlinguistic_quality: Grammatically sound, fluent, and well-structured claim verification sentence."", ""audit_reason"": ""No problems reported.""}]"
un,2006/a/c_4/61/sr_10,2006/a/c_4/61/sr_10#17,source_finding,validation,0.47,False,0.55,False,0.55,31.0,32.0,True,FN,1,False,True,"[""q_0f0e1e38f9b578b2f7bb846d""]","[""Which Fourth Committee meeting record contains the Rio Group's recommendation that the Department of Public Information expand its links with national broadcasters and journalists to reach a worldwide audience, given the continuing importance of radio and print media in the developing world?""]","[""A/C.4/61/SR.10""]","[""clear""]","[{""faithfulness_reason"": ""The question's clue is fully established by the target block, with the Rio Group attribution correctly derived from the speaker in paragraph 41. The selected evidence span is contiguous, directly resolves all components of the clue, and the official document symbol A/C.4/61/SR.10 is faithfully reproduced as the answer."", ""quality_reason"": ""search_realism: Formulates a realistic, professional archival retrieval need seeking the record where the Rio Group delivered a specific policy recommendation on media outreach.\nanchoring_and_time: Properly identifies the Fourth Committee setting, the speaking capacity (Rio Group), and the target entity (Department of Public Information) without giving away the document symbol.\nconsequence: The submitted document symbol exactly identifies the source meeting record, and the accompanying evidence span verifies the substantive clue.\nlexical_distance: Naturally reformulates the statement into a well-integrated inquiry while retaining key substantive terms.\nlinguistic_quality: Grammatically flawless, concise, and professional legal/diplomatic English."", ""audit_reason"": ""No problems reported.""}]"
un,2006/a/res/61/163,2006/a/res/61/163#4,lookup,development,0.56,True,0.55,True,0.55,31.0,32.0,True,TP,3,False,True,"[""q_d13f396a91b495e7136d9b09"", ""q_5429033eea2b4ae0474e042a""]","[""What did the General Assembly encourage States to create and adopt in its 19 December 2006 resolution on the right to food as part of achieving the full realization of the right to food?"", ""Which bodies did the General Assembly encourage to integrate a gender perspective into their relevant policies, programmes and activities in its 19 December 2006 resolution on the right to food?""]","[""national plans to combat hunger"", ""the Food and Agriculture Organization of the United Nations and all other United Nations bodies and mechanisms addressing the right to food and food insecurity""]","[""clear"", ""clear""]","[{""faithfulness_reason"": ""The answer is a concise, exact extraction directly resolving what States were encouraged to create and adopt according to paragraph 7. Numerical fidelity not applicable; 4 is a compatibility value."", ""quality_reason"": ""practitioner_realism: Poses a clean, practical lookup regarding specific domestic policy instruments recommended to Member States.\nanchoring: Contextual parameters in the base query (General Assembly, date, right to food) clearly distinguish the source document.\ninformativeness: Provides an exact, concise answer span ('national plans to combat hunger') directly resolving the unknown.\nconsequence: Correctly and completely identifies the specific policy mechanism requested in operative paragraph 7.\nlinguistic_quality: Grammatically sound, well-structured, and idiomatic phrasing."", ""audit_reason"": ""No problems reported.""}, {""faithfulness_reason"": ""The response precisely identifies the bodies encouraged to integrate a gender perspective into their policies, programmes, and activities as set forth in paragraph 6. Numerical fidelity not applicable; 4 is a compatibility value."", ""quality_reason"": ""practitioner_realism: Reflects a genuine information need identifying specific institutional addressees of gender mainstreaming recommendations.\nanchoring: Adequately fixes the target document via the adopting body, date, and thematic title without forbidden locators.\ninformativeness: The extracted span is strictly bounded to the exact bodies named in paragraph 6 without extraneous text.\nconsequence: Accurately resolves the precise actor scope intended by the resolution.\nlinguistic_quality: Fluent, unambiguous, and well-formulated legal query drafting."", ""audit_reason"": ""No problems reported.""}]"
un,2006/a/res/61/163,2006/a/res/61/163#4,practitioner,development,0.54,False,0.55,False,0.55,31.0,29.0,False,TN,3,False,False,"[""q_ff6929035732555c02256cef"", ""q_38c2a87d355ccce4c8a180cb""]","[""For work on the right to food, what gender-mainstreaming actions does the General Assembly encourage the Special Rapporteur and relevant United Nations bodies to undertake?"", ""In pursuing the progressive realization of the right to food, what steps and planning measures are States encouraged to adopt?""]","[""to continue mainstreaming a gender perspective in the fulfilment of his mandate, and encourages the Food and Agriculture Organization of the United Nations and all other United Nations bodies and mechanisms addressing the right to food and food insecurity to integrate a gender perspective into their relevant policies, programmes and activities"", ""to take steps with a view to achieving progressively the full realization of the right to food, including steps to promote the conditions for everyone to be free from hunger and, as soon as possible, to enjoy fully the right to food, and to create and adopt national plans to combat hunger""]","[""blocking"", ""blocking""]","[{""faithfulness_reason"": ""The answer provides the contiguous excerpt from paragraph 6 detailing the gender-mainstreaming measures encouraged for the Special Rapporteur and UN bodies. Numerical fidelity not applicable; 4 is a compatibility value."", ""quality_reason"": ""practitioner_realism: Formulated as a direct document-comprehension question asking what the General Assembly encourages actors to do, with no practitioner persona, decision, or applied task.\nanchoring_and_time: Identifies the General Assembly, the Special Rapporteur, and the right-to-food mandate, though it omits temporal anchoring such as resolution year or session.\nconsequence: The continuous span accurately resolves the full scope of gender-mainstreaming actions requested of both the Special Rapporteur and relevant UN entities.\ninformativeness: Provides complete and distinct informational value covering both mandate fulfilment and policy/programme integration.\nlinguistic_quality: Clear, fluent, and grammatical phrasing in both question and quoted extract."", ""audit_reason"": ""mode: The question lacks a practitioner persona or practical operational scenario, operating as a reading-comprehension inquiry.""}, {""faithfulness_reason"": ""The extracted span accurately and fully reproduces the actions and planning measures encouraged for States under paragraph 7. Numerical fidelity not applicable; 4 is a compatibility value."", ""quality_reason"": ""practitioner_realism: Presents an abstract comprehension question about encouraged steps rather than framing a concrete task for an institutional or national practitioner.\nanchoring_and_time: The substantive subject matter is clear, but the question lacks temporal markers or specific institutional framing.\nconsequence: The extract fully resolves the inquiry by providing the complete range of progressive realization steps and planning measures.\ninformativeness: Supplies meaningful substance, including conditions to be free from hunger and the adoption of national plans.\nlinguistic_quality: Grammatically sound, concise, and natural legal English."", ""audit_reason"": ""mode: The candidate is structured as a generic comprehension prompt without a concrete practitioner task or circumstance.\nmetadata: The declared anchor 'national plans to combat hunger' does not appear in the question text.""}]"
un,2006/a/res/61/163,2006/a/res/61/163#4,conceptual,development,0.62,True,0.55,True,0.55,31.0,32.0,True,TP,3,False,True,"[""q_2e2ffb166e7c70957965fa8e"", ""q_ec257c5762d6096e070fe04f"", ""q_901e2465180f1a1dc7593e05""]","[""How does the General Assembly’s 19 December 2006 resolution on the right to food address gender inequality and discrimination against women?"", ""What steps does the 19 December 2006 resolution on the right to food encourage States to take toward the progressive realization of that right?"", ""What gender-mainstreaming role does the 19 December 2006 resolution on the right to food encourage the Special Rapporteur and United Nations bodies to undertake?""]","[""Encourages all States to take action to address gender inequality and discrimination against women, in particular where it contributes to the malnutrition of women and girls, including measures to ensure the full and equal realization of the right to food and ensuring that women have equal access to resources, including income, land and water, to enable them to feed themselves and their families;"", ""Encourages all States to take steps with a view to achieving progressively the full realization of the right to food, including steps to promote the conditions for everyone to be free from hunger and, as soon as possible, to enjoy fully the right to food, and to create and adopt national plans to combat hunger;"", ""Encourages the Special Rapporteur of the Human Rights Council on the right to food to continue mainstreaming a gender perspective in the fulfilment of his mandate, and encourages the Food and Agriculture Organization of the United Nations and all other United Nations bodies and mechanisms addressing the right to food and food insecurity to integrate a gender perspective into their relevant policies, programmes and activities;""]","[""clear"", ""repair"", ""repair""]","[{""faithfulness_reason"": ""The answer provides a verbatim contiguous extraction of paragraph 5 addressing the question fully and accurately. Numerical fidelity not applicable; 4 is a compatibility value."", ""quality_reason"": ""search_realism: Presents a realistic, well-motivated conceptual inquiry from a policy or legal research perspective into how the General Assembly structured its response to gender inequality within the right to food framework.\nanchoring_and_time: Properly specifies the General Assembly, the adoption date (19 December 2006), and the substantive resolution topic without relying on formal symbols or paragraph pointers.\nconsequence: The extracted paragraph fully answers the question, providing both the core encouragement to States and the concrete measures concerning food realization and resource access.\nlexical_distance: Integrates essential legal and thematic terminology naturally while structuring the inquiry into an original interrogative format.\nlinguistic_quality: Clear, grammatically correct, and idiomatic legal English."", ""audit_reason"": ""No problems reported.""}, {""faithfulness_reason"": ""The answer is a direct and concise extraction of paragraph 7, completely resolving the question. Numerical fidelity not applicable; 4 is a compatibility value."", ""quality_reason"": ""search_realism: Articulates a clear and standard international law inquiry into the recommended measures for progressive realization of a human right.\nanchoring_and_time: Correctly anchors the temporal and substantive scope to the 19 December 2006 resolution on the right to food.\nconsequence: The target span directly resolves the question by listing the specific steps encouraged, including conditions to be free from hunger and national action plans.\nlexical_distance: Formulates the question into natural searcher prose while preserving necessary legal concepts like progressive realization.\nlinguistic_quality: Grammatically sound, precise, and natural English."", ""audit_reason"": ""metadata: anchor 'progressively the full realization of the right to food' is taken from the source and is not an exact substring in the question (which uses 'progressive realization of that right').""}, {""faithfulness_reason"": ""The answer quotes paragraph 6 verbatim, fully answering the question regarding both the Special Rapporteur and UN bodies. Numerical fidelity not applicable; 4 is a compatibility value."", ""quality_reason"": ""search_realism: Reflects a genuine, well-focused institutional search need regarding the gender-mainstreaming responsibilities recommended for UN mandates and bodies.\nanchoring_and_time: Accurately specifies the date, topic, and actors (Special Rapporteur and UN bodies) without improper locators.\nconsequence: The answer directly and comprehensively resolves both branches of the inquiry (the Special Rapporteur's mandate and other UN bodies/mechanisms).\nlexical_distance: Successfully synthesizes source phrasing ('gender-mainstreaming role' covers both 'mainstreaming a gender perspective' and 'integrate a gender perspective') with good lexical distance.\nlinguistic_quality: Fluent, concise, and professionally phrased."", ""audit_reason"": ""metadata: anchor 'mainstreaming a gender perspective' does not appear as an exact substring in the question (which instead uses 'gender-mainstreaming').""}]"
un,2006/a/res/61/163,2006/a/res/61/163#4,comparison,development,0.26,False,0.55,False,0.55,31.0,32.0,True,FN,1,False,True,"[""q_6008a5f7d2f06b03b7b60972""]","[""In the General Assembly's 19 December 2006 resolution on the right to food, how did the treatment of all States compare with that of the Special Rapporteur and United Nations bodies regarding gender-responsive action?""]","[""5. Encourages all States to take action to address gender inequality and discrimination against women, in particular where it contributes to the malnutrition of women and girls, including measures to ensure the full and equal realization of the right to food and ensuring that women have equal access to resources, including income, land and water, to enable them to feed themselves and their families;\n6. Encourages the Special Rapporteur of the Human Rights Council on the right to food to continue mainstreaming a gender perspective in the fulfilment of his mandate, and encourages the Food and Agriculture Organization of the United Nations and all other United Nations bodies and mechanisms addressing the right to food and food insecurity to integrate a gender perspective into their relevant policies, programmes and activities;""]","[""clear""]","[{""faithfulness_reason"": ""The comparison question accurately identifies both sets of actors and their gender-related actions under the resolution, directly resolved by paragraphs 5 and 6. The contiguous span includes both comparative elements while omitting paragraph 7. The resolution date in the question is factually accurate."", ""quality_reason"": ""search_realism: Presents a realistic, practitioner-oriented comparison query examining how GA recommendations differentiate gender-related obligations for Member States versus gender-mainstreaming instructions for UN mechanisms.\nanchoring_and_time: Successfully identifies the subject, issuing body, and adoption date without using formal document symbols or paragraph citations.\nconsequence: The continuous extract of paragraphs 5 and 6 fully resolves both comparative arms, contrasting substantive state actions on inequality and access to resources with institutional mainstreaming tasks for UN mandate holders and agencies.\nlexical_distance: Phrased naturally in the searcher's own words ('gender-responsive action') while retaining necessary entity references.\nlinguistic_quality: The question is grammatically sound, concise, and clearly structured."", ""audit_reason"": ""No problems reported.""}]"
un,2006/a/res/61/163,2006/a/res/61/163#4,claim_verification,development,0.58,True,0.55,True,0.55,31.0,31.0,False,FP,1,False,False,"[""q_b22c9fadd975c823fd3ac5d1""]","[""In its 19 December 2006 resolution on the right to food, did the General Assembly encourage States to create and adopt national plans to combat hunger?""]","[""7. Encourages all States to take steps with a view to achieving progressively the full realization of the right to food, including steps to promote the conditions for everyone to be free from hunger and, as soon as possible, to enjoy fully the right to food, and to create and adopt national plans to combat hunger;""]","[""repair""]","[{""faithfulness_reason"": ""The claim is fully supported by operative paragraph 7 of the resolution, and the extraction provides the exact governing text without extraneous content. Numerical fidelity not applicable; 4 is a compatibility value."", ""quality_reason"": ""search_realism: Presents a realistic, natural verification task for a researcher confirming an operative recommendation made by the General Assembly regarding national anti-hunger strategies.\nanchoring_and_time: Properly fixes the adopting body (General Assembly), the date of adoption (19 December 2006), and the substantive topic (right to food) without using prohibited resolution symbols or exact document locators.\nconsequence: Paragraph 7 of the target block directly confirms that the General Assembly encouraged all States to take steps including creating and adopting national plans to combat hunger, fully validating the 'supported' verdict.\nlexical_distance: The query frames the proposition into an interrogative format, but reproduces the phrase 'create and adopt national plans to combat hunger' verbatim from paragraph 7.\nlinguistic_quality: Clear, concise, and grammatically correct English formulation."", ""audit_reason"": ""metadata: The 'claim' field ('the General Assembly encouraged States to create and adopt national plans to combat hunger') is not an exact substring of the question, which uses the base form 'encourage' ('did the General Assembly encourage States to create and adopt national plans to combat hunger?').""}]"
un,2006/a/res/61/163,2006/a/res/61/163#4,source_finding,development,0.49,False,0.55,False,0.55,31.0,29.0,False,TN,1,False,False,"[""q_ebbbf96b09b03f0052ce360a""]","[""Which General Assembly resolution encourages the Food and Agriculture Organization and other United Nations bodies addressing the right to food and food insecurity to integrate a gender perspective into their relevant policies, programmes and activities?""]","[""A/RES/61/163""]","[""clear""]","[{""faithfulness_reason"": ""The target document symbol A/RES/61/163 accurately identifies the resolution from metadata, and all material components of the clue regarding the Food and Agriculture Organization and other UN bodies integrating a gender perspective are directly supported by paragraph 6 of the target body. The selected full sentence is complete and concise, and the resolution identifier is reproduced correctly."", ""quality_reason"": ""search_realism: The query presents an understandable source-finding task seeking the resolution containing this specific mandate, but the phrasing is heavily structured by the source sentence rather than an organic research query.\nanchoring_and_time: The question provides sufficient substantive institutional context by identifying the General Assembly, the Food and Agriculture Organization, other UN food security bodies, and the substantive topic.\nconsequence: The provided target document symbol A/RES/61/163 directly and completely resolves the query clue based on operative paragraph 6 of the target text.\nlexical_distance: The question is an avoidable near-verbatim copy of the source clause with a thin interrogative wrapper, reproducing the exact trailing scaffolding 'addressing the right to food and food insecurity to integrate a gender perspective into their relevant policies, programmes and activities'.\nlinguistic_quality: The sentence is grammatically correct, fluent, and clearly formulated."", ""audit_reason"": ""No problems reported.""}]"
un,2006/cd/pv_1007,2006/cd/pv_1007#19,lookup,development,0.42,False,0.55,False,0.55,31.0,23.0,False,TN,3,False,False,"[""q_e1fa0a41b3a4f45b22526691"", ""q_fe5f9bac6e3c8c007a58a7bb"", ""q_1eee92ffcdc63f3331d1dcea""]","[""What concrete contribution did the Italian delegation say the renewal of the Moscow Treaty offered Russia and the United States in its 2006 Conference on Disarmament statement on nuclear disarmament?"", ""Which principles did the Italian delegation describe as essential constructs of good-faith negotiations in its 2006 Conference on Disarmament statement on nuclear disarmament?"", ""What did the Italian delegation say the creation of nuclear-weapon-free zones demonstrated in its 2006 Conference on Disarmament statement on nuclear disarmament?""]","[""by agreeing to destroy rather than stockpile the weapons covered by the Treaty"", ""transparency and irreversibility"", ""acts as a powerful symbol for demonstrating renunciation of weapons of mass destruction to the international community""]","[""blocking"", ""blocking"", ""blocking""]","[{""faithfulness_reason"": ""The question attributes the statement to the Italian delegation, whereas the turn boundaries in the context establish that the speaker is Ambassador Caughley of New Zealand; this false speaker premise limits grounding to 2. Precision is 4 as the extracted span accurately captures the requested contribution. Numerical fidelity not applicable; 4 is a compatibility value."", ""quality_reason"": ""practitioner_realism: Presents a serviceable lookup request for a specific position taken during the nuclear disarmament debate, though it follows a standard text-extraction pattern.\nanchoring: The base question attributes the statement to the Italian delegation, but the speaker delivering the target passage in the meeting record is Ambassador Caughley of New Zealand; the essential actor attribution is false.\ninformativeness: Capped at 2 because the premise attributes the statement to the wrong national delegation (Italy instead of New Zealand), failing evidential support.\nconsequence: Capped at 2 because the candidate asks what the Italian delegation stated, whereas the quoted position was expressed by New Zealand.\nlinguistic_quality: Grammatically sound, fluent, and well-structured English phrasing with clear syntax."", ""audit_reason"": ""support: The statement in the target block was delivered by Ambassador Caughley of New Zealand, not the Italian delegation.\nmetadata: The anchor substring 'destroy rather than stockpile' does not appear in the question; it is taken from the answer/source text.""}, {""faithfulness_reason"": ""The question materially misattributes the statement to the Italian delegation instead of New Zealand (Ambassador Caughley), imposing a mandatory grounding ceiling of 2. Precision is 4 for an exact, well-delimited extraction of the two principles. Numerical fidelity not applicable; 4 is a compatibility value."", ""quality_reason"": ""practitioner_realism: A straightforward professional lookup asking for specific principles identified in a plenary debate, with ordinary execution.\nanchoring: The base question identifies the speaking actor as the Italian delegation, whereas the turn belongs to New Zealand; essential speaker identification is false.\ninformativeness: Capped at 2 due to the material speaker attribution failure in the question premise.\nconsequence: Capped at 2 because the answer does not resolve what the Italian delegation stated; the statement was made by New Zealand.\nlinguistic_quality: Clear, natural, and grammatically correct formulation without noticeable flaws."", ""audit_reason"": ""support: The statement in the target block was delivered by New Zealand (Ambassador Caughley), not the Italian delegation.""}, {""faithfulness_reason"": ""The premise attributes the statement to Italy rather than New Zealand, violating speaker attribution and capping grounding at 2. Precision is 4 as the span contains the core answer without material excess. Numerical fidelity not applicable; 4 is a compatibility value."", ""quality_reason"": ""practitioner_realism: Formulates a typical information retrieval need regarding a delegation's characterization of nuclear-weapon-free zones.\nanchoring: The base question attributes the statement to Italy rather than New Zealand, rendering the primary actor context materially incorrect.\ninformativeness: Capped at 2 because the question's central premise asserts that the Italian delegation made this assessment, which is unsupported by the record.\nconsequence: Capped at 2 because the submitted evidence reflects New Zealand's statement, leaving the question's premise regarding the Italian delegation unresolved.\nlinguistic_quality: Natural, fluent English phrasing that poses the question clearly."", ""audit_reason"": ""support: The statement in the target block was delivered by the delegation of New Zealand (Ambassador Caughley), not the Italian delegation.""}]"
un,2006/cd/pv_1007,2006/cd/pv_1007#19,practitioner,development,0.46,False,0.55,False,0.55,31.0,32.0,True,FN,2,False,True,"[""q_c07dbc6703a80404bc9ce116"", ""q_f869494fa0e0e92968a78015""]","[""In the Conference on Disarmament's nuclear-disarmament debate, a delegation is preparing its position on the upcoming renewal of the Moscow Treaty. What concrete contribution does the statement identify for Russia and the United States?"", ""For a regional nuclear-disarmament briefing based on the Conference on Disarmament debate, how does the statement illustrate the potential contribution of nuclear-weapon-free zones?""]","[""The upcoming renewal of the Moscow Treaty provides Russia and the United States with the opportunity to make an effective concrete contribution to nuclear disarmament, by agreeing to destroy rather than stockpile the weapons covered by the Treaty."", ""Nuclear-weapon-free zones' potential to contribute to nuclear disarmament is most comprehensively illustrated in the case of the Treaty of Tlatelolco, where Latin American countries moved together to discard the nuclear weapons option as a region.""]","[""clear"", ""clear""]","[{""faithfulness_reason"": ""The answer quotes the exact continuous sentence from the target block that defines the specific contribution Russia and the United States could make upon the renewal of the Moscow Treaty. Numerical fidelity not applicable; 4 is a compatibility value."", ""quality_reason"": ""practitioner_realism: Presents a realistic practitioner task of a delegation preparing its stance on the Moscow Treaty renewal within the Conference on Disarmament debate.\nanchoring_and_time: Properly fixes the institutional forum (Conference on Disarmament nuclear-disarmament debate) and the bilateral treaty context without using prohibited document symbols or paragraph numbers.\nconsequence: The selected quotation directly answers the question by identifying the specific recommended action (destroying rather than stockpiling covered weapons).\ninformativeness: Supplies the complete substantive qualification and condition required by the statement without omission or irrelevant padding.\nlinguistic_quality: Grammatical, natural, and clearly phrased professional English."", ""audit_reason"": ""No problems reported.""}, {""faithfulness_reason"": ""The answer provides the exact contiguous sentence directly answering how the potential of nuclear-weapon-free zones is illustrated in the statement, citing the Treaty of Tlatelolco. Numerical fidelity not applicable; 4 is a compatibility value."", ""quality_reason"": ""practitioner_realism: Poses a sound practitioner scenario involving the preparation of a regional nuclear-disarmament briefing based on the plenary debate.\nanchoring_and_time: Accurately anchors the query to the CD debate on nuclear disarmament and regional nuclear-weapon-free zones without prohibited document citations.\nconsequence: Directly and fully provides the illustrative example and rationale (the Treaty of Tlatelolco and Latin American collective action) requested by the question.\ninformativeness: Provides an exact continuous sentence answering how the contribution is illustrated, including both the specific instrument and the regional action taken.\nlinguistic_quality: Clear, concise, and idiomatically sound phrasing."", ""audit_reason"": ""No problems reported.""}]"
un,2006/cd/pv_1007,2006/cd/pv_1007#19,conceptual,development,0.56,True,0.55,True,0.55,31.0,27.0,False,FP,2,False,False,"[""q_d774a9b93d311c3aaf21777c"", ""q_145a18aa018bf749ac2f8712""]","[""How does the statement explain the contribution of nuclear-weapon-free zones to nuclear disarmament?"", ""Why does the statement treat transparency and irreversibility as important to nuclear disarmament, and what opportunity does it identify in renewing the Moscow Treaty?""]","[""In addition to the CTBT, the creation of nuclear-weapon-free zones acts as a powerful symbol for demonstrating renunciation of weapons of mass destruction to the international community. This is particularly valuable at a regional level.\nNuclear-weapon-free zones' potential to contribute to nuclear disarmament is most comprehensively illustrated in the case of the Treaty of Tlatelolco, where Latin American countries moved together to discard the nuclear weapons option as a region."", ""In any debate on nuclear disarmament, the principles of transparency and irreversibility are essential constructs of good-faith negotiations.\nWe welcomed the conclusion of the Moscow Treaty in 2002 as an encouraging first step in nuclear disarmament processes.\nThe upcoming renewal of the Moscow Treaty provides Russia and the United States with the opportunity to make an effective concrete contribution to nuclear disarmament, by agreeing to destroy rather than stockpile the weapons covered by the Treaty.""]","[""blocking"", ""blocking""]","[{""faithfulness_reason"": ""The excerpt precisely captures the statement's explanation of nuclear-weapon-free zones as symbols demonstrating renunciation of weapons of mass destruction and the regional illustration of the Treaty of Tlatelolco. Numerical fidelity not applicable; 4 is a compatibility value."", ""quality_reason"": ""search_realism: The prompt is formulated as a reading-comprehension exercise ('How does the statement explain...') rather than an authentic research inquiry from an external practitioner perspective.\nanchoring_and_time: The question omits any mention of the speaking delegation (New Zealand) or the Conference on Disarmament, grounding the inquiry solely on the deictic phrase 'the statement'.\nconsequence: The selected passage fully answers the question, detailing the role of nuclear-weapon-free zones as symbolic demonstrations of renouncing WMDs and illustrating it through the Treaty of Tlatelolco.\nlexical_distance: The question borrows its core phrasing ('contribution of nuclear-weapon-free zones to nuclear disarmament') directly from the source text's 'potential to contribute to nuclear disarmament'.\nlinguistic_quality: Natural, clear, and grammatically correct English."", ""audit_reason"": ""mode: The query uses the unresolved deictic locator 'the statement' instead of specifying the actual speaker or context, violating the standalone policy and adopting document-comprehension framing.\nmetadata: The anchor 'contribute to nuclear disarmament' is not an exact substring of the question, which instead uses the inflected form 'contribution of nuclear-weapon-free zones to nuclear disarmament'.""}, {""faithfulness_reason"": ""The extracted continuous span directly answers both parts of the question regarding transparency/irreversibility as essential constructs of good-faith negotiations and the renewal opportunity of destroying rather than stockpiling weapons. The intervening sentence is necessary to maintain a single contiguous span, and the year 2002 is accurately reproduced."", ""quality_reason"": ""search_realism: The query uses school-like document-comprehension phrasing ('Why does the statement treat...') and combines two separate, loosely related inquiries (transparency/irreversibility rationale and Moscow Treaty renewal opportunities) rather than representing a realistic practitioner search need.\nanchoring_and_time: The query contains no actor or institutional anchoring (omitting the speaker, New Zealand / Ambassador Caughley, and the body, the Conference on Disarmament), relying on the unresolved deictic reference 'the statement'.\nconsequence: The extracted span directly answers both clauses of the question, providing the rationale for transparency and irreversibility as essential constructs of good-faith negotiations and the opportunity to destroy rather than stockpile weapons.\nlexical_distance: The query relies heavily on source terminology ('transparency and irreversibility', 'nuclear disarmament', 'Moscow Treaty', 'opportunity') wrapped in an interrogative frame.\nlinguistic_quality: Grammatically sound, clear, and fluent English prose."", ""audit_reason"": ""mode: The query relies on the unresolved locator 'the statement' without specifying the speaker (New Zealand) or forum (Conference on Disarmament), violating the standalone policy against unresolved document/passage references and exhibiting document-comprehension framing.""}]"
un,2006/cd/pv_1007,2006/cd/pv_1007#19,comparison,development,0.3,False,0.55,False,0.55,31.0,31.0,False,TN,1,False,False,"[""q_96f0f9f5aff36627f051cfc2""]","[""During the Conference on Disarmament's nuclear-disarmament debate, what common opportunity does the renewal of the Moscow Treaty give Russia and the United States?""]","[""The upcoming renewal of the Moscow Treaty provides Russia and the United States with the opportunity to make an effective concrete contribution to nuclear disarmament, by agreeing to destroy rather than stockpile the weapons covered by the Treaty.""]","[""clear""]","[{""faithfulness_reason"": ""The question targets the shared opportunity for both Russia and the United States under the renewal of the Moscow Treaty, which is directly answered by the quoted sentence. Grounding and precision are fully supported and concise without excess. Numerical fidelity not applicable; 4 is a compatibility value."", ""quality_reason"": ""search_realism: The query sets up a realistic shared-treatment inquiry regarding the joint disarmament opportunity afforded to Russia and the United States under the renewal of the bilateral treaty.\nanchoring_and_time: Properly anchors the context within the Conference on Disarmament's nuclear disarmament debate and the renewal of the Moscow Treaty without introducing prohibited document symbols or locators.\nconsequence: The continuous extract cleanly and completely resolves the common opportunity specified in the query, including the specific method of agreeing to destroy rather than stockpile weapons.\nlexical_distance: Adequately framed, though it closely echoes the source clause ('provides Russia and the United States with the opportunity' vs. 'what common opportunity does the renewal ... give Russia and the United States').\nlinguistic_quality: Grammatically sound, natural, and immediately comprehensible English phrasing."", ""audit_reason"": ""No problems reported.""}]"
un,2006/cd/pv_1007,2006/cd/pv_1007#19,claim_verification,development,0.57,True,0.55,True,0.55,31.0,31.0,False,FP,2,False,False,"[""q_b3580a4d010825f3d76c1b86"", ""q_f992f4949468b5b1289155cd""]","[""In the Conference on Disarmament's nuclear-disarmament debate, did the speaker present the renewal of the Moscow Treaty as an opportunity for Russia and the United States to contribute by destroying rather than stockpiling the covered weapons?"", ""In the Conference on Disarmament's nuclear-disarmament debate, did the speaker identify the Treaty of Tlatelolco as the most comprehensive illustration of nuclear-weapon-free zones' contribution to nuclear disarmament?""]","[""The upcoming renewal of the Moscow Treaty provides Russia and the United States with the opportunity to make an effective concrete contribution to nuclear disarmament, by agreeing to destroy rather than stockpile the weapons covered by the Treaty."", ""Nuclear-weapon-free zones' potential to contribute to nuclear disarmament is most comprehensively illustrated in the case of the Treaty of Tlatelolco, where Latin American countries moved together to discard the nuclear weapons option as a region.""]","[""clear"", ""clear""]","[{""faithfulness_reason"": ""The claim is fully supported by the target block sentence, and the claim status 'supported' is correct. Precision is concise and exact to the single sentence. Numerical fidelity not applicable; 4 is a compatibility value."", ""quality_reason"": ""search_realism: Presents a realistic claim verification task regarding a delegation's position on bilateral nuclear arms reduction mechanisms within the Conference on Disarmament.\nanchoring_and_time: Properly grounds the query in the CD nuclear disarmament debate, referencing the specific actors (Russia and the United States) and the agreement under discussion without prohibited formal locators.\nconsequence: The target excerpt directly confirms that the upcoming renewal provides the opportunity to destroy rather than stockpile weapons, fully resolving the claim verdict as supported.\nlexical_distance: Retains significant verbatim wording from the source text ('renewal of the Moscow Treaty', 'opportunity for Russia and the United States to contribute', 'destroy rather than stockpile the covered weapons') within an interrogative frame.\nlinguistic_quality: Grammatically sound, clear, and natural English formulation for verification."", ""audit_reason"": ""No problems reported.""}, {""faithfulness_reason"": ""The claim accurately reflects the source statement regarding the Treaty of Tlatelolco, and the 'supported' label is valid. The answer provides the exact single-sentence span directly addressing the inquiry. Numerical fidelity not applicable; 4 is a compatibility value."", ""quality_reason"": ""search_realism: Reflects a genuine practitioner checking need concerning how a multilateral treaty model is cited in disarmament discussions.\nanchoring_and_time: Clearly specifies the forum context and anchors on the substantive regional instrument (Treaty of Tlatelolco) without violating citation rules.\nconsequence: The selected passage unambiguously affirms that nuclear-weapon-free zones' potential is most comprehensively illustrated by the Treaty of Tlatelolco, validating the supported verdict.\nlexical_distance: Closely tracks the grammatical phrasing of the source clause ('most comprehensive illustration of nuclear-weapon-free zones' contribution to nuclear disarmament' mirroring 'Nuclear-weapon-free zones' potential to contribute to nuclear disarmament is most comprehensively illustrated').\nlinguistic_quality: Fluent, coherent, and precise question syntax."", ""audit_reason"": ""No problems reported.""}]"
un,2006/cd/pv_1007,2006/cd/pv_1007#19,source_finding,development,0.42,False,0.55,False,0.55,31.0,32.0,True,FN,1,False,True,"[""q_b4f605058880f60c5a122664""]","[""Which Conference on Disarmament record contains the proposal that, when the Moscow Treaty is renewed, Russia and the United States should destroy rather than stockpile the weapons covered by it?""]","[""CD/PV.1007""]","[""clear""]","[{""faithfulness_reason"": ""The question's clue directly tracks the target statement regarding the renewal of the Moscow Treaty, the official document identifier CD/PV.1007 is fully supported by the document metadata, and the extracted evidence is an exact, single-sentence contiguous span."", ""quality_reason"": ""search_realism: Presents a realistic research need seeking the specific Conference on Disarmament record reflecting a delegation's position on the SORT/Moscow Treaty renewal.\nanchoring_and_time: The question effectively anchors the institutional context ('Conference on Disarmament record'), the bilateral framework ('Russia and the United States'), and the specific treaty ('Moscow Treaty') without leaking the symbol.\nconsequence: The provided target document symbol ('CD/PV.1007') and corresponding target evidence definitively identify the exact plenary record containing the statement.\nlexical_distance: Smoothly reformulates the source statement ('opportunity to make an effective concrete contribution... by agreeing to destroy rather than stockpile') into an interrogative framing without copying avoidable scaffolding.\nlinguistic_quality: Grammatically sound, fluent, and precise diplomatic/disarmament English."", ""audit_reason"": ""No problems reported.""}]"
un,2007/a/c_3/61/sr_41,2007/a/c_3/61/sr_41#4,lookup,development,0.45,False,0.55,False,0.55,31.0,31.0,False,TN,3,False,False,"[""q_9a19341dd1338e832099c64f"", ""q_674600de06083b3d288b1508"", ""q_ec08fb5f9becd52e0dd9f703""]","[""What did the European Union support to address mixed migratory flows, and what did it say should be integral to migration policy in its statement during the Third Committee's discussion of refugee protection?"", ""What qualification did the European Union attach to providing UNHCR with additional resources and capacity during the Third Committee's discussion of refugee protection?"", ""What did the European Union say about the cluster leadership approach and UNHCR's role in humanitarian coordination during the Third Committee's discussion of refugee protection?""]","[""It supported the ten-point action plan proposed by UNHCR to address the issue of mixed migratory flows and felt that the protection of refugees should form an integral part of migration policy."", ""While UNHCR needed to be given additional resources and capacity to perform its new role of protecting and assisting internally displaced persons, its core mandate should not be undermined."", ""The cluster leadership approach was important for enhanced information exchange and coordination and the lead role played by UNHCR in that connection was welcome.""]","[""clear"", ""clear"", ""clear""]","[{""faithfulness_reason"": ""The premise, speaker attribution to the European Union, and both requested components are fully supported by the target block and document context. The answer extracts the exact single sentence resolving the inquiry. The numerical reference to the ten-point action plan is faithfully preserved."", ""quality_reason"": ""practitioner_realism: Presents a clear, professional diplomatic research inquiry seeking an actor's stated position on policy elements.\nanchoring: Identifies the speaking entity and the committee discussion, but omits the session or year, leaving a recurring annual Third Committee agenda item broad.\ninformativeness: Directly resolves both elements of the compound question with a precise, complete sentence from the target block.\nconsequence: Accurately captures the EU's endorsement of the UNHCR ten-point action plan and the refugee protection integration principle.\nlinguistic_quality: Grammatically sound, clear, and natural phrasing in both the base and cited renderings."", ""audit_reason"": ""No problems reported.""}, {""faithfulness_reason"": ""The qualification regarding additional resources and the preservation of UNHCR's core mandate is directly supported by paragraph 8. The extracted sentence provides the precise necessary context without extraneous text. Numerical fidelity not applicable; 4 is a compatibility value."", ""quality_reason"": ""practitioner_realism: Focuses sharply on a policy caveat/condition regarding mandate protection during institutional expansion.\nanchoring: Specifies the actor and agenda context, but lacks the session number or date needed to discriminate among recurring sessions.\ninformativeness: The selected clause span precisely provides both the premise (expanded IDP role) and the qualification (preserving the core mandate).\nconsequence: Effectively resolves the exact qualification sought by the user regarding mandate integrity.\nlinguistic_quality: Well-constructed question and clean extraction of the corresponding continuous sentence."", ""audit_reason"": ""No problems reported.""}, {""faithfulness_reason"": ""The question's premise and attribution to the European Union are verified by paragraph 8, and the answer accurately captures the European Union's position on both the cluster leadership approach and UNHCR's role. Precision is concise and exact. Numerical fidelity not applicable; 4 is a compatibility value."", ""quality_reason"": ""practitioner_realism: Formulates a realistic inquiry into an institutional position on inter-agency humanitarian coordination structures.\nanchoring: The substantive topic and committee setting are specified, but the lack of a session number or year leaves the temporal scope broad across recurring sessions.\ninformativeness: The extracted sentence cleanly resolves the EU's assessment of the cluster approach and UNHCR's leadership role.\nconsequence: Fully captures the dual assessment regarding information exchange/coordination and UNHCR's welcomed lead role.\nlinguistic_quality: Fluent, conventional diplomatic English with proper sentence structure."", ""audit_reason"": ""No problems reported.""}]"
un,2007/a/c_3/61/sr_41,2007/a/c_3/61/sr_41#4,practitioner,development,0.58,True,0.55,True,0.55,31.0,32.0,True,TP,3,False,True,"[""q_b17279a586eea8aff3cd25e9"", ""q_5cf36e2c3313213d05b3b2f4"", ""q_192073e984f61888c86f4596""]","[""As UNHCR expands its work protecting and assisting internally displaced persons, what did the European Union say was needed and what limit did it attach to that expansion?"", ""A UNHCR team is organizing a humanitarian-emergency response. What coordination arrangements did the European Union identify as important and crucial for success?"", ""When reviewing UNHCR programmes for groups that are often overlooked, what efforts did the European Union support and what Executive Committee conclusions did it welcome?""]","[""While UNHCR needed to be given additional resources and capacity to perform its new role of protecting and assisting internally displaced persons, its core mandate should not be undermined."", ""The cluster leadership approach was important for enhanced information exchange and coordination and the lead role played by UNHCR in that connection was welcome. Effective coordination with other United Nations agencies, the Red Cross movement, NGOs, host countries, donors and other relevant partners was crucial for success."", ""It supported the efforts of UNHCR to mainstream age and gender into all its programmes and welcomed the adoption by the Executive Committee of the Conclusion on women and girls at risk and the Conclusion on statelessness, to protect the groups most often forgotten.""]","[""clear"", ""clear"", ""clear""]","[{""faithfulness_reason"": ""The response is fully grounded in the target block, directly resolving both the need for additional resources/capacity and the condition that the core mandate must not be undermined. The single extracted sentence is concise and contains no superfluous text. Numerical fidelity not applicable; 4 is a compatibility value."", ""quality_reason"": ""practitioner_realism: Reflects a genuine policy-level task regarding the operational boundaries and resources required for expanding UNHCR's mandate to IDPs.\nanchoring_and_time: Clearly attributes the position to the European Union regarding UNHCR's role with internally displaced persons.\nconsequence: Accurately resolves both the prerequisite (additional resources and capacity) and the constraint (not undermining the core mandate).\ninformativeness: The selected sentence completely captures the conditional balance between required capacity and mandate preservation.\nlinguistic_quality: Clear, concise, and professional question phrasing aligned seamlessly with the source excerpt."", ""audit_reason"": ""No problems reported.""}, {""faithfulness_reason"": ""The answer accurately reflects the European Union's stated views on coordination arrangements from paragraph 8 of the target block. The extracted span precisely covers the two continuous sentences addressing both what was important and what was crucial for success without irrelevant excess. Numerical fidelity not applicable; 4 is a compatibility value."", ""quality_reason"": ""practitioner_realism: Presents a realistic institutional coordination scenario for a UNHCR operational team preparing an emergency response.\nanchoring_and_time: Properly fixes the European Union's position on humanitarian emergency coordination without relying on forbidden locators.\nconsequence: Directly resolves both parts of the question by identifying the cluster leadership approach and coordination with external partners.\ninformativeness: Provides an exact continuous extract detailing the specific coordination elements described as important and crucial.\nlinguistic_quality: Natural, grammatically clean English with precise phrasing matching the target text."", ""audit_reason"": ""No problems reported.""}, {""faithfulness_reason"": ""The answer reliably captures the European Union's support for mainstreaming age and gender and its welcoming of the two specific Executive Committee conclusions. The selected single sentence neatly resolves both parts of the question. Numerical fidelity not applicable; 4 is a compatibility value."", ""quality_reason"": ""practitioner_realism: Frames a practical programme-review scenario focused on protection mechanisms for vulnerable and overlooked populations.\nanchoring_and_time: Accurately targets the European Union's stated stance regarding UNHCR programming and specific Executive Committee conclusions.\nconsequence: Fully answers the inquiry, covering both the mainstreaming of age and gender and the two specific adopted conclusions.\ninformativeness: Provides the exact textual sentence containing both the supported efforts and the welcomed conclusions without unnecessary padding.\nlinguistic_quality: Well-formulated, idiomatic question with appropriate terminology."", ""audit_reason"": ""No problems reported.""}]"
un,2007/a/c_3/61/sr_41,2007/a/c_3/61/sr_41#4,conceptual,development,0.66,True,0.55,True,0.55,31.0,32.0,True,TP,1,False,True,"[""q_e7a6708d73028dbecdbc81a0""]","[""How did the European Union frame refugee protection within migration policy when addressing mixed migratory flows?""]","[""It supported the ten-point action plan proposed by UNHCR to address the issue of mixed migratory flows and felt that the protection of refugees should form an integral part of migration policy.""]","[""clear""]","[{""faithfulness_reason"": ""The European Union's position on mixed migratory flows and refugee protection within migration policy is fully grounded in the target block, with the referent 'It' clearly established by the immediate context. The extracted sentence is concise and complete, and the numerical term 'ten-point' is accurately preserved."", ""quality_reason"": ""search_realism: The query represents a clear, realistic policy research inquiry investigating how a regional bloc conceptualized the integration of refugee protection into broader migration management frameworks.\nanchoring_and_time: The European Union is correctly identified as the speaker (resolved from context), and the policy issue of mixed migratory flows provides precise substantive anchoring without relying on prohibited citation locators.\nconsequence: The selected quotation directly answers the query by showing the EU's endorsement of UNHCR's ten-point plan and its position that refugee protection must form an integral part of migration policy.\nlexical_distance: The question effectively reformulates the source statement into a natural thematic inquiry ('frame refugee protection within migration policy') while keeping the necessary technical term 'mixed migratory flows'.\nlinguistic_quality: Fluent, concise, and grammatically impeccable phrasing suited to multilateral policy discourse."", ""audit_reason"": ""No problems reported.""}]"
un,2007/a/c_3/61/sr_41,2007/a/c_3/61/sr_41#4,comparison,development,0.32,False,0.55,False,0.55,31.0,30.0,False,TN,1,False,False,"[""q_89241c8c711b5808138582b3""]","[""In the European Union's statement on UNHCR's humanitarian role, how did it distinguish UNHCR's responsibilities toward internally displaced persons from its core mandate concerning refugees?""]","[""While UNHCR needed to be given additional resources and capacity to perform its new role of protecting and assisting internally displaced persons, its core mandate should not be undermined.""]","[""clear""]","[{""faithfulness_reason"": ""Grounding is limited to 2 because the question poses a comparison between responsibilities toward internally displaced persons and UNHCR's core mandate 'concerning refugees'. The target block only mentions 'its core mandate' without specifying that this mandate concerns refugees; that missing comparison side cannot be borrowed from document context. Precision is 4 because the extracted span is concise and directly captures the sentence addressing the new role versus the core mandate. Numerical fidelity not applicable; 4 is a compatibility value."", ""quality_reason"": ""search_realism: The query reflects a realistic and well-motivated comparative policy inquiry regarding how the European Union positioned UNHCR's emerging responsibilities toward internally displaced persons relative to its traditional mandate.\nanchoring_and_time: The question identifies the European Union as the speaker and specifies the topic as UNHCR's humanitarian role without relying on prohibited formal document citations or locators.\nconsequence: The selected quotation directly resolves the question, capturing both sides of the EU's stance: that UNHCR required additional resources and capacity for its new role with internally displaced persons, but that this expansion must not undermine its core mandate.\nlexical_distance: The query effectively reframes the passage's description of UNHCR's 'new role of protecting and assisting' into 'responsibilities toward internally displaced persons' and contextualizes the 'core mandate' without borrowing the answer's specific operative vocabulary.\nlinguistic_quality: The question is written in clear, precise, and grammatically flawless English with natural comparative framing."", ""audit_reason"": ""No problems reported.""}]"
un,2007/a/c_3/61/sr_41,2007/a/c_3/61/sr_41#4,claim_verification,development,0.65,True,0.55,True,0.55,31.0,32.0,True,TP,2,False,True,"[""q_f01e5ee8dae6a15688ba316a"", ""q_59562b17438f2f6bfc3d856c""]","[""In its discussion of mixed migratory flows and refugee protection, did the European Union support UNHCR's ten-point action plan?"", ""In its discussion of UNHCR's expanded role in humanitarian emergencies, did the European Union say that additional resources were needed without undermining UNHCR's core mandate?""]","[""It supported the ten-point action plan proposed by UNHCR to address the issue of mixed migratory flows and felt that the protection of refugees should form an integral part of migration policy."", ""While UNHCR needed to be given additional resources and capacity to perform its new role of protecting and assisting internally displaced persons, its core mandate should not be undermined.""]","[""clear"", ""clear""]","[{""faithfulness_reason"": ""The claim that the European Union supported UNHCR's ten-point action plan on mixed migratory flows is fully supported by the target block, with the referent established by context. The extracted sentence is exact and concise, and the numerical element ('ten-point') is faithfully preserved."", ""quality_reason"": ""search_realism: Presents a realistic, well-motivated practitioner verification query checking an actor's stance on a specific international policy proposal.\nanchoring_and_time: Successfully anchors the query to the European Union and the specific subject of mixed migratory flows and refugee protection without relying on prohibited locators.\nconsequence: The provided target excerpt directly and fully confirms that the European Union supported UNHCR's ten-point action plan.\nlexical_distance: Competently reformulates the target sentence into an interrogative verification format while preserving essential terminology such as the ten-point action plan.\nlinguistic_quality: Grammatically sound, clear, and natural English phrasing throughout."", ""audit_reason"": ""No problems reported.""}, {""faithfulness_reason"": ""The claim is fully supported by the target block sentence confirming that additional resources and capacity for UNHCR's role with internally displaced persons should not undermine its core mandate. The extracted sentence provides the precise required continuous evidence. Numerical fidelity not applicable; 4 is a compatibility value."", ""quality_reason"": ""search_realism: Reflects a genuine verification need concerning a nuanced diplomatic position regarding agency resourcing versus mandate protection.\nanchoring_and_time: Appropriately frames the query around the European Union and the thematic discussion of humanitarian emergencies and UNHCR's expanding role.\nconsequence: The target sentence directly confirms the proposition that UNHCR needed additional resources and capacity while ensuring its core mandate was not undermined.\nlexical_distance: Effectively condenses and restructures the subordinate clause construction of the source text into a smooth inquiry.\nlinguistic_quality: Fluent, precise, and well-punctuated legal/diplomatic English."", ""audit_reason"": ""No problems reported.""}]"
un,2007/a/c_3/61/sr_41,2007/a/c_3/61/sr_41#4,source_finding,development,0.53,False,0.55,False,0.55,31.0,31.0,False,TN,1,False,False,"[""q_6189f7191aaa031c559d130a""]","[""Which Third Committee meeting record contains the European Union’s position that UNHCR should receive additional resources and capacity to protect and assist internally displaced persons without undermining its core mandate?""]","[""A/C.3/61/SR.41""]","[""clear""]","[{""faithfulness_reason"": ""The clue accurately reflects the European Union's stance within the meeting record, with the speaker properly resolved from the turn context in paragraph 8. The extracted evidence span directly and completely matches the substance of the clue, and the document symbol is correctly identified."", ""quality_reason"": ""search_realism: Presents a realistic UN research need seeking the specific meeting record where a regional delegation articulated a distinct policy stance on UNHCR's mandate and resources.\nanchoring_and_time: Properly identifies the forum (Third Committee) and the actor (European Union) along with the substantive policy nuance.\nconsequence: The submitted document symbol is accurate and the evidence directly confirms the European Union's stated position.\nlexical_distance: The question relies heavily on the verbatim wording of the source clause ('additional resources and capacity to protect and assist internally displaced persons without undermining its core mandate') rather than paraphrasing into an independent formulation.\nlinguistic_quality: Grammatically sound, well-structured, and clear."", ""audit_reason"": ""No problems reported.""}]"
un,2007/pbc/1/bdi/sr_4,2007/pbc/1/bdi/sr_4#3,lookup,development,0.39,False,0.55,False,0.55,31.0,32.0,True,FN,3,False,True,"[""q_a869f57314d3d463d93af4fb"", ""q_74883f8ae353ac129816f6f3""]","[""According to the summary record of the Peacebuilding Commission's 4th meeting on Burundi in December 2006, what institutional changes would Burundi's joining the East African Community require?"", ""According to the summary record of the Peacebuilding Commission's 4th meeting on Burundi in December 2006, what did Mr. Kamana say the Government had submitted after meeting with international and civil society partners?""]","[""the country's Parliament and court system would have to be harmonized with that of the Community"", ""a document containing draft projects on priorities which had been submitted to the Commission""]","[""clear"", ""clear""]","[{""faithfulness_reason"": ""The answer directly and faithfully quotes the required institutional harmonization resulting from East African Community accession from paragraph 4. Numerical fidelity not applicable; 4 is a compatibility value."", ""quality_reason"": ""practitioner_realism: Reflects a genuine institutional question regarding legislative and judicial implications of regional integration for post-conflict peacebuilding.\nanchoring: Identifies the meeting body, country configuration, and session timeframe cleanly in the base query.\ninformativeness: Directly and completely supplies the exact institutional harmonization requirement without excess verbiage.\nconsequence: Fully establishes the specific domestic legal and parliamentary consequences reported during the meeting.\nlinguistic_quality: Precise, idiomatic English with appropriate UN institutional terminology."", ""audit_reason"": ""No problems reported.""}, {""faithfulness_reason"": ""The answer accurately captures the document submitted by the Government as reported by Mr. Kamana in paragraph 5. Numerical fidelity not applicable; 4 is a compatibility value."", ""quality_reason"": ""practitioner_realism: Captures a routine practical search for formal national submissions and consultation outputs submitted to the Peacebuilding Commission.\nanchoring: Adequately fixes the document context via authoring meeting, date, and speaking delegate without forbidden locators.\ninformativeness: The answer provides the exact document nature and target recipient specified by the speaker.\nconsequence: Directly resolves what formal instrument was presented by the Burundian delegation following partner consultations.\nlinguistic_quality: Grammatically sound, concise, and professional legal-diplomatic prose."", ""audit_reason"": ""No problems reported.""}]"
un,2007/pbc/1/bdi/sr_4,2007/pbc/1/bdi/sr_4#3,practitioner,development,0.53,False,0.55,False,0.55,31.0,32.0,True,FN,3,False,True,"[""q_4817fc49b218125d9122e4da"", ""q_34f627239b806c755875af86"", ""q_cae1665cbadafdf5bd86773a""]","[""Uganda and South Africa are seeking a meeting with Burundi on the sidelines of the upcoming Great Lakes Conference. What issue concerning PALIPEHUTU-FNL are they trying to address, and what could assurances on that issue encourage?"", ""As Burundi implements its recent accession to the East African Community, what institutional changes would be required?"", ""As the Commission reviews whether Burundi should have submitted a plan of action, what did the Government submit after meeting with international and civil society partners?""]","[""to try to address the concerns of PALIPEHUTU-FNL with regard to immunity for its members, which was provided for under the Agreement. Assurances on that score could encourage leaders of that movement to return to Burundi."", ""the country's Parliament and court system would have to be harmonized with that of the Community"", ""the submission of a document containing draft projects on priorities which had been submitted to the Commission""]","[""clear"", ""repair"", ""clear""]","[{""faithfulness_reason"": ""The question premises and both requested aspects (the issue of immunity under the Agreement and encouraging leaders to return) are fully grounded in paragraph 3. The extracted continuous span directly resolves the full inquiry without unnecessary surrounding context. Numerical fidelity not applicable; 4 is a compatibility value."", ""quality_reason"": ""practitioner_realism: Presents a realistic regional diplomatic task concerning sideline consultations around the Great Lakes Conference to advance peace agreement implementation.\nanchoring_and_time: Properly fixes the actors (Uganda, South Africa, Burundi, PALIPEHUTU-FNL) and the upcoming Great Lakes Conference setting without using prohibited locators.\nconsequence: Directly resolves both parts of the inquiry: the specific issue (immunity for members under the Agreement) and the anticipated effect of assurances (encouraging leaders to return).\ninformativeness: Extracted continuous text contains the exact substantive answers needed without extraneous padding.\nlinguistic_quality: Natural, grammatically correct, and clear English formulation."", ""audit_reason"": ""No problems reported.""}, {""faithfulness_reason"": ""The question accurately reflects Burundi's accession to the East African Community, and the answer correctly identifies the required harmonization of the Parliament and court system from paragraph 4. The span is complete and appropriately delimited. Numerical fidelity not applicable; 4 is a compatibility value."", ""quality_reason"": ""practitioner_realism: Reflects a genuine institutional reform inquiry regarding legal harmonization after regional community accession.\nanchoring_and_time: Accurately frames the subject matter around Burundi's accession to the East African Community without artificial locators.\nconsequence: Directly resolves the specific institutional requirements (harmonizing the country's Parliament and court system).\ninformativeness: Provides the exact concise clause required to answer the question.\nlinguistic_quality: Grammatically fluent and precise phrasing."", ""audit_reason"": ""metadata: The anchor 'recently joined the East African Community' does not appear as an exact substring in the question ('recent accession to the East African Community'). Anchors must match question text exactly.""}, {""faithfulness_reason"": ""The question's context and query align accurately with Mr. Kamana's statement in paragraph 5, and the response faithfully extracts what was submitted to the Commission. The extraction is concise and continuous. Numerical fidelity not applicable; 4 is a compatibility value."", ""quality_reason"": ""practitioner_realism: Presents a routine reporting/procedure task for a delegation responding to Commission expectations regarding submission of planning documents.\nanchoring_and_time: Correctly anchors the institutional context (the Commission and meetings with international and civil society partners).\nconsequence: Identifies the concrete submission made by the Government in response to concerns regarding an action plan.\ninformativeness: Provides the relevant factual span specifying the submission of draft priority projects.\nlinguistic_quality: Clear, professional, and grammatically correct."", ""audit_reason"": ""No problems reported.""}]"
un,2007/pbc/1/bdi/sr_4,2007/pbc/1/bdi/sr_4#3,conceptual,development,0.61,True,0.55,True,0.55,31.0,32.0,True,TP,3,False,True,"[""q_905d1e25a8714fe384381f51"", ""q_61eeed4a21c9c8bfa1a52fdc"", ""q_f09a62f5f2c1e8867d0d5f08""]","[""Why was Burundi's recent accession to the East African Community considered an institutional and peacebuilding landmark?"", ""How did Burundi respond to the concern about whether it should have submitted a plan of action to the Peacebuilding Commission?"", ""How did Uganda and South Africa seek to address PALIPEHUTU-FNL's concerns about immunity during the Burundi peacebuilding process?""]","[""The move was an important institutional and peacebuilding landmark as it meant that the country's Parliament and court system would have to be harmonized with that of the Community."", ""Following the recommendations of the October meeting, his Government had met with international and civil society partners; the fruit of those meetings was the submission of a document containing draft projects on priorities which had been submitted to the Commission."", ""Together with South Africa, it was currently trying to secure a meeting with Burundi on the sidelines of the upcoming Great Lakes Conference to try to address the concerns of PALIPEHUTU-FNL with regard to immunity for its members, which was provided for under the Agreement.\nAssurances on that score could encourage leaders of that movement to return to Burundi.""]","[""clear"", ""clear"", ""clear""]","[{""faithfulness_reason"": ""The quoted sentence directly and concisely explains why joining the East African Community was an institutional and peacebuilding landmark. Numerical fidelity not applicable; 4 is a compatibility value."", ""quality_reason"": ""search_realism: Reflects a genuine policy search objective examining the institutional rationale underlying regional integration as a peacebuilding measure.\nanchoring_and_time: Effectively anchors to Burundi's accession to the East African Community without artificial or prohibited locators.\nconsequence: Fully provides the explicit causal justification regarding legislative and judicial harmonization across the Community.\nlexical_distance: Successfully reframes the source text ('joined' to 'accession to') while maintaining necessary legal terms.\nlinguistic_quality: Grammatically sound, well-structured, and clear."", ""audit_reason"": ""No problems reported.""}, {""faithfulness_reason"": ""The response faithfully extracts Burundi's explanation regarding the submission of the document containing draft priority projects following the October meeting. Numerical fidelity not applicable; 4 is a compatibility value."", ""quality_reason"": ""search_realism: Realistic inquiry into state compliance and reporting procedures before the Peacebuilding Commission.\nanchoring_and_time: Correctly anchors the actor (Burundi), the recipient body (Peacebuilding Commission), and the specific procedural dispute.\nconsequence: The extractive response resolves the question completely by specifying the consultative meetings held and the resultant submission of priority draft projects.\nlexical_distance: Effectively converts reported speech into an objective conceptual query.\nlinguistic_quality: Clean, grammatical, and natural phrasing."", ""audit_reason"": ""No problems reported.""}, {""faithfulness_reason"": ""The answer accurately captures how Uganda and South Africa sought to address the immunity concerns via a sideline meeting at the Great Lakes Conference. The second sentence is minor harmless context. Numerical fidelity not applicable; 4 is a compatibility value."", ""quality_reason"": ""search_realism: Presents a realistic search need concerning diplomatic mediation mechanisms over rebel immunity assurances during post-conflict consolidation.\nanchoring_and_time: Clearly establishes the relevant actors (Uganda, South Africa, PALIPEHUTU-FNL) and substantive peacebuilding context without using prohibited citation locators.\nconsequence: The continuous extract cleanly resolves the query by describing the proposed bilateral meeting on the sidelines of the Great Lakes Conference and its intended incentive effect.\nlexical_distance: Competently rephrases the surrounding narrative into an analytical query while preserving mandatory institutional and party designations.\nlinguistic_quality: Fluent, precise, and idiomatic diplomatic English."", ""audit_reason"": ""No problems reported.""}]"
un,2007/pbc/1/bdi/sr_4,2007/pbc/1/bdi/sr_4#3,comparison,development,0.24,False,0.55,False,0.55,31.0,32.0,True,FN,1,False,True,"[""q_f671d0a2b6f7ecb19fdd2137""]","[""During the Peacebuilding Commission's discussion of peacebuilding in Burundi, what roles did Uganda and South Africa play in addressing the concerns of PALIPEHUTU-FNL?""]","[""3. Uganda had been involved in the talks between the Government and the Parti pour la libération du peuple Hutu-Forces nationales de libération (PALIPEHUTU-FNL) which led to the Comprehensive Ceasefire Agreement and was working hard to ensure that the Agreement was implemented. Together with South Africa, it was currently trying to secure a meeting with Burundi on the sidelines of the upcoming Great Lakes Conference to try to address the concerns of PALIPEHUTU-FNL with regard to immunity for its members, which was provided for under the Agreement.""]","[""clear""]","[{""faithfulness_reason"": ""The comparison between Uganda and South Africa regarding their efforts to address PALIPEHUTU-FNL's concerns is fully established by the target text. The extracted continuous span cleanly covers both Uganda's broader background and their joint initiative. Numerical fidelity not applicable; 4 is a compatibility value."", ""quality_reason"": ""search_realism: The query reflects a realistic and practical diplomatic research objective, inquiring into the comparative engagement of two regional third-party states (Uganda and South Africa) regarding the peace agreement and rebel group concerns.\nanchoring_and_time: The question clearly identifies the Peacebuilding Commission's Burundi proceedings and the specific rebel group PALIPEHUTU-FNL, providing precise substantive context without relying on formal document symbols or prohibited locators.\nconsequence: The selected passage completely resolves the comparative roles of both states, showing Uganda's initial facilitation of the Comprehensive Ceasefire Agreement alongside its joint initiative with South Africa to convene sideline talks on immunity.\nlexical_distance: The query frames the comparative question naturally around the actors' roles, appropriately reformulating the narrative text while keeping necessary party and organizational names.\nlinguistic_quality: The phrasing is concise, grammatically correct, and standard diplomatic English."", ""audit_reason"": ""No problems reported.""}]"
un,2007/pbc/1/bdi/sr_4,2007/pbc/1/bdi/sr_4#3,claim_verification,development,0.61,True,0.55,True,0.55,31.0,32.0,True,TP,1,False,True,"[""q_0a46bb73688c1e753e0bc2f7""]","[""At the Peacebuilding Commission's fourth Burundi configuration meeting, did Uganda and South Africa try to secure a meeting with Burundi to address PALIPEHUTU-FNL's concerns about immunity?""]","[""Together with South Africa, it was currently trying to secure a meeting with Burundi on the sidelines of the upcoming Great Lakes Conference to try to address the concerns of PALIPEHUTU-FNL with regard to immunity for its members, which was provided for under the Agreement.""]","[""clear""]","[{""faithfulness_reason"": ""The claim status is correctly evaluated as supported based on paragraph 3, with Uganda ('it') and South Africa working together to secure the meeting regarding immunity. The quoted sentence provides the complete required evidence without unnecessary text. Numerical fidelity not applicable; 4 is a compatibility value."", ""quality_reason"": ""search_realism: Reflects a realistic, natural diplomatic verification inquiry regarding regional mediation efforts on peace agreement implementation.\nanchoring_and_time: Clearly and accurately anchors the session context (fourth Burundi configuration meeting of the Peacebuilding Commission) and all relevant actors without using prohibited document symbols.\nconsequence: The extracted sentence directly and unambiguously confirms the tested proposition, fully resolving the claim status as supported.\nlexical_distance: Integrates the core substantive entities naturally into an interrogative format while preserving essential terminology such as PALIPEHUTU-FNL and immunity.\nlinguistic_quality: Fluent, precise, and grammatically correct English phrasing throughout."", ""audit_reason"": ""No problems reported.""}]"
un,2007/pbc/1/bdi/sr_4,2007/pbc/1/bdi/sr_4#3,source_finding,development,0.42,False,0.55,False,0.55,31.0,31.0,False,TN,1,False,False,"[""q_1e6bb7c5b7af986ef6d7a491""]","[""Which Peacebuilding Commission Burundi configuration meeting record reports that Uganda and South Africa were seeking a meeting to address PALIPEHUTU-FNL concerns about immunity for its members under the Comprehensive Ceasefire Agreement?""]","[""PBC/1/BDI/SR.4""]","[""clear""]","[{""faithfulness_reason"": ""The target document metadata correctly establishes PBC/1/BDI/SR.4 and the substance of the clue is supported in the target block with permissible contextual reference resolution for 'it'. However, the extracted evidence span omits the preceding sentence that explicitly names 'Uganda' and the 'Comprehensive Ceasefire Agreement', constituting a peripheral omission. The document symbol is accurately cited."", ""quality_reason"": ""search_realism: Reflects a genuine archival retrieval need for locating the specific summary record discussing regional facilitation efforts between Burundi and PALIPEHUTU-FNL.\nanchoring_and_time: Effectively anchors the query to the Peacebuilding Commission's Burundi configuration, PALIPEHUTU-FNL, and the Comprehensive Ceasefire Agreement without leaking the document symbol.\nconsequence: The submitted contiguous evidence sentence and document symbol fully substantiate the clue and resolve the identity of the record.\nlexical_distance: Smoothly integrates the background of Uganda and South Africa seeking a meeting on immunity provisions while avoiding pure verbatim sentence copying.\nlinguistic_quality: Clear, grammatically correct, and precise formulation suitable for UN documentation search."", ""audit_reason"": ""No problems reported.""}]"
un,2008/a/res/63/114,2008/a/res/63/114#2,lookup,development,0.47,False,0.55,False,0.55,31.0,32.0,True,FN,2,False,True,"[""q_0fa3965f8f655e3d1cb4430b"", ""q_dac6f74b8a4b68bf24cefe56""]","[""In the General Assembly's 5 December 2008 resolution on cooperation between the United Nations and the Organization of the Islamic Conference, in which fields did the two organizations desire to continue cooperating closely?"", ""What did the Annual Coordination Meeting of Ministers for Foreign Affairs of the States members of the Organization of the Islamic Conference decide regarding the organization's fortieth anniversary in the General Assembly's 5 December 2008 resolution on cooperation between the United Nations and the Organization of the Islamic Conference?""]","[""the political, economic, social, humanitarian, cultural and scientific fields and in their common search for solutions to global problems, such as questions relating to international peace and security, disarmament, self-determination, the promotion of a culture of peace through dialogue and cooperation, decolonization, fundamental human rights and economic and social development"", ""to recognize the merit of celebrating the fortieth anniversary of the Organization of the Islamic Conference in 2009 through national and international programmes on different aspects of the Organization of the Islamic Conference, highlighting its activities, evolution and reform through the four decades of its existence""]","[""clear"", ""repair""]","[{""faithfulness_reason"": ""The answer directly reflects the preambular clause of the resolution regarding the fields of cooperation. Numerical fidelity not applicable; 4 is a compatibility value."", ""quality_reason"": ""practitioner_realism: Presents a direct, practical information-seeking lookup regarding the agreed scope of inter-agency cooperation.\nanchoring: The base query properly identifies the document by adopting body, adoption date, and substantive topic without relying on formal symbols or paragraph numbers.\ninformativeness: The extracted text directly and completely enumerates the fields and shared objectives referenced in the resolution's preambular paragraph.\nconsequence: Fully resolves the inquiry with an exact verbatim extract from the target block without unnecessary surrounding text.\nlinguistic_quality: Clear, fluent, and grammatical English formulation in both the question and question_cited."", ""audit_reason"": ""No problems reported.""}, {""faithfulness_reason"": ""The response accurately extracts the continuous text detailing the decision regarding the anniversary. The temporal and ordinal figures ('fortieth', '2009', 'four decades') are faithfully reproduced."", ""quality_reason"": ""practitioner_realism: Formulates a realistic lookup query targeting an OIC ministerial decision cited in the General Assembly resolution.\nanchoring: Identifies the resolution accurately by body, date, and subject matter in the base question, correctly substituting the symbol in question_cited.\ninformativeness: Directly provides the exact decision of the Annual Coordination Meeting regarding the fortieth anniversary celebration.\nconsequence: Accurately and completely extracts the relevant operative content of the recalled decision from the target block.\nlinguistic_quality: Grammatically sound, clear, and professional phrasing across both question renderings."", ""audit_reason"": ""metadata: The declared anchor 'fortieth anniversary of the Organization of the Islamic Conference' does not appear as an exact substring in either question rendering (both write 'regarding the organization's fortieth anniversary').""}]"
un,2008/a/res/63/114,2008/a/res/63/114#2,practitioner,development,0.46,False,0.55,False,0.55,31.0,32.0,True,FN,2,False,True,"[""q_aa16408faf1e0fabc64aa239"", ""q_e962c08182f7962d3e7bf623""]","[""A coordinator is drafting a joint United Nations–Organization of the Islamic Conference cooperation plan. What fields and global problems does the General Assembly identify as covered by the organizations' desire to continue cooperating and their common search for solutions?"", ""A coordinator is planning programmes for the 2009 fortieth anniversary of the Organization of the Islamic Conference. What did the 26 September 2008 Annual Coordination Meeting of Ministers for Foreign Affairs recognize as meriting implementation?""]","[""the desire of the two organizations to continue to cooperate closely in the political, economic, social, humanitarian, cultural and scientific fields and in their common search for solutions to global problems, such as questions relating to international peace and security, disarmament, self-determination, the promotion of a culture of peace through dialogue and cooperation, decolonization, fundamental human rights and economic and social development"", ""to recognize the merit of celebrating the fortieth anniversary of the Organization of the Islamic Conference in 2009 through national and international programmes on different aspects of the Organization of the Islamic Conference, highlighting its activities, evolution and reform through the four decades of its existence""]","[""clear"", ""clear""]","[{""faithfulness_reason"": ""The extracted text is a clean, contiguous excerpt from the target block fully addressing the requested fields and global problems under the organizations' cooperative scope. Numerical fidelity not applicable; 4 is a compatibility value."", ""quality_reason"": ""practitioner_realism: Drafting an inter-organizational cooperation framework provides a plausible practitioner setting for identifying the recognized fields of collaboration and global problem areas.\nanchoring_and_time: The question adequately establishes the UN–OIC institutional relationship and the General Assembly context without relying on formal document symbols or prohibited locators.\nconsequence: The extracted span comprehensively resolves both parts of the prompt (the specific fields and the illustrative list of global problems).\ninformativeness: Extracts a complete continuous clause detailing the political, economic, social, humanitarian, cultural, and scientific fields alongside the global challenges.\nlinguistic_quality: Fluent, professional query formulation that fits UN documentation registers seamlessly."", ""audit_reason"": ""No problems reported.""}, {""faithfulness_reason"": ""The answer quotes directly from the target block's fourth preambular paragraph, accurately capturing the decision of the 26 September 2008 meeting regarding the 2009 fortieth anniversary. Dates and numerical references ('fortieth anniversary', 'four decades') are faithfully maintained."", ""quality_reason"": ""practitioner_realism: A coordinator planning commemorative events represents a practical UN/intergovernmental programming task that plausibly relies on ministerial decisions recognized by the General Assembly.\nanchoring_and_time: The question clearly anchors the substantive context by specifying the 26 September 2008 Annual Coordination Meeting of Ministers for Foreign Affairs and the 2009 fortieth anniversary.\nconsequence: The target span directly resolves the question by identifying the celebration modalities, scope of national/international programmes, and thematic focus on activities, evolution, and reform.\ninformativeness: Provides an informative, complete answer covering both the format and the substantive themes endorsed by the ministerial meeting.\nlinguistic_quality: Grammatically sound, clear, and natural phrasing in professional English."", ""audit_reason"": ""No problems reported.""}]"
un,2008/a/res/63/114,2008/a/res/63/114#2,conceptual,development,0.48,False,0.55,False,0.55,31.0,31.0,False,TN,1,False,False,"[""q_f70f06842653e71419e2959e""]","[""How did the General Assembly’s 5 December 2008 resolution connect continued cooperation between the United Nations and the Organization of the Islamic Conference with addressing global problems?""]","[""Taking into account the desire of the two organizations to continue to cooperate closely in the political, economic, social, humanitarian, cultural and scientific fields and in their common search for solutions to global problems, such as questions relating to international peace and security, disarmament, self-determination, the promotion of a culture of peace through dialogue and cooperation, decolonization, fundamental human rights and economic and social development,""]","[""clear""]","[{""faithfulness_reason"": ""The answer provides the exact continuous preambular paragraph from the target block that links the two organizations' desire for close cooperation to their search for solutions to global problems. Numerical fidelity not applicable; 4 is a compatibility value."", ""quality_reason"": ""search_realism: The query reflects an intelligible conceptual interest in how the UN-OIC partnership was framed against global challenges, but the formulation ('How did the General Assembly’s 5 December 2008 resolution connect...') leans noticeably toward document-comprehension and textual exegesis rather than an organic policy or legal practitioner search.\nanchoring_and_time: Anchoring is fully adequate, clearly specifying the institutional bodies (the General Assembly, the United Nations, and the Organization of the Islamic Conference) and the exact adoption date (5 December 2008) without resorting to formal symbols or paragraph locators.\nconsequence: The continuous preambular extract directly resolves the question by demonstrating that the General Assembly linked cooperation across specific fields with a joint search for solutions to global issues, explicitly enumerating illustrative priorities such as peace, disarmament, self-determination, human rights, and development.\nlexical_distance: The query successfully recasts the source syntax, shifting from the participial phrasing ('Taking into account the desire...') to an analytical question about the thematic connection while retaining indispensable entity names.\nlinguistic_quality: The question is grammatically sound, fluent, and precise. The extractive answer accurately captures the intact preambular clause."", ""audit_reason"": ""No problems reported.""}]"
un,2008/a/res/63/114,2008/a/res/63/114#2,comparison,development,0.23,False,0.55,False,0.55,31.0,25.0,False,TN,1,False,False,"[""q_c3a0578a7580387499afa836""]","[""In the General Assembly's 5 December 2008 resolution on cooperation between the United Nations and the Organization of the Islamic Conference, what shared cooperation was identified for the two organizations?""]","[""Taking into account the desire of the two organizations to continue to cooperate closely in the political, economic, social, humanitarian, cultural and scientific fields and in their common search for solutions to global problems, such as questions relating to international peace and security, disarmament, self-determination, the promotion of a culture of peace through dialogue and cooperation, decolonization, fundamental human rights and economic and social development,""]","[""blocking""]","[{""faithfulness_reason"": ""The selected preambular clause directly answers the requested areas of shared cooperation between the two organizations, citing the specified fields and global problems. Numerical fidelity not applicable; 4 is a compatibility value."", ""quality_reason"": ""search_realism: The query functions as a standard document-reading comprehension prompt rather than an authentic comparative search, asking what a specific resolution identified rather than comparing two entities across a common dimension.\nanchoring_and_time: The query relies entirely on a prohibited formal locator (the General Assembly's adoption date and exact resolution title) to establish temporal and substantive context; stripped of this locator, there is no valid independent contextual framing.\nconsequence: The continuous preambular extract answers the question regarding the desired fields of cooperation, though quoting a preambular recital ('Taking into account the desire...') provides only serviceable evidence rather than an authoritative resolution of concrete cooperative mechanisms.\nlexical_distance: The query borrows heavily from the document title and context ('General Assembly's 5 December 2008 resolution on cooperation between the United Nations and the Organization of the Islamic Conference') with minimal reformulation.\nlinguistic_quality: The question is grammatically sound, clearly phrased, and easily readable in English."", ""audit_reason"": ""mode: The query violates the standalone locator policy by explicitly naming the formal target act date and title ('General Assembly's 5 December 2008 resolution on cooperation between the United Nations and the Organization of the Islamic Conference'). Additionally, this is a thematic lookup of joint fields rather than a genuine comparative analysis between two sides.""}]"
un,2008/a/res/63/114,2008/a/res/63/114#2,claim_verification,development,0.52,False,0.55,False,0.55,31.0,32.0,True,FN,1,False,True,"[""q_fa0238f60d461aeaffe5c56e""]","[""In its 5 December 2008 resolution on cooperation between the United Nations and the Organization of the Islamic Conference, did the General Assembly identify international peace and security, disarmament and self-determination among the global problems for which the two organizations sought solutions?""]","[""Taking into account the desire of the two organizations to continue to cooperate closely in the political, economic, social, humanitarian, cultural and scientific fields and in their common search for solutions to global problems, such as questions relating to international peace and security, disarmament, self-determination, the promotion of a culture of peace through dialogue and cooperation, decolonization, fundamental human rights and economic and social development,""]","[""clear""]","[{""faithfulness_reason"": ""The claim is fully supported by the preambular paragraph of the resolution in the target block, which explicitly references the common search for solutions to global problems including international peace and security, disarmament, and self-determination. The extraction is an exact, contiguous clause."", ""quality_reason"": ""search_realism: Presents a realistic, well-motivated claim-verification need concerning the recognized scope of UN-OIC cooperation on global problems.\nanchoring_and_time: Clearly establishes the issuing body, date, and substantive cooperation framework without relying on formal resolution symbols or paragraph locators.\nconsequence: The extracted preambular clause directly and completely confirms that international peace and security, disarmament, and self-determination were identified among the global problems sought to be addressed.\nlexical_distance: Effectively integrates key subject-matter terms into a natural interrogative checking structure, avoiding mechanical copying of the surrounding preambular frame.\nlinguistic_quality: Grammatically sound, precise, and fluent English with natural phrasing."", ""audit_reason"": ""No problems reported.""}]"
un,2008/a/res/63/114,2008/a/res/63/114#2,source_finding,development,0.45,False,0.55,False,0.55,31.0,31.0,False,TN,1,False,False,"[""q_7c9ca35b7927056c084b2fde""]","[""Which General Assembly resolution records the decision to recognize the merit of celebrating the fortieth anniversary of the Organization of the Islamic Conference in 2009 through national and international programmes?""]","[""A/RES/63/114""]","[""clear""]","[{""faithfulness_reason"": ""The source finding clue correctly reflects the preambular paragraph of General Assembly resolution A/RES/63/114 recalling the decision regarding the fortieth anniversary of the Organization of the Islamic Conference. The target identifier matches the metadata and the evidence span is accurate and properly bounded."", ""quality_reason"": ""search_realism: Presents a clear and realistic source-finding task seeking the specific General Assembly resolution that referenced the anniversary commemoration decision.\nanchoring_and_time: Properly specifies the target forum (General Assembly), the partner organization, the specific anniversary milestone (fortieth), and the target year (2009).\nconsequence: The target block directly supports the clue in its preambular text, and the symbol answer correctly identifies the resolution.\nlexical_distance: Retains an extended verbatim phrasing sequence from the text ('recognize the merit of celebrating the fortieth anniversary of the Organization of the Islamic Conference in 2009 through national and international programmes') with minimal structural rewording.\nlinguistic_quality: Grammatically sound, precise, and immediately intelligible English."", ""audit_reason"": ""No problems reported.""}]"
un,2008/pbc/3/gnb/sr_1,2008/pbc/3/gnb/sr_1#15,lookup,validation,0.42,False,0.55,False,0.55,31.0,32.0,True,FN,2,False,True,"[""q_74a65a7db370204b7609c4f7"", ""q_42e4e78e6dfd94d4c49154c9""]","[""What did Canada say was needed for the Peacebuilding Commission to assess progress towards the objectives set out in the Strategic Framework, in Canada's intervention on the tracking and monitoring mechanism in the Peacebuilding Commission's 1 October 2008 Guinea-Bissau session?"", ""What did Egypt say the Government of Guinea-Bissau should notify the Peacebuilding Commission of, in Egypt's intervention on the tracking and monitoring mechanism in the Peacebuilding Commission's 1 October 2008 Guinea-Bissau session?""]","[""realistic, concrete indicators would be needed for the Peacebuilding Commission to assess progress towards the objectives set out in the Strategic Framework"", ""any difficulties that arose""]","[""clear"", ""clear""]","[{""faithfulness_reason"": ""The answer directly quotes Canada's view in paragraph 36 regarding what was needed for the Peacebuilding Commission to assess progress. Numerical fidelity not applicable; 4 is a compatibility value."", ""quality_reason"": ""practitioner_realism: The query presents a realistic, standard multilateral research inquiry seeking a delegation's specific position on monitoring indicators.\nanchoring: The base query clearly identifies the body (Peacebuilding Commission), the country configuration (Guinea-Bissau), the date (1 October 2008), the speaker (Canada), and the agenda item without relying on formal document symbols.\ninformativeness: The extracted span directly identifies the core unknown ('realistic, concrete indicators'), though it includes slightly redundant trailing phrasing from the prompt.\nconsequence: The response accurately and directly clarifies Canada's position regarding the tracking and monitoring mechanism under the Strategic Framework.\nlinguistic_quality: The phrasing is natural, grammatically correct, and follows UN research conventions."", ""audit_reason"": ""No problems reported.""}, {""faithfulness_reason"": ""The answer directly and concisely quotes Egypt's statement in paragraph 37 specifying what the Government of Guinea-Bissau should notify the Commission of. Numerical fidelity not applicable; 4 is a compatibility value."", ""quality_reason"": ""practitioner_realism: A valid and practical diplomatic lookup regarding a specific communication/reporting expectation stated by a member state delegation.\nanchoring: The base query establishes the meeting, date, body, specific speaker (Egypt), and substantive context with good precision and no illicit locators.\ninformativeness: The extract isolates the precise notification requirement ('any difficulties that arose') with zero excess padding.\nconsequence: Directly resolves what notification Egypt considered vital for the Government of Guinea-Bissau to provide.\nlinguistic_quality: Clear, fluent, and well-structured English formulation."", ""audit_reason"": ""No problems reported.""}]"
un,2008/pbc/3/gnb/sr_1,2008/pbc/3/gnb/sr_1#15,practitioner,validation,0.55,True,0.55,True,0.55,31.0,32.0,True,TP,2,False,True,"[""q_bec41a2d89ab0bdaf8923ceb"", ""q_6e9e8a361188a5cfe0a852d3""]","[""While helping refine the tracking and monitoring mechanism for the Guinea-Bissau Strategic Framework, what did Canada consider necessary for the Peacebuilding Commission to assess progress?"", ""For the Guinea-Bissau country-specific configuration's monitoring of the Strategic Framework, what communications did Egypt say were necessary with regional organizations and the Government?""]","[""realistic, concrete indicators would be needed for the Peacebuilding Commission to assess progress towards the objectives set out in the Strategic Framework"", ""The country-specific configuration for Guinea-Bissau should therefore keep all regional and subregional African organizations informed of developments in the implementation of the Strategic Framework. In the same way, it was vital that the Government of Guinea-Bissau notify the Peacebuilding Commission of any difficulties that arose.""]","[""clear"", ""clear""]","[{""faithfulness_reason"": ""The premise and requested information are directly grounded in paragraph 36 of the target block. The extracted clause precisely provides what Canada considered needed. Numerical fidelity not applicable; 4 is a compatibility value."", ""quality_reason"": ""practitioner_realism: Reflects a genuine, well-framed institutional task regarding a delegation's position on progress indicators during the development of a peacebuilding monitoring mechanism.\nanchoring_and_time: Properly fixes the regime and actor context with 'Guinea-Bissau Strategic Framework' and Canada's delegation without relying on prohibited symbols or locators.\nconsequence: Directly resolves the specific unknown by extracting Canada's stance that realistic, concrete indicators were required.\ninformativeness: Provides the exact qualification and standard identified by Canada while maintaining concise answer boundaries.\nlinguistic_quality: Clear, grammatically correct, and professional drafting that reads naturally."", ""audit_reason"": ""No problems reported.""}, {""faithfulness_reason"": ""The question accurately reflects Egypt's statement in paragraph 37 regarding regional organizations and the Government of Guinea-Bissau, and the answer is an exact continuous excerpt covering both components. Numerical fidelity not applicable; 4 is a compatibility value."", ""quality_reason"": ""practitioner_realism: Presents a realistic practitioner inquiry regarding two-way information flows required between the country-specific configuration, regional organizations, and the host Government.\nanchoring_and_time: Accurately grounds the question in Egypt's intervention concerning the Guinea-Bissau country-specific configuration and the Strategic Framework.\nconsequence: Extracts the exact continuous passage detailing both reporting duties identified by Egypt (informing African organizations and reporting difficulties from Guinea-Bissau).\ninformativeness: Fully answers both prongs of the question with clean, continuous source text.\nlinguistic_quality: Natural, precise phrasing appropriate for UN committee monitoring and reporting procedures."", ""audit_reason"": ""No problems reported.""}]"
un,2008/pbc/3/gnb/sr_1,2008/pbc/3/gnb/sr_1#15,conceptual,validation,0.63,True,0.55,True,0.55,31.0,32.0,True,TP,1,False,True,"[""q_3c9e4cbc86a5e9d019404598""]","[""How did Canada want the tracking and monitoring mechanism for the Peacebuilding Commission's Guinea-Bissau Strategic Framework to balance specificity with flexibility?""]","[""Canada looked forward to working on that mechanism to sharpen its focus and increase its specificity since, while aware of the perils of over-rigid benchmarks, it considered that realistic, concrete indicators would be needed for the Peacebuilding Commission to assess progress towards the objectives set out in the Strategic Framework.""]","[""clear""]","[{""faithfulness_reason"": ""The answer provides a verbatim continuous span from paragraph 36 that directly and accurately resolves the question regarding Canada's stance on the monitoring mechanism and indicators. Precision is well-delimited to the complete governing sentence. Numerical fidelity not applicable; 4 is a compatibility value."", ""quality_reason"": ""search_realism: Presents a realistic, well-motivated practitioner inquiry into a delegation's articulated design preference regarding institutional monitoring mechanisms.\nanchoring_and_time: Clearly and accurately anchors the actor (Canada), the relevant body (Peacebuilding Commission), and the specific instrument (Guinea-Bissau Strategic Framework) without resorting to formal document symbols or paragraph citations.\nconsequence: The extracted sentence completely resolves the inquiry, capturing Canada's dual consideration of sharpening specificity with realistic indicators while remaining mindful of over-rigid benchmarks.\nlexical_distance: Effectively reframes the source's contrast between 'sharpen its focus and increase its specificity' and 'the perils of over-rigid benchmarks' into the concept of balancing specificity with flexibility.\nlinguistic_quality: Grammatically sound, natural, and precise query formulation suited to UN committee proceedings."", ""audit_reason"": ""No problems reported.""}]"
un,2008/pbc/3/gnb/sr_1,2008/pbc/3/gnb/sr_1#15,comparison,validation,0.32,False,0.55,False,0.55,31.0,32.0,True,FN,1,False,True,"[""q_9268bf97487989353c10fb81""]","[""How did Canada and Egypt differ in their priorities for the tracking and monitoring mechanism for the Guinea-Bissau Strategic Framework?""]","[""36. Since such efforts could not be fully addressed by the elections alone, her delegation welcomed discussions to see how those dimensions could be fully taken into account through the monitoring mechanism.\nCanada looked forward to working on that mechanism to sharpen its focus and increase its specificity since, while aware of the perils of over-rigid benchmarks, it considered that realistic, concrete indicators would be needed for the Peacebuilding Commission to assess progress towards the objectives set out in the Strategic Framework.\n37. Mr. El Shinawy (Egypt) said that it was necessary to reach a rapid agreement on the tracking and monitoring mechanism and to determine benchmarks for success. The regional dimension was especially important.\nThe country-specific configuration for Guinea-Bissau should therefore keep all regional and subregional African organizations informed of developments in the implementation of the Strategic Framework.\nIn the same way, it was vital that the Government of Guinea-Bissau notify the Peacebuilding Commission of any difficulties that arose.""]","[""clear""]","[{""faithfulness_reason"": ""The comparison between Canada and Egypt regarding their views on the monitoring mechanism is fully grounded in the target block text. The extracted span provides both delegations' positions in full without omission. Numerical fidelity not applicable; 4 is a compatibility value."", ""quality_reason"": ""search_realism: Reflects a genuine multilateral research task comparing member state priorities on institutional monitoring arrangements without resorting to artificial question wrappers.\nanchoring_and_time: Clearly grounds the inquiry in the Guinea-Bissau Strategic Framework and its tracking and monitoring mechanism, identifying the delegations accurately without using forbidden citation locators.\nconsequence: The continuous extract from paragraphs 36 and 37 directly supplies the stated priorities of both Canada (indicators vs. over-rigid benchmarks) and Egypt (rapid agreement on benchmarks and regional reporting), enabling a complete comparison.\nlexical_distance: Phrased naturally in the searcher's own syntax, retaining only essential substantive terms such as the mechanism name while avoiding mechanical copying of surrounding sentence structures.\nlinguistic_quality: Grammatically sound, precise, and natural English phrasing that clearly articulates the comparative aspect."", ""audit_reason"": ""No problems reported.""}]"
un,2008/pbc/3/gnb/sr_1,2008/pbc/3/gnb/sr_1#15,claim_verification,validation,0.6,True,0.55,True,0.55,31.0,32.0,True,TP,2,False,False,"[""q_bd16cf5fc84f2be6d371dedc""]","[""Did Egypt say that the Government of Guinea-Bissau should notify the Peacebuilding Commission of difficulties arising during implementation of the Strategic Framework?""]","[""Mr. El Shinawy (Egypt) said that it was necessary to reach a rapid agreement on the tracking and monitoring mechanism and to determine benchmarks for success. The regional dimension was especially important.\nThe country-specific configuration for Guinea-Bissau should therefore keep all regional and subregional African organizations informed of developments in the implementation of the Strategic Framework.\nIn the same way, it was vital that the Government of Guinea-Bissau notify the Peacebuilding Commission of any difficulties that arose.""]","[""repair""]","[{""faithfulness_reason"": ""The claim is supported by paragraph 37, where Egypt (Mr. El Shinawy) stated that it was vital for the Government of Guinea-Bissau to notify the Commission of any difficulties. The continuous span accurately links the speaker attribution to the governing statement. Numerical fidelity not applicable; 4 is a compatibility value."", ""quality_reason"": ""search_realism: Presents a plausible practitioner information need checking a national statement regarding reporting obligations between Guinea-Bissau and the Commission.\nanchoring_and_time: Properly anchors the speaker (Egypt), the target country (Guinea-Bissau), the governing body (Peacebuilding Commission), and the Strategic Framework without citations.\nconsequence: The multi-sentence span preserves both speaker attribution (Mr. El Shinawy, Egypt) and the substantive assertion regarding notifying the Commission of difficulties.\nlexical_distance: Competently reformulates the source statement across sentences while retaining necessary procedural terminology.\nlinguistic_quality: Natural, grammatically flawless interrogative phrasing."", ""audit_reason"": ""metadata: The field 'claim' ('Egypt said...') is not an exact substring of the question ('Did Egypt say...'), failing the exact substring annotation rule.""}]"
un,2008/pbc/3/gnb/sr_1,2008/pbc/3/gnb/sr_1#15,source_finding,validation,0.52,False,0.55,False,0.55,31.0,28.0,False,TN,1,False,False,"[""q_be7758e573008979b17e2217""]","[""Which Peacebuilding Commission summary record contains Egypt’s call for the Guinea-Bissau configuration to keep regional and subregional African organizations informed about implementation of the Strategic Framework?""]","[""PBC/3/GNB/SR.1""]","[""clear""]","[{""faithfulness_reason"": ""The target block confirms that Mr. El Shinawy of Egypt made this statement, but the selected evidence span omits the speaker attribution sentence, leaving a material part of the clue unsupported within the span. Precision is weak (2) because the span cuts off the decisive attribution to Egypt while including an unnecessary trailing sentence on Guinea-Bissau's reporting. Numerical and citational fidelity is fully successful (4), accurately identifying document symbol PBC/3/GNB/SR.1."", ""quality_reason"": ""search_realism: Presents a realistic, well-motivated practitioner query seeking the specific meeting record where a national delegation expressed a distinct policy recommendation.\nanchoring_and_time: Effectively anchors the query to the Peacebuilding Commission's Guinea-Bissau configuration, the delegation of Egypt, and the Strategic Framework without relying on prohibited formal locators.\nconsequence: The target document symbol is correctly identified, but the extracted evidence span omits the opening clause of paragraph 37 ('Mr. El Shinawy (Egypt) said...') that establishes Egypt as the speaker, while including an extraneous concluding sentence about the Government of Guinea-Bissau.\nlexical_distance: Competently reformulates the indirect speech of the record into a natural search query ('Egypt's call for...') while retaining necessary institutional terminology.\nlinguistic_quality: Clear, grammatically correct, and idiomatic phrasing with no discernible structural or stylistic flaws."", ""audit_reason"": ""No problems reported.""}]"
un,2008/s/res/1825_2008_,2008/s/res/1825_2008_#3,lookup,development,0.64,True,0.55,True,0.55,31.0,32.0,True,TP,1,False,True,"[""q_0e7b3ef3ea617c672f46226b""]","[""Until what date did the Security Council renew the mandate of UNMIN in its 2008 resolution on Nepal?""]","[""23 January 2009""]","[""clear""]","[{""faithfulness_reason"": ""The date until which UNMIN's mandate was renewed is directly established by operative paragraph 1 of the target block, the extracted answer is exact and concise, and the calendar date is faithfully reproduced."", ""quality_reason"": ""practitioner_realism: Presents a direct, practical date lookup regarding the duration of a peacekeeping/political mission mandate renewal.\nanchoring: The base query properly anchors the source by naming the Security Council, the subject matter (Nepal/UNMIN), and the year (2008) without using forbidden locators.\ninformativeness: The extracted date precisely resolves the specific unknown requested without unnecessary text or circularity.\nconsequence: Directly provides the legal mandate expiration date established in operative paragraph 1.\nlinguistic_quality: Clear, concise, and grammatically standard English formulation."", ""audit_reason"": ""No problems reported.""}]"
un,2008/s/res/1825_2008_,2008/s/res/1825_2008_#3,practitioner,development,0.69,True,0.55,True,0.55,31.0,25.0,False,FP,1,False,False,"[""q_a3b7266229b8530bc7aa19d3""]","[""For the United Nations Mission in Nepal (UNMIN) during Nepal's peace process, what did the Security Council decide about the mission's mandate?""]","[""to renew the mandate of UNMIN as established under resolution 1740 (2007) until 23 January 2009, taking into account the completion of some elements of the mandate, the ongoing work on the monitoring and the management of arms and armed personnel in line with the 25 June Agreement among the political parties, which will support the completion of the peace process""]","[""blocking""]","[{""faithfulness_reason"": ""The question directly asks what the Security Council decided regarding UNMIN's mandate, and the answer faithfully quotes the operative renewal decision from paragraph 1 of the target block. The span cleanly isolates the decision and its statutory considerations, and all dates, resolution citations, and agreement references are reproduced accurately."", ""quality_reason"": ""practitioner_realism: The query completely lacks a practitioner scenario, actor, or operational task, functioning purely as an uncontextualized reading-comprehension lookup.\nanchoring_and_time: Essential temporal and situational context is absent; UNMIN's mandate was established and renewed multiple times across several Security Council resolutions during the Nepal peace process, making this generic ask indistinguishable from other renewal decisions.\nconsequence: The quoted span provides the text of operative paragraph 1, but its practical evidential value is limited by the unanchored and unfocused nature of the prompt.\ninformativeness: The answer provides the full operative clause regarding the renewal date and considerations, though it captures a broad extract rather than addressing a targeted information need.\nlinguistic_quality: The phrasing is natural, grammatically correct, and standard in English."", ""audit_reason"": ""mode: The candidate is formulated as an abstract comprehension question without any practitioner persona, operational circumstance, or decision-making task required by the un_practitioners mode contract.""}]"
un,2008/s/res/1825_2008_,2008/s/res/1825_2008_#3,conceptual,development,0.66,True,0.55,True,0.55,31.0,32.0,True,TP,1,False,True,"[""q_969e9408ea8b82635aa1599c""]","[""Why did the Security Council renew UNMIN's mandate in Nepal until 23 January 2009?""]","[""Decides in line with the request from the Government of Nepal and the Secretary-General's recommendations, to renew the mandate of UNMIN as established under resolution 1740 (2007) until 23 January 2009, taking into account the completion of some elements of the mandate, the ongoing work on the monitoring and the management of arms and armed personnel in line with the 25 June Agreement among the political parties, which will support the completion of the peace process;""]","[""clear""]","[{""faithfulness_reason"": ""The question and answer are fully supported by operative paragraph 1 of the target block, accurately capturing the factors and requests that led to the renewal of UNMIN's mandate. The extracted contiguous span is concise and exact, and all dates and document references are correctly preserved."", ""quality_reason"": ""search_realism: The question presents a realistic, substantive policy inquiry seeking the articulated rationale and factors considered by the Security Council for extending UNMIN's mandate.\nanchoring_and_time: Context is clearly established by naming the Security Council, UNMIN in Nepal, and the specific renewal end date without relying on prohibited resolution symbols or paragraph locators.\nconsequence: The extracted paragraph fully answers the query by providing the complete stated rationale, including the governmental request, Secretary-General recommendations, and progress on arms monitoring.\nlexical_distance: The query naturally rephrases the operative decision into an interrogative format asking for reasons ('Why did the Security Council renew...'), retaining only necessary institutional proper nouns and dates.\nlinguistic_quality: Grammatically sound, clear, and idiomatic phrasing in both the question and the quoted extract."", ""audit_reason"": ""No problems reported.""}]"
un,2008/s/res/1825_2008_,2008/s/res/1825_2008_#3,comparison,development,0.28,False,0.55,False,0.55,31.0,,False,TN,0,True,False,[],[],[],[],[]
un,2008/s/res/1825_2008_,2008/s/res/1825_2008_#3,claim_verification,development,0.66,True,0.55,True,0.55,31.0,30.0,False,FP,1,False,False,"[""q_55768c7127e0f8f14a80dd0a""]","[""In resolution 1825 (2008), did the Security Council renew UNMIN's mandate until 23 January 2009?""]","[""1. Decides in line with the request from the Government of Nepal and the Secretary-General's recommendations, to renew the mandate of UNMIN as established under resolution 1740 (2007) until 23 January 2009, taking into account the completion of some elements of the mandate, the ongoing work on the monitoring and the management of arms and armed personnel in line with the 25 June Agreement among the political parties, which will support the completion of the peace process;""]","[""blocking""]","[{""faithfulness_reason"": ""The claim is fully supported by operative paragraph 1 of the target block, which explicitly records the Security Council's decision to renew UNMIN's mandate until 23 January 2009. The extracted span is continuous and accurate, and all numerical and date details are faithfully preserved."", ""quality_reason"": ""search_realism: The query frames a straightforward mandate-duration verification task, but relying directly on the resolution symbol in the prompt creates a slightly artificial, document-reading flavor.\nanchoring_and_time: Even setting aside the prohibited citation, the question identifies the actor (Security Council), the specific peacekeeping mission (UNMIN), and the exact mandate extension target date (23 January 2009).\nconsequence: Operative paragraph 1 directly resolves the proposed assertion by confirming the renewal of UNMIN's mandate until 23 January 2009.\nlexical_distance: The phrasing slightly condenses the operative clause ('renew UNMIN's mandate until 23 January 2009' vs 'renew the mandate of UNMIN... until 23 January 2009'), but closely tracks the source structure.\nlinguistic_quality: The sentence is grammatically fluent, clear, and well-punctuated."", ""audit_reason"": ""mode: The base question contains a prohibited formal target document citation ('resolution 1825 (2008)'), violating the standalone/locator policy for claim_verification.""}]"
un,2008/s/res/1825_2008_,2008/s/res/1825_2008_#3,source_finding,development,0.58,True,0.55,True,0.55,31.0,32.0,True,TP,1,False,True,"[""q_b6ee19d14a8d8a58ecb6d3bd""]","[""Which Security Council resolution renewed the mandate of the United Nations Mission in Nepal (UNMIN) until 23 January 2009, while noting ongoing monitoring and management of arms and armed personnel?""]","[""S/RES/1825(2008)""]","[""clear""]","[{""faithfulness_reason"": ""The target document identifier S/RES/1825(2008) is correctly identified, and every material element of the question's clue—renewing UNMIN's mandate until 23 January 2009 and noting the ongoing monitoring and management of arms and personnel—is directly established by operative paragraph 1."", ""quality_reason"": ""search_realism: Presents a realistic, coherent practitioner retrieval need to identify the specific resolution extending the mandate of UNMIN to a specified date.\nanchoring_and_time: Properly fixes the mission context (UNMIN), the operational function (monitoring and management of arms and armed personnel), and the exact mandate expiration date (23 January 2009).\nconsequence: The target document symbol and quoted operative paragraph 1 directly and fully resolve the search query.\nlexical_distance: Smoothly integrates the operational facts into an interrogative structure without copying procedural boilerplate from the text.\nlinguistic_quality: Grammatically sound, concise, and professional legal English."", ""audit_reason"": ""No problems reported.""}]"
un,2009/cedaw/c/sr_858_b_,2009/cedaw/c/sr_858_b_#22,lookup,validation,0.51,False,0.55,False,0.55,31.0,32.0,True,FN,3,False,True,"[""q_316fb837a16bf503c06c484e"", ""q_0c382828e9473cd42e34fd0a"", ""q_fda9caae1674fc705f9a98a3""]","[""What complaint figures did Ms. Natsagdolgor of Mongolia report in the Committee's 24 October 2008 summary record?"", ""What domestic-violence measures did Ms. Altangerel of Mongolia report in the Committee's 24 October 2008 summary record?"", ""What employment information did Ms. Natsagdolgor of Mongolia say the National Statistics Office published in its annual report in the Committee's 24 October 2008 summary record?""]","[""two complaints of human trafficking, three complaints of sexual harassment in the workplace and one complaint of discriminatory treatment had been filed since 2005; there was no record of any complaints prior to that year."", ""the Government campaigned widely against domestic violence in cooperation with the media and local communities.\n\nAn extensive programme for the perpetrators of violence was being implemented and an innovative programme for their rehabilitation through training, as an alternative to imprisonment, was being developed; women themselves favoured that measure."", ""employment data, including specific information on women""]","[""repair"", ""repair"", ""clear""]","[{""faithfulness_reason"": ""The response accurately identifies the complaint statistics reported by Ms. Natsagdolgor in paragraph 38, preserving the exact counts ('two', 'three', 'one') and the baseline year (2005)."", ""quality_reason"": ""practitioner_realism: Reflects a genuine practitioner lookup for official complaint statistics submitted by a state representative during treaty body reporting.\nanchoring: The base question identifies the speaker, country, committee context, and session date without using prohibited formal locators.\ninformativeness: The answer provides the exact breakdown of complaints filed since 2005 across the relevant categories.\nconsequence: Accurately and fully answers the figures requested by the prompt.\nlinguistic_quality: Clear, concise, and professional English phrasing across the question and cited variant."", ""audit_reason"": ""metadata: The anchor 'complaints of human trafficking' is completely absent from the question, which only asks generally for 'complaint figures'.""}, {""faithfulness_reason"": ""The answer accurately extracts Ms. Altangerel's statements on domestic-violence measures from paragraph 36 of the target block. Numerical fidelity not applicable; 4 is a compatibility value."", ""quality_reason"": ""practitioner_realism: Presents a realistic, direct search need asking about reported government measures regarding domestic violence from a committee meeting.\nanchoring: The base query clearly identifies the speaker, country, body, and exact meeting date without relying on document symbols or forbidden paragraph locators.\ninformativeness: Extracts the complete and relevant factual account of the anti-violence campaign and perpetrator rehabilitation programmes.\nconsequence: Directly resolves the specific inquiry regarding the reported domestic violence measures.\nlinguistic_quality: Natural, grammatically correct, and clear formulation in both question variants."", ""audit_reason"": ""metadata: The anchor 'domestic violence' does not match an exact substring in the question, which uses the hyphenated compound 'domestic-violence'.""}, {""faithfulness_reason"": ""The answer concisely provides the specific employment information reported by Ms. Natsagdolgor from paragraph 38. Numerical fidelity not applicable; 4 is a compatibility value."", ""quality_reason"": ""practitioner_realism: Poses a solid informational lookup regarding published statistical reporting on employment disaggregated for women.\nanchoring: Adequately fixes the institutional context, speaking delegation member, and meeting date, with a properly aligned cited version.\ninformativeness: Provides the exact span specifying that the published employment data includes specific information on women.\nconsequence: Resolves the information gap concerning the nature of data published by the National Statistics Office.\nlinguistic_quality: Well-constructed, readable, and grammatically sound query."", ""audit_reason"": ""No problems reported.""}]"
un,2009/cedaw/c/sr_858_b_,2009/cedaw/c/sr_858_b_#22,practitioner,validation,0.53,False,0.55,False,0.55,31.0,32.0,True,FN,3,False,True,"[""q_bf12aa280b0b3e8a330736e5"", ""q_e2a8ad7e61fb5b5b25fff1ee""]","[""A Mongolian delegation is preparing its reply to the CEDAW Committee. What minimum coverage did the Chairperson require?"", ""For a Mongolian briefing on measures against domestic violence, what did the Government report about its campaigns and programmes?""]","[""the delegation should reply to at least some of the questions raised by each expert"", ""the Government campaigned widely against domestic violence in cooperation with the media and local communities.\n\nAn extensive programme for the perpetrators of violence was being implemented and an innovative programme for their rehabilitation through training, as an alternative to imprisonment, was being developed; women themselves favoured that measure.""]","[""clear"", ""clear""]","[{""faithfulness_reason"": ""The answer accurately reflects paragraph 34 regarding the Chairperson's requirement for delegation replies. Precision is sound with no extraneous text. Numerical fidelity not applicable; 4 is a compatibility value."", ""quality_reason"": ""practitioner_realism: Presents a clear procedural scenario for a delegation team needing to know the Chair's instruction regarding the scope of responses.\nanchoring_and_time: Properly fixes the setting to the Mongolian delegation's dialogue before the CEDAW Committee without relying on formal document symbols.\nconsequence: Directly resolves the specific procedural standard mandated by the Chairperson for answering expert interventions.\ninformativeness: Provides an exact, concise statement of the Chairperson's required response threshold without extraneous text.\nlinguistic_quality: Grammatically sound, natural, and concise English formulation."", ""audit_reason"": ""No problems reported.""}, {""faithfulness_reason"": ""Paragraph 36 fully supports the details on domestic violence campaigns and perpetrator rehabilitation programmes. The extracted span is continuous and cleanly focused on the question. Numerical fidelity not applicable; 4 is a compatibility value."", ""quality_reason"": ""practitioner_realism: Reflects a realistic thematic briefing preparation on government programmes and campaign measures.\nanchoring_and_time: Identifies the national actor (Mongolian Government) and the specific substantive topic of domestic violence measures.\nconsequence: Directly resolves the inquiry regarding reported campaigns and rehabilitation programmes.\ninformativeness: Captures the continuous substantive block covering media/community campaigns and perpetrator rehabilitation programmes.\nlinguistic_quality: Well-formulated, clear, and professional query phrasing."", ""audit_reason"": ""No problems reported.""}]"
un,2009/cedaw/c/sr_858_b_,2009/cedaw/c/sr_858_b_#22,conceptual,validation,0.59,True,0.55,True,0.55,31.0,32.0,True,TP,1,False,True,"[""q_2e8f1628de295eabf7259083""]","[""What measures did Mongolia report to the Committee on the Elimination of Discrimination against Women to address domestic violence?""]","[""Ms. Altangerel (Mongolia) said that the Government campaigned widely against domestic violence in cooperation with the media and local communities.\nAn extensive programme for the perpetrators of violence was being implemented and an innovative programme for their rehabilitation through training, as an alternative to imprisonment, was being developed; women themselves favoured that measure.""]","[""clear""]","[{""faithfulness_reason"": ""The response accurately reproduces the domestic violence measures reported by the Mongolian delegation in paragraph 36 of the target text without distortion. Precision is appropriate, capturing the full continuous statement of measures. Numerical fidelity not applicable; 4 is a compatibility value."", ""quality_reason"": ""search_realism: Presents a realistic, well-motivated policy research question asking what response measures a state party reported to the treaty body.\nanchoring_and_time: Properly anchored to the state party (Mongolia), the relevant treaty body (Committee on the Elimination of Discrimination against Women), and the substantive topic without relying on formal symbols or paragraph locators.\nconsequence: The selected continuous span directly and completely details the specific programmatic and awareness-raising measures reported by the Mongolian delegation.\nlexical_distance: Formulates the retrieval need naturally ('measures did Mongolia report... to address domestic violence') without copying the specific structural phrasing of the statement.\nlinguistic_quality: Clear, grammatically correct, and standard international human rights reporting terminology."", ""audit_reason"": ""No problems reported.""}]"
un,2009/cedaw/c/sr_858_b_,2009/cedaw/c/sr_858_b_#22,comparison,validation,0.29,False,0.55,False,0.55,31.0,32.0,True,FN,1,False,False,"[""q_bc030d7412cf0b3571c2d120""]","[""During Mongolia's review by the Committee on the Elimination of Discrimination against Women, how did the reported numbers of complaints of human trafficking and sexual harassment in the workplace compare since 2005?""]","[""38. Ms. Natsagdolgor (Mongolia) said that two complaints of human trafficking, three complaints of sexual harassment in the workplace and one complaint of discriminatory treatment had been filed since 2005; there was no record of any complaints prior to that year.""]","[""repair""]","[{""faithfulness_reason"": ""The candidate directly answers the comparison question using a fully supported continuous span from paragraph 38 of the target block. Both comparison entities and the comparative aspect are clearly established, the excerpt is appropriately contained, and all counts and dates are reproduced with complete accuracy."", ""quality_reason"": ""search_realism: Presents a realistic, well-motivated comparative query investigating reported complaint volumes across two specific categories during a state reporting review.\nanchoring_and_time: Properly anchors the context to Mongolia's review before the Committee on the Elimination of Discrimination against Women and specifies the temporal boundary (since 2005) without relying on forbidden locators.\nconsequence: The selected quotation directly and completely resolves the comparison, providing the exact figures for both human trafficking (two) and workplace sexual harassment (three).\nlexical_distance: Formulates a natural comparative question that appropriately incorporates necessary domain terminology while avoiding verbatim copying of the source paragraph's syntax.\nlinguistic_quality: Grammatically sound, clear, and fluent sentence construction."", ""audit_reason"": ""metadata: comparison_entities[1] ('complaints of sexual harassment in the workplace') is not an exact substring of the question, which phrases the conjunction as 'complaints of human trafficking and sexual harassment in the workplace'.""}]"
un,2009/cedaw/c/sr_858_b_,2009/cedaw/c/sr_858_b_#22,claim_verification,validation,0.6,True,0.55,True,0.55,31.0,32.0,True,TP,2,False,False,"[""q_2711801ead3842b53945f162""]","[""At the Committee's examination of Mongolia, was an innovative programme for perpetrators' rehabilitation already being implemented as an alternative to imprisonment?""]","[""An extensive programme for the perpetrators of violence was being implemented and an innovative programme for their rehabilitation through training, as an alternative to imprisonment, was being developed;""]","[""repair""]","[{""faithfulness_reason"": ""The claim that the innovative rehabilitation programme was already being implemented is directly contradicted by the source, which specifies that it was being developed while an extensive programme was being implemented. The selected span is concise and complete. Numerical fidelity not applicable; 4 is a compatibility value."", ""quality_reason"": ""search_realism: The query reflects a realistic verification need testing whether an innovative perpetrator-rehabilitation programme was operational or merely under development.\nanchoring_and_time: Well anchored to the Committee's examination of Mongolia and the specific domestic violence perpetrator rehabilitation initiative.\nconsequence: The excerpt directly resolves the assertion, demonstrating that the innovative rehabilitation programme was only 'being developed' while another extensive programme was being implemented, fully justifying the contradicted verdict.\nlexical_distance: Successfully reframes the source statement into a natural question without copying superfluous source scaffolding.\nlinguistic_quality: Grammatically sound, natural, and precise English phrasing."", ""audit_reason"": ""metadata: The anchor substring 'innovative programme for their rehabilitation' does not appear verbatim in the question, which instead uses 'innovative programme for perpetrators' rehabilitation'.""}]"
un,2009/cedaw/c/sr_858_b_,2009/cedaw/c/sr_858_b_#22,source_finding,validation,0.53,False,0.55,False,0.55,31.0,32.0,True,FN,2,False,True,"[""q_55301d194d32ea89a75d019e"", ""q_158120b41808732c6e824733""]","[""Which CEDAW summary record contains the Mongolian delegation's statement that an extensive programme for perpetrators of domestic violence was being implemented and that rehabilitation through training was being developed as an alternative to imprisonment?"", ""Which CEDAW summary record contains the Mongolian delegation's report of complaints of human trafficking, sexual harassment in the workplace and discriminatory treatment filed since 2005?""]","[""CEDAW/C/SR(858.B)"", ""CEDAW/C/SR(858.B)""]","[""clear"", ""clear""]","[{""faithfulness_reason"": ""The question's clue regarding the Mongolian delegation's statement on rehabilitation through training as an alternative to imprisonment is fully verified by the cited evidence span, and the official document symbol matches the target block metadata."", ""quality_reason"": ""search_realism: Presents a realistic, well-formulated practitioner search need seeking the summary record containing a specific policy statement by the Mongolian delegation.\nanchoring_and_time: Effectively anchors the query to the Mongolian delegation under CEDAW review and specifies the detailed substantive programmes without relying on forbidden locators.\nconsequence: The submitted document symbol and supporting excerpt directly and completely resolve the search clue.\nlexical_distance: Successfully integrates the necessary terminology into a fluent, naturally rephrased search query.\nlinguistic_quality: Grammatically sound, clear, and well-structured English phrasing throughout."", ""audit_reason"": ""No problems reported.""}, {""faithfulness_reason"": ""The clue concerning complaints of trafficking, sexual harassment, and discrimination since 2005 is fully grounded in the target body text, and both the year 2005 and the document symbol are accurately preserved."", ""quality_reason"": ""search_realism: Reflects a plausible and standard legal research goal to locate the primary record documenting statistical reporting on complaints.\nanchoring_and_time: Appropriately anchors the query using the forum, country delegation, categories of complaints, and the post-2005 timeframe.\nconsequence: The identified summary record and corresponding evidence span fully substantiate the clue in the question.\nlexical_distance: Converts the target sentence into a smooth query without unnecessary verbatim copying.\nlinguistic_quality: Accurate, natural, and concise query formulation."", ""audit_reason"": ""No problems reported.""}]"
un,2009/cedaw/c/sr_877,2009/cedaw/c/sr_877#19,lookup,development,0.57,True,0.55,True,0.55,31.0,32.0,True,TP,3,False,True,"[""q_7d93310610af4cefae55414c"", ""q_e4d302529167defee986be4b""]","[""Which two ministries did Cameroon identify as responsible for labour during its discussion of the combined second and third periodic report?"", ""What exceptions to the prohibition on abortion did Cameroon identify during its discussion of the combined second and third periodic report?""]","[""Cameroon had two ministries responsible for labour: the Ministry of Labour and Professional Education and Ministry of Labour and Social Security."", ""Abortion was permitted in the case of rape or when the life of the mother was in danger.""]","[""clear"", ""clear""]","[{""faithfulness_reason"": ""The answer provides the exact contiguous sentence from paragraph 46 identifying the two ministries responsible for labour. The count of two ministries is preserved accurately."", ""quality_reason"": ""practitioner_realism: Reflects a practical institutional lookup regarding governmental departmental responsibilities for labour.\nanchoring: Properly identifies the substantive context and review setting without using illicit locators.\ninformativeness: Directly and fully resolves the specific unknown by naming both designated ministries from paragraph 46.\nconsequence: Fully satisfies the practitioner need by extracting the complete institutional allocation of labour responsibilities.\nlinguistic_quality: Natural, precise, and idiomatic phrasing in both the base and cited questions."", ""audit_reason"": ""No problems reported.""}, {""faithfulness_reason"": ""The answer directly provides the exceptions to the prohibition of abortion stated in paragraph 45. Numerical fidelity not applicable; 4 is a compatibility value."", ""quality_reason"": ""practitioner_realism: Represents a classic human rights treaty body legal inquiry into statutory penal exceptions.\nanchoring: Sufficiently grounds the inquiry in Cameroon's periodic report review under CEDAW.\ninformativeness: Accurately and cleanly extracts the precise legal exceptions (rape and danger to the life of the mother).\nconsequence: Directly resolves the legal scope of permitted exceptions to article 337 of the Penal Code.\nlinguistic_quality: Clear, concise, and professional legal phrasing."", ""audit_reason"": ""No problems reported.""}]"
un,2009/cedaw/c/sr_877,2009/cedaw/c/sr_877#19,practitioner,development,0.51,False,0.55,False,0.55,31.0,32.0,True,FN,3,False,True,"[""q_145019bc378301f2c6afb77e"", ""q_7f135b20a091a51f73bd05b3"", ""q_594b49f057a0674655a6d152""]","[""A Cameroonian health worker needs to explain the stated exceptions to the Penal Code prohibition on abortion. In which circumstances did Cameroon say abortion was permitted?"", ""A Cameroon reporting team planning its next labour section needs to know when statistics on workers in the private and informal sectors would be available. What did Cameroon say?"", ""A Cameroonian legal adviser briefing women on property claims after divorce needs to assess whether liquidation was completed when a judge had designated a notary. What did the report say?""]","[""Abortion was permitted in the case of rape or when the life of the mother was in danger."", ""would be available in the near future."", ""it did not always take place.""]","[""clear"", ""clear"", ""clear""]","[{""faithfulness_reason"": ""The answer reproduces the exact sentence from paragraph 45 setting out the two statutory exceptions where abortion is permitted. Precision is well-bounded, and numerical fidelity is not applicable; 4 is a compatibility value."", ""quality_reason"": ""practitioner_realism: Establishes a practical healthcare counselling task concerning statutory exceptions to a criminal prohibition.\nanchoring_and_time: Accurately anchors to Cameroon's Penal Code provisions on abortion without using prohibited structural references.\nconsequence: Completely resolves both statutory grounds under which abortion is legally permitted.\ninformativeness: Extracts the exact full sentence specifying both conditions (rape and threat to the life of the mother).\nlinguistic_quality: Clear, precise, and idiomatic phrasing throughout."", ""audit_reason"": ""No problems reported.""}, {""faithfulness_reason"": ""The answer accurately reproduces the timeframe stated in paragraph 46 of the target block regarding statistics on workers in the private and informal sectors. Precision is appropriate, and numerical fidelity is not applicable; 4 is a compatibility value."", ""quality_reason"": ""practitioner_realism: Presents a credible administrative task involving a national reporting team preparing draft sections on labour statistics.\nanchoring_and_time: Appropriately anchors the issue to Cameroon and the specific subject of private and informal sector labour statistics without prohibited target locators.\nconsequence: Directly provides the timeline stated by the State party for the availability of the requested data.\ninformativeness: The extracted verbal phrase concisely delivers the exact timeframe specified in paragraph 46.\nlinguistic_quality: Grammatically sound, clear, and natural English formulation."", ""audit_reason"": ""No problems reported.""}, {""faithfulness_reason"": ""The answer directly provides the exact outcome from the target text concerning liquidation when a judge designated a notary. Precision is concise, and numerical fidelity is not applicable; 4 is a compatibility value."", ""quality_reason"": ""practitioner_realism: Poses a realistic legal advisory need regarding post-divorce liquidation practicalities.\nanchoring_and_time: Clearly anchors the scenario to Cameroonian divorce proceedings and judicial designation of a notary.\nconsequence: Resolves whether the liquidation procedure was reliably carried out in practice according to the record.\ninformativeness: Supplies the exact finding from the text on whether designated liquidations actually occurred.\nlinguistic_quality: Fluent, professional legal phrasing with seamless cohesion between question and extract."", ""audit_reason"": ""No problems reported.""}]"
un,2009/cedaw/c/sr_877,2009/cedaw/c/sr_877#19,conceptual,development,0.58,True,0.55,True,0.55,31.0,32.0,True,TP,3,False,True,"[""q_c3831047dfe496c785b2643f""]","[""How did Cameroon’s Penal Code’s prohibition on abortion address pregnancies resulting from rape or threats to the mother’s life?""]","[""Although article 337 of the Penal Code prohibited abortion, there were exceptions which covered the cases referred to.\nAbortion was permitted in the case of rape or when the life of the mother was in danger.""]","[""clear""]","[{""faithfulness_reason"": ""The question asking how the Penal Code prohibition addresses rape or threats to maternal life is directly answered by the contiguous text mentioning article 337 and the exceptions for rape and danger to the mother's life. Article 337 is accurately preserved."", ""quality_reason"": ""search_realism: Presents a realistic legal research inquiry into statutory exceptions under Cameroon's penal framework for abortion.\nanchoring_and_time: Accurately anchors to Cameroon's Penal Code and the specific conditions of rape and life endangerment without using prohibited locators.\nconsequence: Directly and completely resolves the query by extracting the exact statutory exceptions permitting abortion under those two specific circumstances.\nlexical_distance: Effectively rephrases source phrasing, transforming 'when the life of the mother was in danger' into 'threats to the mother's life'.\nlinguistic_quality: Natural, precise, and idiomatic legal English."", ""audit_reason"": ""No problems reported.""}]"
un,2009/cedaw/c/sr_877,2009/cedaw/c/sr_877#19,comparison,development,0.32,False,0.55,False,0.55,31.0,31.0,False,TN,1,False,False,"[""q_9e573dbe5a92266a522f3dbe""]","[""During the CEDAW review of Cameroon's combined second and third periodic report, how did the article 337 abortion exception for rape compare with the exception when the life of the mother was in danger?""]","[""45. Although article 337 of the Penal Code prohibited abortion, there were exceptions which covered the cases referred to. Abortion was permitted in the case of rape or when the life of the mother was in danger.""]","[""repair""]","[{""faithfulness_reason"": ""The question establishes a valid comparison between the two statutory grounds under article 337 of the Penal Code, both of which share the same legal treatment (abortion permitted as an exception). The extracted span from paragraph 45 is fully continuous, contains no extraneous text, and accurately reproduces the legal article reference."", ""quality_reason"": ""search_realism: The query establishes a serviceable shared-treatment comparison, though asking how one statutory exception compared to another when both are simply co-listed permitted grounds reflects a slightly constructed query framing.\nanchoring_and_time: The contextual framing accurately anchors the substantive discussion to the CEDAW review of Cameroon's combined second and third periodic report without relying on prohibited document locators.\nconsequence: The extracted answer fully and directly resolves the comparison aspect by showing that abortion was permitted under article 337 in both situations.\nlexical_distance: The query effectively integrates the statutory concepts into natural question syntax rather than relying on source-shaped sentence scaffolding.\nlinguistic_quality: The prose is fluent, grammatically sound, and clearly articulated."", ""audit_reason"": ""metadata: The anchor 'article 337 of the Penal Code' does not appear as an exact substring in the question, which only contains 'article 337'.""}]"
un,2009/cedaw/c/sr_877,2009/cedaw/c/sr_877#19,claim_verification,development,0.62,True,0.55,True,0.55,31.0,31.0,False,FP,1,False,False,"[""q_d89dd16b2822c4c922a2471a""]","[""In the CEDAW review of Cameroon's combined second and third periodic report, did the reported exceptions to article 337 permit abortion in cases of rape or when the mother's life was in danger?""]","[""45. Although article 337 of the Penal Code prohibited abortion, there were exceptions which covered the cases referred to.\nAbortion was permitted in the case of rape or when the life of the mother was in danger.""]","[""clear""]","[{""faithfulness_reason"": ""The claim is fully supported by paragraph 45 of the target text, which confirms that exceptions to article 337 of the Penal Code permitted abortion in cases of rape or when the mother's life was in danger. The extracted contiguous span is concise and directly resolves the claim, and article number 337 is accurately reproduced."", ""quality_reason"": ""search_realism: Presents a realistic legal research inquiry checking reported statutory exceptions for abortion under Cameroon's penal framework during treaty body consideration.\nanchoring_and_time: Effectively anchors the query to Cameroon's dialogue before CEDAW on its combined second and third periodic report.\nconsequence: The provided target block excerpt directly and conclusively establishes that abortion was permitted under exceptions in cases of rape or maternal danger.\nlexical_distance: The query closely tracks the target text's phrasing ('in cases of rape or when the mother's life was in danger' vs. 'in the case of rape or when the life of the mother was in danger') inside a standard interrogative wrapper, representing serviceable lexical distance.\nlinguistic_quality: Grammatically sound, clear, and well-structured legal English formulation."", ""audit_reason"": ""No problems reported.""}]"
un,2009/cedaw/c/sr_877,2009/cedaw/c/sr_877#19,source_finding,development,0.54,False,0.55,False,0.55,31.0,32.0,True,FN,1,False,True,"[""q_6eb52faae44685f6006ad6f7""]","[""Which CEDAW Committee record contains Cameroon's statement, during the review of its combined second and third periodic report, that article 337 of the Penal Code prohibited abortion but allowed exceptions for rape or danger to the mother's life?""]","[""CEDAW/C/SR.877""]","[""clear""]","[{""faithfulness_reason"": ""The source-finding question correctly identifies the official document symbol CEDAW/C/SR.877 from metadata, and all material parts of the clue regarding article 337 of the Penal Code and exceptions for abortion are fully supported by an exact, contiguous evidence span from the target block. All identifiers and article numbers are accurately preserved."", ""quality_reason"": ""search_realism: Presents a realistic research query seeking the specific UN treaty body summary record where a State party clarified its penal code provisions on abortion.\nanchoring_and_time: Effectively anchors the query to Cameroon's presentation during the consideration of its combined second and third periodic reports before the CEDAW Committee without leaking the target symbol.\nconsequence: The provided document symbol correctly identifies the source, and the selected contiguous body passage completely supports the clue.\nlexical_distance: Naturally reformulates the statements in paragraph 45 of the summary record into a fluent subordinate clause.\nlinguistic_quality: Grammatically sound, clear, and well-structured legal English."", ""audit_reason"": ""No problems reported.""}]"
un,2009/s/res/1900_2009_,2009/s/res/1900_2009_#2,lookup,validation,0.71,True,0.55,True,0.55,31.0,34.0,True,TP,3,False,True,"[""q_5aab313ba73dc49f5a283dfc""]","[""What extension of the International Tribunal judges' terms of office did the Security Council intend in its December 2009 resolution on the Former Yugoslavia Tribunal?""]","[""extend, by 30 June 2010, the terms of office of all trial judges at the International Tribunal based on the Tribunal's projected trial schedule and the terms of office of all appeals judges until 31 December 2012, or until the completion of the cases to which they are assigned if sooner""]","[""clear""]","[{""faithfulness_reason"": ""Grounding exceptional: the question and answer accurately maintain the Council's non-binding modality ('intended'/'intention to extend') rather than framing it as an enacted extension, properly reflecting operative paragraph 1 across both trial and appeals judge categories. Precision is strong at 4 as it isolates the full substantive scope of the intended extensions without trailing into the administrative request. Numerical fidelity exceptional: the candidate perfectly maintains the critical distinction between an action deadline ('by 30 June 2010') for trial judges and a term expiration date ('until 31 December 2012') for appeals judges."", ""quality_reason"": ""practitioner_realism: Presents a realistic legal research request regarding judicial mandates, correctly framing the inquiry around the Council's stated intention rather than a finalized extension.\nanchoring: Adequately anchors the base query to the December 2009 resolution concerning the International Tribunal for the Former Yugoslavia without using formal document identifiers.\ninformativeness: The extracted span fully resolves the question, capturing the specific intended extension dates and conditions for both trial and appeals judges.\nconsequence: Directly and fully resolves the informational need by supplying the exact scope of the intended extensions and assigned conditions.\nlinguistic_quality: Clear, grammatically correct, and natural phrasing in both the base and cited questions."", ""audit_reason"": ""No problems reported.""}]"
un,2009/s/res/1900_2009_,2009/s/res/1900_2009_#2,practitioner,validation,0.7,True,0.55,True,0.55,31.0,32.0,True,TP,2,False,True,"[""q_da1586911ae7d0c45e29c076""]","[""For the President of the International Tribunal preparing the Security Council submission, what information must the updated trial and appeals schedule include?""]","[""information on the judges whose extension of the terms of office or redeployment to the Appeals Chamber will be sought""]","[""clear""]","[{""faithfulness_reason"": ""The question asks what specific information must be included in the submission, which is directly answered by the target block. Numerical fidelity not applicable; 4 is a compatibility value."", ""quality_reason"": ""practitioner_realism: Presents a genuine, practical reporting task for the Tribunal President preparing a required submission to the Security Council.\nanchoring_and_time: Properly identifies the substantive body, the role of the President, and the target submission without relying on prohibited symbols or locators.\nconsequence: Directly and fully resolves what specific personnel details must be included in the submitted schedule.\ninformativeness: Extracts the exact required content specification without unnecessary surrounding verbiage.\nlinguistic_quality: Grammatically sound, natural, and professional phrasing."", ""audit_reason"": ""No problems reported.""}]"
un,2009/s/res/1900_2009_,2009/s/res/1900_2009_#2,conceptual,validation,0.64,True,0.55,True,0.55,31.0,25.0,False,FP,2,False,False,"[""q_d5ed9f51bdfcd13b4f6a7e7a"", ""q_a7b02b62f85068e70023fab3""]","[""What exception did Resolution 1900 (2009) make for Judges Kimberley Prost and Ole Bjørn Støle after their terms of office expired?"", ""What scheduling information did the Security Council seek before extending or redeploying International Tribunal judges in Resolution 1900 (2009)?""]","[""Decides that, notwithstanding the expiry of their terms of office on 31 December 2009, Judges Kimberley Prost (Canada) and Ole Bjørn Støle (Norway) complete the Popović case which they began before the expiry of their terms of office; and takes note of the intention of the International Tribunal to complete the case before the end of March 2010;"", ""Underlines its intention to extend, by 30 June 2010, the terms of office of all trial judges at the International Tribunal based on the Tribunal's projected trial schedule and the terms of office of all appeals judges until 31 December 2012, or until the completion of the cases to which they are assigned if sooner, and requests the President of the International Tribunal to submit to the Council an updated trial and appeals schedule, including information on the judges whose extension of the terms of office or redeployment to the Appeals Chamber will be sought;""]","[""blocking"", ""blocking""]","[{""faithfulness_reason"": ""The substantive exception allowing Judges Prost and Støle to complete the Popović case notwithstanding the expiry of their terms is accurately captured from paragraph 2, with dates and names preserved faithfully."", ""quality_reason"": ""search_realism: Presents a direct document-comprehension lookup asking what a specific cited resolution decided, rather than an organic thematic research query.\nanchoring_and_time: The question uses the target instrument citation 'Resolution 1900 (2009)' as its grammatical subject. Disregarding this prohibited locator leaves the query without an adopting authority or temporal boundary, triggering the ceiling of 2.\nconsequence: The answer provides the relevant decision permitting the named judges to complete the Popović case, but extracts the entire operative paragraph including subsequent commentary on expected completion timing.\nlexical_distance: Copies the specific judge names and expiry phrasing closely from the source text with minimal structural reformulation.\nlinguistic_quality: Serviceable, though placing 'after their terms of office expired' at the end of the query creates minor temporal ambiguity regarding whether the adoption or the exception occurred after expiry."", ""audit_reason"": ""mode: The base question contains a prohibited formal target document citation ('Resolution 1900 (2009)'), violating the standalone locator policy.""}, {""faithfulness_reason"": ""The information sought by the Council is fully grounded in paragraph 1. However, precision is reduced to 3 because the excerpt retains a long, easily removable preceding clause regarding the Council's intention to extend terms of office rather than isolating the requested submission clause."", ""quality_reason"": ""search_realism: Formulated as a document-reading comprehension test rather than an authentic practitioner query, relying on an explicit reference to the target resolution.\nanchoring_and_time: Relies directly on the prohibited resolution locator 'Resolution 1900 (2009)' to establish context. Stripping that locator leaves only 'Security Council' and the generic 'International Tribunal judges' without any temporal anchor or specific tribunal identification, triggering the mandatory ceiling of 2.\nconsequence: The submitted answer resolves the question by identifying the updated schedule and judge information requested, but it includes an unnecessary full-sentence prefix detailing the Council's extension intentions for trial and appeals judges.\nlexical_distance: Rephrases the core request adequately, though it retains close structural ties to the source clause.\nlinguistic_quality: Grammatically sound, fluent, and clearly phrased English."", ""audit_reason"": ""mode: The base question contains a prohibited formal target document citation ('Resolution 1900 (2009)'), violating the standalone locator policy.""}]"
un,2009/s/res/1900_2009_,2009/s/res/1900_2009_#2,comparison,validation,0.46,False,0.55,False,0.55,31.0,27.0,False,TN,1,False,False,"[""q_ca87185233a2fe75ea98bf7c""]","[""Under Security Council resolution 1900 (2009), how did the planned extensions of the terms of office differ for all trial judges and all appeals judges at the International Tribunal?""]","[""1. Underlines its intention to extend, by 30 June 2010, the terms of office of all trial judges at the International Tribunal based on the Tribunal's projected trial schedule and the terms of office of all appeals judges until 31 December 2012, or until the completion of the cases to which they are assigned if sooner, and requests the President of the International Tribunal to submit to the Council an updated trial and appeals schedule, including information on the judges whose extension of the terms of office or redeployment to the Appeals Chamber will be sought;""]","[""blocking""]","[{""faithfulness_reason"": ""The comparison between the planned extensions for trial judges and appeals judges is fully grounded in paragraph 1, and all dates (30 June 2010 and 31 December 2012) are faithfully preserved. However, the extracted span retains a substantial, separable trailing clause requesting the President of the International Tribunal to submit an updated schedule, which constitutes meaningful removable excess."", ""quality_reason"": ""search_realism: The retrieval goal is understandable, but relying on a formal document citation turns the query into a direct document-lookup exercise rather than a standalone legal search need.\nanchoring_and_time: The question relies entirely on the prohibited locator 'Security Council resolution 1900 (2009)'. Disregarding the forbidden citation leaves only 'the International Tribunal' without a temporal baseline or specific tribunal identifier, triggering the mandatory ceiling of 2.\nconsequence: The extracted text of paragraph 1 resolves both sides of the comparison, detailing the planned action deadline and basis for trial judges alongside the planned term-end date and case-completion condition for appeals judges.\nlexical_distance: The query relies heavily on verbatim phrasing from the target text ('terms of office of all trial judges', 'all appeals judges') wrapped in a basic comparative framing.\nlinguistic_quality: The sentence is grammatically sound, clear, and properly structured."", ""audit_reason"": ""mode: The question includes the formal target locator 'Security Council resolution 1900 (2009)', violating the standalone/locator policy which strictly prohibits formal resolution symbols and act numbers in comparison mode.""}]"
un,2009/s/res/1900_2009_,2009/s/res/1900_2009_#2,claim_verification,validation,0.69,True,0.55,True,0.55,31.0,30.0,False,FP,2,False,False,"[""q_ed374219abd9269081771f4b""]","[""Did Security Council resolution 1900 (2009) decide that Judges Kimberley Prost and Ole Bjørn Støle could complete the Popović case despite the expiry of their terms of office?""]","[""2. Decides that, notwithstanding the expiry of their terms of office on 31 December 2009, Judges Kimberley Prost (Canada) and Ole Bjørn Støle (Norway) complete the Popović case which they began before the expiry of their terms of office; and takes note of the intention of the International Tribunal to complete the case before the end of March 2010;""]","[""blocking""]","[{""faithfulness_reason"": ""The claim accurately reflects operative paragraph 2 of resolution 1900 (2009), which decides that Judges Prost and Støle may complete the Popović case notwithstanding the expiry of their terms of office. The extracted paragraph directly supports the supported verdict with accurate date preservation."", ""quality_reason"": ""search_realism: The verification need tests a specific exception for individual judges completing an ongoing trial, but framing it directly around the formal resolution number gives it a document-reading focus.\nanchoring_and_time: Ignoring the prohibited formal citation, the mention of Judges Kimberley Prost, Ole Bjørn Støle, and the Popović case provides recognizable context, though the specific institutional body and year rely on the citation.\nconsequence: The selected answer fully and accurately confirms the Council's decision authorizing the named judges to complete the Popović case notwithstanding the expiry of their terms of office.\nlexical_distance: Successfully rephrases 'notwithstanding the expiry of their terms of office' to 'despite the expiry of their terms of office' and adjusts the syntax into a natural interrogative check.\nlinguistic_quality: Grammatically sound, well-structured, and clear English phrasing."", ""audit_reason"": ""mode: Prohibited formal target document citation 'Security Council resolution 1900 (2009)' is included in the base question, violating the standalone locator policy.""}]"
un,2009/s/res/1900_2009_,2009/s/res/1900_2009_#2,source_finding,validation,0.58,True,0.55,True,0.55,31.0,27.0,False,FP,1,False,False,"[""q_970d5876f2eec70d405cf926""]","[""Which Security Council resolution extended the terms of office of judges at the International Tribunal and allowed Judges Kimberley Prost and Ole Bjørn Støle to complete the Popović case?""]","[""S/RES/1900(2009)""]","[""blocking""]","[{""faithfulness_reason"": ""The clue asserts that the resolution extended the terms of office of judges, whereas paragraph 1 only '[u]nderlines its intention to extend' those terms. Confusing an intention to extend with an adopted extension is a material action/status defect. Precision is 4 as the evidence is a contiguous span covering both referenced provisions, and numerical fidelity is 4 for exact citation of the document identifier."", ""quality_reason"": ""search_realism: Plausible formulation of a resolution lookup, but weakened by incorporating an inaccurate legal premise regarding the action taken by the Council.\nanchoring_and_time: The question provides specific contextual anchors including the named judges, the Popović case, and the International Tribunal.\nconsequence: Capped at 2 due to a support failure in the clue: operative paragraph 1 only underlines the Council's intention to extend the terms of office by a future date rather than actually enacting the extension.\nlexical_distance: Adequately reframes the source text into an interrogative query without excessive copying of nonessential scaffolding.\nlinguistic_quality: Grammatically sound, clear, and well-formed English sentence structure."", ""audit_reason"": ""support: Operative paragraph 1 only underlines the Council's intention to extend the terms of office ('Underlines its intention to extend, by 30 June 2010, the terms of office...'), rather than actually extending them; an expression of future intention does not support the factual premise in the question that the resolution extended judges' terms of office.""}]"
un,2010/a/hrc/res/14/9,2010/a/hrc/res/14/9#2,lookup,development,0.57,True,0.55,True,0.55,31.0,31.0,False,FP,3,False,False,"[""q_b1c066062ff73a8e5523cccf"", ""q_03ed092ac2a194cfb3e1037b"", ""q_0ac4ebdc8f4734119dd218fd""]","[""In the Human Rights Council resolution on cultural rights and cultural diversity, what status did the Council reaffirm for cultural rights?"", ""What limitation did the Human Rights Council reaffirm on invoking cultural diversity in its resolution on cultural rights and cultural diversity?"", ""What right did the Human Rights Council recognize in its resolution on cultural rights and cultural diversity?""]","[""cultural rights are an integral part of human rights, which are universal, indivisible, interrelated and interdependent"", ""no one may invoke cultural diversity to infringe upon human rights guaranteed by international law, nor to limit their scope"", ""the right of everyone to take part in cultural life and to enjoy the benefits of scientific progress and its applications""]","[""clear"", ""clear"", ""repair""]","[{""faithfulness_reason"": ""The answer directly reflects operative paragraph 1 of the resolution, accurately describing the reaffirmed status of cultural rights. Precision is strong with an exact continuous span. Numerical fidelity not applicable; 4 is a compatibility value."", ""quality_reason"": ""practitioner_realism: Reflects a genuine, standard professional inquiry seeking the Council's characterization of cultural rights within the human rights framework.\nanchoring: Identifies the issuing body and subject matter clearly, but omits a temporal marker or session number to distinguish this resolution from other iterations on the same theme.\ninformativeness: Directly and fully provides the substantive status established in paragraph 1 without excess or omission.\nconsequence: Accurately resolves the status of cultural rights as integral, universal, indivisible, interrelated, and interdependent.\nlinguistic_quality: Clear, fluent, and precise English phrasing."", ""audit_reason"": ""No problems reported.""}, {""faithfulness_reason"": ""The substantive limitation on invoking cultural diversity is accurately grounded in operative paragraph 4, despite the slight question-verb variation between 'reaffirm' and 'recalls'. The span is precise and continuous. Numerical fidelity not applicable; 4 is a compatibility value."", ""quality_reason"": ""practitioner_realism: Presents a clear legal research need regarding limitations placed on invoking cultural diversity against guaranteed human rights.\nanchoring: Clearly identifies the body and the topic, though lacking a session/date to distinguish between annual resolutions.\ninformativeness: The extracted span captures the exact limitation recalled in operative paragraph 4.\nconsequence: Directly resolves the specific constraint that cultural diversity may not be invoked to infringe upon or limit human rights.\nlinguistic_quality: Fluent and well-structured, though using 'reaffirm' where the source text operative verb is 'Recalls'."", ""audit_reason"": ""No problems reported.""}, {""faithfulness_reason"": ""The answer accurately provides the specific rights recognized in operative paragraph 2. The quotation is concise and continuous without unnecessary text. Numerical fidelity not applicable; 4 is a compatibility value."", ""quality_reason"": ""practitioner_realism: A standard professional information lookup concerning recognized rights in the target instrument.\nanchoring: Supplies the body and topic, but lacks a year or session discriminator.\ninformativeness: Accurately extracts the full right recognized in operative paragraph 2.\nconsequence: Fully resolves the inquiry regarding the recognized right to take part in cultural life and scientific progress.\nlinguistic_quality: Natural and grammatically sound question formulation."", ""audit_reason"": ""metadata: The declared anchor 'right of everyone to take part in cultural life' does not appear in either the base question or the cited question (it appears only in the answer span).""}]"
un,2010/a/hrc/res/14/9,2010/a/hrc/res/14/9#2,practitioner,development,0.5,False,0.55,False,0.55,31.0,31.0,False,TN,2,False,False,"[""q_b0dac88e71704b5af2315bc7""]","[""A human rights officer is assessing a national argument that cultural diversity justifies restricting a protected right. What does the Human Rights Council's cultural-rights resolution provide?""]","[""no one may invoke cultural diversity to infringe upon human rights guaranteed by international law, nor to limit their scope""]","[""clear""]","[{""faithfulness_reason"": ""The answer accurately captures the restriction specified in operative paragraph 4 regarding invocations of cultural diversity. Numerical fidelity not applicable; 4 is a compatibility value."", ""quality_reason"": ""practitioner_realism: A human rights officer assessing whether cultural diversity may be invoked to limit a right is a credible, routine practical application of paragraph 4.\nanchoring_and_time: Anchors to the Human Rights Council cultural-rights theme, but lacks a year or session marker to distinguish this resolution from other iterations in the series.\nconsequence: The continuous span directly answers the officer's legal question by providing the exact prohibitive rule.\ninformativeness: Clean extraction that captures the core rule and its scope without unnecessary surrounding recital text.\nlinguistic_quality: Clear, professional, and well-phrased query."", ""audit_reason"": ""No problems reported.""}]"
un,2010/a/hrc/res/14/9,2010/a/hrc/res/14/9#2,conceptual,development,0.56,True,0.55,True,0.55,31.0,32.0,True,TP,1,False,True,"[""q_a9b2019f566cb9ec99a6c6e7""]","[""How does the Human Rights Council's resolution on the promotion and protection of all human rights reconcile national and regional particularities with universal human-rights duties?""]","[""3. Reaffirms that, while the significance of national and regional particularities and various historical, cultural and religious backgrounds must be borne in mind, it is the duty of the States, regardless of their political, economic and cultural systems, to promote and protect all human rights and fundamental freedoms;\n4. Recalls that, as expressed in the Universal Declaration on Cultural Diversity, no one may invoke cultural diversity to infringe upon human rights guaranteed by international law, nor to limit their scope;""]","[""clear""]","[{""faithfulness_reason"": ""The question's core inquiry about reconciling national and regional particularities with universal human rights obligations is directly answered by paragraph 3. Paragraph 4 is contiguous and substantively related regarding limits on invoking cultural diversity, representing minor suffix inclusion that does not detract from a successful extraction. Numerical fidelity not applicable; 4 is a compatibility value."", ""quality_reason"": ""search_realism: The query reflects a realistic research need examining how the Human Rights Council balances cultural/regional specificities against universal human rights obligations.\nanchoring_and_time: Substantively anchors to the Human Rights Council and the core doctrinal concepts without relying on prohibited formal symbols or paragraph numbers.\nconsequence: Directly resolved by paragraphs 3 and 4 of the operative section, capturing both the duty to bear particularities in mind and the restriction that diversity cannot be invoked to limit or infringe upon human rights.\nlexical_distance: Effectively restructures the source's conditional syntax ('while ... must be borne in mind, it is the duty...') into an inquiry about reconciling particularities with universal duties.\nlinguistic_quality: Fluent, professional legal English with clear syntactic structure and no grammatical flaws."", ""audit_reason"": ""No problems reported.""}]"
un,2010/a/hrc/res/14/9,2010/a/hrc/res/14/9#2,comparison,development,0.34,False,0.55,False,0.55,31.0,29.0,False,TN,1,False,False,"[""q_8b7a1954a01b754b3ad5da04""]","[""In Human Rights Council resolution 14/9 on the promotion and protection of all human rights, how does the treatment of national and regional particularities and various historical, cultural and religious backgrounds compare with the treatment of cultural diversity in relation to human rights?""]","[""3. Reaffirms that, while the significance of national and regional particularities and various historical, cultural and religious backgrounds must be borne in mind, it is the duty of the States, regardless of their political, economic and cultural systems, to promote and protect all human rights and fundamental freedoms;\n4. Recalls that, as expressed in the Universal Declaration on Cultural Diversity, no one may invoke cultural diversity to infringe upon human rights guaranteed by international law, nor to limit their scope;""]","[""blocking""]","[{""faithfulness_reason"": ""The question asks for a direct comparison of how resolution 14/9 treats national/regional particularities and cultural backgrounds versus cultural diversity regarding human rights. The contiguous excerpt of operative paragraphs 3 and 4 directly establishes both sides without defect. Precision is appropriately concise, encompassing both relevant provisions. Numerical fidelity not applicable; 4 is a compatibility value."", ""quality_reason"": ""search_realism: The query poses a plausible comparative research question regarding how particularities versus cultural diversity limit or interact with human rights obligations, but it is framed as a document-comprehension task referencing a specific resolution.\nanchoring_and_time: When discounting the prohibited locator 'resolution 14/9', the remaining context relies on the broad agenda theme 'promotion and protection of all human rights' without a temporal or session discriminator to distinguish this text among recurring Council pronouncements on cultural diversity.\nconsequence: The selected two-paragraph answer directly and fully resolves the comparative question by showing the dual stances: particularities must be borne in mind while maintaining the duty to protect all rights, whereas cultural diversity may not be invoked to infringe upon rights or limit their scope.\nlexical_distance: The question lifts a very long verbatim noun phrase ('national and regional particularities and various historical, cultural and religious backgrounds') directly from the source text alongside 'cultural diversity'.\nlinguistic_quality: The sentence is grammatically correct, fluent, and clearly articulates the two sides and the comparative aspect."", ""audit_reason"": ""mode: The base question includes the formal resolution number 'resolution 14/9', which violates the locator policy prohibiting formal target identifiers in comparison queries.""}]"
un,2010/a/hrc/res/14/9,2010/a/hrc/res/14/9#2,claim_verification,development,0.58,True,0.55,True,0.55,31.0,31.0,False,FP,2,False,False,"[""q_e63f258833d85669b0bd0ff2""]","[""In its resolution on the promotion and protection of cultural rights, did the Human Rights Council state that cultural diversity cannot be invoked to infringe human rights guaranteed by international law?""]","[""4. Recalls that, as expressed in the Universal Declaration on Cultural Diversity, no one may invoke cultural diversity to infringe upon human rights guaranteed by international law, nor to limit their scope;""]","[""clear""]","[{""faithfulness_reason"": ""The claim that cultural diversity cannot be invoked to infringe human rights is fully supported by operative paragraph 4, and the claim status is correctly identified as supported. Precision is concise and captures the full operative provision. Numerical fidelity not applicable; 4 is a compatibility value."", ""quality_reason"": ""search_realism: A realistic retrieval scenario verifying whether international human rights law sets an explicit boundary against invoking cultural diversity.\nanchoring_and_time: Mentions the Human Rights Council and the substantive theme, though it provides no temporal or session discriminator to narrow the specific resolution.\nconsequence: Operative paragraph 4 directly confirms the prohibition against invoking cultural diversity to infringe upon guaranteed human rights.\nlexical_distance: Competently reformulates the active formulation 'no one may invoke cultural diversity to infringe upon' into a natural passive modal phrasing.\nlinguistic_quality: Clean, precise, and idiomatic phrasing with no grammatical flaws."", ""audit_reason"": ""No problems reported.""}]"
un,2010/a/hrc/res/14/9,2010/a/hrc/res/14/9#2,source_finding,development,0.54,False,0.55,False,0.55,31.0,32.0,True,FN,1,False,True,"[""q_743b72c4b0deedea60b6184f""]","[""Which Human Rights Council resolution states that cultural diversity may not be invoked to infringe human rights guaranteed by international law?""]","[""A/HRC/RES/14/9""]","[""clear""]","[{""faithfulness_reason"": ""The source-finding clue is directly and fully supported by operative paragraph 4 of the target block, and the document symbol A/HRC/RES/14/9 is correctly identified from the document context and metadata. The extracted evidence span is appropriately delimited."", ""quality_reason"": ""search_realism: Reflects a practical legal research scenario where a practitioner seeks the specific Human Rights Council resolution reaffirming a core human rights limit on cultural diversity.\nanchoring_and_time: Properly anchors the adopting body (Human Rights Council) and the substantive principle without relying on prohibited formal citations.\nconsequence: The provided resolution symbol and supporting paragraph cleanly and completely resolve the target information need.\nlexical_distance: Smoothly integrates the source's passive/active phrasing ('cultural diversity may not be invoked to infringe' vs. 'no one may invoke cultural diversity to infringe upon') without copying nonessential scaffolding.\nlinguistic_quality: Clear, fluent, and standard legal English question with no grammatical or syntactic flaws."", ""audit_reason"": ""No problems reported.""}]"
un,2010/s/res/1912_2010_,2010/s/res/1912_2010_#2,lookup,development,0.47,False,0.55,False,0.55,31.0,32.0,True,FN,3,False,True,"[""q_2137ce9be69d4882a0a83db4"", ""q_6b5849bb629215c86694eda8""]","[""What role did the Security Council support for the international security forces in its 2010 resolution on Timor-Leste?"", ""Which areas of assistance did the Security Council particularly recognize from Timor-Leste's bilateral and multilateral partners in its 2010 resolution on Timor-Leste?""]","[""the role of the international security forces in assisting the Government of Timor-Leste and UNMIT, in the maintenance of law and stability, in response to the requests of the Government of Timor-Leste"", ""human resource development, institutional capacity-building and social and economic development""]","[""clear"", ""clear""]","[{""faithfulness_reason"": ""The answer provides a fully supported, verbatim contiguous span from the target text establishing the role supported by the Council. Numerical fidelity not applicable; 4 is a compatibility value."", ""quality_reason"": ""practitioner_realism: Presents a direct, natural professional information inquiry concerning the Security Council's stated mandate role for international security forces in Timor-Leste.\nanchoring: The base query clearly identifies the body (Security Council), topic (international security forces in Timor-Leste), and year (2010) without relying on forbidden locators.\ninformativeness: Extracts the exact full description of the supported role from the resolution, fully resolving the unknown.\nconsequence: Directly resolves the specific assistance scope endorsed by the Council, including the conditions regarding host-government requests.\nlinguistic_quality: Grammatically sound, clear, and natural legal phrasing in both base and cited versions."", ""audit_reason"": ""No problems reported.""}, {""faithfulness_reason"": ""The response accurately and concisely extracts the specific areas of partner assistance highlighted in the target text. Numerical fidelity not applicable; 4 is a compatibility value."", ""quality_reason"": ""practitioner_realism: Reflects a genuine lookup need regarding the highlighted thematic priorities for international partner assistance.\nanchoring: Properly anchored to the 2010 Security Council resolution on Timor-Leste and the bilateral/multilateral partner context.\ninformativeness: Provides the exact, complete list of targeted assistance areas with clean boundaries and no extraneous clutter.\nconsequence: Directly and fully resolves the requested assistance areas recognized by the Council.\nlinguistic_quality: Well-formulated, concise, and natural English phrasing across both question renderings."", ""audit_reason"": ""No problems reported.""}]"
un,2010/s/res/1912_2010_,2010/s/res/1912_2010_#2,practitioner,development,0.5,False,0.55,False,0.55,31.0,30.0,False,TN,2,False,False,"[""q_76d08e49770d2b112745fad8""]","[""For international partners planning support to address unemployment and poverty in Timor-Leste, what does the Security Council underline?""]","[""the importance of continued support by the international community for the socio-economic development of Timor-Leste""]","[""clear""]","[{""faithfulness_reason"": ""The premise and resolution are fully supported by the third preambular paragraph, and the extracted span cleanly captures what the Council underlines without extraneous text. Numerical fidelity not applicable; 4 is a compatibility value."", ""quality_reason"": ""practitioner_realism: Sets up a recognizable practitioner perspective (international development partners planning assistance), though the ask remains a somewhat broad preambular query.\nanchoring_and_time: Anchors clearly to Timor-Leste and the specific thematic issues of unemployment and poverty, though it does not pin down the resolution's temporal context.\nconsequence: Accurately extracts the Security Council's exact emphasis regarding international community support for socio-economic development.\ninformativeness: Directly provides the Council's specific stance without excessive padding or circularity.\nlinguistic_quality: Fluent, concise, and natural professional English phrasing."", ""audit_reason"": ""No problems reported.""}]"
un,2010/s/res/1912_2010_,2010/s/res/1912_2010_#2,conceptual,development,0.6,True,0.55,True,0.55,31.0,28.0,False,FP,1,False,False,"[""q_7787a38746157aaf179befb6""]","[""How did Resolution 1912 (2010) characterize the relationship between poverty and its associated deprivations and Timor-Leste’s political and institutional challenges?""]","[""Recalling that while the manifestations of the current challenges in Timor-Leste are political and institutional in nature, poverty and its associated deprivations also contribute to these challenges,""]","[""blocking""]","[{""faithfulness_reason"": ""The extracted clause accurately and directly answers the question regarding the relationship between poverty and institutional/political challenges as stated in the preamble. Precision is well-bounded to the relevant clause without extraneous trailing text. Numerical fidelity not applicable; 4 is a compatibility value."", ""quality_reason"": ""search_realism: The query uses explicit document-comprehension phrasing ('How did Resolution 1912 (2010) characterize...') rather than a practitioner's conceptual information need.\nanchoring_and_time: Ignoring the prohibited formal citation, the remaining context ('Timor-Leste’s political and institutional challenges') lacks a specific temporal anchor to distinguish this phase of the UNMIT mandate from earlier or later periods.\nconsequence: The continuous extract directly and completely answers the question by providing the Council's characterization that poverty and deprivations contribute to challenges whose manifestations are political and institutional.\nlexical_distance: The query reuses several key phrases directly from the source clause ('poverty and its associated deprivations', 'political and institutional challenges'), resulting in noticeable source-shaped phrasing.\nlinguistic_quality: The sentence is grammatically correct, fluent, and clearly formulated."", ""audit_reason"": ""mode: The base question contains a prohibited formal target document locator ('Resolution 1912 (2010)'), violating the standalone locator policy.""}]"
un,2010/s/res/1912_2010_,2010/s/res/1912_2010_#2,comparison,development,0.25,False,0.55,False,0.55,31.0,29.0,False,TN,1,False,False,"[""q_0305eb843ced1b7529a0e82a""]","[""In Resolution 1912 (2010), how does the Security Council compare the roles of political and institutional manifestations and poverty and its associated deprivations in Timor-Leste's current challenges?""]","[""Recalling that while the manifestations of the current challenges in Timor-Leste are political and institutional in nature, poverty and its associated deprivations also contribute to these challenges""]","[""blocking""]","[{""faithfulness_reason"": ""The question and answer are fully supported by the target block, accurately capturing the contrast between the political/institutional nature of the manifestations and the contributing role of poverty and deprivations. The extracted span cleanly extracts the necessary comparative clause without unnecessary trailing text. Numerical fidelity not applicable; 4 is a compatibility value."", ""quality_reason"": ""search_realism: The query reflects an artificial document-reading prompt that cites the resolution by formal symbol and asks specifically how the Council compares two source clauses, rather than expressing an organic legal or policy search need.\nanchoring_and_time: Ignoring the prohibited formal citation 'Resolution 1912 (2010)', the query references the Security Council and Timor-Leste's challenges generally, but lacks a temporal anchor or specific mandate milestone within the multi-year UN engagement.\nconsequence: The continuous extractive answer directly and completely supplies the Council's framing that while challenges manifest politically and institutionally, poverty and deprivations also contribute.\nlexical_distance: The phrasing closely mirrors the source sentence structure, reusing specific noun chunks such as 'political and institutional manifestations' and 'poverty and its associated deprivations'.\nlinguistic_quality: The sentence is grammatically sound, fluent, and clearly conveys the comparison being asked."", ""audit_reason"": ""mode: The question contains a formal document identifier ('Resolution 1912 (2010)'), violating the standalone locator policy which prohibits resolution symbols in comparison mode.""}]"
un,2010/s/res/1912_2010_,2010/s/res/1912_2010_#2,claim_verification,development,0.58,True,0.55,True,0.55,31.0,28.0,False,FP,1,False,False,"[""q_d3b1db4ccb01ddd38e3f216e""]","[""In Resolution 1912 (2010), did the Security Council express full support for the role of international security forces in assisting the Government of Timor-Leste and UNMIT with maintaining law and stability?""]","[""Expressing its full support for the role of the international security forces in assisting the Government of Timor-Leste and UNMIT, in the maintenance of law and stability, in response to the requests of the Government of Timor-Leste,""]","[""blocking""]","[{""faithfulness_reason"": ""The claim is fully supported by the target preambular paragraph, confirming the Security Council's expression of full support for the international security forces. The extracted span is exactly contiguous and concise, and citational details are accurately preserved."", ""quality_reason"": ""search_realism: The query frames a plausible verification task concerning the Security Council's position on international security forces in Timor-Leste, but the phrasing is largely a mechanical true/false check built around a specific document citation.\nanchoring_and_time: Ignoring the prohibited formal document title 'Resolution 1912 (2010)', the substantive actors (Security Council, Government of Timor-Leste, UNMIT) identify the mission context, though the specific time period relies entirely on the excluded locator.\nconsequence: The submitted preambular clause fully and directly resolves the claim, confirming the Security Council's expression of full support.\nlexical_distance: The question is a near-verbatim copy of the source scaffolding ('express full support for the role of international security forces in assisting the Government of Timor-Leste and UNMIT with maintaining law and stability' directly tracks 'Expressing its full support for the role of the international security forces in assisting the Government of Timor-Leste and UNMIT, in the maintenance of law and stability') with minimal syntactic rearrangement.\nlinguistic_quality: Grammatically sound, clear, and well-punctuated English."", ""audit_reason"": ""mode: Prohibited formal target document identifier 'Resolution 1912 (2010)' is included in the claim_verification question text.""}]"
un,2010/s/res/1912_2010_,2010/s/res/1912_2010_#2,source_finding,development,0.5,False,0.55,False,0.55,31.0,31.0,False,TN,1,False,False,"[""q_4016473f1d2453840a238170""]","[""Which Security Council resolution notes President José Ramos-Horta’s 9 December 2009 statement on the Timorese authorities’ views regarding the future role of UNMIT police during 2010–2012?""]","[""S/RES/1912(2010)""]","[""clear""]","[{""faithfulness_reason"": ""The target document symbol S/RES/1912(2010) and body evidence completely verify every element of the clue, including President José Ramos-Horta, the statement date, and the subject matter regarding UNMIT police during 2010–2012. The extracted continuous span matches the exact governing preambular clause without excess, and all dates, year ranges, and citational identifiers are reproduced accurately."", ""quality_reason"": ""search_realism: Reflects a genuine, well-motivated practitioner retrieval need to identify the specific Security Council resolution that formally took note of a particular national presidential statement concerning peacekeeping transition.\nanchoring_and_time: Thoroughly anchored with the specific speaker (President José Ramos-Horta), the statement date (9 December 2009), the mission entity (UNMIT police), and the target period (2010–2012).\nconsequence: The provided resolution symbol directly and completely resolves the search need, with exact grounding in the target preambular paragraph.\nlexical_distance: While key proper nouns, mission names, and dates are necessarily retained, the question closely tracks the original preambular syntax ('statement on the Timorese authorities’ views regarding the future role of UNMIT police during...') with minimal independent reformulation.\nlinguistic_quality: Grammatically sound, natural, and clear phrasing adhering to formal English conventions."", ""audit_reason"": ""No problems reported.""}]"
un,2011/a/66/613,2011/a/66/613#3,lookup,validation,0.48,False,0.55,False,0.55,31.0,32.0,True,FN,2,False,True,"[""q_92c0f0db8b07ac8de6b95a40"", ""q_864b268b1ab5242703627d4b""]","[""What annual CERF funding target did the Advisory Group commend efforts to reach in the Secretary-General's 13 December 2011 letter on the Fund?"", ""What concern and need did the Advisory Group identify regarding reporting by resident coordinators/humanitarian coordinators on country-level results in the Secretary-General's 13 December 2011 letter on the Fund?""]","[""the target of US$ 450 million in annual funding"", ""The Group expressed concern for the overall quality of reporting by resident coordinators/humanitarian coordinators on country-level results, and stressed the need to move towards improved measurement of outcome.""]","[""clear"", ""clear""]","[{""faithfulness_reason"": ""The answer accurately extracts the specific annual funding target mentioned in paragraph 8 of the target block. Numerical fidelity is fully accurate with the exact currency, amount, and annual period preserved."", ""quality_reason"": ""practitioner_realism: Presents a direct, natural professional search query regarding a specific financial target commended in an official UN oversight note.\nanchoring: The base question clearly identifies the document type, author, date, body, and subject matter without relying on prohibited symbols or locators.\ninformativeness: Directly extracts the exact funding target figure without extraneous narrative or missing modifiers.\nconsequence: Fully resolves the unknown quantity requested by the user from the target block.\nlinguistic_quality: Grammatically sound, concise, and natural English phrasing across both query formulations."", ""audit_reason"": ""No problems reported.""}, {""faithfulness_reason"": ""The answer provides the exact continuous sentence from paragraph 10 identifying both the Advisory Group's concern and the stressed need. Numerical fidelity not applicable; 4 is a compatibility value."", ""quality_reason"": ""practitioner_realism: Reflects a genuine policy and reporting oversight inquiry regarding resident/humanitarian coordinator performance.\nanchoring: Adequately fixes the document context via the Secretary-General's 13 December 2011 letter and the specific body whose deliberations are recorded.\ninformativeness: The extracted sentence provides both elements requested in the prompt—the concern and the identified need—without unnecessary padding.\nconsequence: Effectively resolves the stated policy finding regarding country-level outcome measurement.\nlinguistic_quality: Clear, fluent, and well-structured question and cited pair."", ""audit_reason"": ""No problems reported.""}]"
un,2011/a/66/613,2011/a/66/613#3,practitioner,validation,0.55,True,0.55,True,0.55,31.0,32.0,True,TP,3,False,True,"[""q_c68fd1bd676200956ac57f34"", ""q_c83c7e99bb905c72da9424a8""]","[""A humanitarian country team is assessing when the Central Emergency Response Fund (CERF) can complement and reinforce humanitarian reform. Under what circumstances did the Advisory Group acknowledge that it can do so?"", ""While reviewing country-level results reporting for the Central Emergency Response Fund (CERF), what concern and improvement did the Advisory Group identify?""]","[""when there was effective leadership from the humanitarian country team and solid coordination arrangements were in place"", ""The Group expressed concern for the overall quality of reporting by resident coordinators/humanitarian coordinators on country-level results, and stressed the need to move towards improved measurement of outcome.""]","[""clear"", ""repair""]","[{""faithfulness_reason"": ""The answer accurately isolates the exact conditional clause from paragraph 9 specifying when the Fund complements and reinforces reform. Numerical fidelity not applicable; 4 is a compatibility value."", ""quality_reason"": ""practitioner_realism: Presents a realistic institutional task where a humanitarian country team assesses the conditions under which CERF reinforces humanitarian reform.\nanchoring_and_time: Clearly grounds the inquiry in CERF and the Advisory Group's assessment without relying on prohibited symbols or locators.\nconsequence: The continuous extract directly and completely provides the necessary conditions regarding leadership and coordination arrangements.\ninformativeness: Provides an exact, informative conditional clause answering the precise question asked.\nlinguistic_quality: Grammatically sound, natural, and properly structured."", ""audit_reason"": ""No problems reported.""}, {""faithfulness_reason"": ""The extracted sentence from paragraph 10 fully resolves both the concern and the needed improvement asked in the prompt without extraneous text. Numerical fidelity not applicable; 4 is a compatibility value."", ""quality_reason"": ""practitioner_realism: Plausible review task focusing on country-level results reporting and identified areas for improvement.\nanchoring_and_time: Adequately fixes the institutional context (CERF, Advisory Group, country-level results reporting).\nconsequence: The quoted span directly addresses both components of the question: the concern regarding reporting quality and the needed improvement regarding outcome measurement.\ninformativeness: Offers full and precise substantive resolution to both requested aspects.\nlinguistic_quality: Well-written, clear, and professional phrasing."", ""audit_reason"": ""metadata: Anchor 'overall quality of reporting' does not appear in the question (it was taken from the answer span).""}]"
un,2011/a/66/613,2011/a/66/613#3,conceptual,validation,0.62,True,0.55,True,0.55,31.0,32.0,True,TP,1,False,True,"[""q_aab1f1f216e341ed0e6a9aee""]","[""Under what conditions did the Advisory Group say that the Central Emergency Response Fund complemented and reinforced humanitarian reform?""]","[""Members of the Advisory Group acknowledged the role of the Fund in complementing and reinforcing humanitarian reform when there was effective leadership from the humanitarian country team and solid coordination arrangements were in place.""]","[""clear""]","[{""faithfulness_reason"": ""The question asks for the specific conditions under which the Advisory Group acknowledged the Fund's role in complementing and reinforcing humanitarian reform, and the answer supplies the exact contiguous sentence from paragraph 9 setting out both required conditions. Precision captures the complete relevant sentence without excess. Numerical fidelity not applicable; 4 is a compatibility value."", ""quality_reason"": ""search_realism: Presents a realistic institutional review query focusing on the operational prerequisites identified by an advisory body for fund efficacy.\nanchoring_and_time: Clearly establishes the substantive context by identifying the Advisory Group and the full name of the Central Emergency Response Fund without relying on prohibited formal locators.\nconsequence: Directly and fully resolves the inquiry by extracting the exact dual conditions (effective leadership from the humanitarian country team and solid coordination arrangements).\nlexical_distance: Naturally converts the affirmative statement of paragraph 9 into a clear conditional query while retaining necessary institutional terminology.\nlinguistic_quality: Grammatically flawless, precise, and idiomatic legal/policy English."", ""audit_reason"": ""No problems reported.""}]"
un,2011/a/66/613,2011/a/66/613#3,comparison,validation,0.29,False,0.55,False,0.55,31.0,31.0,False,TN,1,False,False,"[""q_e62e31ca844f51118ca0d67e""]","[""How did the Advisory Group's assessment of CERF reporting differ between efforts to improve the quality and timeliness of field reporting and the overall quality of country-level-results reporting?""]","[""10. The Advisory Group acknowledged the effort made by the CERF secretariat to improve the quality and timeliness of field reporting over the past five years and the special attention given to working with resident coordinators/humanitarian coordinators who had provided substandard draft reports. The Group expressed concern for the overall quality of reporting by resident coordinators/humanitarian coordinators on country-level results, and stressed the need to move towards improved measurement of outcome.""]","[""clear""]","[{""faithfulness_reason"": ""The comparison between the Advisory Group's acknowledgement of the secretariat's improvement efforts and its expressed concern regarding the overall quality of country-level results reporting is fully grounded in paragraph 10 of the target text. The extracted span is complete and concise, and the temporal figure ('five years') is faithfully reproduced."", ""quality_reason"": ""search_realism: Presents a realistic, well-motivated practitioner inquiry comparing oversight findings on two distinct aspects of CERF reporting performance.\nanchoring_and_time: Clearly identifies the governing regime and body through 'Advisory Group' and 'CERF reporting', providing sufficient substantive context to locate the discussion without forbidden locators.\nconsequence: The continuous extract from paragraph 10 directly resolves the contrast, pairing the Advisory Group's acknowledgment of secretariat improvement efforts against its expressed concern regarding country-level outcome reporting.\nlexical_distance: The framing successfully sets up a comparative query, but the entity descriptions closely track the exact phrasing of paragraph 10 ('efforts to improve the quality and timeliness of field reporting').\nlinguistic_quality: The question is syntactically sound, fluent, and clearly articulates the two distinct elements being contrasted."", ""audit_reason"": ""No problems reported.""}]"
un,2011/a/66/613,2011/a/66/613#3,claim_verification,validation,0.62,True,0.55,True,0.55,31.0,29.0,False,FP,1,False,False,"[""q_8b5555216b16763741bdeb64""]","[""At its October 2011 meeting concerning the Central Emergency Response Fund (CERF), did the Advisory Group agree to revisit and continue monitoring implementation of the management response plan at subsequent meetings?""]","[""7. The Advisory Group agreed to revisit and continue monitoring the progress of implementation of the management response plan at its subsequent meetings.""]","[""repair""]","[{""faithfulness_reason"": ""The claim is fully supported by paragraph 7 of the target block, with the October 2011 meeting context resolved by the document context. The extracted sentence is concise, complete, and retains the correct paragraph numbering without defect."", ""quality_reason"": ""search_realism: The verification need is serviceable and plausible for an oversight monitor, but noticeably constructed around the specific phrasing of paragraph 7.\nanchoring_and_time: Solid contextual framing that accurately specifies the October 2011 session, the Central Emergency Response Fund (CERF), and the Advisory Group without using prohibited citations.\nconsequence: The target excerpt directly and fully confirms the queried commitment to revisit and monitor the management response plan at subsequent meetings.\nlexical_distance: The query relies on a thin interrogative wrapper around a near-verbatim 14-word excerpt from the target sentence ('agree to revisit and continue monitoring implementation of the management response plan at subsequent meetings'), retaining avoidable source-shaped phrasing rather than reformulating.\nlinguistic_quality: Grammatically correct, clear, and well-punctuated English prose."", ""audit_reason"": ""metadata: The declared anchor 'monitoring the progress of implementation of the management response plan' does not appear as an exact substring in the question, which omits 'the progress of' ('monitoring implementation of the management response plan').""}]"
un,2011/a/66/613,2011/a/66/613#3,source_finding,validation,0.49,False,0.55,False,0.55,31.0,32.0,True,FN,1,False,True,"[""q_2ca626e45c01c230c8e3db24""]","[""Which United Nations document records the Advisory Group of the Central Emergency Response Fund's concern about the quality of country-level results reporting and its call for improved outcome measurement?""]","[""A/66/613""]","[""clear""]","[{""faithfulness_reason"": ""The source-finding question accurately reflects the material elements in paragraph 10 of the target body, the evidence span is contiguous and fully supports the clue, and the official document symbol A/66/613 is correctly identified."", ""quality_reason"": ""search_realism: The query reflects a realistic practitioner search seeking the specific UN document recording an advisory body's policy observations and recommendations.\nanchoring_and_time: The entity (Advisory Group of the Central Emergency Response Fund) and the substantive focus (country-level results reporting and outcome measurement) are clearly and adequately specified without leaking the target identifier.\nconsequence: The target document symbol A/66/613 and the selected evidence directly and accurately satisfy every element of the clue.\nlexical_distance: Nicely reformulates the source phrase ('stressed the need to move towards improved measurement of outcome' into 'its call for improved outcome measurement') while preserving necessary institutional terms.\nlinguistic_quality: Clean, grammatically sound, and natural phrasing throughout."", ""audit_reason"": ""No problems reported.""}]"
un,2011/a/res/64/155,2011/a/res/64/155#6,lookup,development,0.61,True,0.55,True,0.55,31.0,32.0,True,TP,2,False,True,"[""q_c5580422518b5388c13d7bab"", ""q_14d0429fceea4857fa6e3bf9""]","[""What did the General Assembly recommend in its 18 December 2009 resolution regarding assistance throughout the entire electoral cycle?"", ""What did the General Assembly encourage organizations involved in electoral assistance to share in its 18 December 2009 resolution to promote best practices?""]","[""throughout the time span of the entire electoral cycle, including before and after elections, as appropriate, based on a needs assessment and in accordance with the evolving needs of requesting Member States, bearing in mind sustainability and costeffectiveness, the United Nations continue to provide technical advice and other assistance to requesting States and electoral institutions in order to help to strengthen their democratic processes"", ""those organizations to share knowledge and experience in order to promote best practices in the assistance they provide and in their reporting on electoral processes""]","[""clear"", ""clear""]","[{""faithfulness_reason"": ""The candidate directly answers the question using a verbatim continuous span from operative paragraph 6 of the target block. All conditions and recommendations are faithfully preserved, and the resolution date in the premise matches document context."", ""quality_reason"": ""practitioner_realism: Presents a legitimate professional inquiry seeking the General Assembly's specific policy recommendation on UN technical assistance across the electoral cycle.\nanchoring: The base question clearly identifies the document by authoring body (General Assembly), adoption date (18 December 2009), and substantive subject (assistance throughout the entire electoral cycle) without illicit locators.\ninformativeness: The selected span fully supplies the substantive core of operative paragraph 6, detailing the nature of the assistance, conditions (needs assessment, evolving needs, sustainability), and objectives.\nconsequence: Directly resolves the unknown by providing the exact parameters of the recommended United Nations electoral assistance.\nlinguistic_quality: Natural, clear, and grammatically standard English across both the base and cited renderings."", ""audit_reason"": ""No problems reported.""}, {""faithfulness_reason"": ""The extract accurately identifies what organizations are encouraged to share (knowledge and experience) to promote best practices, drawn directly from operative paragraph 7 of the target block without distortion."", ""quality_reason"": ""practitioner_realism: Reflects a genuine lookup need regarding inter-organizational information sharing encouraged by the General Assembly in electoral assistance.\nanchoring: Adequately distinguishes the resolution via author, date, and subject context without relying on formal symbols or paragraph numbers in the base question.\ninformativeness: The continuous span from paragraph 7 contains the specific answer ('knowledge and experience') along with the relevant contextual scope.\nconsequence: Accurately resolves what organizations were encouraged to share to promote best practices.\nlinguistic_quality: Fluent, standard syntax with precise alignment between base and cited formulations."", ""audit_reason"": ""No problems reported.""}]"
un,2011/a/res/64/155,2011/a/res/64/155#6,practitioner,development,0.61,True,0.55,True,0.55,31.0,28.0,False,FP,2,False,False,"[""q_8015836fc7a4df6c3362d69d"", ""q_98187e21afb3eacfbe1a8084""]","[""A United Nations electoral assistance team is planning support for a requesting Member State throughout its electoral cycle under General Assembly resolution 64/155. What does the resolution recommend about the timing, basis and purpose of that support?"", ""Organizations cooperating with United Nations electoral assistance efforts are coordinating their support and reporting on electoral processes under General Assembly resolution 64/155. What does the resolution encourage those organizations to do?""]","[""throughout the time span of the entire electoral cycle, including before and after elections, as appropriate, based on a needs assessment and in accordance with the evolving needs of requesting Member States, bearing in mind sustainability and costeffectiveness, the United Nations continue to provide technical advice and other assistance to requesting States and electoral institutions in order to help to strengthen their democratic processes"", ""encourages those organizations to share knowledge and experience in order to promote best practices in the assistance they provide and in their reporting on electoral processes""]","[""blocking"", ""blocking""]","[{""faithfulness_reason"": ""The candidate addresses the recommendation in paragraph 6 regarding timing, basis, and purpose for UN electoral assistance to requesting States. The extracted continuous span precisely answers all three asked aspects without unnecessary excess. Numerical fidelity not applicable; 4 is a compatibility value."", ""quality_reason"": ""practitioner_realism: The framing opens with a scenario wrapper ('A United Nations electoral assistance team is planning support...'), but immediately collapses into a document-reading comprehension query ('What does the resolution recommend...').\nanchoring_and_time: The question relies on the prohibited resolution locator ('General Assembly resolution 64/155'); once that citation is disregarded, there is no regime, session, or temporal anchor identifying which resolution is being referenced.\nconsequence: The extracted span accurately and fully provides the operative recommendation detailing the timing, basis, and purpose of United Nations electoral assistance.\ninformativeness: The excerpt directly supplies the required operative parameters without extraneous padding.\nlinguistic_quality: Fluent, grammatical, and well-phrased English with clean syntax."", ""audit_reason"": ""mode: The question contains a prohibited formal resolution locator ('General Assembly resolution 64/155'), violating the standalone locator policy across practitioner queries.""}, {""faithfulness_reason"": ""The candidate accurately identifies what paragraph 7 encourages cooperating organizations to do regarding sharing knowledge and experience to promote best practices in assistance and reporting. The extraction is concise and accurate. Numerical fidelity not applicable; 4 is a compatibility value."", ""quality_reason"": ""practitioner_realism: The practitioner context functions as a decorative preface to an explicit text-comprehension prompt ('What does the resolution encourage those organizations to do?').\nanchoring_and_time: Relies entirely on the prohibited citation ('General Assembly resolution 64/155'); without this prohibited locator, the question provides no temporal or institutional markers to identify which resolution is meant.\nconsequence: The provided clause directly answers the specific encouragement addressed to cooperating organizations in operative paragraph 7.\ninformativeness: Provides an exact, concise operative clause resolving the question with no missing elements or circularity.\nlinguistic_quality: Natural, grammatically correct, and clearly formulated English."", ""audit_reason"": ""mode: The question contains a prohibited formal resolution locator ('General Assembly resolution 64/155'), violating the standalone locator policy across practitioner queries.""}]"
un,2011/a/res/64/155,2011/a/res/64/155#6,conceptual,development,0.63,True,0.55,True,0.55,31.0,32.0,True,TP,2,False,True,"[""q_195b4580c96444127266f383"", ""q_29e711744e86297b544ba5ac""]","[""How did the 2009 General Assembly resolution on strengthening the United Nations role in electoral assistance propose tailoring support to requesting States?"", ""Why did the 2009 General Assembly resolution on strengthening the United Nations role in electoral assistance encourage cooperation and knowledge sharing among electoral-assistance organizations?""]","[""Recommends that, throughout the time span of the entire electoral cycle, including before and after elections, as appropriate, based on a needs assessment and in accordance with the evolving needs of requesting Member States, bearing in mind sustainability and costeffectiveness, the United Nations continue to provide technical advice and other assistance to requesting States and electoral institutions in order to help to strengthen their democratic processes;"", ""Notes with appreciation the additional efforts being made to enhance cooperation with other international, governmental and nongovernmental organizations in order to facilitate more comprehensive and needsspecific responses to requests for electoral assistance, encourages those organizations to share knowledge and experience in order to promote best practices in the assistance they provide and in their reporting on electoral processes, and expresses its appreciation to those Member States, regional organizations and nongovernmental organizations that have provided observers or technical experts in support of United Nations electoral assistance efforts;""]","[""clear"", ""clear""]","[{""faithfulness_reason"": ""The answer provides the complete, verbatim text of paragraph 6, which directly supports how electoral assistance should be tailored (based on a needs assessment, in accordance with evolving needs, and bearing in mind sustainability and cost-effectiveness). Numerical fidelity not applicable; 4 is a compatibility value."", ""quality_reason"": ""search_realism: Presents a realistic conceptual policy inquiry into how the UN structures and calibrates electoral assistance based on recipient needs.\nanchoring_and_time: Properly fixes the topic and time via the 2009 General Assembly action on UN electoral assistance without using formal symbols or prohibited locators.\nconsequence: The provided text directly resolves the question by specifying the parameters (needs assessment, evolving needs, full electoral cycle, sustainability, and cost-effectiveness).\nlexical_distance: Effectively synthesizes the conditions of assistance into the phrasing 'tailoring support to requesting States' without copying the source's exact structure.\nlinguistic_quality: Grammatically sound, precise, and natural English formulation."", ""audit_reason"": ""No problems reported.""}, {""faithfulness_reason"": ""The answer quotes paragraph 7 in full, which explicitly contains the rationales for enhancing cooperation (to facilitate more comprehensive and needs-specific responses) and sharing knowledge and experience (to promote best practices). Numerical fidelity not applicable; 4 is a compatibility value."", ""quality_reason"": ""search_realism: Formulates a clear, realistic institutional question investigating the stated rationales for inter-agency and external cooperation in electoral assistance.\nanchoring_and_time: Supplies clear thematic and temporal grounding in the 2009 General Assembly resolution on UN electoral assistance without citing formal document locators.\nconsequence: Paragraph 7 directly addresses the rationale, explicitly stating the goals of facilitating comprehensive/needs-specific responses and promoting best practices.\nlexical_distance: Integrates the goals of paragraphs 7 into a coherent inquiry using natural language rather than lifting source scaffolding.\nlinguistic_quality: Clear, fluent, and well-structured legal/policy query."", ""audit_reason"": ""No problems reported.""}]"
un,2011/a/res/64/155,2011/a/res/64/155#6,comparison,development,0.28,False,0.55,False,0.55,31.0,29.0,False,TN,1,False,False,"[""q_454b6f40bbdbd7783b0bd02a""]","[""In the resolution on strengthening the United Nations role in promoting democratization, how is the United Nations' role in electoral assistance described compared with that of other international, governmental and nongovernmental organizations?""]","[""6. Recommends that, throughout the time span of the entire electoral cycle, including before and after elections, as appropriate, based on a needs assessment and in accordance with the evolving needs of requesting Member States, bearing in mind sustainability and costeffectiveness, the United Nations continue to provide technical advice and other assistance to requesting States and electoral institutions in order to help to strengthen their democratic processes;\n7. Notes with appreciation the additional efforts being made to enhance cooperation with other international, governmental and nongovernmental organizations in order to facilitate more comprehensive and needsspecific responses to requests for electoral assistance, encourages those organizations to share knowledge and experience in order to promote best practices in the assistance they provide and in their reporting on electoral processes, and expresses its appreciation to those Member States, regional organizations and nongovernmental organizations that have provided observers or technical experts in support of United Nations electoral assistance efforts;""]","[""clear""]","[{""faithfulness_reason"": ""The target block directly establishes the comparative roles of the United Nations (providing technical advice and assistance across the electoral cycle to strengthen democratic processes) and other international, governmental, and non-governmental organizations (cooperating to facilitate comprehensive responses, sharing knowledge/experience to promote best practices, and providing observers/experts). The continuous span across paragraphs 6 and 7 accurately resolves both sides of the comparison without defects. Numerical fidelity not applicable; 4 is a compatibility value."", ""quality_reason"": ""search_realism: The query asks an open-ended 'how is X described compared with Y' question, which functions more like a document-comprehension or exam prompt than a sharply focused practitioner inquiry.\nanchoring_and_time: The resolution's subject matter is identified, but this is a recurring biennial agenda item (as reflected in the text's reference to earlier iterations like resolution 62/150); omitting any temporal marker or session makes the anchor broad.\nconsequence: The continuous extract covering operative paragraphs 6 and 7 directly addresses both the UN's assistance mandate and the cooperative/supporting role envisioned for partner organizations.\nlexical_distance: The query relies heavily on verbatim phrasing from the source, copying 'other international, governmental and nongovernmental organizations' and 'electoral assistance' directly alongside the agenda item title.\nlinguistic_quality: The question is grammatically sound, well-punctuated, and clearly structured in natural English."", ""audit_reason"": ""No problems reported.""}]"
un,2011/a/res/64/155,2011/a/res/64/155#6,claim_verification,development,0.6,True,0.55,True,0.55,31.0,32.0,True,TP,1,False,True,"[""q_72591f2301fa286275a50533""]","[""In its 2009 resolution on strengthening United Nations electoral assistance, did the General Assembly recommend continued technical advice throughout the entire electoral cycle, including before and after elections?""]","[""6. Recommends that, throughout the time span of the entire electoral cycle, including before and after elections, as appropriate, based on a needs assessment and in accordance with the evolving needs of requesting Member States, bearing in mind sustainability and costeffectiveness, the United Nations continue to provide technical advice and other assistance to requesting States and electoral institutions in order to help to strengthen their democratic processes;""]","[""clear""]","[{""faithfulness_reason"": ""The claim that the General Assembly recommended continued technical advice throughout the entire electoral cycle is directly supported by operative paragraph 6. The answer extracts the complete and exact governing paragraph without extraneous text, and all temporal/citational references are accurate."", ""quality_reason"": ""search_realism: Presents a realistic, well-motivated practitioner verification query checking the temporal scope of UN electoral assistance recommendations.\nanchoring_and_time: Effectively anchors to the General Assembly, the 2009 adoption year, and the substantive subject matter without citing prohibited document symbols or paragraph numbers.\nconsequence: The quoted operative paragraph directly and comprehensively resolves the proposition with the exact recommendation and context.\nlexical_distance: Naturally condenses and reformulates the operative paragraph into an interrogative format while preserving key legal and operational terms.\nlinguistic_quality: Clear, grammatically correct, and natural English formulation throughout."", ""audit_reason"": ""No problems reported.""}]"
un,2011/a/res/64/155,2011/a/res/64/155#6,source_finding,development,0.52,False,0.55,False,0.55,31.0,32.0,True,FN,2,False,True,"[""q_72f0af2b3351a4aad964163f"", ""q_6b143f7c9a94c9befe4e32fc""]","[""Which General Assembly resolution recommends that United Nations electoral assistance continue throughout the entire electoral cycle, based on needs assessments and the evolving needs of requesting Member States?"", ""Which General Assembly resolution notes efforts to enhance cooperation among international, governmental and nongovernmental organizations in support of United Nations electoral assistance?""]","[""A/RES/64/155"", ""A/RES/64/155""]","[""clear"", ""clear""]","[{""faithfulness_reason"": ""The clue accurately reflects operative paragraph 6 of A/RES/64/155 regarding UN technical advice throughout the entire electoral cycle. The target body evidence fully substantiates the clue, and the metadata identifier is correctly identified."", ""quality_reason"": ""search_realism: Presents a realistic search need for a practitioner retrieving a specific General Assembly mandate on United Nations electoral assistance across the entire electoral cycle.\nanchoring_and_time: Establishes solid substantive context by specifying the General Assembly forum, UN electoral assistance, and the criteria of needs assessments and evolving Member State needs without relying on prohibited locators.\nconsequence: The provided resolution symbol and the corresponding text of paragraph 6 directly and accurately substantiate the substantive clue.\nlexical_distance: Competently reformulates the target wording ('throughout the time span of the entire electoral cycle... continue to provide technical advice and other assistance') into a natural, streamlined question.\nlinguistic_quality: Grammatically sound, concise, and clear English syntax."", ""audit_reason"": ""No problems reported.""}, {""faithfulness_reason"": ""The clue accurately captures operative paragraph 7 of A/RES/64/155 concerning enhanced cooperation among international, governmental, and nongovernmental organizations. The contiguous evidence span supports the question, and the official document symbol is correct."", ""quality_reason"": ""search_realism: Reflects a genuine source-retrieval objective seeking the resolution acknowledging inter-agency and external organizational cooperation in UN electoral assistance.\nanchoring_and_time: Anchors clearly to General Assembly action regarding cooperation with international, governmental, and non-governmental entities in electoral assistance.\nconsequence: The target document symbol and paragraph 7 directly substantiate the referenced recognition of cooperation efforts.\nlexical_distance: Integrates necessary terminology while rephrasing the sentence structure from the target resolution comfortably.\nlinguistic_quality: Natural, professional, and grammatically standard English."", ""audit_reason"": ""No problems reported.""}]"
un,2012/a/res/66/106,2012/a/res/66/106#10,lookup,validation,0.64,True,0.55,True,0.55,31.0,32.0,True,TP,2,False,True,"[""q_e40532d22ae28c8084c22f8d""]","[""Under the code of conduct for judges of the United Nations Dispute Tribunal and the United Nations Appeals Tribunal in the General Assembly's resolution adopted on 9 December 2011, what approval must judges obtain if they are absent for longer than three days?""]","[""If they are to be absent for longer than three days, they must obtain the approval of the presiding judge of their Tribunal""]","[""clear""]","[{""faithfulness_reason"": ""The question and answer are fully supported by paragraph (e) of the target text, correctly identifying the requirement to obtain approval from the presiding judge of their Tribunal. The temporal threshold of three days is accurately reproduced."", ""quality_reason"": ""practitioner_realism: Presents a realistic administrative and procedural lookup concerning judicial absence rules under tribunal codes of conduct.\nanchoring: The base query accurately identifies the adopting organ, date, and specific subject without relying on the formal resolution symbol.\ninformativeness: Directly resolves whose authorization is mandated when an absence exceeds three days, citing the exact continuous condition and rule.\nconsequence: Accurately establishes the specific role tasked with approving judicial absences (the presiding judge of their Tribunal).\nlinguistic_quality: Grammatically sound, natural, and clearly structured inquiry and response."", ""audit_reason"": ""No problems reported.""}]"
un,2012/a/res/66/106,2012/a/res/66/106#10,practitioner,validation,0.58,True,0.55,True,0.55,31.0,32.0,True,TP,3,False,True,"[""q_0e29f21591051fe9ea042317"", ""q_bf0a79373e84811d99c2a0e4"", ""q_2ceaa3b5fd3a0c0e32680d42""]","[""A judge of the United Nations Dispute Tribunal or the United Nations Appeals Tribunal is subject to a formal inquiry into their conduct in office. What must the judge do?"", ""A judge of the United Nations Dispute Tribunal or the United Nations Appeals Tribunal needs to be absent for longer than three days. What notice and approval are required?"", ""A judge of the United Nations Dispute Tribunal or the United Nations Appeals Tribunal has other duties and activities while serving as a judge. Which duties take priority?""]","[""Judges must cooperate with any formal inquiry into their conduct in office;"", ""Judges must inform the presiding judge of the Tribunal in advance if they need to be absent.\nIf they are to be absent for longer than three days, they must obtain the approval of the presiding judge of their Tribunal;"", ""Judges' judicial duties must take precedence over other duties and activities.""]","[""clear"", ""clear"", ""clear""]","[{""faithfulness_reason"": ""The rule is fully supported by paragraph (c) of the target block, applying the Code of Conduct standards established for judges of the Tribunals. The extracted span is exact and concise. Numerical fidelity not applicable; 4 is a compatibility value."", ""quality_reason"": ""practitioner_realism: Presents a direct, plausible scenario confronting a UN tribunal judge under formal inquiry.\nanchoring_and_time: Properly anchors the legal framework to the United Nations Dispute Tribunal and United Nations Appeals Tribunal without prohibited citation locators.\nconsequence: The quoted provision directly and completely resolves the judge's operative duty in the stated scenario.\ninformativeness: Clearly addresses the unknown by providing the mandatory obligation to cooperate with the inquiry.\nlinguistic_quality: Grammatically sound, natural, and concise English formulation."", ""audit_reason"": ""No problems reported.""}, {""faithfulness_reason"": ""Both elements asked (advance notice and approval for absence exceeding three days) are directly supported by the consecutive sentences in paragraph (e). The span contains exactly both required rules, and the threshold 'longer than three days' is faithfully maintained."", ""quality_reason"": ""practitioner_realism: Reflects a genuine, routine administrative obligation regarding planned judicial absences.\nanchoring_and_time: Identifies the relevant institutional tribunals accurately and avoids forbidden document symbols or paragraph citations.\nconsequence: Captures the complete contiguous two-sentence rule covering advance notification and the specific approval required for absences exceeding three days.\ninformativeness: Provides full procedural clarity regarding both the notice and the presiding judge's approval requirement.\nlinguistic_quality: Fluent, professional phrasing aligned with standard UN legal style."", ""audit_reason"": ""No problems reported.""}, {""faithfulness_reason"": ""The response is directly supported by paragraph (h) of the target block, cleanly resolving the priority between judicial and other duties. The text selection is fully concise. Numerical fidelity not applicable; 4 is a compatibility value."", ""quality_reason"": ""practitioner_realism: Poses a realistic professional question regarding concurrent duties and competing professional commitments.\nanchoring_and_time: Correctly specifies the Dispute and Appeals Tribunals without relying on formal symbols or locators.\nconsequence: Fully resolves the priority hierarchy between official judicial duties and other activities.\ninformativeness: Supplies the operative rule directly from the target text without omission or padding.\nlinguistic_quality: Clear, precise, and natural English question and answer alignment."", ""audit_reason"": ""No problems reported.""}]"
un,2012/a/res/66/106,2012/a/res/66/106#10,conceptual,validation,0.58,True,0.55,True,0.55,31.0,32.0,True,TP,2,False,True,"[""q_8b0efdea04db96e739b05cab""]","[""What attendance and absence requirements did the 2011 code of conduct set for judges of the United Nations Dispute Tribunal and United Nations Appeals Tribunal?""]","[""When engaged in the administration of justice, judges must attend chambers during their normal working hours, as determined by the members of the Tribunal, and attend hearings and deliberations of the Tribunal during stipulated hours, unless they have a good reason not to do so.\nJudges must inform the presiding judge of the Tribunal in advance if they need to be absent.\nIf they are to be absent for longer than three days, they must obtain the approval of the presiding judge of their Tribunal;""]","[""clear""]","[{""faithfulness_reason"": ""The answer fully and accurately extracts paragraph (e) of the code of conduct from the target block, completely resolving the question's scope regarding attendance and absence rules. The numerical condition 'longer than three days' is faithfully preserved."", ""quality_reason"": ""search_realism: The query reflects a clear, realistic administrative search need regarding working hours and leave approval standards under the UN judicial code of conduct.\nanchoring_and_time: Well-anchored by citing the 2011 code of conduct and explicitly identifying both the United Nations Dispute Tribunal and the United Nations Appeals Tribunal without using prohibited paragraph locators.\nconsequence: The extracted passage directly and completely resolves the query, covering normal chamber hours, hearing attendance exceptions, advance absence notices, and the three-day approval threshold.\nlexical_distance: Effectively synthesizes the multiple detailed duties in the text under the natural conceptual heading 'attendance and absence requirements'.\nlinguistic_quality: Clear, concise, and grammatically correct English formulation."", ""audit_reason"": ""No problems reported.""}]"
un,2012/a/res/66/106,2012/a/res/66/106#10,comparison,validation,0.3,False,0.55,False,0.55,31.0,32.0,True,FN,1,False,True,"[""q_5d6ca2a0122bcd18c01ffe26""]","[""Under the code of conduct for judges of the United Nations Dispute Tribunal and the United Nations Appeals Tribunal, how does the attendance obligation for chambers during normal working hours compare with the attendance obligation for hearings and deliberations during stipulated hours?""]","[""(e) When engaged in the administration of justice, judges must attend chambers during their normal working hours, as determined by the members of the Tribunal, and attend hearings and deliberations of the Tribunal during stipulated hours, unless they have a good reason not to do so. Judges must inform the presiding judge of the Tribunal in advance if they need to be absent. If they are to be absent for longer than three days, they must obtain the approval of the presiding judge of their Tribunal;""]","[""clear""]","[{""faithfulness_reason"": ""The question and answer are fully supported by subparagraph (e) of the target block, establishing the parallel attendance obligations and common absence rules for both chambers and hearings/deliberations. The extracted span is complete and verbatim, and the numerical threshold ('three days') is faithfully reproduced."", ""quality_reason"": ""search_realism: The query reflects a realistic administrative/judicial inquiry comparing the operational requirements governing presence in chambers against scheduled hearings and deliberations under tribunal conduct standards.\nanchoring_and_time: Clearly and accurately anchors to the code of conduct for judges of the United Nations Dispute Tribunal and the United Nations Appeals Tribunal without resorting to prohibited document symbols or paragraph citations.\nconsequence: The selected extract from paragraph (e) fully resolves both sides of the comparison, providing the parallel attendance requirements, their respective timing qualifications, and the unified exception and absence rules.\nlexical_distance: Successfully converts the verb phrases ('attend chambers', 'attend hearings and deliberations') into comparative nominal targets while retaining necessary legal terminology.\nlinguistic_quality: Grammatically flawless, concise, and immediately interpretable comparative question."", ""audit_reason"": ""No problems reported.""}]"
un,2012/a/res/66/106,2012/a/res/66/106#10,claim_verification,validation,0.62,True,0.55,True,0.55,31.0,32.0,True,TP,2,False,True,"[""q_9b265d6f67ec0f3db739df91""]","[""Does the 2011 code of conduct for judges of the United Nations Dispute Tribunal and United Nations Appeals Tribunal require judges to obtain the approval of the presiding judge of their Tribunal for absences longer than three days?""]","[""If they are to be absent for longer than three days, they must obtain the approval of the presiding judge of their Tribunal;""]","[""clear""]","[{""faithfulness_reason"": ""The claim verification verdict is fully supported by the target block, which explicitly requires judges absent for longer than three days to obtain the presiding judge's approval. The extracted sentence is exact and concise, and the three-day duration threshold is preserved accurately."", ""quality_reason"": ""search_realism: Presents a realistic legal/administrative compliance inquiry regarding judicial absence notification requirements.\nanchoring_and_time: Effectively anchors to the 2011 judicial code of conduct for the Dispute and Appeals Tribunals without using prohibited locators.\nconsequence: The target excerpt directly confirms that approval from the presiding judge is mandatory for absences exceeding three days.\nlexical_distance: Naturally restructures the conditional clause of paragraph (e) into a well-framed interrogative sentence.\nlinguistic_quality: Grammatically sound, concise, and clear phrasing throughout."", ""audit_reason"": ""No problems reported.""}]"
un,2012/a/res/66/106,2012/a/res/66/106#10,source_finding,validation,0.52,False,0.55,False,0.55,31.0,32.0,True,FN,1,False,True,"[""q_77947a53477b45efc186fff4""]","[""Which General Assembly resolution contains the United Nations tribunal judges’ requirements to maintain the necessary level of professional competence and give judicial duties precedence over other activities?""]","[""A/RES/66/106""]","[""clear""]","[{""faithfulness_reason"": ""The source finding clue is fully supported by the contiguous target block text across paragraphs (g) and (h), and the official target identifier A/RES/66/106 correctly identifies the General Assembly resolution."", ""quality_reason"": ""search_realism: The query represents a natural and practical source-retrieval task seeking the specific resolution setting ethical and professional standards for United Nations tribunal judges.\nanchoring_and_time: Properly identifies the issuing organ (General Assembly) and the specific institutional subject (United Nations tribunal judges) alongside distinct duties, without leaking the target symbol.\nconsequence: The provided target evidence directly substantiates both remembered clues from paragraphs (g) and (h), and the answer correctly identifies the document symbol.\nlexical_distance: Synthesizes two distinct rules into a coherent interrogative sentence while keeping necessary legal terminology intact.\nlinguistic_quality: Grammatically sound, concise, and natural legal English."", ""audit_reason"": ""No problems reported.""}]"
un,2012/a/res/66/30,2012/a/res/66/30#2,lookup,development,0.56,True,0.55,True,0.55,31.0,32.0,True,TP,1,False,True,"[""q_7bbb18b73ad0831371a30518""]","[""What did the General Assembly request the Secretary-General to do regarding the United Nations role in the disarmament-development relationship in its 2 December 2011 resolution?""]","[""to strengthen further the role of the Organization in this field, in particular the high-level Steering Group on Disarmament and Development, in order to ensure continued and effective coordination and close cooperation between the relevant United Nations departments, agencies and sub-agencies""]","[""clear""]","[{""faithfulness_reason"": ""The answer extracts the exact request directed to the Secretary-General under operative paragraph 1 of the resolution without omission or extraneous text. Numerical fidelity not applicable; 4 is a compatibility value."", ""quality_reason"": ""practitioner_realism: Presents a clear and natural professional lookup seeking an operative instruction addressed to the Secretary-General on a specific institutional issue.\nanchoring: The base question provides solid anchoring using the adopting body, date, and substantive subject matter without illicit locators.\ninformativeness: The extracted answer directly and completely supplies the requested action, including its institutional focus and stated purpose.\nconsequence: Fully resolves the precise mandate given to the Secretary-General in paragraph 1 of the resolution.\nlinguistic_quality: The query is fluent, grammatically sound, and cleanly phrased in both renderings."", ""audit_reason"": ""No problems reported.""}]"
un,2012/a/res/66/30,2012/a/res/66/30#2,practitioner,development,0.58,True,0.55,True,0.55,31.0,31.0,False,FP,1,False,False,"[""q_e41152147cfb333ac1d88cdd""]","[""In carrying out the General Assembly's 2011 resolution on the relationship between disarmament and development, what does the Secretary-General need to do to improve coordination within the United Nations?""]","[""to strengthen further the role of the Organization in this field, in particular the high-level Steering Group on Disarmament and Development, in order to ensure continued and effective coordination and close cooperation between the relevant United Nations departments, agencies and sub-agencies""]","[""clear""]","[{""faithfulness_reason"": ""The question faithfully reflects the request directed to the Secretary-General in operative paragraph 1, and the selected continuous span fully and accurately answers what the Secretary-General is requested to do to ensure coordination. Numerical fidelity not applicable; 4 is a compatibility value."", ""quality_reason"": ""practitioner_realism: The framing positions the query around Secretariat execution of the mandate, though the practical task is a relatively light wrapper around an operative request lookup.\nanchoring_and_time: Clearly and correctly anchors the subject matter to the General Assembly's 2011 resolution on the relationship between disarmament and development without using prohibited document symbols.\nconsequence: Directly resolves the specific action and mechanism (the high-level Steering Group) required of the Secretary-General to ensure coordination.\ninformativeness: Captures the precise operative mandate and coordination objective from operative paragraph 1 without extraneous context.\nlinguistic_quality: Natural, grammatically sound, and directly phrased in professional English."", ""audit_reason"": ""No problems reported.""}]"
un,2012/a/res/66/30,2012/a/res/66/30#2,conceptual,development,0.61,True,0.55,True,0.55,31.0,32.0,True,TP,1,False,True,"[""q_a60d48d4fd4bea02f8bf9820""]","[""How did the General Assembly seek to strengthen United Nations coordination on the disarmament-development relationship in its resolution adopted on 2 December 2011?""]","[""1. Stresses the central role of the United Nations in the disarmament-development relationship, and requests the Secretary-General to strengthen further the role of the Organization in this field, in particular the high-level Steering Group on Disarmament and Development, in order to ensure continued and effective coordination and close cooperation between the relevant United Nations departments, agencies and sub-agencies;""]","[""clear""]","[{""faithfulness_reason"": ""The question is directly answered by operative paragraph 1 of the target block, accurately capturing the Secretary-General's requested actions and the role of the Steering Group. Precision is strong with no extraneous preambular material. Numerical fidelity not applicable; 4 is a compatibility value."", ""quality_reason"": ""search_realism: The query presents a coherent and realistic search objective exploring how the General Assembly approached internal institutional coordination on this thematic agenda.\nanchoring_and_time: The question is solidly anchored by combining the specific substantive topic ('disarmament-development relationship'), the adopting organ ('General Assembly'), and the adoption date ('2 December 2011') without using prohibited formal symbols or locators.\nconsequence: The continuous text of operative paragraph 1 directly and fully resolves the question, detailing the request to the Secretary-General and highlighting the high-level Steering Group on Disarmament and Development.\nlexical_distance: The query successfully synthesizes and reframes the target mechanism ('seek to strengthen United Nations coordination') from the source text's purposive phrasing ('in order to ensure continued and effective coordination').\nlinguistic_quality: The sentence is grammatically sound, concise, and immediately intelligible."", ""audit_reason"": ""No problems reported.""}]"
un,2012/a/res/66/30,2012/a/res/66/30#2,comparison,development,0.21,False,0.55,False,0.55,31.0,31.0,False,TN,1,False,False,"[""q_9f7514551419a6443483083f""]","[""In the General Assembly's 2 December 2011 resolution on the relationship between disarmament and development, how are the roles of the United Nations and the high-level Steering Group on Disarmament and Development treated?""]","[""1. Stresses the central role of the United Nations in the disarmament-development relationship, and requests the Secretary-General to strengthen further the role of the Organization in this field, in particular the high-level Steering Group on Disarmament and Development, in order to ensure continued and effective coordination and close cooperation between the relevant United Nations departments, agencies and sub-agencies;""]","[""clear""]","[{""faithfulness_reason"": ""The comparison question accurately asks about the institutional roles of the United Nations and the high-level Steering Group on Disarmament and Development, both of which are directly addressed within operative paragraph 1 of the target text. The extracted verbatim span fully answers both aspects without defect."", ""quality_reason"": ""search_realism: The query reflects a serviceable search need comparing the general organizational role with a specific subsidiary body's mandate, though the phrasing 'how are the roles ... treated?' is somewhat generic and mechanically constructed around the sentence's two entities.\nanchoring_and_time: Anchoring is fully satisfactory, correctly specifying the General Assembly, the adoption date of 2 December 2011, and the subject matter without relying on prohibited formal symbols or paragraph numbers.\nconsequence: The continuous text of operative paragraph 1 directly and fully resolves the comparative question by identifying the UN's role as 'central' while singling out the Steering Group as the body whose role is to be strengthened further for inter-agency coordination.\nlexical_distance: The query successfully reformulates the operative paragraph into an analytical comparative inquiry, retaining only the unavoidable proper institutional titles.\nlinguistic_quality: Grammatically sound, clear, and natural English phrasing throughout the query."", ""audit_reason"": ""No problems reported.""}]"
un,2012/a/res/66/30,2012/a/res/66/30#2,claim_verification,development,0.57,True,0.55,True,0.55,31.0,32.0,True,TP,1,False,True,"[""q_21db50558b3d6eb368c4b1dd""]","[""In its 2 December 2011 resolution on the relationship between disarmament and development, did the General Assembly request the Secretary-General to strengthen the United Nations role, particularly the high-level Steering Group, to ensure coordination and cooperation among relevant United Nations bodies?""]","[""1. Stresses the central role of the United Nations in the disarmament-development relationship, and requests the Secretary-General to strengthen further the role of the Organization in this field, in particular the high-level Steering Group on Disarmament and Development, in order to ensure continued and effective coordination and close cooperation between the relevant United Nations departments, agencies and sub-agencies;""]","[""clear""]","[{""faithfulness_reason"": ""The claim is fully supported by operative paragraph 1 of the resolution, and the supported verdict is correct. The selected continuous span completely answers the prompt without unnecessary text, and the date 2 December 2011 matches the resolution's adoption date."", ""quality_reason"": ""search_realism: Presents a realistic verification need checking whether the General Assembly tasked the Secretary-General with specific inter-agency coordination responsibilities under this agenda item.\nanchoring_and_time: Effectively anchors the inquiry using the adoption date, adopting body, and substantive topic without relying on prohibited resolution symbols or paragraph locators.\nconsequence: The target excerpt from operative paragraph 1 directly and conclusively verifies the asserted mandate and its stated coordination purpose.\nlexical_distance: Competently paraphrases the source text, condensing 'role of the Organization in this field' and 'relevant United Nations departments, agencies and sub-agencies' into natural search terminology.\nlinguistic_quality: Grammatically sound, clear, and well-structured legal English."", ""audit_reason"": ""No problems reported.""}]"
un,2012/a/res/66/30,2012/a/res/66/30#2,source_finding,development,0.54,False,0.55,False,0.55,31.0,32.0,True,FN,1,False,True,"[""q_fe2051f2cb7e742a1b073666""]","[""Which General Assembly resolution requests strengthening the high-level Steering Group on Disarmament and Development to ensure continued coordination and cooperation among relevant United Nations entities?""]","[""A/RES/66/30""]","[""clear""]","[{""faithfulness_reason"": ""The target document symbol A/RES/66/30 matches the metadata, and every material element of the question's clue regarding the request to strengthen the high-level Steering Group on Disarmament and Development for coordination among UN entities is directly supported by operative paragraph 1 within the target block. Numerical/citational fidelity correctly preserves the resolution symbol."", ""quality_reason"": ""search_realism: Presents a realistic research need for a legal or policy researcher identifying the specific General Assembly resolution that mandated the strengthening of the inter-agency steering mechanism on disarmament and development.\nanchoring_and_time: Effectively anchored by naming the adopting organ (General Assembly) and the specific institutional entity ('high-level Steering Group on Disarmament and Development') without revealing the document symbol or title.\nconsequence: The provided resolution symbol A/RES/66/30 directly resolves the unknown asked in the query, fully corroborated by operative paragraph 1 in the target text.\nlexical_distance: The query naturally condenses and paraphrases the operative paragraph ('requests strengthening... to ensure continued coordination and cooperation among relevant United Nations entities') while preserving the specialized institutional name.\nlinguistic_quality: Fluent, concise, and grammatically precise legal English."", ""audit_reason"": ""No problems reported.""}]"
un,2013/a/cn_9/sr_943,2013/a/cn_9/sr_943#2,lookup,development,0.39,False,0.55,False,0.55,31.0,32.0,True,FN,2,False,True,"[""q_739e2bc87e0c3c1e868345ab""]","[""What role did the Regional Centre for Asia and the Pacific have, according to the UNCITRAL session record discussing its opening since the previous session?""]","[""The Centre was an important means of promoting the adoption and use of the Commission's texts.""]","[""clear""]","[{""faithfulness_reason"": ""The premise, actor, and role of the Regional Centre are fully supported by paragraph 2 of the target text. Numerical fidelity not applicable; 4 is a compatibility value."", ""quality_reason"": ""practitioner_realism: Presents a clear and realistic professional lookup concerning the institutional mandate/role of a newly established regional centre.\nanchoring: The base question provides sufficient substantive context by specifying the body (UNCITRAL), the genre (session record), the opening since the previous session, and the specific regional centre.\ninformativeness: The extracted sentence directly and completely identifies the centre's function without extraneous text or circularity.\nconsequence: Fully resolves the unknown regarding the purpose and practical role of the centre.\nlinguistic_quality: Natural, grammatically sound, and cleanly aligned between base and cited versions."", ""audit_reason"": ""No problems reported.""}]"
un,2013/a/cn_9/sr_943,2013/a/cn_9/sr_943#2,practitioner,development,0.42,False,0.55,False,0.55,31.0,32.0,True,FN,2,False,True,"[""q_ff50f756094a02b4f075b8b5""]","[""As UNCITRAL prepares to consider a strategic-direction document on technical assistance, what would the document seek to optimize and expand?""]","[""optimizing the use of resources and expanding the role of the Working Groups and the UNCITRAL secretariat in promoting the Commission's work""]","[""clear""]","[{""faithfulness_reason"": ""The question faithfully reflects the text concerning the strategic-direction document on technical assistance, and the extracted answer precisely captures both goals without extraneous text. Numerical fidelity not applicable; 4 is a compatibility value."", ""quality_reason"": ""practitioner_realism: Presents a realistic institutional preparation task for a delegation or secretariat member tracking UNCITRAL's strategic document on technical assistance.\nanchoring_and_time: Clearly anchored to UNCITRAL and the strategic-direction document regarding technical assistance without relying on formal document symbols.\nconsequence: The continuous extract directly resolves the twin objectives of the document regarding resources and working group/secretariat roles.\ninformativeness: Directly provides the specific objectives sought by the document without extraneous padding.\nlinguistic_quality: Natural, grammatically sound phrasing that aligns well with the extracted response."", ""audit_reason"": ""No problems reported.""}]"
un,2013/a/cn_9/sr_943,2013/a/cn_9/sr_943#2,conceptual,development,0.5,False,0.55,False,0.55,31.0,32.0,True,FN,2,False,True,"[""q_ff4a21858192952e8f48085b""]","[""How was the strategic-direction document intended to strengthen UNCITRAL's technical-assistance work?""]","[""On the related subject of technical assistance, the Commission would be taking up a document on a strategic direction for UNCITRAL with a view to optimizing the use of resources and expanding the role of the Working Groups and the UNCITRAL secretariat in promoting the Commission's work.""]","[""clear""]","[{""faithfulness_reason"": ""The question is fully grounded in the target block and answered accurately and concisely by the exact single continuous sentence describing the strategic-direction document's objectives regarding technical assistance. Numerical fidelity not applicable; 4 is a compatibility value."", ""quality_reason"": ""search_realism: Reflects a genuine institutional policy inquiry about the objectives of a proposed strategic document on technical assistance.\nanchoring_and_time: Effectively identifies the subject matter (strategic-direction document on technical assistance) and institutional actor (UNCITRAL) without citing specific paragraph numbers or document symbols.\nconsequence: The extracted span directly and fully resolves the question by identifying both intended aims: optimizing resources and expanding the role of the Working Groups and secretariat.\nlexical_distance: Competently transforms 'with a view to optimizing the use of resources and expanding the role...' into 'intended to strengthen UNCITRAL's technical-assistance work'.\nlinguistic_quality: Natural, clear, and idiomatic phrasing with clean sentence structure."", ""audit_reason"": ""No problems reported.""}]"
un,2013/a/cn_9/sr_943,2013/a/cn_9/sr_943#2,comparison,development,0.21,False,0.55,False,0.55,31.0,26.0,False,TN,1,False,False,"[""q_7b1e9886c958632993c504b1""]","[""How were the UNCITRAL Model Law and the Regional Centre for Asia and the Pacific described as contributing to the Commission's work?""]","[""Indeed the UNCITRAL Model Law was an important tool for the effective implementation of that Convention.\n2. Since the previous session, the Regional Centre for Asia and the Pacific had been opened with the support of the Government of the Republic of Korea.\nThe Centre was an important means of promoting the adoption and use of the Commission's texts.""]","[""blocking""]","[{""faithfulness_reason"": ""The continuous extract fully establishes the comparative roles of both the UNCITRAL Model Law and the Regional Centre for Asia and the Pacific in relation to implementing and promoting the Commission's texts. The intervening sentence regarding the Centre's opening is necessary to maintain a single continuous span. Numerical fidelity not applicable; 4 is a compatibility value."", ""quality_reason"": ""search_realism: The query artificially pairs two disparate entities—an unspecified Model Law and a regional field office—simply because they are mentioned consecutively in opening remarks, resembling a comprehension check rather than a realistic comparative search need.\nanchoring_and_time: While the Regional Centre for Asia and the Pacific and UNCITRAL are identifiable, 'the UNCITRAL Model Law' is completely unanchored, referencing an unspecified convention that is truncated from the target block.\nconsequence: The submitted text fails to resolve the requested relationship cleanly: the Model Law is only described as an instrument for implementing an unresolved referent ('that Convention'), not as contributing to the Commission's work generally.\nlexical_distance: The query synthesizes 'important tool' and 'important means of promoting' into 'described as contributing', though it still relies heavily on the juxtaposition of consecutive target sentences.\nlinguistic_quality: The sentence is grammatically well-formed, natural, and clearly structured."", ""audit_reason"": ""mode: The candidate pairs two unrelated entities of fundamentally different natures (a normative legal instrument and a regional field office) solely because they appear back-to-back in introductory remarks, violating the requirement for a meaningful comparative relation.\nsupport: The target text does not support the premise that the UNCITRAL Model Law was described as contributing to the Commission's work; it states only that it was a tool for implementing 'that Convention' (an unresolved anaphoric reference truncated from prior context).""}]"
un,2013/a/cn_9/sr_943,2013/a/cn_9/sr_943#2,claim_verification,development,0.53,False,0.55,False,0.55,31.0,31.0,False,TN,2,False,False,"[""q_af6b39bc46b21aab657b1591"", ""q_cb66ce7db91591a8744f318c""]","[""Did the UNCITRAL Regional Centre for Asia and the Pacific open since the previous session with the support of the Government of the Republic of Korea?"", ""Would the UNCITRAL Commission take up a document on a strategic direction for UNCITRAL to optimize resources and expand the role of its Working Groups and secretariat?""]","[""Since the previous session, the Regional Centre for Asia and the Pacific had been opened with the support of the Government of the Republic of Korea."", ""On the related subject of technical assistance, the Commission would be taking up a document on a strategic direction for UNCITRAL with a view to optimizing the use of resources and expanding the role of the Working Groups and the UNCITRAL secretariat in promoting the Commission's work.""]","[""clear"", ""clear""]","[{""faithfulness_reason"": ""The claim is fully supported by the extracted sentence from paragraph 2, accurately reflecting the opening of the Regional Centre and the supporting government. Precision is appropriate, and numerical fidelity is not applicable; 4 is a compatibility value."", ""quality_reason"": ""search_realism: Presents a realistic institutional verification query regarding UNCITRAL field presence developments.\nanchoring_and_time: Effectively anchors the entity (UNCITRAL Regional Centre for Asia and the Pacific) and the relevant intersessional timeframe without relying on prohibited symbols.\nconsequence: The target span directly and conclusively verifies the claim, confirming both the timing and the host government's support.\nlexical_distance: The question largely mirrors the syntactic structure and wording of the target sentence, simply converting it into an interrogative format.\nlinguistic_quality: Grammatically clean, natural, and clearly formulated English."", ""audit_reason"": ""No problems reported.""}, {""faithfulness_reason"": ""The claim and supported verdict directly align with the statement regarding the strategic direction document. The answer span is a complete, well-bounded sentence from paragraph 2. Numerical fidelity is not applicable; 4 is a compatibility value."", ""quality_reason"": ""search_realism: Formulates a plausible search need regarding the Commission's agenda and strategic documentation.\nanchoring_and_time: Sufficiently grounds the subject matter in UNCITRAL's strategic direction and secretariat roles without prohibited citations.\nconsequence: The extractive answer confirms the planned consideration of the document and its stated objectives.\nlexical_distance: Retains much of the source sentence's sequential phrasing ('take up a document on a strategic direction for UNCITRAL', 'optimize resources and expand the role of...').\nlinguistic_quality: Fluent, concise, and grammatically accurate."", ""audit_reason"": ""No problems reported.""}]"
un,2013/a/cn_9/sr_943,2013/a/cn_9/sr_943#2,source_finding,development,0.43,False,0.55,False,0.55,31.0,32.0,True,FN,1,False,True,"[""q_9fdd842e8d3a445eea164e77""]","[""Which UNCITRAL meeting record reports that the Regional Centre for Asia and the Pacific had opened with the support of the Government of the Republic of Korea?""]","[""A/CN.9/SR.943""]","[""clear""]","[{""faithfulness_reason"": ""The target document symbol A/CN.9/SR.943 is accurately identified as an UNCITRAL summary meeting record, and the clue regarding the opening of the Regional Centre for Asia and the Pacific with the support of the Government of the Republic of Korea is directly supported by the target block. Precision is strong at 4, including only a minor additional sentence from paragraph 2 alongside the exact deciding statement. Numerical fidelity correctly identifies and reproduces the official document symbol."", ""quality_reason"": ""search_realism: Presents a realistic, plausible document-retrieval objective seeking the specific summary record reporting the establishment of an UNCITRAL regional centre.\nanchoring_and_time: Provides precise institutional context (UNCITRAL meeting record), the specific entity name (Regional Centre for Asia and the Pacific), and the supporting host government (Republic of Korea) without leaking document symbols.\nconsequence: The official document symbol A/CN.9/SR.943 precisely resolves the sought document identity, directly supported by paragraph 2 of the target block.\nlexical_distance: Naturally restructures the passive narrative statement into a direct, well-formulated search query without copying non-essential text scaffolding.\nlinguistic_quality: Clear, fluent, and fully idiomatic English formulation."", ""audit_reason"": ""No problems reported.""}]"
un,2014/a/hrc/res/26/31,2014/a/hrc/res/26/31#3,lookup,validation,0.61,True,0.55,True,0.55,31.0,31.0,False,FP,3,False,False,"[""q_cc63f4bdb19fc7bacd94ccfe"", ""q_cd87c11ebd90e8b39674f8d4"", ""q_ce7c7592a994f0ed52d95fc4""]","[""Whom did the Human Rights Council request the High Commissioner to invite to the panel discussion on the human rights situation in South Sudan in its resolution on technical assistance and capacity-building for South Sudan?"", ""What monitoring and reporting task did the Human Rights Council request of the United Nations High Commissioner for Human Rights in its resolution on technical assistance and capacity-building for South Sudan?"", ""What report did the Human Rights Council request the High Commissioner to submit for discussion by the panel on the human rights situation in South Sudan in its resolution on technical assistance and capacity-building for South Sudan?""]","[""the Government of South Sudan, the Chairperson of the African Union Commission of Inquiry for South Sudan, the Chief Mediator of the Intergovernmental Authority on Development, the Special Representative of the Secretary-General for South Sudan and the Chairperson of the South Sudan Human Rights Commission"", ""to monitor the situation of human rights in South Sudan and to report thereon to the Human Rights Council at its twenty-eighth session"", ""an interim report on the human rights situation in South Sudan for discussion by the panel""]","[""clear"", ""clear"", ""repair""]","[{""faithfulness_reason"": ""The question directly targets the invitees requested under paragraph 9(b), and the answer precisely captures the complete continuous list of all five designated entities and officials. Numerical fidelity is not applicable; 4 is a compatibility value."", ""quality_reason"": ""practitioner_realism: Represents a routine procedural lookup regarding mandated invitees to a formal Council panel discussion.\nanchoring: Identifies the issuing body, resolution topic, and specific panel, but omits the resolution's year or session.\ninformativeness: Extracts the exact, complete list of mandated invitees specified in paragraph 9(b).\nconsequence: Directly and completely resolves the query with the exact entities to be invited.\nlinguistic_quality: Clear, grammatically correct, and standard diplomatic English."", ""audit_reason"": ""No problems reported.""}, {""faithfulness_reason"": ""The question accurately asks about the monitoring and reporting task requested of the High Commissioner under operative paragraph 8, and the answer extracts the core operative span. The session ordinal ('twenty-eighth') is faithfully retained."", ""quality_reason"": ""practitioner_realism: Presents a clear and realistic professional lookup regarding the mandate given by the Human Rights Council to the High Commissioner.\nanchoring: The base question identifies the issuing organ and substantive topic, but omits the session or year for an annually recurring resolution title, leaving a broad context with a missing discriminator.\ninformativeness: The extracted span accurately and directly identifies the requested monitoring and reporting task without unnecessary padding.\nconsequence: Fully resolves the substantive information need by identifying the required action and reporting timeline.\nlinguistic_quality: Grammatically sound, natural, and precise legal phrasing in English."", ""audit_reason"": ""No problems reported.""}, {""faithfulness_reason"": ""The question is fully grounded in paragraph 9(a), and the answer extracts the exact continuous span identifying the requested interim report. Numerical fidelity is not applicable; 4 is a compatibility value."", ""quality_reason"": ""practitioner_realism: Valid and practical query seeking the specific documentation requested for an upcoming panel discussion.\nanchoring: The base query specifies the issuing organ, topic, and panel context, but lacks the temporal discriminator (session or year) for the resolution.\ninformativeness: Directly provides the exact report requested in paragraph 9(a) of the target text.\nconsequence: Fully resolves the question by identifying the interim report required for the panel.\nlinguistic_quality: Fluent, professional, and well-structured phrasing."", ""audit_reason"": ""metadata: The specified anchor substring 'interim report' does not appear in the question text.""}]"
un,2014/a/hrc/res/26/31,2014/a/hrc/res/26/31#3,practitioner,validation,0.67,True,0.55,True,0.55,31.0,29.0,False,FP,2,False,False,"[""q_cdb3b252696993dc798993a3""]","[""For the Human Rights Council's South Sudan technical-assistance and capacity-building process, what urgent monitoring and reporting task does the High Commissioner have?""]","[""to monitor the situation of human rights in South Sudan and to report thereon to the Human Rights Council at its twenty-eighth session, with recommendations on technical assistance and capacity-building measures, including on human rights education to overcome challenges in the areas of security and on the importance of accountability and transitional justice in South Sudan""]","[""blocking""]","[{""faithfulness_reason"": ""The answer accurately extracts the High Commissioner's urgent monitoring and reporting mandate under paragraph 8 of the target block, correctly preserving the session reference."", ""quality_reason"": ""practitioner_realism: There is no practitioner persona, practical circumstance, or operational decision driving the question; it is formulated as a pure reading-comprehension lookup.\nanchoring_and_time: Properly anchors the context to the Human Rights Council and the South Sudan technical assistance and capacity-building process without using prohibited document symbols or locators.\nconsequence: The selected quotation from paragraph 8 accurately and fully resolves the specific monitoring and reporting tasks assigned to the High Commissioner.\ninformativeness: Provides the complete substantive scope of the mandate, including reporting to the twenty-eighth session and the specific thematic recommendation areas.\nlinguistic_quality: The question is grammatically sound, clear, and natural."", ""audit_reason"": ""mode: The question lacks any practitioner persona, concrete operational task, or decision context, functioning solely as an abstract reading-comprehension lookup.""}]"
un,2014/a/hrc/res/26/31,2014/a/hrc/res/26/31#3,conceptual,validation,0.66,True,0.55,True,0.55,31.0,32.0,True,TP,2,False,True,"[""q_f3b8f262df3fb9731b73a98c"", ""q_8fc452139b65cb685d9fa236""]","[""How did the Human Rights Council arrange its panel discussion on the human rights situation in South Sudan?"", ""What monitoring and follow-up did the Human Rights Council request on the human rights situation in South Sudan?""]","[""Decides to convene, at its twenty-seventh session, a panel discussion on the human rights situation in South Sudan, and in this regard;\n(a) Requests the High Commissioner to submit an interim report on the human rights situation in South Sudan for discussion by the panel;\n(b) Also requests the High Commissioner to invite the Government of South Sudan, the Chairperson of the African Union Commission of Inquiry for South Sudan, the Chief Mediator of the Intergovernmental Authority on Development, the Special Representative of the Secretary-General for South Sudan and the Chairperson of the South Sudan Human Rights Commission;"", ""Requests the United Nations High Commissioner for Human Rights, as a matter of urgency, to monitor the situation of human rights in South Sudan and to report thereon to the Human Rights Council at its twenty-eighth session, with recommendations on technical assistance and capacity-building measures, including on human rights education to overcome challenges in the areas of security and on the importance of accountability and transitional justice in South Sudan;""]","[""clear"", ""repair""]","[{""faithfulness_reason"": ""The question asking how the panel discussion was arranged is fully supported by the contiguous text of paragraph 9, including sub-paragraphs (a) and (b) specifying the interim report and invitees. The session number (twenty-seventh session) is correctly preserved."", ""quality_reason"": ""search_realism: Reflects a genuine operational query regarding procedural and organizational arrangements adopted by the Council for a specific panel discussion.\nanchoring_and_time: Properly anchors the query to the Human Rights Council and the specific panel discussion on South Sudan.\nconsequence: The continuous extract from paragraph 9 directly details the session timing, the requested interim report, and the required invitees.\nlexical_distance: Frame inquiry naturally using 'arrange its panel discussion' rather than copying the resolution's operative verbs.\nlinguistic_quality: Fluent, precise, and idiomatic legal English."", ""audit_reason"": ""No problems reported.""}, {""faithfulness_reason"": ""The question's scope is fully answered by paragraph 8, which establishes the monitoring mandate and reporting timeline given to the High Commissioner. The extracted span is continuous and concise, accurately preserving the ordinal reference to the twenty-eighth session."", ""quality_reason"": ""search_realism: Presents a realistic practitioner query inquiring about the specific monitoring and reporting mechanisms mandated by the Human Rights Council regarding South Sudan.\nanchoring_and_time: Clearly establishes the institutional actor (Human Rights Council) and the substantive situation (human rights in South Sudan) without relying on forbidden locators.\nconsequence: The selected quotation directly answers the question by providing the urgent monitoring mandate, the reporting timeline, and the scope of recommended measures.\nlexical_distance: Effectively paraphrases the operational text ('monitor... and report thereon... with recommendations') into 'monitoring and follow-up' while maintaining standard terminology.\nlinguistic_quality: Grammatically sound, natural, and concise formulation of the information need."", ""audit_reason"": ""metadata: The anchor 'monitor the situation of human rights in South Sudan' is not an exact substring of the question, which uses 'monitoring and follow-up did the Human Rights Council request on the human rights situation in South Sudan'.""}]"
un,2014/a/hrc/res/26/31,2014/a/hrc/res/26/31#3,comparison,validation,0.27,False,0.55,False,0.55,31.0,27.0,False,TN,1,False,False,"[""q_da61f6143b0b682acefd71ef""]","[""In Human Rights Council resolution 26/31's South Sudan monitoring and panel process, how did the report requested under paragraph 8 differ from the interim report requested under paragraph 9(a)?""]","[""8. Requests the United Nations High Commissioner for Human Rights, as a matter of urgency, to monitor the situation of human rights in South Sudan and to report thereon to the Human Rights Council at its twenty-eighth session, with recommendations on technical assistance and capacity-building measures, including on human rights education to overcome challenges in the areas of security and on the importance of accountability and transitional justice in South Sudan;\n9. Decides to convene, at its twenty-seventh session, a panel discussion on the human rights situation in South Sudan, and in this regard;\n(a) Requests the High Commissioner to submit an interim report on the human rights situation in South Sudan for discussion by the panel;""]","[""blocking""]","[{""faithfulness_reason"": ""The question establishes a valid comparison between the full report requested under paragraph 8 and the interim report for the panel under paragraph 9(a). The extracted span covers both provisions and the necessary chapeau of paragraph 9 without irrelevant surrounding paragraphs, accurately preserving the session designations and reporting requirements."", ""quality_reason"": ""search_realism: The query uses overt document-comprehension framing ('report requested under paragraph 8 differ from the interim report requested under paragraph 9(a)') rather than a realistic legal or policy practitioner search need.\nanchoring_and_time: The question relies entirely on prohibited formal identifiers ('resolution 26/31') and structural locators ('paragraph 8', 'paragraph 9(a)') to fix the regime and delineate the comparison entities; without these prohibited locators, the comparison entities lack substantive identification.\nconsequence: The continuous extracted text covers paragraphs 8 through 9(a), fully showing the distinct mandates, reporting sessions (twenty-eighth vs. twenty-seventh), and topical scopes of the two reports.\nlexical_distance: The query restructures the comparison into an interrogative format, but relies heavily on meta-referential scaffolding pointing directly to paragraph numbers.\nlinguistic_quality: Grammatically clean, natural, and clear English syntax throughout."", ""audit_reason"": ""mode: The query explicitly includes the formal resolution symbol ('resolution 26/31') and specific internal structural locators ('paragraph 8' and 'paragraph 9(a)'), violating the standalone locator policy.""}]"
un,2014/a/hrc/res/26/31,2014/a/hrc/res/26/31#3,claim_verification,validation,0.61,True,0.55,True,0.55,31.0,32.0,True,TP,2,False,True,"[""q_7cec52cb905899d517485152"", ""q_ea6cd5b4183d4e89b6284598""]","[""Did the Human Rights Council, in its resolution on technical assistance and capacity-building for South Sudan, request the High Commissioner to monitor the human rights situation and report to the Council at its twenty-eighth session?"", ""Did the Human Rights Council decide to convene a panel discussion on the human rights situation in South Sudan at its twenty-seventh session and request an interim report for that discussion?""]","[""8. Requests the United Nations High Commissioner for Human Rights, as a matter of urgency, to monitor the situation of human rights in South Sudan and to report thereon to the Human Rights Council at its twenty-eighth session, with recommendations on technical assistance and capacity-building measures, including on human rights education to overcome challenges in the areas of security and on the importance of accountability and transitional justice in South Sudan;"", ""9. Decides to convene, at its twenty-seventh session, a panel discussion on the human rights situation in South Sudan, and in this regard;\n(a) Requests the High Commissioner to submit an interim report on the human rights situation in South Sudan for discussion by the panel;""]","[""clear"", ""clear""]","[{""faithfulness_reason"": ""The claim is fully supported by operative paragraph 8, correctly confirming the mandate to monitor and report at the twenty-eighth session. The quote is complete and concise, and the ordinal session number is accurately retained."", ""quality_reason"": ""search_realism: The query presents a natural, credible verification need regarding whether the Council mandated the High Commissioner to monitor and report on South Sudan at its twenty-eighth session.\nanchoring_and_time: The question grounds the inquiry firmly in the Human Rights Council, the technical assistance and capacity-building framework for South Sudan, and the twenty-eighth session without relying on prohibited formal symbols or paragraph numbers.\nconsequence: Paragraph 8 of the target block directly and completely resolves the uncertain proposition, confirming both the monitoring mandate and the twenty-eighth session reporting requirement.\nlexical_distance: The question naturally integrates the essential terms into a fluent verification sentence while avoiding mechanical copying of the resolution's preamble or syntax.\nlinguistic_quality: The phrasing is grammatically correct, unambiguous, and entirely fluent standard English."", ""audit_reason"": ""No problems reported.""}, {""faithfulness_reason"": ""The claim is fully supported by operative paragraph 9 and subparagraph (a), establishing both the decision to convene a panel discussion at the twenty-seventh session and the request for an interim report. The span is contiguous and appropriately delimited, and the session ordinal is preserved."", ""quality_reason"": ""search_realism: Checking whether a specific panel discussion was convened alongside an interim report mandate represents a plausible and well-formulated legal verification task.\nanchoring_and_time: The context is appropriately specified through the Human Rights Council, the human rights situation in South Sudan, and the twenty-seventh session without using formal document locators.\nconsequence: Paragraph 9 and subparagraph (a) provide an exact, continuous evidence span verifying both elements of the question, justifying the supported verdict.\nlexical_distance: The assertion restructures the operative clauses of paragraph 9 and 9(a) into a cohesive, natural interrogative query.\nlinguistic_quality: The sentence is clear, well-structured, and completely sound grammatically."", ""audit_reason"": ""No problems reported.""}]"
un,2014/a/hrc/res/26/31,2014/a/hrc/res/26/31#3,source_finding,validation,0.55,True,0.55,True,0.55,31.0,32.0,True,TP,1,False,False,"[""q_d9bbd19fdf247fbd103de59c""]","[""Which Human Rights Council resolution on technical assistance and capacity-building requests the United Nations High Commissioner for Human Rights to monitor the human rights situation in South Sudan and report to the Council at its twenty-eighth session?""]","[""A/HRC/RES/26/31""]","[""repair""]","[{""faithfulness_reason"": ""The source identifier A/HRC/RES/26/31 matches the metadata, and the contiguous evidence span from paragraph 8 fully supports all clue elements in the question, including the mandate to monitor and report to the Council at its twenty-eighth session. Numerical and citational identifiers are accurately preserved."", ""quality_reason"": ""search_realism: Presents a realistic, well-motivated practitioner retrieval query seeking the specific resolution mandating OHCHR monitoring and reporting on South Sudan for the 28th session.\nanchoring_and_time: Effectively anchors the query to the Human Rights Council, the High Commissioner for Human Rights, the South Sudan situation, and the twenty-eighth session reporting cycle without including prohibited formal identifiers.\nconsequence: The target evidence from paragraph 8 resolves the substantive clue completely, confirming the mandate given to the High Commissioner.\nlexical_distance: Integrates necessary institutional actors and session references while naturally rewording the source phrasing ('monitor the situation of human rights' becomes 'monitor the human rights situation').\nlinguistic_quality: Grammatically sound, precise, and immediately intelligible English formulation."", ""audit_reason"": ""metadata: The anchor 'monitor the situation of human rights in South Sudan' is not an exact substring of the question, which instead uses 'monitor the human rights situation in South Sudan'.""}]"
