corpus,document_id,target_id,mode,partition,probability_yes,accepted,probability_threshold,recorded_selected,recorded_probability_threshold,score_cutoff,best_total_40,above_cutoff,confusion,candidate_count,generation_skip,has_audit_passing_candidate_above_cutoff,best_candidate_ids_json,best_questions_json,best_answers_json,best_audit_statuses_json,best_verifier_reasons_json
eurlex,32009L0133,http://data.europa.eu/eli/dir/2009/133/art_4/oj,fact_pattern,development,0.7,True,0.55,True,0.55,31.0,28.0,False,FP,1,False,False,"[""q_1257f2cc37c8c0fce6054875""]","[""A receiving company applies the no-tax treatment to assets and liabilities transferred in a partial division. Under what rule must it compute new depreciation and any gains or losses for that treatment to apply?""]","[""Paragraphs 1 and 3 shall apply only if the receiving company computes any new depreciation and any gains or losses in respect of the assets and liabilities transferred according to the rules that would have applied to the transferring company or companies if the merger, division or partial division had not taken place.""]","[""blocking""]","[{""faithfulness_reason"": ""The answer fully supports the question by providing the exact condition under Article 4(4) of Directive 2009/133/EC governing the computation of depreciation and gains/losses for tax deferral. Precision is concise and exact. Numerical fidelity not applicable; 4 is a compatibility value."", ""quality_reason"": ""situation: The scenario sets up a receiving company in a partial division seeking tax neutrality, but the final ask ('Under what rule must it compute...') largely requests the abstract statutory condition rather than testing an applied compliance scenario.\nregime_fixing: The question lacks any factual anchor to EU cross-border reorganisations or the EU common system of taxation; without an EU or cross-border dimension, the factual setting could apply to almost any domestic corporate tax regime.\nterminology_and_distance: The query lifts significant phrasing from Article 4(4) ('receiving company', 'assets and liabilities transferred', 'partial division', 'compute new depreciation and any gains or losses'), leaving limited independent scenario framing.\nfocus: The informational objective is unified and clearly bounded to the prerequisite calculation basis governing depreciation, gains, and losses.\nlinguistic_quality: The sentence structure is clean, natural, and grammatically correct."", ""audit_reason"": ""mode: The scenario omits essential regime fixing (no indication of an EU or cross-border corporate reorganisation setting) and reduces the factual pattern to an abstract rule lookup.\nmetadata: The first item in 'particulars' ('a receiving company') fails exact case-sensitive matching against the question sentence opener ('A receiving company').""}]"
eurlex,32009L0133,http://data.europa.eu/eli/dir/2009/133/art_4/oj,lookup,development,0.69,True,0.55,True,0.55,31.0,25.0,False,FP,1,False,False,"[""q_856e5bb8f72c37e8cac02adb""]","[""Under what condition must the receiving company calculate depreciation and gains or losses for transferred assets and liabilities for the non-taxation rule to apply?""]","[""only if the receiving company computes any new depreciation and any gains or losses in respect of the assets and liabilities transferred according to the rules that would have applied to the transferring company or companies if the merger, division or partial division had not taken place""]","[""minor_issues""]","[{""faithfulness_reason"": ""The question accurately asks for the condition governing the application of the non-taxation rule under Article 4, and the answer extracts the exact operative condition from Article 4(4). Numerical fidelity not applicable; 4 is a compatibility value."", ""quality_reason"": ""practitioner_realism: The query operates predominantly as a source-reading comprehension prompt rather than an authentic practitioner lookup, referencing 'the non-taxation rule' without specifying any substantive transactional context such as company mergers, divisions, or cross-border restructurings.\nanchoring: The base question contains no regime identification or substantive framework (omitting any mention of mergers, divisions, or EU corporate reorganisation rules) and relies on the unanchored phrase 'the non-taxation rule', making it impossible to identify the relevant legal regime without consulting the cited rendering or source.\ninformativeness: The extracted span contains the governing substantive rule ('according to the rules that would have applied to the transferring company...'), but retaining the entire introductory condition clause creates semantic redundancy against the question.\nfocus: The focus is basically identifiable but conceptually tangled, conflating the condition for tax deferral with a supposed condition governing how depreciation itself must be calculated.\nlinguistic_quality: Serviceable phrasing, but syntactically awkward due to framing the computation standard as a condition under which the receiving company must calculate depreciation."", ""audit_reason"": ""anchoring: The base question lacks essential regime context, referring ambiguously to 'the non-taxation rule' without identifying corporate mergers, divisions, or the EU tax regime.""}]"
eurlex,32009L0133,http://data.europa.eu/eli/dir/2009/133/art_4/oj,comparison,development,0.35,False,0.55,False,0.55,31.0,32.0,True,FN,1,False,True,"[""q_759e7b113ed0027775e1d76f""]","[""Under EU cross-border restructuring tax rules, are a merger and a partial division treated alike regarding taxation of capital gains?""]","[""A merger, division or partial division shall not give rise to any taxation of capital gains calculated by reference to the difference between the real values of the assets and liabilities transferred and their values for tax purposes.""]","[""clear""]","[{""faithfulness_reason"": ""The answer directly establishes the shared treatment of mergers and partial divisions under Article 4(1) regarding capital gains taxation. Precision is fully concise, covering the exact governing rule without extraneous text. Numerical fidelity not applicable; 4 is a compatibility value."", ""quality_reason"": ""search_realism: Reflects a genuine corporate tax query regarding whether partial divisions benefit from the same capital gains tax neutrality as standard mergers under EU rules.\nanchoring_and_time: The regime is adequately identified via substantive subject-matter context ('EU cross-border restructuring tax rules') without relying on prohibited locators or formal citations.\nconsequence: The continuous quoted provision directly confirms the shared tax treatment for both transactions, fully resolving the comparative inquiry.\nlexical_distance: Converts the statutory rule into a natural shared-treatment comparison ('treated alike regarding...') without unnecessary structural copying.\nlinguistic_quality: The question is clear, fluent, and precisely phrased in standard legal English."", ""audit_reason"": ""No problems reported.""}]"
eurlex,32009L0133,http://data.europa.eu/eli/dir/2009/133/art_4/oj,claim_verification,development,0.64,True,0.55,True,0.55,31.0,24.0,False,FP,1,False,False,"[""q_48189f9ffc37025ca6e77623""]","[""Under the EU merger tax regime, do the tax rules in paragraphs 1 and 3 apply only if the receiving company computes new depreciation and gains or losses for the transferred assets and liabilities according to the rules that would have applied to the transferring company or companies if the restructuring had not taken place?""]","[""Paragraphs 1 and 3 shall apply only if the receiving company computes any new depreciation and any gains or losses in respect of the assets and liabilities transferred according to the rules that would have applied to the transferring company or companies if the merger, division or partial division had not taken place.""]","[""blocking""]","[{""faithfulness_reason"": ""The claim verification is fully supported by Article 4(4) of Directive 2009/133/EC, which establishes that paragraphs 1 and 3 apply only under the specified condition. The extracted span precisely covers paragraph 4 without extraneous text, and references to paragraphs 1 and 3 are accurately maintained."", ""quality_reason"": ""search_realism: The query functions as a mechanical reading-comprehension check of a single source sentence rather than a genuine practitioner query, relying on an unresolved reference to 'paragraphs 1 and 3'.\nanchoring_and_time: The question refers vaguely to 'the tax rules in paragraphs 1 and 3' under the broad EU merger tax regime without identifying the specific substantive rule (e.g., non-taxation of capital gains on transferred assets) or the article, leaving essential context dependent on a prohibited internal paragraph locator.\nconsequence: The submitted excerpt contains paragraph 4, which establishes the condition stated in the question, but the referent of 'paragraphs 1 and 3' remains unspecified within the query.\nlexical_distance: The question is an almost verbatim transcription of Article 4(4) ('computes new depreciation and gains or losses for the transferred assets and liabilities according to the rules that would have applied to the transferring company or companies if...'), changing only 'merger, division or partial division' to 'restructuring' inside a thin interrogative wrapper.\nlinguistic_quality: Grammatically sound, but awkwardly phrased due to the dangling reference to 'paragraphs 1 and 3' detached from its parent provision."", ""audit_reason"": ""mode: The question violates the standalone locator policy by including a prohibited internal paragraph locator ('paragraphs 1 and 3') rather than specifying the substantive tax rules being tested.""}]"
eurlex,32009L0090,http://data.europa.eu/eli/dir/2009/90/art_4/oj,fact_pattern,validation,0.58,True,0.55,True,0.55,31.0,29.0,False,FP,2,False,False,"[""q_84ea1dc6f17d388fd49c99ef""]","[""A Member State applies a chemical-analysis method for monitoring water status whose measurement uncertainty at the level of the relevant environmental quality standard is 60 %. What minimum performance criteria must it ensure for all methods of analysis applied?""]","[""the minimum performance criteria for all methods of analysis applied are based on an uncertainty of measurement of 50 % or below (k = 2) estimated at the level of relevant environmental quality standards and a limit of quantification equal or below a value of 30 % of the relevant environmental quality standards""]","[""blocking""]","[{""faithfulness_reason"": ""The answer accurately reproduces the minimum performance criteria set out in Article 4(1). All numerical values (50 %, k = 2, 30 %) and relational conditions are correctly preserved without defect."", ""quality_reason"": ""situation: The question presents a specific circumstance (a method with 60 % measurement uncertainty), but the final ask ignores this fact and requests the unchanged general threshold rule ('What minimum performance criteria must it ensure for all methods of analysis applied?'). This constitutes a decorative case wrapper ending in a general definition/threshold lookup.\nregime_fixing: The regime is clearly established using chemical-analysis methods, water status monitoring, and environmental quality standards without citing the legal act.\nterminology_and_distance: The phrasing of the final ask directly mirrors the statutory wording of Article 4(1), though the scenario itself is independently drafted.\nfocus: The informational intent is unified on the general minimum performance criteria.\nlinguistic_quality: The sentence structure is fluent, natural, and grammatically correct."", ""audit_reason"": ""mode: The scenario introduces a specific 60 % uncertainty fact but immediately reverts to an unchanged general threshold lookup ('What minimum performance criteria must it ensure for all methods of analysis applied?'), violating the fact_pattern mode requirement that facts actively drive the legal treatment.""}]"
eurlex,32009L0090,http://data.europa.eu/eli/dir/2009/90/art_4/oj,comparison,validation,0.23,False,0.55,False,0.55,31.0,35.0,True,FN,1,False,True,"[""q_c780430c9f6dfc2b62ececb3""]","[""Under EU water-monitoring rules, how do the method requirements compare for methods subject to the minimum performance criteria and for monitoring when a relevant environmental quality standard or compliant method is absent?""]","[""1. Member States shall ensure that the minimum performance criteria for all methods of analysis applied are based on an uncertainty of measurement of 50 % or below (k = 2) estimated at the level of relevant environmental quality standards and a limit of quantification equal or below a value of 30 % of the relevant environmental quality standards.\n\n2. In the absence of relevant environmental quality standard for a given parameter, or in the absence of method of analysis meeting the minimum performance criteria set out in paragraph 1, Member States shall ensure that monitoring is carried out using best available techniques not entailing excessive costs.""]","[""clear""]","[{""faithfulness_reason"": ""Grounding exceptional: The candidate directly addresses the two-tier legal framework of Article 4, accurately comparing the baseline minimum performance criteria under paragraph 1 against the explicit fallback standard (best available techniques not entailing excessive costs) when standards or compliant methods are absent under paragraph 2. Precision exceptional: The extracted text constitutes the exact, minimal continuous span across paragraphs 1 and 2 necessary to resolve both sides of the comparison completely, retaining all essential qualifications without unnecessary padding. Numerical fidelity exceptional: The response perfectly preserves all numerical specifications, including the inequality '50 % or below', the coverage factor '(k = 2)', and the limit of quantification threshold 'equal or below a value of 30 %', alongside their precise relational benchmarks."", ""quality_reason"": ""search_realism: A plausible and practical legal-technical query comparing the baseline quantitative criteria against the statutory fallback standard when criteria cannot be met.\nanchoring_and_time: Properly anchored to 'EU water-monitoring rules' without leaking citations or prohibited act numbers.\nconsequence: The continuous extract of paragraphs 1 and 2 cleanly and completely resolves both sides of the comparison.\nlexical_distance: Effectively rephrases the relationship between the baseline rule and the fallback scenario while keeping necessary technical terms.\nlinguistic_quality: Grammatically sound, clear, and idiomatic legal English."", ""audit_reason"": ""No problems reported.""}]"
eurlex,32010L0035,http://data.europa.eu/eli/dir/2010/35/art_15/oj,conceptual,development,0.47,False,0.55,False,0.55,31.0,32.0,True,FN,2,False,True,"[""q_33c6ebbb89700f624e2856d6""]","[""How must the Pi marking be placed on new transportable pressure equipment and safety-critical demountable parts?""]","[""The Pi marking shall be affixed visibly, legibly and permanently to the transportable pressure equipment or to its data plate as well as to demountable parts of refillable transportable pressure equipment having a direct safety function. The Pi marking shall be affixed before the new transportable pressure equipment or demountable parts of refillable transportable pressure equipment having a direct safety function are placed on the market.""]","[""clear""]","[{""faithfulness_reason"": ""The question's scope is fully established by paragraphs 4 and 5 of Article 15, which form a contiguous span addressing the manner, location, and timing of affixing the Pi marking. Numerical fidelity not applicable; 4 is a compatibility value."", ""quality_reason"": ""search_realism: A realistic and coherent query reflecting an authentic technical compliance inquiry regarding the physical placement and timing rules for applying the Pi marking.\nanchoring_and_time: Successfully anchors the substantive context using 'Pi marking', 'transportable pressure equipment', and 'demountable parts' without relying on prohibited legal locators.\nconsequence: The continuous extract from paragraphs 4 and 5 directly and comprehensively resolves the inquiry on how (visibly, legibly, permanently, to data plates/parts) and when (prior to market placement) the marking is applied.\nlexical_distance: Competently reformulates the source language ('affixed' to 'placed', 'demountable parts of refillable transportable pressure equipment having a direct safety function' to 'safety-critical demountable parts') while preserving necessary terminology.\nlinguistic_quality: Grammatically sound, natural, and clearly formulated English prose."", ""audit_reason"": ""No problems reported.""}]"
eurlex,32010L0035,http://data.europa.eu/eli/dir/2010/35/art_15/oj,comparison,development,0.31,False,0.55,False,0.55,31.0,32.0,True,FN,1,False,True,"[""q_03076f673ff2229f2671bb41""]","[""Under EU rules for the Pi marking on transportable pressure equipment, what minimum-height requirement applies to transportable pressure equipment generally compared with transportable pressure equipment with a diameter less than or equal to 140 mm?""]","[""The minimum height of the Pi marking shall be 5 mm. For transportable pressure equipment with a diameter less than or equal to 140 mm the minimum height shall be 2,5 mm.""]","[""clear""]","[{""faithfulness_reason"": ""The question and answer cleanly establish the comparative minimum height rules for both general transportable pressure equipment and equipment with a diameter of 140 mm or less directly from Article 15(2). Precision captures the exact relevant paragraph without unnecessary peripheral text, and all numerical thresholds (5 mm, 140 mm, and 2,5 mm) are accurately preserved."", ""quality_reason"": ""search_realism: Reflects a realistic practical compliance query regarding baseline versus reduced-size marking specifications for transportable pressure equipment.\nanchoring_and_time: Establishes clear substantive context via the Pi marking regime on transportable pressure equipment without relying on formal act numbers or locators.\nconsequence: The selected continuous span directly establishes the minimum height threshold for both standard equipment (5 mm) and equipment with a diameter up to 140 mm (2.5 mm).\nlexical_distance: Competently reframes the baseline and special exception into a comparative question while retaining necessary legal and technical dimensions.\nlinguistic_quality: Grammatically sound, precise, and idiomatic query prose that clearly sets up both sides of the comparison."", ""audit_reason"": ""No problems reported.""}]"
eurlex,32010L0035,http://data.europa.eu/eli/dir/2010/35/art_15/oj,claim_verification,development,0.6,True,0.55,True,0.55,31.0,31.0,False,FP,1,False,False,"[""q_75a1bd1a620d9b04e5150b26""]","[""Under EU rules on transportable pressure equipment, must the Pi marking be affixed before new transportable pressure equipment is placed on the market?""]","[""The Pi marking shall be affixed before the new transportable pressure equipment or demountable parts of refillable transportable pressure equipment having a direct safety function are placed on the market.""]","[""clear""]","[{""faithfulness_reason"": ""Article 15(5) directly establishes that the Pi marking must be affixed before new transportable pressure equipment is placed on the market, fully supporting the claim verdict. The extracted text is an exact single-sentence provision without excess. Numerical fidelity not applicable; 4 is a compatibility value."", ""quality_reason"": ""search_realism: Presents a realistic, clearly motivated compliance verification query regarding the timing requirement for affixing the conformity marking.\nanchoring_and_time: Properly anchored by the substantive regime ('EU rules on transportable pressure equipment') without relying on prohibited formal citations or act numbers.\nconsequence: The extracted provision from Article 15(5) definitively confirms the asserted obligation and its precise timing condition.\nlexical_distance: The query closely tracks the sentence structure and phrasing of paragraph 5 ('shall be affixed before the new transportable pressure equipment... are placed on the market'), applying only a standard interrogative conversion.\nlinguistic_quality: Grammatically sound, fluent, and clearly formulated interrogative sentence."", ""audit_reason"": ""No problems reported.""}]"
eurlex,32010L0035,http://data.europa.eu/eli/dir/2010/35/art_15/oj,source_finding,development,0.44,False,0.55,False,0.55,31.0,32.0,True,FN,1,False,True,"[""q_5aa35fe11bb8278af0f1cd52""]","[""Which EU provision lays down the minimum dimensions, placement, timing and notified-body identification requirements for the Pi marking on transportable pressure equipment?""]","[""Article 15 — Directive 2010/35/EU""]","[""clear""]","[{""faithfulness_reason"": ""The source finding clue elements (minimum dimensions, placement, timing, and notified-body identification requirements) are all directly verified within the target article body, and the official source identity is correctly identified. The evidence span is contiguous, including necessary intervening text between paragraphs 2 and 6. Numerical fidelity is fully accurate for all dimensional thresholds."", ""quality_reason"": ""search_realism: The query realistically reflects a compliance search where a practitioner remembers the four distinct regulatory facets (dimensions, placement, timing, notified body number) of the marking regime but requires the governing EU citation.\nanchoring_and_time: The question anchors cleanly to the Pi marking regime on transportable pressure equipment without revealing prohibited formal locators or full titles.\nconsequence: The provided target article and act identity resolve the exact legal source governing all four listed requirements, supported directly by the excerpted paragraphs 2–6.\nlexical_distance: Synthesizes disparate paragraphs (minimum height, affixing rules, timing relative to placing on the market, notified body number) into functional regulatory categories ('minimum dimensions, placement, timing and notified-body identification requirements').\nlinguistic_quality: Grammatically sound, concise, and standard legal drafting style with natural phrasing."", ""audit_reason"": ""No problems reported.""}]"
eurlex,32012L0018,http://data.europa.eu/eli/dir/2012/18/art_4/oj,fact_pattern,validation,0.59,True,0.55,True,0.55,31.0,26.0,False,FP,1,False,False,"[""q_b2d885e45e3c87f3acd7263d""]","[""A Member State considers that a dangerous substance does not present a major-accident hazard under the EU major-accident regime. What must accompany its notification to the Commission?""]","[""supporting justification, including the information referred to in paragraph 3""]","[""blocking""]","[{""faithfulness_reason"": ""The question accurately reflects the conditions of Article 4(2) of Directive 2012/18/EU, and the extracted answer precisely identifies what must accompany the Member State's notification. The cross-reference to paragraph 3 is accurately preserved."", ""quality_reason"": ""situation: There is no concrete situation or factual file. The question merely copies the abstract statutory condition of Article 4(2) verbatim ('A Member State considers that a dangerous substance does not present a major-accident hazard...') without providing any specific substance, process, or applied circumstances.\nregime_fixing: The regime is identifiable primarily through the explicit substantive label 'EU major-accident regime', but lacks concrete factual anchoring.\nterminology_and_distance: Severe avoidable lifting of the source scaffolding: almost the entire question is lifted directly from Article 4(2) ('Member State considers that a dangerous substance does not present a major-accident hazard', 'notification to the Commission').\nfocus: Well-bounded, single informational ask inquiring strictly about what must accompany the notification.\nlinguistic_quality: Grammatically sound, clear, and natural English prose."", ""audit_reason"": ""mode: Fails the fact_pattern contract because it does not construct a concrete situation for a party or authority handling a file; it merely restates the abstract statutory condition of Article 4(2) directly as a general rule lookup.""}]"
eurlex,32012L0018,http://data.europa.eu/eli/dir/2012/18/art_4/oj,claim_verification,validation,0.65,True,0.55,True,0.55,31.0,27.0,False,FP,1,False,False,"[""q_75d9c4a3d3732a81f40d7d65""]","[""Is it true that the Commission’s assessment of whether a dangerous substance can cause a major accident must be based on every characteristic listed in Article 4(1)(a) to (c) of Directive 2012/18/EU?""]","[""That assessment shall take into account the information referred to in paragraph 3, and shall be based on one or more of the following characteristics:""]","[""blocking""]","[{""faithfulness_reason"": ""The claim that the assessment must be based on every characteristic listed in points (a) to (c) is directly contradicted by the statutory text requiring it to be based on 'one or more of the following characteristics', making the contradicted verdict accurate and fully grounded. The extracted sentence resolves the question concisely. Numerical fidelity not applicable; 4 is a compatibility value."", ""quality_reason"": ""search_realism: The query is framed as a document-comprehension quiz question testing a specific cited provision rather than a realistic retrieval need from an external practitioner's perspective.\nanchoring_and_time: The question relies entirely on a prohibited formal act citation and internal paragraph locator ('Article 4(1)(a) to (c) of Directive 2012/18/EU') to identify the list of characteristics being tested, violating the standalone locator policy.\nconsequence: The selected answer span directly refutes the claim by showing that the assessment must be based on 'one or more of the following characteristics' rather than every characteristic, completely resolving the verification need.\nlexical_distance: The query negates 'one or more' into 'every', but otherwise tracks the structure and headings of the source closely and leans on structural paragraph pointers.\nlinguistic_quality: The sentence is grammatically correct, natural, and clearly structured."", ""audit_reason"": ""mode: The question violates the standalone locator policy by including formal act citations and internal locators ('Article 4(1)(a) to (c) of Directive 2012/18/EU').""}]"
eurlex,32012L0018,http://data.europa.eu/eli/dir/2012/18/art_4/oj,source_finding,validation,0.46,False,0.55,False,0.55,31.0,32.0,True,FN,1,False,True,"[""q_1637bed7a2833ea559f5bde1""]","[""Which EU provision provides that, following the Commission’s assessment of a dangerous substance under the major-accident hazards Directive, it shall, if appropriate, present a legislative proposal to exclude that substance from the Directive’s scope?""]","[""Article 4 — Directive 2012/18/EU""]","[""clear""]","[{""faithfulness_reason"": ""The source finding clue accurately and fully reflects Article 4(4) of Directive 2012/18/EU, and the target metadata is correctly identified. The evidence span is an exact, concise reproduction of paragraph 4. Numerical fidelity not applicable; 4 is a compatibility value."", ""quality_reason"": ""search_realism: The query reflects a realistic legal research task to locate the specific mechanism and provision under the major-accident hazards framework allowing substance exclusions.\nanchoring_and_time: Contextualizes the inquiry effectively using the substantive regime reference ('major-accident hazards Directive') and the Commission's assessment role without leaking the act number or target article.\nconsequence: The submitted answer and exact body evidence pinpoint Article 4(4) of Directive 2012/18/EU, directly resolving the identity of the provision.\nlexical_distance: Syntactically integrates the core rule into an inquiry while naturally adapting surrounding phrasing and retaining necessary legal terms.\nlinguistic_quality: Clear, grammatically correct, and idiomatic legal English prose."", ""audit_reason"": ""No problems reported.""}]"
eurlex,32013L0034,http://data.europa.eu/eli/dir/2013/34/art_33/oj,fact_pattern,development,0.61,True,0.55,True,0.55,31.0,26.0,False,FP,1,False,False,"[""q_d21ee32f8dda88b6dfc80e8d""]","[""An undertaking's administrative, management and supervisory bodies act within competences assigned by national law, and the undertaking must draw up and publish its annual and consolidated financial statements and related management reports. What collective responsibility must the Member State ensure for those members?""]","[""Member States shall ensure that the members of the administrative, management and supervisory bodies of an undertaking, acting within the competences assigned to them by national law, have collective responsibility for ensuring that:\n\n(a)\nthe annual financial statements, the management report and, when provided separately, the corporate governance statement; and\n\n(b)\nthe consolidated financial statements, consolidated management reports and, when provided separately, the consolidated corporate governance statement,\n\nare drawn up and published in accordance with the requirements of this Directive and, where applicable, with the international accounting standards adopted in accordance with Regulation (EC) No 1606/2002.""]","[""blocking""]","[{""faithfulness_reason"": ""The question and answer are fully supported by Article 33(1) of Directive 2013/34/EU, capturing the exact collective responsibility imposed on board members regarding financial statements and reports. The extracted span precisely covers paragraph 1 without extraneous additions, and the cited Regulation (EC) No 1606/2002 identifier is accurately preserved."", ""quality_reason"": ""situation: The prompt does not present a genuine, concrete file-handling situation for a private entity or competent authority; rather, it restates the abstract legal prerequisites of Article 33(1) as a wrapper before asking for the general statutory obligation of the Member State.\nregime_fixing: The governance context for drawing up and publishing company accounts is identifiable, but it relies on an abstract restatement of statutory phrases rather than realistic contextual grounding.\nterminology_and_distance: Extensive near-verbatim borrowing of statutory text ('administrative, management and supervisory bodies', 'competences assigned by national law', 'draw up and publish its annual and consolidated financial statements') makes the question an obvious paraphrase of the provision's scaffolding.\nfocus: The informational need targets the scope of collective responsibility, but the scope is diffuse and functions as a direct regulatory lookup rather than a targeted application problem.\nlinguistic_quality: The phrasing is grammatically correct, natural, and clear."", ""audit_reason"": ""mode: The candidate fails the fact_pattern mode requirements because it lacks a concrete practical scenario handling a file and instead strings together the statutory conditions of Article 33(1) to ask for the Member State's general legislative/regulatory obligation.""}]"
eurlex,32013L0034,http://data.europa.eu/eli/dir/2013/34/art_33/oj,lookup,development,0.62,True,0.55,True,0.55,31.0,31.0,False,FP,2,False,False,"[""q_b257840df0282cd2f6e9e5c8""]","[""What liability rules must Member States ensure apply to members of an undertaking's administrative, management and supervisory bodies for breaches of their duties concerning financial statements and reports?""]","[""that their laws, regulations and administrative provisions on liability, at least towards the undertaking, apply to the members of the administrative, management and supervisory bodies of the undertakings for breach of the duties referred to in paragraph 1.""]","[""clear""]","[{""faithfulness_reason"": ""The answer correctly reproduces the liability requirements of Article 33(2), specifying that national liability provisions (at least towards the undertaking) must apply for breach of the duties. The text selection is fully continuous and appropriately scoped, retaining the internal cross-reference to paragraph 1 without distortion."", ""quality_reason"": ""practitioner_realism: Presents a realistic legal compliance query regarding Member State obligations on corporate management liability.\nanchoring: The base question identifies the obligation on 'Member States' concerning financial reporting duties, providing serviceable context, though lacking a specific substantive reference to EU accounting directives.\ninformativeness: The extracted passage accurately supplies the legal rule, identifying national liability provisions and the mandatory baseline ('at least towards the undertaking').\nfocus: Maintains a sharp, unitary focus on the scope of liability rules required under the provision.\nlinguistic_quality: The phrasing is natural, fluent, and employs precise legal terminology."", ""audit_reason"": ""No problems reported.""}]"
eurlex,32013L0034,http://data.europa.eu/eli/dir/2013/34/art_33/oj,conceptual,development,0.61,True,0.55,True,0.55,31.0,28.0,False,FP,1,False,False,"[""q_706a911118737fb278f5d34c""]","[""What responsibility and liability must Member States ensure for undertaking bodies regarding financial statements and management reports?""]","[""Member States shall ensure that the members of the administrative, management and supervisory bodies of an undertaking, acting within the competences assigned to them by national law, have collective responsibility for ensuring that the annual financial statements, the management report and, when provided separately, the corporate governance statement, and the consolidated financial statements, consolidated management reports and, when provided separately, the consolidated corporate governance statement, are drawn up and published in accordance with the requirements of this Directive and, where applicable, with the international accounting standards adopted in accordance with Regulation (EC) No 1606/2002. Member States shall ensure that their laws, regulations and administrative provisions on liability, at least towards the undertaking, apply to the members of the administrative, management and supervisory bodies of the undertakings for breach of the duties referred to in paragraph 1.""]","[""clear""]","[{""faithfulness_reason"": ""The answer fully and accurately establishes both the collective responsibility under paragraph 1 and the liability rule under paragraph 2 from Article 33. The continuous extracted span covers the necessary legal text without extraneous non-target material, and the citation to Regulation (EC) No 1606/2002 and cross-reference to paragraph 1 are faithfully maintained."", ""quality_reason"": ""search_realism: The query reflects an artificially broad request designed to prompt a verbatim recitation of Article 33, rather than a focused, realistic practitioner inquiry.\nanchoring_and_time: The reference to 'Member States' establishes an EU legal setting, but the query lacks specific regime markers beyond general corporate reporting terms, leaving context broad.\nconsequence: The extracted span comprehensively resolves both paragraphs of Article 33, detailing collective responsibility for drawing up and publishing reports as well as liability towards the undertaking.\nlexical_distance: The query closely mirrors the source heading ('Responsibility and liability for drawing up and publishing the financial statements and the management report') and the opening drafting formula ('Member States shall ensure'), displaying minimal lexical reformulation.\nlinguistic_quality: The question is clear, fluent, and grammatically correct English."", ""audit_reason"": ""No problems reported.""}]"
eurlex,32013L0034,http://data.europa.eu/eli/dir/2013/34/art_33/oj,comparison,development,0.24,False,0.55,False,0.55,31.0,32.0,True,FN,1,False,False,"[""q_dc2f3e897939a05c58fa7a94""]","[""Under EU rules on annual and consolidated financial statements, how does the collective responsibility of the undertaking’s governing bodies compare for drawing up and publishing the annual and consolidated financial statements?""]","[""Member States shall ensure that the members of the administrative, management and supervisory bodies of an undertaking, acting within the competences assigned to them by national law, have collective responsibility for ensuring that:\n\n(a)\nthe annual financial statements, the management report and, when provided separately, the corporate governance statement; and\n\n(b)\nthe consolidated financial statements, consolidated management reports and, when provided separately, the consolidated corporate governance statement,\n\nare drawn up and published in accordance with the requirements of this Directive and, where applicable, with the international accounting standards adopted in accordance with Regulation (EC) No 1606/2002.""]","[""repair""]","[{""faithfulness_reason"": ""The answer fully grounds the comparison by providing Article 33(1), which establishes the parallel collective responsibility of governing body members for both annual and consolidated financial statements under identical drawing up and publication standards. Precision is solid as it quotes the complete governing rule without extraneous paragraphs, and the citation to Regulation (EC) No 1606/2002 is accurately preserved."", ""quality_reason"": ""search_realism: Presents a realistic legal query regarding whether board members bear the same collective responsibility for standalone annual accounts versus consolidated accounts under EU accounting rules.\nanchoring_and_time: Properly anchored to EU rules on annual and consolidated financial statements and the responsibilities of corporate governing bodies without using prohibited locators.\nconsequence: The provided span of Article 33(1) fully resolves the query by demonstrating that the collective responsibility obligation applies equally to both annual and consolidated financial statements.\nlexical_distance: Competently reformulates the source into a comparative question, using natural synonyms such as 'governing bodies' instead of copying the full statutory list of bodies.\nlinguistic_quality: Grammatically sound, natural, and clearly phrased legal English."", ""audit_reason"": ""metadata: the first comparison_entity 'annual financial statements' does not appear as an exact verbatim substring in the question, which uses the coordinated phrase 'annual and consolidated financial statements'.""}]"
eurlex,32013L0034,http://data.europa.eu/eli/dir/2013/34/art_33/oj,source_finding,development,0.47,False,0.55,False,0.55,31.0,32.0,True,FN,1,False,True,"[""q_4e9a30c2b0eba7d886e503f8""]","[""Which EU provision makes the members of an undertaking’s administrative, management and supervisory bodies collectively responsible for ensuring that its financial statements and management reports are drawn up and published in accordance with the applicable requirements?""]","[""Article 33 — Directive 2013/34/EU""]","[""clear""]","[{""faithfulness_reason"": ""The question's clue directly mirrors the duties laid out in Article 33(1) of Directive 2013/34/EU. The evidence span accurately extracts paragraph 1 containing all material components of collective responsibility for drawing up and publishing financial statements and management reports. Official identifiers and article numbering are correctly captured in the answer and metadata."", ""quality_reason"": ""search_realism: Reflects a realistic legal research inquiry seeking the EU instrument and article imposing collective board responsibility for annual and consolidated reporting.\nanchoring_and_time: Adequately contextualizes the corporate governance and accounting duty across administrative, management, and supervisory bodies without relying on prohibited locators.\nconsequence: The submitted source identifier and article number accurately identify the governing provision, which is completely verified by the provided target evidence span.\nlexical_distance: Smoothly reformulates the multi-part structure of paragraph 1 into a coherent question format while retaining necessary statutory terminology.\nlinguistic_quality: Grammatically correct, natural, and precise legal phrasing throughout the question."", ""audit_reason"": ""No problems reported.""}]"
eurlex,32014L0066,http://data.europa.eu/eli/dir/2014/66/art_10/oj,comparison,development,0.4,False,0.55,False,0.55,31.0,32.0,True,FN,1,False,True,"[""q_9a01a421bc1fb9125bf8210a""]","[""Under EU intra-corporate transfer rules, what information must Member States make accessible to applicants compared with what they must make available to host entities?""]","[""1. Member States shall make easily accessible to applicants the information on all the documentary evidence needed for an application and information on entry and residence, including the rights, obligations and procedural safeguards, of the intra-corporate transferee and of his or her family members. Member States shall also make easily available information on the procedures applicable to the short-term mobility referred to in Article 21(2) and to the long-term mobility referred to in Article 22(1).\n\n2. The Member States concerned shall make available information to the host entity on the right of Member States to impose sanctions in accordance with Articles 9 and 23.""]","[""clear""]","[{""faithfulness_reason"": ""The question asks for a comparison of the information Member States must provide to applicants versus host entities under Article 10 of Directive 2014/66/EU. The extracted text provides both paragraphs of Article 10, completely establishing both compared aspects without extraneous text, and all statutory cross-references are accurately preserved."", ""quality_reason"": ""search_realism: Presents a realistic, well-motivated legal query contrasting statutory disclosure duties owed to individual applicants against those owed to host entities.\nanchoring_and_time: Successfully identifies the legal framework ('EU intra-corporate transfer rules') and the relevant actors without citing formal locators or act numbers.\nconsequence: The provided continuous span from Article 10 fully resolves the information requirements for both comparative sides.\nlexical_distance: Phrased naturally in a comparative structure rather than mimicking the rigid declarative text of the directive.\nlinguistic_quality: Fluent, concise, and grammatically impeccable English formulation."", ""audit_reason"": ""No problems reported.""}]"
eurlex,32014L0066,http://data.europa.eu/eli/dir/2014/66/art_10/oj,claim_verification,development,0.61,True,0.55,True,0.55,31.0,29.0,False,FP,2,False,False,"[""q_99d860fd51e0bf8eccff03da""]","[""Does Directive 2014/66/EU on intra-corporate transfers require Member States to make information on the procedures for short-term and long-term mobility easily available?""]","[""Member States shall also make easily available information on the procedures applicable to the short-term mobility referred to in Article 21(2) and to the long-term mobility referred to in Article 22(1).""]","[""blocking""]","[{""faithfulness_reason"": ""The claim is fully supported by the second sentence of Article 10(1). The extraction cleanly isolates the exact relevant rule, and the cross-referenced provisions in the quoted text are accurately preserved."", ""quality_reason"": ""search_realism: Formulates an understandable compliance verification query regarding mobility procedure information, though shaped closely around the statutory phrasing.\nanchoring_and_time: Disregarding the formal act number, 'intra-corporate transfers' identifies the broad legal framework, but provides minimal independent situational discrimination.\nconsequence: Directly resolves the claim regarding Member State duties to make mobility procedure information available using the relevant sentence of Article 10(1).\nlexical_distance: Slightly compresses the source phrasing ('procedures applicable to the short-term mobility ... and to the long-term mobility' into 'procedures for short-term and long-term mobility'), but heavily retains source framing ('make information on ... easily available').\nlinguistic_quality: Well-formed, natural, and precise English phrasing throughout."", ""audit_reason"": ""mode: The base question contains the formal target act number 'Directive 2014/66/EU', violating the standalone locator policy for claim_verification.""}]"
eurlex,32014L0066,http://data.europa.eu/eli/dir/2014/66/art_10/oj,source_finding,development,0.42,False,0.55,False,0.55,31.0,32.0,True,FN,1,False,True,"[""q_6b36b355359308aacb19dc94""]","[""Which EU provision requires Member States to make information on application documents, entry and residence, procedural safeguards, and short- and long-term mobility accessible to applicants for intra-corporate transfers?""]","[""Article 10 — Directive 2014/66/EU""]","[""clear""]","[{""faithfulness_reason"": ""The source finding clue accurately matches the obligations set out in Article 10(1) of Directive 2014/66/EU, correctly identifying both the act and article from the target body evidence without extraneous elements."", ""quality_reason"": ""search_realism: Presents a realistic legal research inquiry by a practitioner or compliance officer seeking the specific EU legal provision mandating transparency on ICT application rules and mobility procedures.\nanchoring_and_time: Properly anchored to the regime of intra-corporate transfers and the obligations imposed on Member States toward applicants without disclosing the target citation.\nconsequence: The provided source identifier and specific article perfectly resolve the search query, with the target text fully substantiating all listed informational duties.\nlexical_distance: Successfully synthesizes the dispersed elements of Article 10(1) (application documentation, residence rights, safeguards, and mobility procedures) into a natural, condensed query.\nlinguistic_quality: Fluent, grammatically sound, and precise formulation conforming to professional legal English standards."", ""audit_reason"": ""No problems reported.""}]"
eurlex,32005R1346,http://data.europa.eu/eli/reg/2005/1346/art_21/oj,claim_verification,development,0.59,True,0.55,True,0.55,31.0,22.0,False,FP,1,False,False,"[""q_3f5337dadc29d9aeb92c81e8""]","[""Is it true that Member States must each year check at least 20 % of agricultural-promotion programmes financed under Commission Regulation (EC) No 1346/2005, with a minimum of two programmes and coverage of at least 20 % of the relevant total budget?""]","[""The checks described shall be undertaken each year on at least 20 % of the programmes completed in the previous year, covering a minimum of two programmes, and shall relate to at least 20 % of the total budget of the programmes completed during the previous year.""]","[""blocking""]","[{""faithfulness_reason"": ""The claim omits the crucial reference population/denominator 'completed in the previous year', asserting instead that Member States must check at least 20% of programmes financed under the Regulation. Under the governing text, the 20% sampling threshold applies specifically to programmes completed in the previous year, making the claim unsupported as formulated; labeling it supported incurs a mandatory grounding ceiling of 2. The extracted answer span is concise and accurately reproduces all stated numerical values."", ""quality_reason"": ""search_realism: The query includes a prohibited formal act citation ('Commission Regulation (EC) No 1346/2005') and formulates a claim with a distorted population scope.\nanchoring_and_time: Relies on a prohibited formal regulation number for anchoring, while omitting the crucial temporal qualification ('programmes completed in the previous year') for the programme sampling base.\nconsequence: The claim asserts that 20 % of financed programmes must be checked each year, altering the denominator from 'programmes completed in the previous year'. Because the claim is materially inaccurate and labeled 'supported', the answer does not support the stated proposition.\nlexical_distance: The sentence structure closely tracks the target text, substituting 'financed under Commission Regulation (EC) No 1346/2005' for the source's precise temporal scope.\nlinguistic_quality: Grammatically well-formed and fluent English sentence."", ""audit_reason"": ""mode: The question contains a formal act citation ('Commission Regulation (EC) No 1346/2005'), which violates the locator policy for claim_verification.\nsupport: The claim asserts a 20 % check on all financed programmes, whereas Article 21(1) restricts the population to 'programmes completed in the previous year'. Marking this claim as supported is incorrect.\nmetadata: claim_status is marked as 'supported' despite the assertion being ungrounded/incompatible with the source text's defined denominator.""}]"
eurlex,32005R1346,http://data.europa.eu/eli/reg/2005/1346/art_21/oj,source_finding,development,0.43,False,0.55,False,0.55,31.0,33.0,True,FN,1,False,True,"[""q_fe1685a8891cb101229ce8b5""]","[""Which EU provision governs Member State checks of programmes financed to provide information on and promote agricultural products in third countries, including annual risk-based sampling and reporting to the Commission?""]","[""Article 21 — Commission Regulation (EC) No 1346/2005""]","[""clear""]","[{""faithfulness_reason"": ""Grounding exceptional: the clue cleanly captures all substantive facets of Article 21(1) (Member State checks, promotional programmes in third countries, annual risk-based sampling, and reporting of results/anomalies to the Commission) with exact metadata attribution and complete support in the contiguous evidence span. Precision is strong and cleanly delimited to paragraph 1. Numerical fidelity not applicable; 4 is a compatibility value."", ""quality_reason"": ""search_realism: Presents a realistic search need where the practitioner remembers the substantive regulatory mechanism (Member State audit obligations, risk-based sampling, and Commission reporting under third-country agricultural promotion) and needs to identify the governing provision.\nanchoring_and_time: Well-anchored by the specific agricultural promotion scheme in third countries and the operational check requirements, without relying on prohibited formal citations.\nconsequence: The submitted metadata answer and accompanying paragraph 1 evidence definitively identify the exact provision establishing these checking, sampling, and reporting duties.\nlexical_distance: Effectively summarizes the operative mechanisms in Article 21(1) into concise searcher terms ('annual risk-based sampling and reporting to the Commission') rather than lifting long verbatim spans.\nlinguistic_quality: Fluent, idiomatic, and grammatically precise legal English phrasing."", ""audit_reason"": ""No problems reported.""}]"
eurlex,32005R0356,http://data.europa.eu/eli/reg/2005/356/art_14/oj,fact_pattern,validation,0.63,True,0.55,True,0.55,31.0,31.0,False,FP,2,False,False,"[""q_fb7db58a5818d953a47cac07""]","[""A fishing operator is deploying passive fishing gear extending 1.2 nautical miles and plans to leave its final 0.2 nautical miles unmarked. What buoy-placement rules apply?""]","[""Intermediary marker buoys shall be fixed to passive gear extending more than 1 nautical mile. Intermediary marker buoys shall be deployed at distances of not more than 1 nautical mile so that no part of the gear extending 1 nautical mile or more shall be left unmarked.""]","[""clear""]","[{""faithfulness_reason"": ""The question presents a direct application scenario regarding gear length and unmarked portions, and the extracted text from paragraphs 1 and 2 fully resolves the applicable placement rules without extraneous material. All numerical thresholds (1 nautical mile) and conditions are accurately reproduced."", ""quality_reason"": ""situation: The scenario sets up an operational task with gear extending 1.2 nautical miles, but the specific intention to leave 0.2 nautical miles unmarked connects loosely to the relatively broad final ask ('What buoy-placement rules apply?').\nregime_fixing: The combination of fishing operator, passive fishing gear, and specific length measurements anchors the query to the fishing gear marking rules without citing the act.\nterminology_and_distance: The query uses natural phrasing and incorporates necessary technical concepts ('passive fishing gear', 'nautical miles') without lifting unnecessary source scaffolding.\nfocus: The informational need is strictly bounded to the placement and spacing requirements for buoys on gear of this length.\nlinguistic_quality: The question is formulated in clear, fluent, and idiomatic English."", ""audit_reason"": ""No problems reported.""}]"
eurlex,32005R0356,http://data.europa.eu/eli/reg/2005/356/art_14/oj,conceptual,validation,0.44,False,0.55,False,0.55,31.0,32.0,True,FN,1,False,True,"[""q_19bf3e79ead2c45c38d7d36f""]","[""How must passive gear extending more than one nautical mile be marked with intermediary marker buoys?""]","[""Intermediary marker buoys shall be fixed to passive gear extending more than 1 nautical mile.\n\nIntermediary marker buoys shall be deployed at distances of not more than 1 nautical mile so that no part of the gear extending 1 nautical mile or more shall be left unmarked.""]","[""clear""]","[{""faithfulness_reason"": ""The answer extracts a fully supported, contiguous text span from Article 14(1)-(2) directly addressing how passive gear extending over one nautical mile must be marked with intermediary buoys. Numerical values and distance thresholds ('1 nautical mile') are accurately preserved."", ""quality_reason"": ""search_realism: Presents a realistic, practically motivated inquiry regarding the regulatory deployment obligations for intermediary marker buoys on extended passive fishing gear.\nanchoring_and_time: Establishes sound substantive context using the exact operational regime criteria ('passive gear extending more than one nautical mile' and 'intermediary marker buoys') without resorting to formal legal citations.\nconsequence: Fully resolves the inquiry by extracting the rules mandating buoy attachment and deployment intervals of not more than one nautical mile to ensure complete marking.\nlexical_distance: Successfully reframes the normative provisions into an interrogative format while preserving indispensable technical maritime terminology.\nlinguistic_quality: Clean, natural, and grammatically sound phrasing in both question formulation and extracted evidence."", ""audit_reason"": ""No problems reported.""}]"
eurlex,32005R0356,http://data.europa.eu/eli/reg/2005/356/art_14/oj,comparison,validation,0.48,False,0.55,False,0.55,31.0,32.0,True,FN,1,False,True,"[""q_fd62382e83f5696a4174d6f2""]","[""Under EU passive fishing-gear marking rules, how do the characteristics of intermediary marker buoys compare with those of the end marker buoy in the eastern sector?""]","[""Intermediary marker buoys shall have the same characteristics as those of the end marker buoy in the eastern sector except for the following:\n\n(a)\nthe flags shall be white;\n\n(b)\nevery fifth intermediary marker buoys shall be fitted with a radar reflector giving an echo at least two nautical miles.""]","[""clear""]","[{""faithfulness_reason"": ""The answer directly and accurately quotes Article 14(3), establishing the baseline shared characteristics between intermediary marker buoys and the eastern sector end marker buoy along with the two specific exceptions. The span is precisely delimited to paragraph 3 without unnecessary deployment distance rules from paragraphs 1 and 2, and all numerical terms ('fifth', 'two nautical miles') are fully preserved."", ""quality_reason"": ""search_realism: Presents a realistic technical regulatory query comparing marker buoy specifications without artificial phrasing.\nanchoring_and_time: Properly anchors the query to EU passive fishing-gear marking rules without relying on forbidden act numbers or citation locators.\nconsequence: The continuous extract from Article 14(3) directly and comprehensively answers both the baseline parity and the specific exceptions between the two buoy types.\nlexical_distance: Naturally formulates the comparison aspect and framing around characteristics and gear marking rules, keeping necessary technical legal terminology intact.\nlinguistic_quality: Grammatically sound, clear, and professional legal English throughout."", ""audit_reason"": ""No problems reported.""}]"
eurlex,32005R0356,http://data.europa.eu/eli/reg/2005/356/art_14/oj,claim_verification,validation,0.59,True,0.55,True,0.55,31.0,31.0,False,FP,1,False,False,"[""q_e18775638f1b778c2f7b1cd2""]","[""Do EU rules on marking passive fishing gear require intermediary marker buoys to be fixed to passive gear extending more than 1 nautical mile?""]","[""Intermediary marker buoys shall be fixed to passive gear extending more than 1 nautical mile.""]","[""clear""]","[{""faithfulness_reason"": ""The claim is fully and directly supported by Article 14(1), with the verified obligation and threshold accurately identified, an exact contiguous extract, and faithful reproduction of the numerical distance."", ""quality_reason"": ""search_realism: The query models a realistic compliance verification scenario regarding buoy marking requirements for passive fishing gear.\nanchoring_and_time: Effectively anchored by subject matter ('EU rules on marking passive fishing gear') without using forbidden act citations or article numbers.\nconsequence: The selected excerpt directly and unambiguously confirms the mandatory deployment obligation for gear exceeding one nautical mile.\nlexical_distance: The query adapts the text into an interrogative requirement check, but largely preserves the source clause's exact wording ('intermediary marker buoys to be fixed to passive gear extending more than 1 nautical mile').\nlinguistic_quality: Grammatically sound, concise, and clear standard English."", ""audit_reason"": ""No problems reported.""}]"
eurlex,32005R0356,http://data.europa.eu/eli/reg/2005/356/art_14/oj,source_finding,validation,0.46,False,0.55,False,0.55,31.0,32.0,True,FN,1,False,True,"[""q_42333b3d1fcdf163a35b38d6""]","[""Which EU provision requires intermediary marker buoys on passive fishing gear extending more than one nautical mile and limits the distance between them to one nautical mile?""]","[""Article 14 — Regulation (EC) No 356/2005""]","[""clear""]","[{""faithfulness_reason"": ""The clue accurately combines the requirement to fix intermediary marker buoys on passive gear extending more than 1 nautical mile with the deployment spacing limit of not more than 1 nautical mile. The contiguous evidence span from paragraphs 1 and 2 fully substantiates every element of the clue, and the metadata identification correctly names Article 14 of Regulation (EC) No 356/2005."", ""quality_reason"": ""search_realism: Presents a realistic, well-motivated query seeking the specific EU provision governing technical deployment distances for marine gear markers.\nanchoring_and_time: Effectively anchors the query around passive fishing gear and the specific nautical-mile thresholds without leaking the act title or article number.\nconsequence: The provided source identifier and article directly resolve the search clue, and the evidence span fully supports both conditions mentioned.\nlexical_distance: Smoothly integrates the obligations of paragraphs 1 and 2 into a single interrogative sentence using active verbs ('requires', 'limits').\nlinguistic_quality: Clear, precise, and grammatically correct English legal phrasing."", ""audit_reason"": ""No problems reported.""}]"
eurlex,32006R0950,http://data.europa.eu/eli/reg/2006/950/art_8/oj,fact_pattern,development,0.56,True,0.55,True,0.55,31.0,29.0,False,FP,1,False,False,"[""q_d11ac1e345e0b4037980b475""]","[""A Member State is reporting under a sugar tariff quota for imports from a particular country of origin. What must it communicate before the end of each month?""]","[""the quantities of sugar, by tel quel weight and in white sugar equivalent actually imported three months before""]","[""clear""]","[{""faithfulness_reason"": ""The question faithfully reflects the reporting obligation of Article 8(a) for a specific tariff quota and origin. The answer extracts the exact necessary span specifying the quantities and units required to be communicated monthly, preserving the 'three months before' timeframe."", ""quality_reason"": ""situation: Sets up an administrative reporting task for a national authority, but the scenario is minimally developed and primarily restates the scoping conditions of Article 8 rather than presenting a rich factual situation.\nregime_fixing: Specifying reporting under a sugar tariff quota for imports from a country of origin sufficiently anchors the subject matter, though distinguishing context remains fairly broad.\nterminology_and_distance: The query closely tracks the framing language of Article 8 ('tariff quota', 'country of origin', 'communicate', 'before the end of each month'), though the required outcome remains properly concealed.\nfocus: Maintains a single, sharp informational objective targeting exclusively the monthly reporting obligation under point (a).\nlinguistic_quality: Grammatically sound, concise, and natural English phrasing."", ""audit_reason"": ""No problems reported.""}]"
eurlex,32006R0950,http://data.europa.eu/eli/reg/2006/950/art_8/oj,comparison,development,0.21,False,0.55,False,0.55,31.0,32.0,True,FN,1,False,True,"[""q_25bcfd56b04d2b592b565dda""]","[""Under the EU reporting rules for sugar imported under tariff quotas and preferential agreements, are sugar for refining and sugar not intended for refining reported using the same quantity measurements for the previous marketing year or delivery period?""]","[""(i)\nthe total quantity actually imported:\n\nin the form of sugar for refining, expressed in tel quel weight and in white sugar equivalent,\n\nin the form of sugar not intended for refining, expressed in tel quel weight and in white sugar equivalent,""]","[""clear""]","[{""faithfulness_reason"": ""The candidate directly extracts the relevant comparative provision under point (b)(i), confirming that both sugar for refining and sugar not intended for refining must be reported expressed in tel quel weight and in white sugar equivalent. The continuous span is complete and free of irrelevant text. Numerical fidelity not applicable; 4 is a compatibility value."", ""quality_reason"": ""search_realism: Reflects a practical compliance inquiry regarding whether distinct reporting metrics apply to sugar destined for refining versus direct consumption under quota rules.\nanchoring_and_time: Effectively anchors the query to the specific import quota reporting framework and the annual reporting reference period without employing prohibited formal locators.\nconsequence: Directly resolves the comparison by showing that identical measurement expressions (tel quel weight and white sugar equivalent) govern both categories.\nlexical_distance: Rephrases the listed regulatory items into an integrated interrogative sentence about shared quantity measurements without mirroring sentence structure.\nlinguistic_quality: Clear, precise, and grammatically sound legal English phrasing throughout."", ""audit_reason"": ""No problems reported.""}]"
eurlex,32006R0950,http://data.europa.eu/eli/reg/2006/950/art_8/oj,claim_verification,development,0.55,True,0.55,True,0.55,31.0,29.0,False,FP,1,False,False,"[""q_189ab45e87b18ec59de63262""]","[""Does the sugar-import reporting process under Commission Regulation (EC) No 950/2006 require Member States to report, before the end of each month, the quantities actually imported three months earlier, separately for each tariff quota or delivery obligation and country of origin?""]","[""Member States shall communicate to the Commission separately for each tariff quota or delivery obligation and for each country of origin:\n\n(a)\nbefore the end of each month, the quantities of sugar, by tel quel weight and in white sugar equivalent actually imported three months before;""]","[""blocking""]","[{""faithfulness_reason"": ""The claim is fully supported by the introductory text and point (a) of Article 8. The extracted span is precisely delimited to the relevant monthly reporting obligation without unnecessary inclusion of point (b), and the temporal numerical value ('three months before') is faithfully preserved."", ""quality_reason"": ""search_realism: Presents a functional compliance verification need regarding monthly sugar import notifications, but is framed directly around a formal act identifier.\nanchoring_and_time: The question relies on a prohibited formal act number ('Commission Regulation (EC) No 950/2006') to establish its regime context; stripped of this citation, 'the sugar-import reporting process' lacks essential regime and temporal delimitation.\nconsequence: The continuous extract comprising the introductory chapeau and point (a) directly and completely verifies the monthly notification obligation and its breakdown parameters.\nlexical_distance: Retains necessary regulatory terms ('tariff quota', 'delivery obligation', 'country of origin') while naturally restructuring the obligation into an interrogative verification format ('require Member States to report' for 'Member States shall communicate').\nlinguistic_quality: Grammatically sound, well-structured, and clear English syntax throughout the question."", ""audit_reason"": ""mode: The question includes a prohibited formal act number ('Commission Regulation (EC) No 950/2006'), violating the standalone locator policy.""}]"
eurlex,32006R0950,http://data.europa.eu/eli/reg/2006/950/art_8/oj,source_finding,development,0.46,False,0.55,False,0.55,31.0,32.0,True,FN,1,False,True,"[""q_9ecf0726577ebfe966258b4c""]","[""Which provision requires Member States to communicate to the Commission, for each sugar tariff quota or delivery obligation and country of origin, the quantities actually imported and refined?""]","[""Article 8 — Regulation (EC) No 950/2006""]","[""clear""]","[{""faithfulness_reason"": ""The source-finding clue is fully supported by the text of Article 8, accurately capturing the obligation of Member States to communicate imported and refined sugar quantities by quota/delivery obligation and country of origin. Target identity and article designation are exact."", ""quality_reason"": ""search_realism: Presents a realistic legal research inquiry seeking the specific regulatory basis governing Member State reporting on sugar import quota and refining volumes.\nanchoring_and_time: Effectively anchors the query to the specific regime elements (sugar tariff quotas, delivery obligations, country of origin, and quantities imported/refined) without leaking the act identifier.\nconsequence: The clue accurately reflects the obligations in paragraphs (a) and (b), and the submitted answer correctly identifies the exact article and regulation.\nlexical_distance: Synthesizes the disaggregated reporting obligations of points (a) and (b) into a clean, concise summary ('the quantities actually imported and refined') rather than copying the exact text structure.\nlinguistic_quality: Grammatically sound, fluent, and precise legal phrasing throughout."", ""audit_reason"": ""No problems reported.""}]"
eurlex,32007R1303,http://data.europa.eu/eli/reg/2007/1303/art_13/oj,lookup,validation,0.59,True,0.55,True,0.55,31.0,31.0,False,FP,2,False,False,"[""q_e5ade58c87519e1516c86a04"", ""q_bf8a8bf7216b91e685daf98f""]","[""When must summaries of information on the functioning of Member States’ electronic reporting systems be sent to the Commission?"", ""What information must Member States’ databases on the functioning of the electronic reporting system contain?""]","[""on its request in a format and at time intervals to be decided in consultation between Member States and the Commission"", ""the list of fishing vessels flying their flag whose electronic reporting systems have experienced technical failure or have failed to function;\nthe number of electronic logbook transmissions received per day and the average number of transmissions received per vessel, broken down by flag Member State;\nthe number of landing declaration, transhipment declaration, takeover declaration and sales note transmissions received, broken down by flag State""]","[""clear"", ""clear""]","[{""faithfulness_reason"": ""The answer faithfully reproduces the conditions governing when summaries must be transmitted pursuant to Article 13(2). The continuous span appropriately captures the trigger and timing determination mechanism. Numerical fidelity not applicable; 4 is a compatibility value."", ""quality_reason"": ""practitioner_realism: Reflects a genuine administrative lookup concerning the timing and conditions for transmitting summary reporting data to the Commission.\nanchoring: The query specifies 'summaries of information on the functioning of Member States’ electronic reporting systems', providing serviceable context though omitting the specific fisheries sector.\ninformativeness: Directly resolves the timing question by quoting the rule specifying that transmission is upon request at intervals decided in consultation.\nfocus: Clearly bounded to the transmission timing requirement under paragraph 2.\nlinguistic_quality: Clear, fluent, and well-structured query text conforming to formal legal drafting."", ""audit_reason"": ""No problems reported.""}, {""faithfulness_reason"": ""The answer accurately provides the three categories of information specified in Article 13(1)(a)–(c). Omitting the bare structural markers (a)–(c) is an acceptable representation matter. Numerical fidelity not applicable; 4 is a compatibility value."", ""quality_reason"": ""practitioner_realism: Presents a direct, realistic compliance inquiry regarding the mandatory contents of national databases for electronic reporting systems.\nanchoring: The base query cites 'databases on the functioning of the electronic reporting system', which identifies the substantive mechanism but lacks a domain discriminator such as fisheries.\ninformativeness: The excerpt directly and completely supplies the statutory list of required data categories without irrelevant padding.\nfocus: Maintains a single, bounded informational need targeting the mandatory data fields.\nlinguistic_quality: Natural, clear, and grammatically correct phrasing that aligns with standard legal English."", ""audit_reason"": ""No problems reported.""}]"
eurlex,32007R1303,http://data.europa.eu/eli/reg/2007/1303/art_13/oj,comparison,validation,0.18,False,0.55,False,0.55,31.0,32.0,True,FN,1,False,True,"[""q_ec56ad60f453c61758e58782""]","[""Under EU fishing-activity reporting rules, how does the required functioning data for electronic logbook transmissions compare with that for landing, transhipment, takeover and sales-note transmissions?""]","[""(b)\nthe number of electronic logbook transmissions received per day and the average number of transmissions received per vessel, broken down by flag Member State;\n\n(c)\nthe number of landing declaration, transhipment declaration, takeover declaration and sales note transmissions received, broken down by flag State.""]","[""clear""]","[{""faithfulness_reason"": ""The answer provides a contiguous span of Article 13(1)(b)-(c) that directly establishes both sides of the comparison regarding functioning data metrics and breakdowns. Numerical fidelity not applicable; 4 is a compatibility value."", ""quality_reason"": ""search_realism: Formulates a realistic compliance and data-architecture question concerning the specific functioning metrics required for different types of electronic fishery transmissions.\nanchoring_and_time: Establishes clear substantive subject-matter context with 'Under EU fishing-activity reporting rules' and specific transmission types without relying on prohibited act locators.\nconsequence: The continuous extractive span of points (b) and (c) fully resolves the comparison, showing that logbook transmissions require daily counts and vessel averages by flag Member State, whereas the declaration/note transmissions require received totals by flag State.\nlexical_distance: Rephrases the obligation smoothly into a comparative inquiry ('required functioning data... compare with that for...') while retaining only the necessary statutory transmission types.\nlinguistic_quality: Grammatically sound, natural, and precise legal phrasing in English."", ""audit_reason"": ""No problems reported.""}]"
eurlex,32007R1303,http://data.europa.eu/eli/reg/2007/1303/art_13/oj,claim_verification,validation,0.55,True,0.55,True,0.55,31.0,31.0,False,FP,1,False,False,"[""q_a539fd957e920b027a48f9f0""]","[""Is it true that Member States must maintain databases on the functioning of their electronic reporting systems for fishing activities?""]","[""Member States shall maintain databases on the functioning of their electronic reporting system.""]","[""clear""]","[{""faithfulness_reason"": ""The claim is accurately identified as supported and is directly proven by the extracted first sentence of Article 13(1). The text span is concise and completely answers the claim. Numerical fidelity not applicable; 4 is a compatibility value."", ""quality_reason"": ""search_realism: Presents a realistic, clearly motivated regulatory verification query regarding the obligation of Member States to maintain operational databases for electronic reporting.\nanchoring_and_time: The substantive context ('electronic reporting systems for fishing activities') anchors the subject matter cleanly without citing prohibited locators.\nconsequence: The submitted excerpt directly and conclusively establishes that Member States must maintain databases on the functioning of their electronic reporting systems.\nlexical_distance: The query closely tracks the source phrasing ('Member States shall maintain databases on the functioning of their electronic reporting system') with minimal transformation beyond changing 'shall' to 'must'.\nlinguistic_quality: Grammatically sound, clear, and idiomatic legal English."", ""audit_reason"": ""No problems reported.""}]"
eurlex,32007R0041,http://data.europa.eu/eli/reg/2007/41/art_79/oj,fact_pattern,development,0.55,True,0.55,True,0.55,31.0,25.0,False,FP,1,False,False,"[""q_15ddc9bed4528987652aafbe""]","[""A Member State receives observer data from each of its flagged vessels after they leave the SEAFO Convention Area. What submission and onward-sharing rules apply?""]","[""the submission of the information collected by the observers, in respect of each vessel flying its flag, within 30 days of leaving the SEAFO Convention Area. The data shall be submitted in the format specified by the SEAFO Scientific Committee. The Member State shall provide the Commission with a copy of the information as soon as possible, taking account of the need to maintain confidentiality of non-aggregated data. The Member State may also provide the SEAFO Executive Secretary with a copy of the information.""]","[""blocking""]","[{""faithfulness_reason"": ""The answer draws directly from Article 79(2) and covers the required submission format and onward-sharing rules, but precision is reduced because clipping 'Each Member State shall require' leaves the opening clause as an unanchored sentence fragment missing its governing actor and modal verb. The 30-day timeframe is accurately maintained."", ""quality_reason"": ""situation: The scenario posits that a Member State receives observer data, but ends in an unchanged broad rules lookup ('What submission and onward-sharing rules apply?'). Furthermore, the factual premise that data was already received conflicts with the extracted answer's opening requirement concerning the initial submission deadline by vessels.\nregime_fixing: Anchoring relies directly on the explicit mention of the 'SEAFO Convention Area' and flagged vessels, adequately fixing the domain but doing little beyond naming the convention area.\nterminology_and_distance: The phrasing is natural, but the broad ask ('What ... rules apply?') functions as an open-ended solicitation of general regulatory provisions.\nfocus: The question bundles multiple separate rules (vessel-to-State submission deadline, format specification, mandatory onward sharing with the Commission, and discretionary sharing with the SEAFO Executive Secretary) into an unbounded inquiry.\nlinguistic_quality: The question is written in clear, natural, and grammatical English."", ""audit_reason"": ""mode: The question wraps a decorative factual statement around an unchanged general regulatory lookup ('What submission and onward-sharing rules apply?'), failing the requirement for a concrete application task that selects treatment.\nsupport: The extracted span removes the governing obligor and verb ('Each Member State shall require '), leaving the opening clause as an unsupported, headless noun phrase lacking legal status. In addition, the premise that the Member State already receives the data contradicts answering with the vessel submission rule.""}]"
eurlex,32007R0041,http://data.europa.eu/eli/reg/2007/41/art_79/oj,comparison,development,0.16,False,0.55,False,0.55,31.0,32.0,True,FN,1,False,True,"[""q_5ea6b19bb90a570e5e892a9a""]","[""For information collected by scientific observers on fishing vessels in the SEAFO Convention Area, what is the difference between providing a copy to the Commission and providing one to the SEAFO Executive Secretary?""]","[""The Member State shall provide the Commission with a copy of the information as soon as possible, taking account of the need to maintain confidentiality of non-aggregated data. The Member State may also provide the SEAFO Executive Secretary with a copy of the information.""]","[""clear""]","[{""faithfulness_reason"": ""The candidate directly resolves the comparison aspect by providing the contiguous excerpt from Article 79(2) that contrasts the mandatory obligation to provide a copy to the Commission ('shall provide') with the discretionary permission to provide one to the SEAFO Executive Secretary ('may also provide'). Precision is clean and spans only the two governing sentences. Numerical fidelity not applicable; 4 is a compatibility value."", ""quality_reason"": ""search_realism: The query reflects a realistic legal/operational compliance inquiry comparing the mandatory submission to the Commission against the discretionary provision to the SEAFO Executive Secretary.\nanchoring_and_time: The question is appropriately anchored to information collected by scientific observers on fishing vessels in the SEAFO Convention Area without citing forbidden act identifiers.\nconsequence: The provided excerpt directly resolves the core legal distinction between the mandatory requirement ('shall provide') accompanied by timing and confidentiality stipulations, and the discretionary option ('may also provide').\nlexical_distance: The query naturally contrasts the two reporting destinations using parallel action phrases rather than merely echoing the statutory grammar.\nlinguistic_quality: Clean, natural, and syntactically sound formulation in legal English."", ""audit_reason"": ""No problems reported.""}]"
eurlex,32007R0041,http://data.europa.eu/eli/reg/2007/41/art_79/oj,claim_verification,development,0.56,True,0.55,True,0.55,31.0,27.0,False,FP,1,False,False,"[""q_7879dcd70325ffeb9dc716f4""]","[""Does Article 79 require each Member State to ensure that all its fishing vessels operating in the SEAFO Convention Area and targeting species covered by the SEAFO Convention carry qualified scientific observers?""]","[""Each Member State shall ensure that all its fishing vessels operating in the SEAFO Convention Area, and targeting species covered by the SEAFO Convention, carry qualified scientific observers.""]","[""blocking""]","[{""faithfulness_reason"": ""The claim is fully supported by Article 79(1), and the extracted sentence directly resolves the question. Precision is exact and contains no irrelevant text. Numerical fidelity not applicable; 4 is a compatibility value."", ""quality_reason"": ""search_realism: The query uses an explicit article locator ('Does Article 79 require...') resulting in document-comprehension framing rather than an authentic standalone legal research need.\nanchoring_and_time: Ignoring the prohibited locator, the query identifies the actor ('Member State') and substantive regime ('SEAFO Convention Area' and target species), but lacks the governing EU regulation context or temporal frame (2007 fishing opportunities).\nconsequence: The supplied extractive answer directly and completely confirms the tested observer obligation for vessels operating in the SEAFO Convention Area.\nlexical_distance: The proposition is an almost verbatim transcription of the source sentence ('each Member State to ensure that all its fishing vessels operating in the SEAFO Convention Area and targeting species covered by the SEAFO Convention carry qualified scientific observers') wrapped only in an interrogative frame.\nlinguistic_quality: Grammatically sound, clear, and fluent English."", ""audit_reason"": ""mode: The base question contains a prohibited target article locator ('Article 79'), which violates the locator policy for claim verification.""}]"
eurlex,32007R0715,http://data.europa.eu/eli/reg/2007/715/art_3/oj,lookup,development,0.52,False,0.55,False,0.55,31.0,32.0,True,FN,2,False,True,"[""q_84e8810d9b11a33fc0f1f2a4"", ""q_f28d382ea8b0a625ef5184c3""]","[""How is the ‘reference mass’ of a vehicle calculated for EU vehicle emissions type approval?"", ""What is a ‘defeat device’ in EU vehicle emissions type approval?""]","[""the mass of the vehicle in running order less the uniform mass of the driver of 75 kg and increased by a uniform mass of 100 kg"", ""any element of design which senses temperature, vehicle speed, engine speed (RPM), transmission gear, manifold vacuum or any other parameter for the purpose of activating, modulating, delaying or deactivating the operation of any part of the emission control system, that reduces the effectiveness of the emission control system under conditions which may reasonably be expected to be encountered in normal vehicle operation and use""]","[""clear"", ""clear""]","[{""faithfulness_reason"": ""The answer directly and accurately quotes the statutory definition of 'reference mass' from Article 3(3). The numerical deductions and additions (75 kg and 100 kg) along with their units are fully preserved."", ""quality_reason"": ""practitioner_realism: Formulates a realistic regulatory lookup regarding the technical calculation of reference mass used in vehicle homologation.\nanchoring: Adequately fixes the subject matter to EU vehicle emissions type approval without relying on prohibited formal citations.\ninformativeness: Directly and completely resolves the calculation method with the exact uniform mass additions and deductions.\nfocus: Maintains a single, tight information need focused on the calculation formula.\nlinguistic_quality: Natural, clear, and grammatically sound English."", ""audit_reason"": ""No problems reported.""}, {""faithfulness_reason"": ""The answer provides the exact continuous text defining 'defeat device' from Article 3(10) without omission or distortion. Numerical fidelity not applicable; 4 is a compatibility value."", ""quality_reason"": ""practitioner_realism: Presents a direct, genuine legal compliance inquiry concerning the statutory definition of a defeat device.\nanchoring: The domain is sufficiently identified through 'EU vehicle emissions type approval' without prohibited document locators.\ninformativeness: Extracts the exact, complete definition including sensed parameters, purpose, and operating conditions.\nfocus: Has a clear, unitary focus on the legal definition of the specified term.\nlinguistic_quality: Fluent, concise, and correctly phrased query."", ""audit_reason"": ""No problems reported.""}]"
eurlex,32007R0715,http://data.europa.eu/eli/reg/2007/715/art_3/oj,source_finding,development,0.41,False,0.55,False,0.55,31.0,32.0,True,FN,1,False,True,"[""q_e29228e9c86b6bb73de7e86b""]","[""Which EU provision defines a “defeat device” in the context of type approval for emissions from light passenger and commercial vehicles?""]","[""Article 3 — Regulation (EC) No 715/2007""]","[""clear""]","[{""faithfulness_reason"": ""The source metadata and quoted definition in point 10 of Article 3 fully corroborate every element of the clue and identify the target act and article correctly. The extracted span is concise and exact, and all identifiers are faithfully preserved."", ""quality_reason"": ""search_realism: Reflects a practical and common legal research need to locate the foundational statutory definition of a defeat device under EU vehicle emissions law.\nanchoring_and_time: The regime context ('type approval for emissions from light passenger and commercial vehicles') combined with the specific technical term provides sufficient substantive narrowing without resorting to prohibited act numbers or full titles.\nconsequence: The submitted metadata answer and target body evidence completely resolve the search request by pinpointing the exact defining article and providing the full definition.\nlexical_distance: The query naturally adapts the subject matter into a concise search question while keeping necessary domain terminology.\nlinguistic_quality: Clear, grammatically flawless, and professional legal English."", ""audit_reason"": ""No problems reported.""}]"
eurlex,32008R0683,http://data.europa.eu/eli/reg/2008/683/art_22/oj,conceptual,validation,0.32,False,0.55,False,0.55,31.0,32.0,True,FN,1,False,True,"[""q_81e47df5fb7c91c6a05407e2""]","[""How does the mid-term review of the EGNOS and Galileo programmes inform the European Parliament and the Council about progress?""]","[""A mid-term review shall be carried out in 2010, which shall include a review of costs, risks and likely revenues from the services offered by Galileo, inter alia, in the light of technological and market developments, to inform the European Parliament and the Council of the progress made on the programmes.""]","[""clear""]","[{""faithfulness_reason"": ""The question and answer are fully supported by Article 22, accurately quoting the sentence defining what the 2010 mid-term review will include to inform the European Parliament and Council. Precision captures the complete governing sentence without unnecessary text, and the date 2010 is faithfully preserved."", ""quality_reason"": ""search_realism: The query reflects a realistic institutional accountability search need, asking how the mandated mid-term review substantively informs the co-legislators on programme progress.\nanchoring_and_time: The question is properly anchored using the substantive programme names ('EGNOS and Galileo programmes') and the mid-term review mechanism without relying on formal act numbers or article locators.\nconsequence: The selected continuous sentence completely resolves the inquiry by identifying the substantive subject areas of the review (costs, risks, and likely revenues in light of technological and market developments).\nlexical_distance: The query restructures the source sentence into a natural functional question while correctly retaining necessary institutional actors and programme designations.\nlinguistic_quality: The question is formulated in clean, natural, and grammatically precise legal English."", ""audit_reason"": ""No problems reported.""}]"
eurlex,32008R0683,http://data.europa.eu/eli/reg/2008/683/art_22/oj,comparison,validation,0.14,False,0.55,False,0.55,31.0,32.0,True,FN,1,False,True,"[""q_5b9babb8244114fc1ddbdd01""]","[""Under the EU EGNOS and Galileo programme rules, does the Commission provide the European Parliament and the Council with the same annual implementation report?""]","[""Each year, when it presents the preliminary draft budget, it shall present a report to the European Parliament and to the Council on the implementation of the programmes.""]","[""clear""]","[{""faithfulness_reason"": ""The extracted sentence directly supports the shared reporting obligation to both the European Parliament and the Council under Article 22. The span is precise and contains no extraneous text. Numerical fidelity not applicable; 4 is a compatibility value."", ""quality_reason"": ""search_realism: Formulates a realistic institutional search query testing whether reporting obligations apply identically to both budgetary authorities.\nanchoring_and_time: Successfully anchors to the substantive regime ('EU EGNOS and Galileo programme rules') without including prohibited legal citations or formal act numbers.\nconsequence: The extracted sentence directly and fully confirms that the Commission presents a single report on programme implementation to both institutions concurrently when presenting the preliminary draft budget.\nlexical_distance: Naturally restructures the statutory obligation into an inquiry regarding parity of reporting between the two co-legislators, avoiding source sentence cloning.\nlinguistic_quality: Grammatically sound, precise, and idiomatic legal English."", ""audit_reason"": ""No problems reported.""}]"
eurlex,32008R0683,http://data.europa.eu/eli/reg/2008/683/art_22/oj,source_finding,validation,0.33,False,0.55,False,0.55,31.0,32.0,True,FN,1,False,True,"[""q_223fb68235cfd539f230bed4""]","[""Which provision of the EU regulation on the further implementation of EGNOS and Galileo requires the Commission, when presenting the preliminary draft budget each year, to report to the European Parliament and the Council on implementation of the programmes?""]","[""Article 22 — Regulation (EC) No 683/2008""]","[""clear""]","[{""faithfulness_reason"": ""The question and clue accurately represent the Commission's reporting obligation under Article 22 of Regulation (EC) No 683/2008, supported by an exact continuous evidence span and valid metadata identity."", ""quality_reason"": ""search_realism: Presents a realistic and well-formulated search need seeking the specific legal provision governing annual reporting for the EGNOS and Galileo programmes.\nanchoring_and_time: Effectively anchors the query to the EGNOS and Galileo implementation framework and accurately incorporates the temporal hook ('when presenting the preliminary draft budget each year') without using prohibited formal citations.\nconsequence: The submitted answer and evidence fully and accurately identify the target act and article satisfying the clue.\nlexical_distance: Smoothly transforms the declarative statutory language ('it shall present a report...') into an indirect interrogative clause ('requires the Commission... to report...') while retaining essential institutional terms.\nlinguistic_quality: Grammatically sound, fluent, and precise English phrasing throughout."", ""audit_reason"": ""No problems reported.""}]"
eurlex,32009R1107,http://data.europa.eu/eli/reg/2009/1107/art_31/oj,fact_pattern,development,0.64,True,0.55,True,0.55,31.0,30.0,False,FP,2,False,False,"[""q_0ff4cabf1411cfa930032311""]","[""A national authority authorises a plant protection product for use on railways and in storage rooms, but the authorisation names neither the permitted purposes nor the areas. What must the authorisation define?""]","[""The authorisation shall define plants or plant products and non-agricultural areas (for example railways, public areas, storage rooms) on which and the purposes for which the plant protection product may be used.""]","[""blocking""]","[{""faithfulness_reason"": ""The question presents a direct scenario matching Article 31(1) of Regulation (EC) No 1107/2009, and the answer provides the exact verbatim rule specifying what the authorisation must define. Numerical fidelity not applicable; 4 is a compatibility value."", ""quality_reason"": ""situation: The question constructs a concrete scenario involving an authorisation for railways and storage rooms, but abandons application in the final ask to perform an unchanged general statutory lookup ('What must the authorisation define?'), triggering the mandatory score ceiling.\nregime_fixing: The reference to a national authority authorising a plant protection product adequately establishes the sectoral regulatory framework without citing the act.\nterminology_and_distance: The query uses natural language and avoids copying structural boilerplate, although it echoes the statutory verb 'define'.\nfocus: The informational objective is unified and clearly bounded to the mandatory scope of an authorisation.\nlinguistic_quality: The sentence structure is grammatical, natural, and concise."", ""audit_reason"": ""mode: The candidate wraps an unchanged general rule lookup ('What must the authorisation define?') in a scenario rather than asking how the legal rule applies to the presented situation.""}]"
eurlex,32009R1107,http://data.europa.eu/eli/reg/2009/1107/art_31/oj,conceptual,development,0.6,True,0.55,True,0.55,31.0,29.0,False,FP,1,False,False,"[""q_4c92604dbb529afdd1f282cf""]","[""How may authorisations for plant protection products protect people and the environment through restrictions on distribution and use?""]","[""a restriction with respect to the distribution and use of the plant protection product in order to protect the health of the distributors, users, bystanders, residents, consumers or workers concerned or the environment, taking into consideration requirements imposed by other Community provisions; such restriction shall be indicated on the label;""]","[""clear""]","[{""faithfulness_reason"": ""The question and answer are fully supported by Article 31(4)(a) of Regulation (EC) No 1107/2009. Precision is well-delimited to the relevant list item. Numerical fidelity not applicable; 4 is a compatibility value."", ""quality_reason"": ""search_realism: The query reflects a plausible conceptual inquiry regarding authorization conditions, but framing the question around 'how' authorisations protect people through restrictions feels noticeably constructed given that the answer mostly re-states the permission to impose such restrictions.\nanchoring_and_time: The regime context ('authorisations for plant protection products') is clearly established without resorting to formal citations or prohibited locators.\nconsequence: The answer supplies Article 31(4)(a), clarifying the specific groups protected (distributors, bystanders, consumers, etc.) and the labelling requirement, though the question's inclusion of both the restriction mechanism and the objective leaves the evidential resolution somewhat circular.\nlexical_distance: The query closely mirrors the target phrasing ('protect... the environment', 'restrictions on distribution and use') around a standard interrogative frame, though 'people' generalises the enumerated list of persons.\nlinguistic_quality: Grammatically sound, natural, and fluent English with clear structure."", ""audit_reason"": ""No problems reported.""}]"
eurlex,32009R1107,http://data.europa.eu/eli/reg/2009/1107/art_31/oj,claim_verification,development,0.62,True,0.55,True,0.55,31.0,31.0,False,FP,1,False,False,"[""q_b0b451a2a3254d66c767d384""]","[""Is it true that an authorisation for a plant protection product must define the non-agricultural areas on which, and purposes for which, it may be used?""]","[""The authorisation shall define plants or plant products and non-agricultural areas (for example railways, public areas, storage rooms) on which and the purposes for which the plant protection product may be used.""]","[""clear""]","[{""faithfulness_reason"": ""The claim is fully supported by Article 31(1) of Regulation (EC) No 1107/2009, with an accurate claim_status verdict. The extracted span precisely covers the full governing sentence. Numerical fidelity not applicable; 4 is a compatibility value."", ""quality_reason"": ""search_realism: Presents a clear, realistic compliance verification question regarding the mandatory scope and contents of a plant protection product authorisation.\nanchoring_and_time: Establishes proper regulatory context using the substantive regime term 'authorisation for a plant protection product' without relying on forbidden locators.\nconsequence: The provided excerpt directly and definitively confirms that the authorisation must define non-agricultural areas and the purposes for which the product may be used.\nlexical_distance: The question adapts the core obligation into an interrogative format, but closely follows the syntax and phrasing of the source text ('define... non-agricultural areas on which, and purposes for which, it may be used').\nlinguistic_quality: Grammatically sound, well-punctuated, and fluent natural English phrasing throughout."", ""audit_reason"": ""No problems reported.""}]"
eurlex,32009R1221,http://data.europa.eu/eli/reg/2009/1221/art_42/oj,comparison,validation,0.22,False,0.55,False,0.55,31.0,32.0,True,FN,1,False,True,"[""q_54fee2101696e52249a2d15c""]","[""Under EMAS, what information must the Commission provide to the public compared with organisations?""]","[""1. The Commission shall provide information to:\n\n(a)\nthe public on the objectives and principal components of EMAS;\n\n(b)\norganisations on the content of this Regulation.""]","[""clear""]","[{""faithfulness_reason"": ""The answer quotes Article 42(1) verbatim, establishing the exact distinct information the Commission must provide to the public versus organisations. The span is concise and contains no irrelevant material. Numerical fidelity not applicable; 4 is a compatibility value."", ""quality_reason"": ""search_realism: The query reflects a realistic legal inquiry comparing the Commission's statutory information-dissemination duties towards two distinct recipient groups.\nanchoring_and_time: The regime is clearly anchored via EMAS and the specific institutional duty of the Commission without relying on forbidden locators.\nconsequence: The extracted paragraph 1 comprehensively and concisely resolves the specific information categories required for each entity.\nlexical_distance: The query rephrases the statutory list structure into a natural comparative inquiry while keeping the necessary substantive terminology.\nlinguistic_quality: The question is formulated in concise, fully grammatical, and idiomatic legal English."", ""audit_reason"": ""No problems reported.""}]"
eurlex,32009R0194,http://data.europa.eu/eli/reg/2009/194/art_1/oj,lookup,development,0.57,True,0.55,True,0.55,31.0,31.0,False,FP,1,False,False,"[""q_7cfe6b3ad79194919834f3c0""]","[""What must be provided for the release for free circulation of biodiesel imports subject to the provisional countervailing duty?""]","[""subject to the provision of a security, equivalent to the amount of the provisional duty""]","[""clear""]","[{""faithfulness_reason"": ""The answer accurately reflects Article 1(3) regarding the requirement of a security for release for free circulation. The extracted span includes a slight leading grammatical fragment ('subject to') but is otherwise concise and fully supported. Numerical fidelity not applicable; 4 is a compatibility value."", ""quality_reason"": ""practitioner_realism: Presents a realistic customs clearance inquiry regarding release conditions under a provisional trade defence duty.\nanchoring: The base query specifies the product and measure ('biodiesel imports subject to the provisional countervailing duty'), but omits the country of origin (United States), leaving a meaningful missing discriminator.\ninformativeness: The extracted span directly identifies the core requirement to provide a security equivalent to the amount of the provisional duty.\nfocus: Maintains a single, well-bounded informational objective focused strictly on the prerequisite for customs release.\nlinguistic_quality: Natural, fluent, and professional English phrasing with correct terminology throughout."", ""audit_reason"": ""No problems reported.""}]"
eurlex,32009R0194,http://data.europa.eu/eli/reg/2009/194/art_1/oj,conceptual,development,0.45,False,0.55,False,0.55,31.0,32.0,True,FN,1,False,True,"[""q_c5e891ecad80b2f71f5b8244""]","[""For the provisional countervailing duty on US-origin biodiesel, how is the duty on blends calculated?""]","[""The countervailing duty on blends shall be applicable in proportion in the blend, by weight, of the total content of fatty-acid mono-alkyl esters and of paraffinic gasoils obtained from synthesis and/or hydro-treatment, of non-fossil origin (biodiesel content).""]","[""clear""]","[{""faithfulness_reason"": ""The question and answer are fully supported by Article 1(2), which explicitly sets out the proportional rule for calculating the countervailing duty on blends by weight of biodiesel content. The extracted continuous span is precise and complete with no unnecessary excess. Numerical fidelity not applicable; 4 is a compatibility value."", ""quality_reason"": ""search_realism: Reflects a practical customs inquiry regarding the apportionment mechanism for calculating provisional countervailing duty rates on blended imports.\nanchoring_and_time: Establishes the specific commercial and regulatory context (provisional countervailing duty on US-origin biodiesel) without referencing prohibited document identifiers.\nconsequence: The continuous extracted provision fully answers the calculation method, stating that the duty applies in proportion to the biodiesel content by weight in the blend.\nlexical_distance: Phrased naturally as an inquiry into how the duty is calculated rather than echoing the source's administrative scaffolding.\nlinguistic_quality: Clean, grammatical, and unambiguous English formulation."", ""audit_reason"": ""No problems reported.""}]"
eurlex,32010R0257,http://data.europa.eu/eli/reg/2010/257/art_2/oj,lookup,validation,0.45,False,0.55,False,0.55,31.0,32.0,True,FN,1,False,True,"[""q_bdd74e86022d64f65f41e2dd""]","[""What is meant by an ‘approved food additive’ in the programme for the re-evaluation of approved food additives?""]","[""a food additive authorised before 20 January 2009 and listed in Directive 94/35/EC of the European Parliament and of the Council of 30 June 1994 on sweeteners for use in foodstuffs, Directive 94/36/EC of the European Parliament and of the Council of 30 June 1994 on colours for use in foodstuffs or in Directive 95/2/EC of the European Parliament and of the Council of 20 February 1995 on food additives other than colours and sweeteners""]","[""clear""]","[{""faithfulness_reason"": ""The answer extracts the complete definition of 'approved food additive' from Article 2(a) of Regulation (EU) No 257/2010 verbatim, fully answering the question without extraneous material, and all cited directives and dates are accurately preserved."", ""quality_reason"": ""practitioner_realism: Presents a direct, authentic regulatory lookup regarding the legal definition of an approved food additive subject to re-evaluation.\nanchoring: The base query clearly identifies the regime by referencing the specific re-evaluation programme for approved food additives without using prohibited identifiers.\ninformativeness: The extracted span directly and fully supplies the statutory definition with all conditions (authorisation date and specific directives).\nfocus: Maintains a single, sharp informational goal asking for the definition of a single defined term.\nlinguistic_quality: Drafted in natural, precise, and grammatically standard English appropriate for EU legal lookup."", ""audit_reason"": ""No problems reported.""}]"
eurlex,32010R0257,http://data.europa.eu/eli/reg/2010/257/art_2/oj,comparison,validation,0.23,False,0.55,False,0.55,31.0,32.0,True,FN,1,False,True,"[""q_dd29f2dcb52d9bac43152972""]","[""Under the EU programme for re-evaluating approved food additives, how do the definitions of a business operator and an interested business operator differ regarding their role?""]","[""‘business operator’ means any natural or legal person responsible for ensuring that the requirements of Regulation (EC) No 1333/2008 are met within the food business under its control;\n\n‘interested business operator’ means a business operator interested in the continuity of the authorisation of one or more approved food additives;""]","[""clear""]","[{""faithfulness_reason"": ""The answer provides the exact definitions of both entities from Article 2(b) and 2(c), fully addressing how their roles are distinguished. The omission of the structural label '(c)' between the two adjacent points is a harmless representation matter that does not compromise contiguity or meaning, and all legal references are faithfully preserved."", ""quality_reason"": ""search_realism: Presents a realistic legal research inquiry distinguishing a general baseline category from a specific subcategory under the regulatory scheme.\nanchoring_and_time: Effectively anchors the question to the substantive EU food additives re-evaluation programme without relying on prohibited citation locators.\nconsequence: The selected definitions directly resolve the difference in roles between a standard business operator and an interested business operator.\nlexical_distance: Phrased naturally in the searcher's own words while keeping the precise defined terms required.\nlinguistic_quality: Grammatically sound, concise, and immediately intelligible English."", ""audit_reason"": ""No problems reported.""}]"
eurlex,32011R0204,http://data.europa.eu/eli/reg/2011/204/art_13/oj,fact_pattern,validation,0.61,True,0.55,True,0.55,31.0,29.0,False,FP,1,False,False,"[""q_e7edb90291204551f547a6de""]","[""A company located in a Member State holds accounts frozen under the Libya restrictive measures and is subject to a verification of information by the competent authority. What must it do?""]","[""supply immediately any information which would facilitate compliance with this Regulation, such as accounts and amounts frozen in accordance with Article 4, to the competent authority in the Member State where they are resident or located, as indicated on the websites listed in Annex IV, and shall transmit such information, either directly or through the Member States, to the Commission; and (b) cooperate with that competent authority in any verification of this information.""]","[""clear""]","[{""faithfulness_reason"": ""The candidate directly resolves the hypothetical inquiry using the obligations set out in Article 13(1)(a) and (b). The extracted span accurately captures both duties (immediate information supply and cooperation in verifications). Numerical fidelity not applicable; 4 is a compatibility value."", ""quality_reason"": ""situation: The scenario sets up an entity holding frozen assets subject to authority verification, but the broad final ask ('What must it do?') functions as an open call for statutory duties rather than a tightly integrated concrete action choice.\nregime_fixing: The regime context ('Libya restrictive measures') and actor setting ('company located in a Member State') clearly anchor the relevant sanctions framework without using prohibited legal citations.\nterminology_and_distance: The phrase 'is subject to a verification of information by the competent authority' closely mirrors the text of point (b) ('cooperate with that competent authority in any verification of this information'), creating noticeable source scaffolding overlap.\nfocus: The open-ended question 'What must it do?' results in a broad answer boundary spanning both distinct limbs of Article 13(1).\nlinguistic_quality: The question is formulated in clear, natural, and grammatically correct English."", ""audit_reason"": ""No problems reported.""}]"
eurlex,32011R0204,http://data.europa.eu/eli/reg/2011/204/art_13/oj,comparison,validation,0.22,False,0.55,False,0.55,31.0,32.0,True,FN,1,False,False,"[""q_40c5c62e65ad6e52daf9ee5f""]","[""Under EU restrictive measures concerning Libya, how does the required communication of information to a competent authority in a Member State compare with its transmission to the Commission?""]","[""supply immediately any information which would facilitate compliance with this Regulation, such as accounts and amounts frozen in accordance with Article 4, to the competent authority in the Member State where they are resident or located, as indicated on the websites listed in Annex IV, and shall transmit such information, either directly or through the Member States, to the Commission""]","[""repair""]","[{""faithfulness_reason"": ""The answer quotes Article 13(1)(a) verbatim, establishing both sides of the comparison: immediate supply to the national competent authority versus transmission directly or through Member States to the Commission. Numerical fidelity not applicable; 4 is a compatibility value."", ""quality_reason"": ""search_realism: Presents a realistic legal compliance query regarding the differing reporting pathways/mechanisms under EU sanctions regulations.\nanchoring_and_time: Properly anchored using the substantive regime context ('EU restrictive measures concerning Libya') without relying on prohibited formal citations or article locators.\nconsequence: The selected continuous span directly resolves the comparative unknown by showing the immediate supply to the national authority versus transmission directly or via Member States to the Commission.\nlexical_distance: Naturally reformulates the legal obligation into a comparative inquiry while keeping essential statutory terms intact.\nlinguistic_quality: Grammatically sound, clear, and idiomatic legal phrasing."", ""audit_reason"": ""metadata: comparison_entities[0] ('the competent authority in the Member State where they are resident or located') is copied from the source text and does not appear as an exact substring in the question ('a competent authority in a Member State').""}]"
eurlex,32011R0349,http://data.europa.eu/eli/reg/2011/349/art_1/oj,lookup,development,0.52,False,0.55,False,0.55,31.0,32.0,True,FN,3,False,True,"[""q_e591c7e96caaca0344779405"", ""q_d2068e2e81406c65b661b344""]","[""For statistics on accidents at work, what is a fatal accident?"", ""For statistics on accidents at work, what do days lost mean?""]","[""an accident which leads to the death of a victim within 1 year of the accident"", ""the number of calendar days during which the victim is unfit for work as a result of an accident at work""]","[""clear"", ""clear""]","[{""faithfulness_reason"": ""The definition of 'fatal accident' is directly and faithfully extracted from Article 1(b). The span is complete and concise, and the '1 year' timeframe is preserved accurately."", ""quality_reason"": ""practitioner_realism: Presents a direct, realistic professional lookup question concerning statistical reporting criteria for workplace fatalities.\nanchoring: The base query clearly anchors the subject matter to the regime of statistics on accidents at work without using prohibited formal citations.\ninformativeness: Directly resolves the unknown with the exact substantive legal definition and the key qualification ('within 1 year of the accident').\nfocus: Maintains a single, sharp informational goal asking for the definition of the specific term.\nlinguistic_quality: Natural, grammatically correct, and standard legal English formulation."", ""audit_reason"": ""No problems reported.""}, {""faithfulness_reason"": ""The definition of 'days lost' is fully grounded in Article 1(i), accurately quoting the exact continuous definitional text without extraneous content. Numerical fidelity compatibility value applies."", ""quality_reason"": ""practitioner_realism: Reflects a practical compliance and statistical reporting inquiry regarding the calculation of lost workdays.\nanchoring: Sufficiently contextualizes the definition within statistics on accidents at work without premature reliance on legal citations.\ninformativeness: Extracts the exact statutory definition, clarifying that calendar days (rather than working days) are counted.\nfocus: Completely focused on a single definitional term.\nlinguistic_quality: Clear, fluent, and conventional phrasing."", ""audit_reason"": ""No problems reported.""}]"
eurlex,32011R0349,http://data.europa.eu/eli/reg/2011/349/art_1/oj,comparison,development,0.29,False,0.55,False,0.55,31.0,32.0,True,FN,1,False,False,"[""q_fcd70ac962ed9f7c2db85c03""]","[""Under EU statistics rules on accidents at work, how do the definitions of an accident at work and a fatal accident differ in the harm required?""]","[""‘accident at work’ means a discrete occurrence in the course of work which leads to physical or mental harm. The phrase ‘in the course of work’ means whilst engaged in an occupational activity or during the time spent at work. This includes road traffic accidents that occur in the course of work but excludes commuting accidents, i.e. road accidents that occur during the journey between home and the workplace;\n\n‘a fatal accident’ means an accident which leads to the death of a victim within 1 year of the accident;""]","[""review""]","[{""faithfulness_reason"": ""The candidate accurately establishes the comparison between an accident at work (physical or mental harm) and a fatal accident (death within 1 year) using adjacent points (a) and (b) of Article 1. The intervening text in point (a) cannot be removed under the single continuous span rule, and the temporal figure '1 year' is accurately preserved."", ""quality_reason"": ""search_realism: A realistic practitioner query comparing two related statistical definitions under the same regime.\nanchoring_and_time: The regime context 'EU statistics rules on accidents at work' properly identifies the subject matter without using prohibited formal locators.\nconsequence: The continuous extract fully covers the definitions of both terms, directly answering what harm is required for an accident at work (physical or mental harm) versus a fatal accident (death within 1 year).\nlexical_distance: The question effectively reformulates the inquiry around 'the harm required' rather than copying phrasing from the introductory clause.\nlinguistic_quality: Clear, concise, and grammatically standard English."", ""audit_reason"": ""metadata: Structural paragraph markers '(a)' and '(b)' were omitted from the extracted text without an explicit representation normalization declaration, though all substantive text is continuous and intact.""}]"
eurlex,32011R0349,http://data.europa.eu/eli/reg/2011/349/art_1/oj,claim_verification,development,0.48,False,0.55,False,0.55,31.0,32.0,True,FN,1,False,True,"[""q_9526aab05a025b5b07a3398d""]","[""Under the EU rules on statistics on accidents at work, is it true that the definition of an ‘accident at work’ includes road accidents during the journey between home and the workplace?""]","[""This includes road traffic accidents that occur in the course of work but excludes commuting accidents, i.e. road accidents that occur during the journey between home and the workplace;""]","[""clear""]","[{""faithfulness_reason"": ""The claim that accidents at work include road accidents during commuting between home and the workplace is directly and explicitly contradicted by Article 1(a). The extracted span precisely covers the rule establishing this exclusion. Numerical fidelity not applicable; 4 is a compatibility value."", ""quality_reason"": ""search_realism: Reflects a practical and common statistical compliance query regarding whether commuting accidents qualify under the EU definition of an accident at work.\nanchoring_and_time: Properly anchored using the substantive domain description ('EU rules on statistics on accidents at work') without relying on prohibited formal citations or act numbers.\nconsequence: The provided extract directly and unequivocally refutes the proposition by stating that commuting accidents (journey between home and work) are expressly excluded.\nlexical_distance: Integrates the key statutory terms smoothly into a natural claim verification framing without unnecessary copying of introductory statutory scaffolding.\nlinguistic_quality: Grammatically sound, precise, and idiomatic phrasing."", ""audit_reason"": ""No problems reported.""}]"
eurlex,32011R0349,http://data.europa.eu/eli/reg/2011/349/art_1/oj,source_finding,development,0.39,False,0.55,False,0.55,31.0,32.0,True,FN,1,False,True,"[""q_c678efe22cd91bb7806c492c""]","[""Which EU provision implementing statistics on accidents at work defines a fatal accident as an accident leading to the victim’s death within one year?""]","[""Article 1 — Regulation (EU) No 349/2011""]","[""clear""]","[{""faithfulness_reason"": ""The target identity (Regulation (EU) No 349/2011, Article 1) and every substantive element of the clue are fully supported by the verbatim target body evidence span. The span is cleanly delimited to point (b), and the numerical value ('1 year') and act identifiers are accurately reproduced."", ""quality_reason"": ""search_realism: Presents a realistic legal research inquiry seeking the specific regulatory provision that establishes the definition and 1-year threshold for fatal accidents in EU work-accident statistics.\nanchoring_and_time: Effectively anchors to the domain of statistics on accidents at work and incorporates the substantive definition of a fatal accident without revealing prohibited formal locators.\nconsequence: The submitted metadata identifier, article locator, and supporting body evidence directly and completely resolve the target provision.\nlexical_distance: Natural paraphrasing of the statutory text ('leading to the victim’s death within one year' vs 'which leads to the death of a victim within 1 year of the accident') while maintaining necessary legal terms.\nlinguistic_quality: Grammatically sound, concise, and fluent query formulation adhering to standard English legal phrasing."", ""audit_reason"": ""No problems reported.""}]"
eurlex,32013R0575,http://data.europa.eu/eli/reg/2013/575/art_435/oj,comparison,validation,0.21,False,0.55,False,0.55,31.0,32.0,True,FN,1,False,True,"[""q_a77240b7fba0a71ffa88a558""]","[""Under EU prudential disclosure rules for institutions, what governance-arrangement information must be disclosed about management-body diversity compared with the risk committee?""]","[""(c)\nthe policy on diversity with regard to selection of members of the management body, its objectives and any relevant targets set out in that policy, and the extent to which these objectives and targets have been achieved;\n\n(d)\nwhether or not the institution has set up a separate risk committee and the number of times the risk committee has met;""]","[""clear""]","[{""faithfulness_reason"": ""The question asks for the required governance-arrangement disclosures concerning management-body diversity compared to the risk committee, which are directly established by Article 435(2)(c) and (d). The answer provides a clean contiguous span containing precisely both required elements without irrelevant points. Numerical fidelity not applicable; 4 is a compatibility value."", ""quality_reason"": ""search_realism: The query reflects a practical compliance question comparing the specific disclosure items required for two distinct governance areas under institutional disclosure rules.\nanchoring_and_time: The regime is clearly anchored via 'EU prudential disclosure rules for institutions' and 'governance-arrangement information' without relying on forbidden article or act locators.\nconsequence: The continuous extract from Article 435(2) fully answers the comparative disclosure requirements for both diversity in the management body and the risk committee.\nlexical_distance: The question naturally synthesizes the comparative frame and integrates terms from the legal text without copying excessive structural scaffolding.\nlinguistic_quality: The phrasing is grammatically sound, clear, and professionally drafted in standard legal English."", ""audit_reason"": ""No problems reported.""}]"
eurlex,32013R0575,http://data.europa.eu/eli/reg/2013/575/art_435/oj,claim_verification,validation,0.59,True,0.55,True,0.55,31.0,31.0,False,FP,1,False,False,"[""q_d9885f0ee21d3c08c35bd98a""]","[""Do EU prudential disclosure rules require institutions to provide regular, at least annual updates on specified governance arrangements?""]","[""Institutions shall disclose the following information, including regular, at least annual updates, regarding governance arrangements:""]","[""clear""]","[{""faithfulness_reason"": ""The claim is accurately identified as supported by Article 435(2) of Regulation (EU) No 575/2013. The selected span directly addresses the update frequency requirement for governance arrangements without extraneous text, and the temporal qualification ('at least annual') is faithfully retained."", ""quality_reason"": ""search_realism: Reflects a genuine compliance checking query verifying periodic disclosure frequency for institutional governance arrangements under EU prudential rules.\nanchoring_and_time: Properly anchors the legal area using 'EU prudential disclosure rules' without leaning on formal document numbers, citations, or article locators.\nconsequence: The selected introductory text of paragraph 2 directly and cleanly confirms that institutions must provide regular, at least annual updates regarding the listed governance arrangements.\nlexical_distance: The query adapts the modal obligation ('Institutions shall disclose' to 'require institutions to provide'), but copies the core phrasing 'regular, at least annual updates' and 'governance arrangements' closely from the source.\nlinguistic_quality: Grammatically sound, concise, and professional legal English phrasing with clear interrogative syntax."", ""audit_reason"": ""No problems reported.""}]"
eurlex,32013R0575,http://data.europa.eu/eli/reg/2013/575/art_435/oj,source_finding,validation,0.47,False,0.55,False,0.55,31.0,32.0,True,FN,1,False,True,"[""q_4d8d61f3fc76909be7754f64""]","[""Which EU provision requires institutions to disclose, for each separate category of risk, their risk-management strategies and processes, organisational arrangements, reporting and measurement systems, and hedging and risk-mitigation policies?""]","[""Article 435 — Regulation (EU) No 575/2013""]","[""clear""]","[{""faithfulness_reason"": ""The clue accurately reflects the disclosure mandates of Article 435(1)(a)-(d) of Regulation (EU) No 575/2013, and the target source identity is correctly identified. The evidence span is continuous and cleanly bounded to the elements queried in the prompt, with all act identifiers and citations correctly preserved."", ""quality_reason"": ""search_realism: Presents a realistic, well-motivated regulatory compliance query seeking the origin of prudential Pillar 3 disclosure rules for institutions.\nanchoring_and_time: Successfully anchors the search to banking/prudential disclosures for separate categories of risk without leaking the act citation or article number.\nconsequence: The provided source identifier and specific article accurately and completely satisfy the query's substantive clue.\nlexical_distance: Competently synthesizes items (a) through (d) of Article 435(1) into a coherent, flowing query list rather than transcribing raw legislative boilerplate.\nlinguistic_quality: Clear, precise, and fully grammatical legal English phrasing."", ""audit_reason"": ""No problems reported.""}]"
eurlex,32014R0909,http://data.europa.eu/eli/reg/2014/909/art_43/oj,conceptual,development,0.59,True,0.55,True,0.55,31.0,31.0,False,FP,1,False,False,"[""q_9957b36698b8185301b99399""]","[""How must a central securities depository structure its rules, procedures and contracts to manage legal risks across jurisdictions?""]","[""For the purpose of its authorisation and supervision, as well as for the information of its clients, a CSD shall have rules, procedures, and contracts that are clear and understandable for all the securities settlement systems that it operates and all other services that it provides. A CSD shall design its rules, procedures and contracts so that they are enforceable in all relevant jurisdictions, including in the case of the default of a participant. A CSD conducting business in different jurisdictions shall take all reasonable steps to identify and mitigate the risks arising from potential conflicts of law across jurisdictions.""]","[""clear""]","[{""faithfulness_reason"": ""The answer is fully grounded in Article 43, but includes paragraph 1 as meaningful removable prefix excess when the question specifically asks about structuring rules, procedures, and contracts across jurisdictions, which is resolved by paragraph 2 (with paragraph 3 addressing conflict-of-law risks). Numerical fidelity not applicable; 4 is a compatibility value."", ""quality_reason"": ""search_realism: Presents a realistic, well-motivated compliance question regarding how central securities depositories must structure their contractual and procedural framework under cross-border legal risk rules.\nanchoring_and_time: Effectively anchors to central securities depositories and the governance of cross-border legal risk without relying on forbidden formal citations or locators.\nconsequence: The provided text directly and comprehensively answers the question by setting out the clarity, enforceability, and conflict-of-law mitigation duties across jurisdictions.\nlexical_distance: Synthesizes the heading ('Legal risks') and specific textual obligations ('design', 'clear and understandable', 'enforceable in all relevant jurisdictions') into a natural compliance inquiry ('structure its rules, procedures and contracts to manage legal risks across jurisdictions').\nlinguistic_quality: Fluent, precise, and professional English query with no grammatical or stylistic flaws."", ""audit_reason"": ""No problems reported.""}]"
eurlex,32014R0909,http://data.europa.eu/eli/reg/2014/909/art_43/oj,source_finding,development,0.46,False,0.55,False,0.55,31.0,32.0,True,FN,1,False,True,"[""q_d8a1c7a1943cd50a8c3557a4""]","[""Which EU provision requires a central securities depository to maintain clear and understandable rules, procedures and contracts for its securities settlement systems and other services?""]","[""Article 43 — Regulation (EU) No 909/2014""]","[""clear""]","[{""faithfulness_reason"": ""The clue accurately reflects the requirement in Article 43(1) of Regulation (EU) No 909/2014. The evidence span contains the entire governing provision for this obligation, and the source identifiers and article reference are completely accurate."", ""quality_reason"": ""search_realism: Reflects a genuine regulatory compliance inquiry seeking the governing EU provision on CSD procedural and contractual transparency.\nanchoring_and_time: Clearly anchors to central securities depositories, EU law, and the operation of securities settlement systems without leaking prohibited locators.\nconsequence: The clue accurately matches paragraph 1 of the target article, correctly resolving the source identifier and article.\nlexical_distance: Rephrases the obligation naturally ('requires a central securities depository to maintain...') while preserving statutory terms of art.\nlinguistic_quality: Grammatically sound, clear, and idiomatic legal phrasing throughout."", ""audit_reason"": ""No problems reported.""}]"
eurlex,32014R1244,http://data.europa.eu/eli/reg_impl/2014/1244/art_24/oj,fact_pattern,development,0.68,True,0.55,True,0.55,31.0,30.0,False,FP,2,False,False,"[""q_c89b31e097925f8379574965""]","[""An EU Aid Volunteer has insurance coverage lasting longer than 12 weeks and needs follow-up medical treatment in their home country for an illness that occurred during the initial deployment coverage. How must the insurance coverage be extended?""]","[""it shall be extended for a further 8 weeks in the insured's home country to cover follow-up medical treatment for illnesses and injuries that occurred during the first period of coverage""]","[""clear""]","[{""faithfulness_reason"": ""The answer accurately cites Article 24(3) to address the extension conditions and duration. All premises, numbers (12 weeks, 8 weeks), and legal relations are correctly maintained."", ""quality_reason"": ""situation: The scenario sets up an application need for an extended coverage rule, but it mechanically feeds the exact statutory conditions verbatim (>12 weeks, follow-up treatment in home country) rather than presenting natural concrete operational facts.\nregime_fixing: The EU Aid Volunteer regime and post-deployment context are accurately established without citing the governing act.\nterminology_and_distance: Noticeable avoidable scaffolding copying: the question lifts almost all conditional phrases directly from paragraph 3, leaving only the 8-week duration as the unknown result.\nfocus: Maintains a single, bounded focus on the terms of the insurance extension.\nlinguistic_quality: Fluent, grammatically correct, and easily interpretable English prose."", ""audit_reason"": ""No problems reported.""}]"
eurlex,32014R1244,http://data.europa.eu/eli/reg_impl/2014/1244/art_24/oj,comparison,development,0.26,False,0.55,False,0.55,31.0,32.0,True,FN,1,False,True,"[""q_189079b0101107d60d6a9d3b""]","[""For EU Aid Volunteers, how does insurance coverage during the first period of coverage compare with the further eight-week home-country coverage for deployments longer than 12 weeks?""]","[""2. The insurance coverage shall be worldwide, 24 hours a day. It shall start from the day the EU Aid Volunteer leaves home on the way to the third country of deployment until the day the EU Aid Volunteer leaves the third country of deployment on the way to, and arrives back at, their home (‘the first period of coverage’).\n\n3. For insurance coverage longer than 12 weeks, it shall be extended for a further 8 weeks in the insured's home country to cover follow-up medical treatment for illnesses and injuries that occurred during the first period of coverage.\n\n4. The coverage shall be applicable to all activities linked to the EU Aid Volunteers initiative and also the private activities of EU Aid Volunteers during the first period of coverage.""]","[""clear""]","[{""faithfulness_reason"": ""The question establishes a valid comparison between the first period of coverage and the eight-week extension, and paragraphs 2 to 4 provide complete evidence for both sides regarding geographical, temporal, and activity scope. The extracted span is contiguous, fully sufficient, and accurately retains all numerical values (24 hours, 12 weeks, 8 weeks)."", ""quality_reason"": ""search_realism: Presents a realistic legal and operational inquiry comparing the scope of insurance coverage during deployment versus the follow-up period in the volunteer's home country.\nanchoring_and_time: Properly anchored to the EU Aid Volunteers initiative and explicitly identifies both distinct temporal coverage scenarios.\nconsequence: The selected contiguous excerpt (paragraphs 2 to 4 of Article 24) completely establishes the spatial, temporal, and substantive scope of both coverage periods.\nlexical_distance: Paraphrases the comparison effectively using natural legal terms while avoiding unneeded copying of operative drafting formulas.\nlinguistic_quality: Grammatically sound, clear, and well-structured comparative phrasing."", ""audit_reason"": ""No problems reported.""}]"
eurlex,32014R1244,http://data.europa.eu/eli/reg_impl/2014/1244/art_24/oj,source_finding,development,0.51,False,0.55,False,0.55,31.0,32.0,True,FN,1,False,True,"[""q_9809946ca7a9ba1094dfb831""]","[""Which EU provision requires all EU Aid Volunteers to have complete insurance coverage throughout their deployment in third countries and relevant periods before and after?""]","[""Article 24 — Commission Implementing Regulation (EU) No 1244/2014""]","[""clear""]","[{""faithfulness_reason"": ""The source finding question accurately reflects the substantive rule in Article 24(1), the official act and article identifiers are correctly identified, and the evidence span precisely captures the governing requirement."", ""quality_reason"": ""search_realism: Reflects a realistic legal and operational inquiry seeking the exact EU act and provision establishing comprehensive insurance requirements for deployed volunteers.\nanchoring_and_time: Properly anchored using the programme name 'EU Aid Volunteers' and deployment temporal framing without improperly leaking formal act citations or CELEX numbers.\nconsequence: The submitted answer and exact target body quotation completely and cleanly resolve the identity of the required provision.\nlexical_distance: Smoothly transforms the passive phrasing 'shall be covered by a complete insurance policy' into active requirement phrasing ('requires all EU Aid Volunteers to have complete insurance coverage throughout their deployment').\nlinguistic_quality: Clear, natural, and grammatically impeccable English prose."", ""audit_reason"": ""No problems reported.""}]"
eurlex,32014R0727,http://data.europa.eu/eli/reg_impl/2014/727/art_4/oj,conceptual,development,0.53,False,0.55,False,0.55,31.0,32.0,True,FN,3,False,False,"[""q_eeab1f189b0f8cf6b336da8e"", ""q_b05986b3d21f72331da510a5""]","[""How may interested parties request a hearing during the new exporter review of anti-dumping measures on trichloroisocyanuric acid imports from China?"", ""How can parties to the new exporter review comment on Japan's proposed role as a market-economy third country for establishing normal value for China?""]","[""Interested parties may request to be heard by the Commission investigation services. Any request to be heard must be made in writing and must specify the reasons for the request. For hearings on issues pertaining to the initial stage of the investigation the request must be submitted within 15 days of the date of entry into force of this Regulation. Thereafter, a request to be heard must be submitted within the specific deadlines set by the Commission in its communication with the parties."", ""Parties to the investigation wanting to comment on the appropriateness of Japan, which is envisaged as a market-economy third country for the purpose of establishing normal value in respect of the People's Republic of China, must submit their comments within 10 days of the date of entry into force of this Regulation.""]","[""repair"", ""repair""]","[{""faithfulness_reason"": ""The answer reproduces Article 4(2) verbatim, covering the formal requirements and deadlines for hearing requests during the initial stage and subsequent stages of the investigation."", ""quality_reason"": ""search_realism: Reflects a genuine practitioner need to understand the procedural requirements and deadlines for requesting a hearing in a trade defence investigation.\nanchoring_and_time: Properly fixes the review proceedings, subject matter, and origin without relying on formal act numbers.\nconsequence: The answer provides the complete procedural rules, form requirements, and phased deadlines for hearing requests.\nlexical_distance: Natural reformulation that adapts 'request to be heard' into 'request a hearing' and frames an effective query.\nlinguistic_quality: Fluent, idiomatic, and unambiguous procedural query."", ""audit_reason"": ""metadata: anchor 'request to be heard' does not appear verbatim in the question (which uses 'request a hearing').""}, {""faithfulness_reason"": ""The answer provides Article 4(3) in full, answering the prompt regarding comments on Japan as a market-economy third country, including the 10-day deadline."", ""quality_reason"": ""search_realism: Expresses a clear, realistic substantive question regarding participation in third-country market economy selections.\nanchoring_and_time: Substantively anchors the question to Japan's role as a third country for establishing normal value in China without prohibited citations.\nconsequence: Directly resolves the conditions and deadline governing submissions on the third-country selection.\nlexical_distance: Nicely reformulates 'appropriateness of Japan, which is envisaged as' into 'Japan's proposed role as'.\nlinguistic_quality: Precise, natural, and well-constructed legal phrasing."", ""audit_reason"": ""metadata: anchor 'comment on the appropriateness of Japan' is taken from the source and does not appear verbatim in the question.""}]"
eurlex,32014R0727,http://data.europa.eu/eli/reg_impl/2014/727/art_4/oj,comparison,development,0.27,False,0.55,False,0.55,31.0,32.0,True,FN,1,False,True,"[""q_5d551a449d75cc1d227b64e5""]","[""Under the new exporter review concerning imports of trichloroisocyanuric acid originating in China, how do the deadlines for requests to be heard compare between the initial stage of the investigation and later stages?""]","[""Any request to be heard must be made in writing and must specify the reasons for the request. For hearings on issues pertaining to the initial stage of the investigation the request must be submitted within 15 days of the date of entry into force of this Regulation. Thereafter, a request to be heard must be submitted within the specific deadlines set by the Commission in its communication with the parties.""]","[""clear""]","[{""faithfulness_reason"": ""The comparison between the deadline for the initial stage (15 days from entry into force) and subsequent stages (specific deadlines set by the Commission) is fully supported by Article 4(2). The span includes a minor introductory sentence regarding writing and reasons, but remains concise, fully grounded, and numerically accurate."", ""quality_reason"": ""search_realism: Presents a realistic procedural inquiry by an interested party or legal counsel seeking to determine hearing request deadlines across different phases of the anti-dumping review.\nanchoring_and_time: Effectively anchors the query to the specific review proceeding using the proceeding type, product name, and country of origin without using prohibited formal locators or CELEX numbers.\nconsequence: Fully resolves the comparison between the initial 15-day window from entry into force and subsequent Commission-notified deadlines, though the excerpt includes a slightly extraneous introductory sentence on written form.\nlexical_distance: Naturally rephrases the source wording ('Thereafter') into 'later stages' and frames the question cleanly around procedural timing.\nlinguistic_quality: Grammatically sound, clear, and professional drafting that reads naturally as specialized legal English."", ""audit_reason"": ""No problems reported.""}]"
eurlex,32014R0727,http://data.europa.eu/eli/reg_impl/2014/727/art_4/oj,source_finding,development,0.51,False,0.55,False,0.55,31.0,32.0,True,FN,1,False,True,"[""q_f848bb159d72998544f6851d""]","[""Which provision of the new exporter review concerning anti-dumping measures on imports of trichloroisocyanuric acid originating in China sets the 37-day period for interested parties to contact the Commission, submit written views and provide a questionnaire reply or other information?""]","[""Article 4 — Commission Implementing Regulation (EU) No 727/2014""]","[""clear""]","[{""faithfulness_reason"": ""The source finding question and body evidence correctly identify Article 4 of Commission Implementing Regulation (EU) No 727/2014. The evidence excerpt precisely captures paragraph 1, which establishes the 37-day deadline and requirements, without irrelevant subsequent paragraphs, and all numerical and citational elements are faithfully reproduced."", ""quality_reason"": ""search_realism: The query reflects a realistic professional search scenario seeking the specific legal provision that establishes procedural deadlines for interested parties in an anti-dumping exporter review.\nanchoring_and_time: Properly anchors to the specific proceeding (new exporter review on trichloroisocyanuric acid from China) without leaking formal CELEX numbers, regulation numbers, or the exact verbatim title.\nconsequence: The answer identifies the exact article and regulation, supported by a contiguous, highly relevant excerpt from paragraph 1 setting the 37-day deadline.\nlexical_distance: Smoothly transforms the statutory phrasing into a concise procedural question ('sets the 37-day period for interested parties to contact the Commission, submit written views and provide a questionnaire reply') while retaining necessary procedural terms.\nlinguistic_quality: Grammatically sound, clear, and natural English legal drafting."", ""audit_reason"": ""No problems reported.""}]"
un,1998/s/1998/927,1998/s/1998/927#3,conceptual,development,0.67,True,0.55,True,0.55,31.0,26.0,False,FP,1,False,False,"[""q_2cb42b90802f605cf0a77e0d""]","[""Why did the IAEA say its ongoing monitoring and verification inspections in Iraq could not ensure that prohibited activities would be detected in October 1998?""]","[""The Agency's OMV plan, which Iraq formally accepted on 26 November 1993, obliges Iraq to accept unconditionally all of the rights of IAEA enumerated in the plan. The rights include full and free access at any time to all sites, facilities, areas, locations, activities, materials and other items, including documentation, and to all persons and all information that, in the Agency's judgement, may be necessary for its OMV activities.\nAs a consequence, IAEA is unable, through capable site inspections, to ensure that prohibited activities are not being carried out in Iraq, free from the risk of detection through direct inspection measures.\nIraq's refusal to address any matters related to its clandestine nuclear programme constitutes a further limitation of the Agency's right of full and free access, specifically to information.""]","[""blocking""]","[{""faithfulness_reason"": ""The question asks why the IAEA could not ensure prohibited activities would be detected through inspections, but the extracted span cuts off item (c) ('Iraq will not permit access to capable sites...'). Consequently, the extracted text leaves 'As a consequence' detached from its actual cause, omitting the decisive explanation and creating a misleading causal link from the plan's obligations. The date 26 November 1993 is reproduced accurately."", ""quality_reason"": ""search_realism: Presents a realistic, well-motivated practitioner information need investigating the substantive rationale behind verification limitations reported by the IAEA.\nanchoring_and_time: Successfully fixes the institutional actor (IAEA), substantive framework (ongoing monitoring and verification), jurisdiction (Iraq), and timeframe (October 1998) without relying on formal document symbols or locators.\nconsequence: Capped at 2 due to support failure: the extracted span omits the critical antecedent in subparagraph (c) ('Iraq will not permit access to capable sites...'), leaving the clause 'As a consequence' detached from the actual restriction and failing to explain why capable site inspections were compromised.\nlexical_distance: Effectively reformulates the source text into an autonomous question while preserving necessary specialized terms.\nlinguistic_quality: Clear, grammatically correct, and natural professional English."", ""audit_reason"": ""support: The answer span omits subparagraph (c) ('Iraq will not permit access to capable sites or indeed to any sites other than those for which Iraq routinely provides declarations under the OMV plan'), leaving 'As a consequence' without its causal premise and leaving the core 'why' question unresolved.""}]"
un,1998/s/1998/927,1998/s/1998/927#3,comparison,development,0.45,False,0.55,False,0.55,31.0,32.0,True,FN,1,False,True,"[""q_96cfe9e262e227bebe9e170a""]","[""Under Iraq's stated position on the IAEA ongoing monitoring and verification (OMV) plan, how did its access and cooperation for routinely declared sites compare with those for capable or other sites?""]","[""(a) Iraq will continue to facilitate OMV inspections at sites for which it routinely provides declarations under the OMV plan;\n(b) Iraq will continue to allow IAEA access to locations for the purpose of collecting environmental samples or carrying out radiation surveys;\n(c) Iraq will not permit access to capable sites or indeed to any sites other than those for which Iraq routinely provides declarations under the OMV plan;b\n(d) Iraq will not cooperate in any activity involving investigation of its clandestine nuclear programme.""]","[""clear""]","[{""faithfulness_reason"": ""The comparison between routinely declared sites and capable or other sites is fully grounded in Iraq's stated position under subparagraphs (a) and (c). The continuous excerpt includes subparagraphs (b) and (d) as minor list context, which remains acceptable without impairing clarity. Numerical fidelity not applicable; 4 is a compatibility value."", ""quality_reason"": ""search_realism: Reflects a genuine verification policy search need examining Iraq's differentiated stance toward declared versus capable non-declared inspection sites.\nanchoring_and_time: Accurately anchors the inquiry to Iraq's position on the IAEA ongoing monitoring and verification (OMV) plan without relying on formal document symbols.\nconsequence: The submitted continuous text directly answers the comparative inquiry by contrasting continued facilitation at routinely declared sites with the refusal of access to capable and other sites.\nlexical_distance: Naturally synthesizes the two distinct provisions into an integrated comparison question, avoiding mechanical copy-pasting of source scaffolding.\nlinguistic_quality: Grammatically sound, concise, and professional legal/diplomatic English formulation."", ""audit_reason"": ""No problems reported.""}]"
un,1998/s/1998/927,1998/s/1998/927#3,source_finding,development,0.51,False,0.55,False,0.55,31.0,32.0,True,FN,1,False,True,"[""q_ab00912728fd685c3a5897d3""]","[""Which Security Council document contains the IAEA assessment that Iraq’s refusal to address its clandestine nuclear programme further limited the Agency’s right of full and free access to information under its ongoing monitoring and verification plan?""]","[""S/1998/927""]","[""clear""]","[{""faithfulness_reason"": ""The document identifier S/1998/927 accurately matches the target metadata, and all material components of the clue regarding Iraq's refusal to address its clandestine nuclear programme and the resulting limitation on access under the OMV plan are fully substantiated by the contiguous evidence span."", ""quality_reason"": ""search_realism: Presents a realistic, well-formulated search need by an international law or non-proliferation researcher seeking the specific Security Council communication reporting the IAEA finding.\nanchoring_and_time: The question provides sufficient substantive discriminators (IAEA assessment, OMV plan, Iraq's refusal to address clandestine nuclear programme, access to information) without leaking the document symbol.\nconsequence: The provided target document symbol S/1998/927 and exact evidentiary span directly and completely resolve the substantive clue.\nlexical_distance: Naturally reformulates the finding in paragraph 6 into an interrogative retrieval query while keeping necessary technical terms.\nlinguistic_quality: Fluent, idiomatic, and syntactically sound English with clear phrasing."", ""audit_reason"": ""No problems reported.""}]"
un,1999/a/54/pv_76,1999/a/54/pv_76#9,practitioner,validation,0.56,True,0.55,True,0.55,31.0,27.0,False,FP,2,False,False,"[""q_05ff67310f3f73fbdb0eec1d"", ""q_329ece1bb08f9f2f79cbbaeb""]","[""Under the Sixth Committee's proposed action on assistance to third States affected by sanctions imposed under Chapter VII, what would the General Assembly request the Special Committee to do?"", ""In the Sixth Committee's proposed follow-up concerning the peaceful settlement of disputes between States, the Trusteeship Council and the Special Committee's efficiency, what would the General Assembly further request the Special Committee to do?""]","[""to continue to consider, on a priority basis, the question of the implementation of the provisions of the Charter of the United Nations related to assistance to third States affected by the application of sanctions imposed under Chapter VII of the Charter."", ""to continue its work on the question of the peaceful settlement of disputes between States, to continue to consider proposals concerning the Trusteeship Council and to continue to consider, on a priority basis, ways and means to improve its working methods and enhance its efficiency.""]","[""blocking"", ""blocking""]","[{""faithfulness_reason"": ""The candidate directly answers the question using a verbatim contiguous excerpt from the target block without introducing extraneous text or unsupported claims. Chapter VII is accurately preserved."", ""quality_reason"": ""practitioner_realism: The query fails to present a practitioner task, actor, or practical circumstance, functioning entirely as an academic reading-comprehension lookup about the content of a draft resolution.\nanchoring_and_time: The substantive body and agenda item topic are recognizable, but the question lacks any session or temporal marker (such as the fifty-fourth session or 1999) to distinguish this recurring Charter Committee item.\nconsequence: The quoted text accurately and fully resolves the specific operative action requested of the Special Committee regarding assistance to third States.\ninformativeness: The question front-loads almost all the substantive subject-matter phrasing from the target clause, meaning the answer's incremental informational value is confined largely to the procedural instruction to continue considering the matter on a priority basis.\nlinguistic_quality: The question is formulated in clear, grammatical, and natural English."", ""audit_reason"": ""mode: The question contains no practitioner persona, practical circumstance, or operational task, presenting a pure reading-comprehension query rather than an applied UN practitioner need.""}, {""faithfulness_reason"": ""The answer accurately reflects all three requested elements from the target block in a concise, contiguous span. Numerical fidelity not applicable; 4 is a compatibility value."", ""quality_reason"": ""practitioner_realism: There is no operational setting, practitioner persona, or concrete mandate-execution task; the prompt is framed purely as a document-reading lookup.\nanchoring_and_time: The question specifies the Committee and the three distinct subject areas, but contains no temporal or session context to anchor this recurring reporting process.\nconsequence: The continuous extract directly answers what the General Assembly would further request regarding the three listed items.\ninformativeness: By enumerating all three substantive topics (peaceful settlement, Trusteeship Council, working methods/efficiency) directly in the question, the prompt leaves little unknown besides the connective operative verbs.\nlinguistic_quality: The phrasing is fluent, grammatically correct, and clearly structured."", ""audit_reason"": ""mode: The question lacks any practitioner persona, practical situation, or decision-making task, posing an abstract reading-comprehension question instead of an applied UN practitioner search need.""}]"
un,1999/a/54/pv_76,1999/a/54/pv_76#9,source_finding,validation,0.51,False,0.55,False,0.55,31.0,32.0,True,FN,1,False,True,"[""q_f81fec3661f35ddbec7da74e""]","[""Which General Assembly meeting record contains draft-resolution language requesting the Special Committee on the Charter to consider, as a priority, assistance to third States affected by sanctions imposed under Chapter VII?""]","[""A/54/PV.76""]","[""clear""]","[{""faithfulness_reason"": ""The source identifier A/54/PV.76 accurately matches the target metadata, and all material components of the clue regarding requests to the Special Committee on assistance to third States affected by Chapter VII sanctions are fully supported by the extracted contiguous sentence."", ""quality_reason"": ""search_realism: The query reflects a practical, realistic archival search need to locate the meeting record summarizing Sixth Committee draft resolutions on assistance to third States under Chapter VII sanctions.\nanchoring_and_time: The question is properly anchored through substantive actors and subject matter (General Assembly, Special Committee on the Charter, Chapter VII sanctions) without relying on forbidden locators.\nconsequence: The provided document symbol correctly identifies the source, and the selected continuous evidence span directly and completely verifies every element of the clue.\nlexical_distance: The prompt successfully restructures the sentence structure into a query format ('contains draft-resolution language requesting... as a priority') while keeping necessary legal terminology intact.\nlinguistic_quality: The text is grammatically sound, concise, natural, and accurately punctuated."", ""audit_reason"": ""No problems reported.""}]"
un,2000/a/c_3/55/sr_30,2000/a/c_3/55/sr_30#11,conceptual,development,0.56,True,0.55,True,0.55,31.0,25.0,False,FP,1,False,False,"[""q_6d54674994c2efa616403317""]","[""How does the World Conference against Racism propose addressing vulnerable groups and migrants?""]","[""The World Conference must analyse the situation of vulnerable groups, particularly indigenous peoples and migrants, and, taking into account indigenous traditions and customs, must strengthen action to guarantee access to justice.\nIt should also consider the issue of the human rights of migrants, who were being subjected to acts of xenophobia, in various parts of the world, without regard for their contribution to the society and economy of the host country.""]","[""blocking""]","[{""faithfulness_reason"": ""The question attributes the proposal to the World Conference against Racism itself ('How does the World Conference against Racism propose...'), whereas the source text (within Mexico's statement) reflects a national delegation's view of what the upcoming Conference must and should do. A false actor/source-role premise cannot be validated merely by quoting the paragraph. Precision is 4 as the extracted span accurately captures the substantive discussion of vulnerable groups and migrants. Numerical fidelity not applicable; 4 is a compatibility value."", ""quality_reason"": ""search_realism: The search need is serviceable as a conceptual inquiry, but it incorrectly conceives the text as a direct proposal issued by the World Conference rather than a member State's intervention during debate.\nanchoring_and_time: The question identifies the subject matter and target event, but it omits the necessary delegation context, incorrectly assigning the stance to the Conference itself instead of the speaking delegation.\nconsequence: Ceiling applied: consequence is capped at 2 because support fails. The target passage contains Mexico's position on what the Conference must do, not a proposal formulated or adopted by the World Conference itself.\nlexical_distance: The query adapts the text into an interrogative format but directly borrows the phrase 'vulnerable groups and migrants' from the opening sentence without much structural reformulation.\nlinguistic_quality: The question is grammatically sound, clear, and written in natural English."", ""audit_reason"": ""metadata: The specified anchor 'strengthen action to guarantee access to justice' does not appear in the question.\nsupport: Paragraph 29 continues the speaking turn of Mexico (Mrs. Monroy, introduced in paragraph 27) regarding what her Government considers the World Conference must and should do; the text does not record a proposal made or adopted by the World Conference against Racism itself.""}]"
un,2000/a/c_3/55/sr_30,2000/a/c_3/55/sr_30#11,comparison,development,0.26,False,0.55,False,0.55,31.0,32.0,True,FN,1,False,True,"[""q_2fdf36b209dc154b01c3c1cf""]","[""How did Haiti's first Constitution compare with Haiti's 1987 Constitution in addressing racial discrimination?""]","[""Since its founding in 1804, Haiti had instituted a tradition of racial tolerance, and that principle had been enshrined in the first Constitution. Although the 1987 Constitution did not explicitly refer to racial discrimination, it did refer to the Universal Declaration of Human Rights and the first Constitution.""]","[""clear""]","[{""faithfulness_reason"": ""The comparison between Haiti's first Constitution and the 1987 Constitution regarding racial tolerance and discrimination is fully supported by the contiguous excerpt from paragraph 31. The span correctly retains the antecedent for 'that principle' without unnecessary surrounding context, and both historical years (1804 and 1987) are faithfully reproduced."", ""quality_reason"": ""search_realism: Presents a realistic legal/historical comparative inquiry into how two specific constitutional frameworks addressed racial discrimination.\nanchoring_and_time: The question precisely anchors the jurisdiction (Haiti) and the two constitutional temporal benchmarks (the first Constitution and the 1987 Constitution) without relying on forbidden document locators.\nconsequence: The continuous extracted span directly resolves both comparative sides, contrasting the enshrinement of racial tolerance in the first Constitution with the implicit reference mechanism in the 1987 Constitution.\nlexical_distance: Formulates the comparative problem naturally in the question rather than mechanically copying the sentence structure of the source.\nlinguistic_quality: Fluent, concise, and grammatically impeccable English phrasing."", ""audit_reason"": ""No problems reported.""}]"
un,2000/a/c_3/55/sr_30,2000/a/c_3/55/sr_30#11,source_finding,development,0.49,False,0.55,False,0.55,31.0,32.0,True,FN,1,False,True,"[""q_f999862bd83d35438389cafc""]","[""Which United Nations Third Committee meeting record contains Haiti’s statement that its tradition of racial tolerance dated from 1804 and was reflected in its Constitutions?""]","[""A/C.3/55/SR.30""]","[""clear""]","[{""faithfulness_reason"": ""The source-finding question correctly identifies the official document symbol A/C.3/55/SR.30 from the metadata, and the contiguous evidence span from paragraph 31 fully substantiates Haiti's statement regarding its 1804 tradition of racial tolerance and constitutional references. Numerical values (1804, 1987) and citational identifiers are accurately preserved."", ""quality_reason"": ""search_realism: Presents a realistic UN document retrieval need where the researcher remembers Haiti's specific historical argument regarding its 1804 founding and constitutional tradition of racial tolerance.\nanchoring_and_time: Effectively anchors the query to the Third Committee, the delegation of Haiti, the founding year 1804, and its constitutional references without using prohibited formal document numbers.\nconsequence: The submitted document symbol correctly identifies the meeting record, supported by a continuous target-block passage covering paragraph 31.\nlexical_distance: Competently synthesizes the narrative points into a natural query ('dated from 1804 and was reflected in its Constitutions') rather than mimicking the raw sentence structures.\nlinguistic_quality: Clean, grammatically correct, and precise phrasing suitable for professional legal/diplomatic research."", ""audit_reason"": ""No problems reported.""}]"
un,2001/a/res/55/203,2001/a/res/55/203#3,lookup,development,0.45,False,0.55,False,0.55,31.0,32.0,True,FN,2,False,True,"[""q_8c3d0a337072ee4547cb3b17""]","[""What resolution did the General Assembly take note of concerning the safety of transport of radioactive materials in its resolution on the Caribbean Sea area?""]","[""resolution GC(44)/RES/17 of 22 September 2000 of the General Conference of the International Atomic Energy Agency on safety of transport of radioactive materials""]","[""clear""]","[{""faithfulness_reason"": ""The resolution symbol, date, adopted body, and subject matter are accurately asked and completely extracted from the target preambular paragraph with correct citational fidelity."", ""quality_reason"": ""practitioner_realism: Reflects a genuine, well-scoped lookup verifying a specific cross-referenced IAEA resolution on the transport of radioactive materials noted in a General Assembly resolution.\nanchoring: The base query successfully identifies the adopting organ and substantive topic without using prohibited symbols or premature paragraph locators.\ninformativeness: The answer provides the exact formal title, document symbol, date, and adopting body of the resolution referenced in the target text.\nconsequence: Fully resolves the searcher's inquiry with an exact and continuous evidence span from the target block.\nlinguistic_quality: Fluent, concise, and natural legal English with no grammatical or syntactic flaws."", ""audit_reason"": ""No problems reported.""}]"
un,2001/a/res/55/203,2001/a/res/55/203#3,source_finding,development,0.44,False,0.55,False,0.55,31.0,32.0,True,FN,1,False,True,"[""q_f3fda801fa62ee5de5146c83""]","[""Which General Assembly resolution on the integrated management of the Caribbean Sea area records taking note of IAEA resolution GC(44)/RES/17 on the safety of transporting radioactive materials?""]","[""A/RES/55/203""]","[""clear""]","[{""faithfulness_reason"": ""The source finding clue, target document symbol A/RES/55/203, and contiguous evidence span perfectly align with the target text and metadata, correctly identifying the resolution taking note of IAEA resolution GC(44)/RES/17."", ""quality_reason"": ""search_realism: Presents a realistic, plausible retrieval need for a legal researcher tracing General Assembly actions citing specific IAEA decisions on radioactive transport.\nanchoring_and_time: Effectively anchors the query to the General Assembly and the management of the Caribbean Sea area alongside the specific cited IAEA resolution clue without relying on forbidden target locators.\nconsequence: The target evidence directly confirms the General Assembly taking note of IAEA resolution GC(44)/RES/17 on the safety of transport of radioactive materials, conclusively resolving the source identifier.\nlexical_distance: Smoothly rephrases the source wording from 'General Conference of the International Atomic Energy Agency on safety of transport of radioactive materials' into standard research shorthand ('IAEA resolution... on the safety of transporting radioactive materials').\nlinguistic_quality: Grammatically sound, fluent, and precise English phrasing."", ""audit_reason"": ""No problems reported.""}]"
un,2002/a/res/56/150,2002/a/res/56/150#3,practitioner,validation,0.47,False,0.55,False,0.55,31.0,32.0,True,FN,2,False,True,"[""q_fd177ca2c8d088ba6338e7e0"", ""q_8b7968eedd21e15601257c5a""]","[""A UN development-policy team is assessing the right to development. What conditions does the General Assembly identify as necessary for its realization?"", ""A UN human rights office is planning work on the right to development. What role does the General Assembly underline for the United Nations High Commissioner for Human Rights?""]","[""effective development policies at the national level as well as equitable economic relations and a favourable economic environment at the international level"", ""the promotion and protection of the right to development""]","[""clear"", ""clear""]","[{""faithfulness_reason"": ""The answer quotes the exact dual national/international requirements specified in the target text for the realization of the right to development. Numerical fidelity not applicable; 4 is a compatibility value."", ""quality_reason"": ""practitioner_realism: Presents a credible UN policy assessment task that directly requires identifying the necessary national and international conditions for realizing the right to development.\nanchoring_and_time: Appropriately frames the institutional actor (General Assembly) and substantive agenda topic (the right to development) without relying on forbidden resolution symbols.\nconsequence: Directly and completely resolves the requested prerequisites using the verbatim preambular requirement.\ninformativeness: Extracts the exact required dual-level conditions (national policies and international environment) without extraneous text.\nlinguistic_quality: Clear, grammatically fluent, and concise phrasing."", ""audit_reason"": ""No problems reported.""}, {""faithfulness_reason"": ""The answer accurately extracts the precise role underlined for the High Commissioner in relation to the right to development from the target block. Numerical fidelity not applicable; 4 is a compatibility value."", ""quality_reason"": ""practitioner_realism: Formulates a realistic UN operational planning scenario concerning mandate roles for the High Commissioner on the right to development.\nanchoring_and_time: Clearly anchors the mandate inquiry to the General Assembly and the United Nations High Commissioner for Human Rights without prohibited locators.\nconsequence: Accurately and fully identifies the underlined role directly from the target text.\ninformativeness: Captures the precise substantive role ('promotion and protection of the right to development') without trailing preambular verbiage.\nlinguistic_quality: Natural, professional, and well-structured English."", ""audit_reason"": ""No problems reported.""}]"
un,2002/a/res/56/29,2002/a/res/56/29#1,claim_verification,validation,0.57,True,0.55,True,0.55,31.0,29.0,False,FP,2,False,False,"[""q_4666b9f8c971e05e96c992b1""]","[""In its resolution on strengthening security and cooperation in the Mediterranean region, did the General Assembly note that the Middle East peace negotiations should be comprehensive and provide an appropriate framework for the peaceful settlement of contentious issues in the region?""]","[""Noting the peace negotiations in the Middle East, which should be of a comprehensive nature and represent an appropriate framework for the peaceful settlement of contentious issues in the region,""]","[""clear""]","[{""faithfulness_reason"": ""The claim is fully supported by the target block preambular paragraph confirming the General Assembly's note on the Middle East peace negotiations. The extracted span is exact and concise. Numerical fidelity not applicable; 4 is a compatibility value."", ""quality_reason"": ""search_realism: The query sets up a serviceable claim verification task checking the General Assembly's stance on Middle East peace negotiations in the context of Mediterranean security, though it feels visibly reverse-engineered from the preambular clause.\nanchoring_and_time: The question identifies the subject matter of the resolution ('strengthening security and cooperation in the Mediterranean region') and the actor, but omits a session or temporal marker for an agenda item that recurs annually across sessions.\nconsequence: The submitted preambular paragraph directly confirms that the General Assembly noted the peace negotiations should be comprehensive and represent an appropriate framework for peaceful settlement.\nlexical_distance: The query keeps most source phrasing intact ('peace negotiations in the Middle East', 'appropriate framework for the peaceful settlement of contentious issues in the region') with minimal alterations ('comprehensive nature' to 'comprehensive', 'represent' to 'provide').\nlinguistic_quality: The sentence is grammatically sound, natural, and accurately conveys the proposition to be verified."", ""audit_reason"": ""No problems reported.""}]"
un,2006/a/c_4/61/sr_10,2006/a/c_4/61/sr_10#17,lookup,validation,0.37,False,0.55,False,0.55,31.0,32.0,True,FN,2,False,True,"[""q_d32de330fb7e36866524d756"", ""q_e9fe649f37ada22f827f2220""]","[""At the 16 October 2006 discussion of questions relating to information, what did the Rio Group representative urge the Department of Public Information to do to reach a worldwide audience, according to the Special Political and Decolonization Committee's summary record?"", ""At the 16 October 2006 discussion of questions relating to information, what did the Rio Group representative say about cooperation between the Department of Peacekeeping Operations and the Department of Public Information, according to the Special Political and Decolonization Committee's summary record?""]","[""expand its links with national broadcasters and journalists in order to reach a worldwide audience"", ""The close cooperation between the Department of Peacekeeping Operations and DPI was commendable and should be expanded to ensure the best support for vital peacekeeping operations.""]","[""clear"", ""clear""]","[{""faithfulness_reason"": ""The premise regarding the Rio Group representative's statement on reaching a global audience is fully established by the context and target block text. The answer accurately extracts the specific recommended action. Numerical fidelity not applicable; 4 is a compatibility value."", ""quality_reason"": ""practitioner_realism: Presents a realistic, well-defined lookup inquiry regarding a regional bloc's specific recommendation to the Department of Public Information during a Fourth Committee debate.\nanchoring: The base query clearly identifies the committee, date, agenda item, and speaking actor without relying on formal document symbols or paragraph numbers.\ninformativeness: The extracted answer precisely identifies the required action (expanding links with national broadcasters and journalists) along with the stated objective.\nconsequence: Directly and completely satisfies the operational inquiry raised in the prompt.\nlinguistic_quality: Natural, grammatically correct, and concise English phrasing across both question renderings and the answer span."", ""audit_reason"": ""No problems reported.""}, {""faithfulness_reason"": ""The question's attribution to the Rio Group representative is supported by the preceding context, and the target text directly supplies the statement on cooperation between DPKO and DPI. The extracted span is concise and complete. Numerical fidelity not applicable; 4 is a compatibility value."", ""quality_reason"": ""practitioner_realism: Formulates a genuine research lookup concerning a delegation's position on inter-departmental cooperation in peacekeeping communication.\nanchoring: Accurately specifies the date, committee context, agenda topic, and representative bloc without premature citation markers in the base question.\ninformativeness: The answer cleanly quotes paragraph 42 of the summary record, providing the assessment (commendable) and the specific recommendation (expansion to ensure best support).\nconsequence: Fully resolves the unknown regarding the Rio Group's view on DPKO-DPI collaboration.\nlinguistic_quality: Fluent, unambiguous, and professional legal/diplomatic phrasing throughout."", ""audit_reason"": ""No problems reported.""}]"
un,2006/a/c_4/61/sr_10,2006/a/c_4/61/sr_10#17,conceptual,validation,0.55,True,0.55,True,0.55,31.0,31.0,False,FP,2,False,False,"[""q_a894c4a4368a3514042b652f"", ""q_d7ff2c3709de7beb1bd86901""]","[""Why did the Rio Group urge the Department of Public Information to expand its links with national broadcasters and journalists?"", ""Why did the Rio Group call for closer cooperation between the Department of Peacekeeping Operations and the Department of Public Information?""]","[""The Department should be aware that, even though the new information and communication technology was readily available in the developed world, the traditional means of communication like radio and the print media were to many in the developing world still the only means of obtaining information.\nIt should therefore expand its links with national broadcasters and journalists in order to reach a worldwide audience."", ""The close cooperation between the Department of Peacekeeping Operations and DPI was commendable and should be expanded to ensure the best support for vital peacekeeping operations.""]","[""clear"", ""clear""]","[{""faithfulness_reason"": ""The premise correctly identifies the Rio Group via the resolved speaker context, and the extracted contiguous text fully answers the question by providing the rationale and intended audience. Numerical fidelity not applicable; 4 is a compatibility value."", ""quality_reason"": ""search_realism: Presents a realistic, coherent conceptual inquiry exploring the policy rationale behind a regional group's communication recommendations.\nanchoring_and_time: Properly identifies the actor (the Rio Group, established in preceding context) and the target entity (Department of Public Information) without using formal document locators.\nconsequence: The selected passage fully and directly answers the question, providing both the underlying problem (reliance on traditional media in the developing world) and the ultimate objective (reaching a worldwide audience).\nlexical_distance: The predicate 'expand its links with national broadcasters and journalists' is taken verbatim from the text, though framed naturally into an interrogative structure.\nlinguistic_quality: Grammatically sound, clear, and well-structured English phrasing."", ""audit_reason"": ""No problems reported.""}, {""faithfulness_reason"": ""The Rio Group's rationale for expanding cooperation between DPKO and DPI ('to ensure the best support for vital peacekeeping operations') is directly and fully captured by the selected sentence. Numerical fidelity not applicable; 4 is a compatibility value."", ""quality_reason"": ""search_realism: Reflects a practical and plausible search objective regarding inter-departmental coordination rationale within the UN system.\nanchoring_and_time: Accurately anchors the position to the Rio Group and names both UN bodies involved without relying on citation symbols.\nconsequence: Directly resolves the unknown by citing the explicit purpose stated in the text ('to ensure the best support for vital peacekeeping operations').\nlexical_distance: Relies closely on source terms ('close cooperation between the Department of Peacekeeping Operations and DPI'), although it appropriately spells out the acronym.\nlinguistic_quality: Clean, grammatically correct, and concise question syntax."", ""audit_reason"": ""No problems reported.""}]"
un,2006/a/c_4/61/sr_10,2006/a/c_4/61/sr_10#17,comparison,validation,0.25,False,0.55,False,0.55,31.0,32.0,True,FN,1,False,True,"[""q_59417302f2e7068a65e8a56d""]","[""In the Department of Public Information's global outreach work in 2006, how did access to communication technologies differ between the developed world and the developing world?""]","[""The Department should be aware that, even though the new information and communication technology was readily available in the developed world, the traditional means of communication like radio and the print media were to many in the developing world still the only means of obtaining information. It should therefore expand its links with national broadcasters and journalists in order to reach a worldwide audience.""]","[""clear""]","[{""faithfulness_reason"": ""The extract establishes the contrast between the developed world (readily available new ICT) and the developing world (traditional media like radio and print remaining the sole means of obtaining information). The answer span includes a minor trailing recommendation sentence, but remains concise and directly relevant. Numerical fidelity not applicable; 4 is a compatibility value."", ""quality_reason"": ""search_realism: Reflects a genuine, well-motivated practitioner inquiry examining UN public information and communication policy in 2006 regarding disparate regional access to technology.\nanchoring_and_time: Successfully contextualizes the query with the substantive body (Department of Public Information), the domain (global outreach work), and the relevant year (2006) without relying on forbidden document locators.\nconsequence: The continuous answer extract directly resolves the comparative question, setting out the availability of new communications technology in the developed world against reliance on traditional media in the developing world.\nlexical_distance: The query naturally reformulates the source statement into a comparative information need without awkward phrasing or copying long verbatim strings.\nlinguistic_quality: Grammatically polished, clear, and idiomatic legal/policy English."", ""audit_reason"": ""No problems reported.""}]"
un,2006/a/c_4/61/sr_10,2006/a/c_4/61/sr_10#17,source_finding,validation,0.47,False,0.55,False,0.55,31.0,32.0,True,FN,1,False,True,"[""q_0f0e1e38f9b578b2f7bb846d""]","[""Which Fourth Committee meeting record contains the Rio Group's recommendation that the Department of Public Information expand its links with national broadcasters and journalists to reach a worldwide audience, given the continuing importance of radio and print media in the developing world?""]","[""A/C.4/61/SR.10""]","[""clear""]","[{""faithfulness_reason"": ""The question's clue is fully established by the target block, with the Rio Group attribution correctly derived from the speaker in paragraph 41. The selected evidence span is contiguous, directly resolves all components of the clue, and the official document symbol A/C.4/61/SR.10 is faithfully reproduced as the answer."", ""quality_reason"": ""search_realism: Formulates a realistic, professional archival retrieval need seeking the record where the Rio Group delivered a specific policy recommendation on media outreach.\nanchoring_and_time: Properly identifies the Fourth Committee setting, the speaking capacity (Rio Group), and the target entity (Department of Public Information) without giving away the document symbol.\nconsequence: The submitted document symbol exactly identifies the source meeting record, and the accompanying evidence span verifies the substantive clue.\nlexical_distance: Naturally reformulates the statement into a well-integrated inquiry while retaining key substantive terms.\nlinguistic_quality: Grammatically flawless, concise, and professional legal/diplomatic English."", ""audit_reason"": ""No problems reported.""}]"
un,2006/a/res/61/163,2006/a/res/61/163#4,comparison,development,0.26,False,0.55,False,0.55,31.0,32.0,True,FN,1,False,True,"[""q_6008a5f7d2f06b03b7b60972""]","[""In the General Assembly's 19 December 2006 resolution on the right to food, how did the treatment of all States compare with that of the Special Rapporteur and United Nations bodies regarding gender-responsive action?""]","[""5. Encourages all States to take action to address gender inequality and discrimination against women, in particular where it contributes to the malnutrition of women and girls, including measures to ensure the full and equal realization of the right to food and ensuring that women have equal access to resources, including income, land and water, to enable them to feed themselves and their families;\n6. Encourages the Special Rapporteur of the Human Rights Council on the right to food to continue mainstreaming a gender perspective in the fulfilment of his mandate, and encourages the Food and Agriculture Organization of the United Nations and all other United Nations bodies and mechanisms addressing the right to food and food insecurity to integrate a gender perspective into their relevant policies, programmes and activities;""]","[""clear""]","[{""faithfulness_reason"": ""The comparison question accurately identifies both sets of actors and their gender-related actions under the resolution, directly resolved by paragraphs 5 and 6. The contiguous span includes both comparative elements while omitting paragraph 7. The resolution date in the question is factually accurate."", ""quality_reason"": ""search_realism: Presents a realistic, practitioner-oriented comparison query examining how GA recommendations differentiate gender-related obligations for Member States versus gender-mainstreaming instructions for UN mechanisms.\nanchoring_and_time: Successfully identifies the subject, issuing body, and adoption date without using formal document symbols or paragraph citations.\nconsequence: The continuous extract of paragraphs 5 and 6 fully resolves both comparative arms, contrasting substantive state actions on inequality and access to resources with institutional mainstreaming tasks for UN mandate holders and agencies.\nlexical_distance: Phrased naturally in the searcher's own words ('gender-responsive action') while retaining necessary entity references.\nlinguistic_quality: The question is grammatically sound, concise, and clearly structured."", ""audit_reason"": ""No problems reported.""}]"
un,2006/a/res/61/163,2006/a/res/61/163#4,claim_verification,development,0.58,True,0.55,True,0.55,31.0,31.0,False,FP,1,False,False,"[""q_b22c9fadd975c823fd3ac5d1""]","[""In its 19 December 2006 resolution on the right to food, did the General Assembly encourage States to create and adopt national plans to combat hunger?""]","[""7. Encourages all States to take steps with a view to achieving progressively the full realization of the right to food, including steps to promote the conditions for everyone to be free from hunger and, as soon as possible, to enjoy fully the right to food, and to create and adopt national plans to combat hunger;""]","[""repair""]","[{""faithfulness_reason"": ""The claim is fully supported by operative paragraph 7 of the resolution, and the extraction provides the exact governing text without extraneous content. Numerical fidelity not applicable; 4 is a compatibility value."", ""quality_reason"": ""search_realism: Presents a realistic, natural verification task for a researcher confirming an operative recommendation made by the General Assembly regarding national anti-hunger strategies.\nanchoring_and_time: Properly fixes the adopting body (General Assembly), the date of adoption (19 December 2006), and the substantive topic (right to food) without using prohibited resolution symbols or exact document locators.\nconsequence: Paragraph 7 of the target block directly confirms that the General Assembly encouraged all States to take steps including creating and adopting national plans to combat hunger, fully validating the 'supported' verdict.\nlexical_distance: The query frames the proposition into an interrogative format, but reproduces the phrase 'create and adopt national plans to combat hunger' verbatim from paragraph 7.\nlinguistic_quality: Clear, concise, and grammatically correct English formulation."", ""audit_reason"": ""metadata: The 'claim' field ('the General Assembly encouraged States to create and adopt national plans to combat hunger') is not an exact substring of the question, which uses the base form 'encourage' ('did the General Assembly encourage States to create and adopt national plans to combat hunger?').""}]"
un,2006/cd/pv_1007,2006/cd/pv_1007#19,practitioner,development,0.46,False,0.55,False,0.55,31.0,32.0,True,FN,2,False,True,"[""q_c07dbc6703a80404bc9ce116"", ""q_f869494fa0e0e92968a78015""]","[""In the Conference on Disarmament's nuclear-disarmament debate, a delegation is preparing its position on the upcoming renewal of the Moscow Treaty. What concrete contribution does the statement identify for Russia and the United States?"", ""For a regional nuclear-disarmament briefing based on the Conference on Disarmament debate, how does the statement illustrate the potential contribution of nuclear-weapon-free zones?""]","[""The upcoming renewal of the Moscow Treaty provides Russia and the United States with the opportunity to make an effective concrete contribution to nuclear disarmament, by agreeing to destroy rather than stockpile the weapons covered by the Treaty."", ""Nuclear-weapon-free zones' potential to contribute to nuclear disarmament is most comprehensively illustrated in the case of the Treaty of Tlatelolco, where Latin American countries moved together to discard the nuclear weapons option as a region.""]","[""clear"", ""clear""]","[{""faithfulness_reason"": ""The answer quotes the exact continuous sentence from the target block that defines the specific contribution Russia and the United States could make upon the renewal of the Moscow Treaty. Numerical fidelity not applicable; 4 is a compatibility value."", ""quality_reason"": ""practitioner_realism: Presents a realistic practitioner task of a delegation preparing its stance on the Moscow Treaty renewal within the Conference on Disarmament debate.\nanchoring_and_time: Properly fixes the institutional forum (Conference on Disarmament nuclear-disarmament debate) and the bilateral treaty context without using prohibited document symbols or paragraph numbers.\nconsequence: The selected quotation directly answers the question by identifying the specific recommended action (destroying rather than stockpiling covered weapons).\ninformativeness: Supplies the complete substantive qualification and condition required by the statement without omission or irrelevant padding.\nlinguistic_quality: Grammatical, natural, and clearly phrased professional English."", ""audit_reason"": ""No problems reported.""}, {""faithfulness_reason"": ""The answer provides the exact contiguous sentence directly answering how the potential of nuclear-weapon-free zones is illustrated in the statement, citing the Treaty of Tlatelolco. Numerical fidelity not applicable; 4 is a compatibility value."", ""quality_reason"": ""practitioner_realism: Poses a sound practitioner scenario involving the preparation of a regional nuclear-disarmament briefing based on the plenary debate.\nanchoring_and_time: Accurately anchors the query to the CD debate on nuclear disarmament and regional nuclear-weapon-free zones without prohibited document citations.\nconsequence: Directly and fully provides the illustrative example and rationale (the Treaty of Tlatelolco and Latin American collective action) requested by the question.\ninformativeness: Provides an exact continuous sentence answering how the contribution is illustrated, including both the specific instrument and the regional action taken.\nlinguistic_quality: Clear, concise, and idiomatically sound phrasing."", ""audit_reason"": ""No problems reported.""}]"
un,2006/cd/pv_1007,2006/cd/pv_1007#19,conceptual,development,0.56,True,0.55,True,0.55,31.0,27.0,False,FP,2,False,False,"[""q_d774a9b93d311c3aaf21777c"", ""q_145a18aa018bf749ac2f8712""]","[""How does the statement explain the contribution of nuclear-weapon-free zones to nuclear disarmament?"", ""Why does the statement treat transparency and irreversibility as important to nuclear disarmament, and what opportunity does it identify in renewing the Moscow Treaty?""]","[""In addition to the CTBT, the creation of nuclear-weapon-free zones acts as a powerful symbol for demonstrating renunciation of weapons of mass destruction to the international community. This is particularly valuable at a regional level.\nNuclear-weapon-free zones' potential to contribute to nuclear disarmament is most comprehensively illustrated in the case of the Treaty of Tlatelolco, where Latin American countries moved together to discard the nuclear weapons option as a region."", ""In any debate on nuclear disarmament, the principles of transparency and irreversibility are essential constructs of good-faith negotiations.\nWe welcomed the conclusion of the Moscow Treaty in 2002 as an encouraging first step in nuclear disarmament processes.\nThe upcoming renewal of the Moscow Treaty provides Russia and the United States with the opportunity to make an effective concrete contribution to nuclear disarmament, by agreeing to destroy rather than stockpile the weapons covered by the Treaty.""]","[""blocking"", ""blocking""]","[{""faithfulness_reason"": ""The excerpt precisely captures the statement's explanation of nuclear-weapon-free zones as symbols demonstrating renunciation of weapons of mass destruction and the regional illustration of the Treaty of Tlatelolco. Numerical fidelity not applicable; 4 is a compatibility value."", ""quality_reason"": ""search_realism: The prompt is formulated as a reading-comprehension exercise ('How does the statement explain...') rather than an authentic research inquiry from an external practitioner perspective.\nanchoring_and_time: The question omits any mention of the speaking delegation (New Zealand) or the Conference on Disarmament, grounding the inquiry solely on the deictic phrase 'the statement'.\nconsequence: The selected passage fully answers the question, detailing the role of nuclear-weapon-free zones as symbolic demonstrations of renouncing WMDs and illustrating it through the Treaty of Tlatelolco.\nlexical_distance: The question borrows its core phrasing ('contribution of nuclear-weapon-free zones to nuclear disarmament') directly from the source text's 'potential to contribute to nuclear disarmament'.\nlinguistic_quality: Natural, clear, and grammatically correct English."", ""audit_reason"": ""mode: The query uses the unresolved deictic locator 'the statement' instead of specifying the actual speaker or context, violating the standalone policy and adopting document-comprehension framing.\nmetadata: The anchor 'contribute to nuclear disarmament' is not an exact substring of the question, which instead uses the inflected form 'contribution of nuclear-weapon-free zones to nuclear disarmament'.""}, {""faithfulness_reason"": ""The extracted continuous span directly answers both parts of the question regarding transparency/irreversibility as essential constructs of good-faith negotiations and the renewal opportunity of destroying rather than stockpiling weapons. The intervening sentence is necessary to maintain a single contiguous span, and the year 2002 is accurately reproduced."", ""quality_reason"": ""search_realism: The query uses school-like document-comprehension phrasing ('Why does the statement treat...') and combines two separate, loosely related inquiries (transparency/irreversibility rationale and Moscow Treaty renewal opportunities) rather than representing a realistic practitioner search need.\nanchoring_and_time: The query contains no actor or institutional anchoring (omitting the speaker, New Zealand / Ambassador Caughley, and the body, the Conference on Disarmament), relying on the unresolved deictic reference 'the statement'.\nconsequence: The extracted span directly answers both clauses of the question, providing the rationale for transparency and irreversibility as essential constructs of good-faith negotiations and the opportunity to destroy rather than stockpile weapons.\nlexical_distance: The query relies heavily on source terminology ('transparency and irreversibility', 'nuclear disarmament', 'Moscow Treaty', 'opportunity') wrapped in an interrogative frame.\nlinguistic_quality: Grammatically sound, clear, and fluent English prose."", ""audit_reason"": ""mode: The query relies on the unresolved locator 'the statement' without specifying the speaker (New Zealand) or forum (Conference on Disarmament), violating the standalone policy against unresolved document/passage references and exhibiting document-comprehension framing.""}]"
un,2006/cd/pv_1007,2006/cd/pv_1007#19,claim_verification,development,0.57,True,0.55,True,0.55,31.0,31.0,False,FP,2,False,False,"[""q_b3580a4d010825f3d76c1b86"", ""q_f992f4949468b5b1289155cd""]","[""In the Conference on Disarmament's nuclear-disarmament debate, did the speaker present the renewal of the Moscow Treaty as an opportunity for Russia and the United States to contribute by destroying rather than stockpiling the covered weapons?"", ""In the Conference on Disarmament's nuclear-disarmament debate, did the speaker identify the Treaty of Tlatelolco as the most comprehensive illustration of nuclear-weapon-free zones' contribution to nuclear disarmament?""]","[""The upcoming renewal of the Moscow Treaty provides Russia and the United States with the opportunity to make an effective concrete contribution to nuclear disarmament, by agreeing to destroy rather than stockpile the weapons covered by the Treaty."", ""Nuclear-weapon-free zones' potential to contribute to nuclear disarmament is most comprehensively illustrated in the case of the Treaty of Tlatelolco, where Latin American countries moved together to discard the nuclear weapons option as a region.""]","[""clear"", ""clear""]","[{""faithfulness_reason"": ""The claim is fully supported by the target block sentence, and the claim status 'supported' is correct. Precision is concise and exact to the single sentence. Numerical fidelity not applicable; 4 is a compatibility value."", ""quality_reason"": ""search_realism: Presents a realistic claim verification task regarding a delegation's position on bilateral nuclear arms reduction mechanisms within the Conference on Disarmament.\nanchoring_and_time: Properly grounds the query in the CD nuclear disarmament debate, referencing the specific actors (Russia and the United States) and the agreement under discussion without prohibited formal locators.\nconsequence: The target excerpt directly confirms that the upcoming renewal provides the opportunity to destroy rather than stockpile weapons, fully resolving the claim verdict as supported.\nlexical_distance: Retains significant verbatim wording from the source text ('renewal of the Moscow Treaty', 'opportunity for Russia and the United States to contribute', 'destroy rather than stockpile the covered weapons') within an interrogative frame.\nlinguistic_quality: Grammatically sound, clear, and natural English formulation for verification."", ""audit_reason"": ""No problems reported.""}, {""faithfulness_reason"": ""The claim accurately reflects the source statement regarding the Treaty of Tlatelolco, and the 'supported' label is valid. The answer provides the exact single-sentence span directly addressing the inquiry. Numerical fidelity not applicable; 4 is a compatibility value."", ""quality_reason"": ""search_realism: Reflects a genuine practitioner checking need concerning how a multilateral treaty model is cited in disarmament discussions.\nanchoring_and_time: Clearly specifies the forum context and anchors on the substantive regional instrument (Treaty of Tlatelolco) without violating citation rules.\nconsequence: The selected passage unambiguously affirms that nuclear-weapon-free zones' potential is most comprehensively illustrated by the Treaty of Tlatelolco, validating the supported verdict.\nlexical_distance: Closely tracks the grammatical phrasing of the source clause ('most comprehensive illustration of nuclear-weapon-free zones' contribution to nuclear disarmament' mirroring 'Nuclear-weapon-free zones' potential to contribute to nuclear disarmament is most comprehensively illustrated').\nlinguistic_quality: Fluent, coherent, and precise question syntax."", ""audit_reason"": ""No problems reported.""}]"
un,2006/cd/pv_1007,2006/cd/pv_1007#19,source_finding,development,0.42,False,0.55,False,0.55,31.0,32.0,True,FN,1,False,True,"[""q_b4f605058880f60c5a122664""]","[""Which Conference on Disarmament record contains the proposal that, when the Moscow Treaty is renewed, Russia and the United States should destroy rather than stockpile the weapons covered by it?""]","[""CD/PV.1007""]","[""clear""]","[{""faithfulness_reason"": ""The question's clue directly tracks the target statement regarding the renewal of the Moscow Treaty, the official document identifier CD/PV.1007 is fully supported by the document metadata, and the extracted evidence is an exact, single-sentence contiguous span."", ""quality_reason"": ""search_realism: Presents a realistic research need seeking the specific Conference on Disarmament record reflecting a delegation's position on the SORT/Moscow Treaty renewal.\nanchoring_and_time: The question effectively anchors the institutional context ('Conference on Disarmament record'), the bilateral framework ('Russia and the United States'), and the specific treaty ('Moscow Treaty') without leaking the symbol.\nconsequence: The provided target document symbol ('CD/PV.1007') and corresponding target evidence definitively identify the exact plenary record containing the statement.\nlexical_distance: Smoothly reformulates the source statement ('opportunity to make an effective concrete contribution... by agreeing to destroy rather than stockpile') into an interrogative framing without copying avoidable scaffolding.\nlinguistic_quality: Grammatically sound, fluent, and precise diplomatic/disarmament English."", ""audit_reason"": ""No problems reported.""}]"
un,2007/pbc/1/bdi/sr_4,2007/pbc/1/bdi/sr_4#3,lookup,development,0.39,False,0.55,False,0.55,31.0,32.0,True,FN,3,False,True,"[""q_a869f57314d3d463d93af4fb"", ""q_74883f8ae353ac129816f6f3""]","[""According to the summary record of the Peacebuilding Commission's 4th meeting on Burundi in December 2006, what institutional changes would Burundi's joining the East African Community require?"", ""According to the summary record of the Peacebuilding Commission's 4th meeting on Burundi in December 2006, what did Mr. Kamana say the Government had submitted after meeting with international and civil society partners?""]","[""the country's Parliament and court system would have to be harmonized with that of the Community"", ""a document containing draft projects on priorities which had been submitted to the Commission""]","[""clear"", ""clear""]","[{""faithfulness_reason"": ""The answer directly and faithfully quotes the required institutional harmonization resulting from East African Community accession from paragraph 4. Numerical fidelity not applicable; 4 is a compatibility value."", ""quality_reason"": ""practitioner_realism: Reflects a genuine institutional question regarding legislative and judicial implications of regional integration for post-conflict peacebuilding.\nanchoring: Identifies the meeting body, country configuration, and session timeframe cleanly in the base query.\ninformativeness: Directly and completely supplies the exact institutional harmonization requirement without excess verbiage.\nconsequence: Fully establishes the specific domestic legal and parliamentary consequences reported during the meeting.\nlinguistic_quality: Precise, idiomatic English with appropriate UN institutional terminology."", ""audit_reason"": ""No problems reported.""}, {""faithfulness_reason"": ""The answer accurately captures the document submitted by the Government as reported by Mr. Kamana in paragraph 5. Numerical fidelity not applicable; 4 is a compatibility value."", ""quality_reason"": ""practitioner_realism: Captures a routine practical search for formal national submissions and consultation outputs submitted to the Peacebuilding Commission.\nanchoring: Adequately fixes the document context via authoring meeting, date, and speaking delegate without forbidden locators.\ninformativeness: The answer provides the exact document nature and target recipient specified by the speaker.\nconsequence: Directly resolves what formal instrument was presented by the Burundian delegation following partner consultations.\nlinguistic_quality: Grammatically sound, concise, and professional legal-diplomatic prose."", ""audit_reason"": ""No problems reported.""}]"
un,2007/pbc/1/bdi/sr_4,2007/pbc/1/bdi/sr_4#3,practitioner,development,0.53,False,0.55,False,0.55,31.0,32.0,True,FN,3,False,True,"[""q_4817fc49b218125d9122e4da"", ""q_34f627239b806c755875af86"", ""q_cae1665cbadafdf5bd86773a""]","[""Uganda and South Africa are seeking a meeting with Burundi on the sidelines of the upcoming Great Lakes Conference. What issue concerning PALIPEHUTU-FNL are they trying to address, and what could assurances on that issue encourage?"", ""As Burundi implements its recent accession to the East African Community, what institutional changes would be required?"", ""As the Commission reviews whether Burundi should have submitted a plan of action, what did the Government submit after meeting with international and civil society partners?""]","[""to try to address the concerns of PALIPEHUTU-FNL with regard to immunity for its members, which was provided for under the Agreement. Assurances on that score could encourage leaders of that movement to return to Burundi."", ""the country's Parliament and court system would have to be harmonized with that of the Community"", ""the submission of a document containing draft projects on priorities which had been submitted to the Commission""]","[""clear"", ""repair"", ""clear""]","[{""faithfulness_reason"": ""The question premises and both requested aspects (the issue of immunity under the Agreement and encouraging leaders to return) are fully grounded in paragraph 3. The extracted continuous span directly resolves the full inquiry without unnecessary surrounding context. Numerical fidelity not applicable; 4 is a compatibility value."", ""quality_reason"": ""practitioner_realism: Presents a realistic regional diplomatic task concerning sideline consultations around the Great Lakes Conference to advance peace agreement implementation.\nanchoring_and_time: Properly fixes the actors (Uganda, South Africa, Burundi, PALIPEHUTU-FNL) and the upcoming Great Lakes Conference setting without using prohibited locators.\nconsequence: Directly resolves both parts of the inquiry: the specific issue (immunity for members under the Agreement) and the anticipated effect of assurances (encouraging leaders to return).\ninformativeness: Extracted continuous text contains the exact substantive answers needed without extraneous padding.\nlinguistic_quality: Natural, grammatically correct, and clear English formulation."", ""audit_reason"": ""No problems reported.""}, {""faithfulness_reason"": ""The question accurately reflects Burundi's accession to the East African Community, and the answer correctly identifies the required harmonization of the Parliament and court system from paragraph 4. The span is complete and appropriately delimited. Numerical fidelity not applicable; 4 is a compatibility value."", ""quality_reason"": ""practitioner_realism: Reflects a genuine institutional reform inquiry regarding legal harmonization after regional community accession.\nanchoring_and_time: Accurately frames the subject matter around Burundi's accession to the East African Community without artificial locators.\nconsequence: Directly resolves the specific institutional requirements (harmonizing the country's Parliament and court system).\ninformativeness: Provides the exact concise clause required to answer the question.\nlinguistic_quality: Grammatically fluent and precise phrasing."", ""audit_reason"": ""metadata: The anchor 'recently joined the East African Community' does not appear as an exact substring in the question ('recent accession to the East African Community'). Anchors must match question text exactly.""}, {""faithfulness_reason"": ""The question's context and query align accurately with Mr. Kamana's statement in paragraph 5, and the response faithfully extracts what was submitted to the Commission. The extraction is concise and continuous. Numerical fidelity not applicable; 4 is a compatibility value."", ""quality_reason"": ""practitioner_realism: Presents a routine reporting/procedure task for a delegation responding to Commission expectations regarding submission of planning documents.\nanchoring_and_time: Correctly anchors the institutional context (the Commission and meetings with international and civil society partners).\nconsequence: Identifies the concrete submission made by the Government in response to concerns regarding an action plan.\ninformativeness: Provides the relevant factual span specifying the submission of draft priority projects.\nlinguistic_quality: Clear, professional, and grammatically correct."", ""audit_reason"": ""No problems reported.""}]"
un,2007/pbc/1/bdi/sr_4,2007/pbc/1/bdi/sr_4#3,comparison,development,0.24,False,0.55,False,0.55,31.0,32.0,True,FN,1,False,True,"[""q_f671d0a2b6f7ecb19fdd2137""]","[""During the Peacebuilding Commission's discussion of peacebuilding in Burundi, what roles did Uganda and South Africa play in addressing the concerns of PALIPEHUTU-FNL?""]","[""3. Uganda had been involved in the talks between the Government and the Parti pour la libération du peuple Hutu-Forces nationales de libération (PALIPEHUTU-FNL) which led to the Comprehensive Ceasefire Agreement and was working hard to ensure that the Agreement was implemented. Together with South Africa, it was currently trying to secure a meeting with Burundi on the sidelines of the upcoming Great Lakes Conference to try to address the concerns of PALIPEHUTU-FNL with regard to immunity for its members, which was provided for under the Agreement.""]","[""clear""]","[{""faithfulness_reason"": ""The comparison between Uganda and South Africa regarding their efforts to address PALIPEHUTU-FNL's concerns is fully established by the target text. The extracted continuous span cleanly covers both Uganda's broader background and their joint initiative. Numerical fidelity not applicable; 4 is a compatibility value."", ""quality_reason"": ""search_realism: The query reflects a realistic and practical diplomatic research objective, inquiring into the comparative engagement of two regional third-party states (Uganda and South Africa) regarding the peace agreement and rebel group concerns.\nanchoring_and_time: The question clearly identifies the Peacebuilding Commission's Burundi proceedings and the specific rebel group PALIPEHUTU-FNL, providing precise substantive context without relying on formal document symbols or prohibited locators.\nconsequence: The selected passage completely resolves the comparative roles of both states, showing Uganda's initial facilitation of the Comprehensive Ceasefire Agreement alongside its joint initiative with South Africa to convene sideline talks on immunity.\nlexical_distance: The query frames the comparative question naturally around the actors' roles, appropriately reformulating the narrative text while keeping necessary party and organizational names.\nlinguistic_quality: The phrasing is concise, grammatically correct, and standard diplomatic English."", ""audit_reason"": ""No problems reported.""}]"
un,2008/a/res/63/114,2008/a/res/63/114#2,lookup,development,0.47,False,0.55,False,0.55,31.0,32.0,True,FN,2,False,True,"[""q_0fa3965f8f655e3d1cb4430b"", ""q_dac6f74b8a4b68bf24cefe56""]","[""In the General Assembly's 5 December 2008 resolution on cooperation between the United Nations and the Organization of the Islamic Conference, in which fields did the two organizations desire to continue cooperating closely?"", ""What did the Annual Coordination Meeting of Ministers for Foreign Affairs of the States members of the Organization of the Islamic Conference decide regarding the organization's fortieth anniversary in the General Assembly's 5 December 2008 resolution on cooperation between the United Nations and the Organization of the Islamic Conference?""]","[""the political, economic, social, humanitarian, cultural and scientific fields and in their common search for solutions to global problems, such as questions relating to international peace and security, disarmament, self-determination, the promotion of a culture of peace through dialogue and cooperation, decolonization, fundamental human rights and economic and social development"", ""to recognize the merit of celebrating the fortieth anniversary of the Organization of the Islamic Conference in 2009 through national and international programmes on different aspects of the Organization of the Islamic Conference, highlighting its activities, evolution and reform through the four decades of its existence""]","[""clear"", ""repair""]","[{""faithfulness_reason"": ""The answer directly reflects the preambular clause of the resolution regarding the fields of cooperation. Numerical fidelity not applicable; 4 is a compatibility value."", ""quality_reason"": ""practitioner_realism: Presents a direct, practical information-seeking lookup regarding the agreed scope of inter-agency cooperation.\nanchoring: The base query properly identifies the document by adopting body, adoption date, and substantive topic without relying on formal symbols or paragraph numbers.\ninformativeness: The extracted text directly and completely enumerates the fields and shared objectives referenced in the resolution's preambular paragraph.\nconsequence: Fully resolves the inquiry with an exact verbatim extract from the target block without unnecessary surrounding text.\nlinguistic_quality: Clear, fluent, and grammatical English formulation in both the question and question_cited."", ""audit_reason"": ""No problems reported.""}, {""faithfulness_reason"": ""The response accurately extracts the continuous text detailing the decision regarding the anniversary. The temporal and ordinal figures ('fortieth', '2009', 'four decades') are faithfully reproduced."", ""quality_reason"": ""practitioner_realism: Formulates a realistic lookup query targeting an OIC ministerial decision cited in the General Assembly resolution.\nanchoring: Identifies the resolution accurately by body, date, and subject matter in the base question, correctly substituting the symbol in question_cited.\ninformativeness: Directly provides the exact decision of the Annual Coordination Meeting regarding the fortieth anniversary celebration.\nconsequence: Accurately and completely extracts the relevant operative content of the recalled decision from the target block.\nlinguistic_quality: Grammatically sound, clear, and professional phrasing across both question renderings."", ""audit_reason"": ""metadata: The declared anchor 'fortieth anniversary of the Organization of the Islamic Conference' does not appear as an exact substring in either question rendering (both write 'regarding the organization's fortieth anniversary').""}]"
un,2008/a/res/63/114,2008/a/res/63/114#2,practitioner,development,0.46,False,0.55,False,0.55,31.0,32.0,True,FN,2,False,True,"[""q_aa16408faf1e0fabc64aa239"", ""q_e962c08182f7962d3e7bf623""]","[""A coordinator is drafting a joint United Nations–Organization of the Islamic Conference cooperation plan. What fields and global problems does the General Assembly identify as covered by the organizations' desire to continue cooperating and their common search for solutions?"", ""A coordinator is planning programmes for the 2009 fortieth anniversary of the Organization of the Islamic Conference. What did the 26 September 2008 Annual Coordination Meeting of Ministers for Foreign Affairs recognize as meriting implementation?""]","[""the desire of the two organizations to continue to cooperate closely in the political, economic, social, humanitarian, cultural and scientific fields and in their common search for solutions to global problems, such as questions relating to international peace and security, disarmament, self-determination, the promotion of a culture of peace through dialogue and cooperation, decolonization, fundamental human rights and economic and social development"", ""to recognize the merit of celebrating the fortieth anniversary of the Organization of the Islamic Conference in 2009 through national and international programmes on different aspects of the Organization of the Islamic Conference, highlighting its activities, evolution and reform through the four decades of its existence""]","[""clear"", ""clear""]","[{""faithfulness_reason"": ""The extracted text is a clean, contiguous excerpt from the target block fully addressing the requested fields and global problems under the organizations' cooperative scope. Numerical fidelity not applicable; 4 is a compatibility value."", ""quality_reason"": ""practitioner_realism: Drafting an inter-organizational cooperation framework provides a plausible practitioner setting for identifying the recognized fields of collaboration and global problem areas.\nanchoring_and_time: The question adequately establishes the UN–OIC institutional relationship and the General Assembly context without relying on formal document symbols or prohibited locators.\nconsequence: The extracted span comprehensively resolves both parts of the prompt (the specific fields and the illustrative list of global problems).\ninformativeness: Extracts a complete continuous clause detailing the political, economic, social, humanitarian, cultural, and scientific fields alongside the global challenges.\nlinguistic_quality: Fluent, professional query formulation that fits UN documentation registers seamlessly."", ""audit_reason"": ""No problems reported.""}, {""faithfulness_reason"": ""The answer quotes directly from the target block's fourth preambular paragraph, accurately capturing the decision of the 26 September 2008 meeting regarding the 2009 fortieth anniversary. Dates and numerical references ('fortieth anniversary', 'four decades') are faithfully maintained."", ""quality_reason"": ""practitioner_realism: A coordinator planning commemorative events represents a practical UN/intergovernmental programming task that plausibly relies on ministerial decisions recognized by the General Assembly.\nanchoring_and_time: The question clearly anchors the substantive context by specifying the 26 September 2008 Annual Coordination Meeting of Ministers for Foreign Affairs and the 2009 fortieth anniversary.\nconsequence: The target span directly resolves the question by identifying the celebration modalities, scope of national/international programmes, and thematic focus on activities, evolution, and reform.\ninformativeness: Provides an informative, complete answer covering both the format and the substantive themes endorsed by the ministerial meeting.\nlinguistic_quality: Grammatically sound, clear, and natural phrasing in professional English."", ""audit_reason"": ""No problems reported.""}]"
un,2008/a/res/63/114,2008/a/res/63/114#2,claim_verification,development,0.52,False,0.55,False,0.55,31.0,32.0,True,FN,1,False,True,"[""q_fa0238f60d461aeaffe5c56e""]","[""In its 5 December 2008 resolution on cooperation between the United Nations and the Organization of the Islamic Conference, did the General Assembly identify international peace and security, disarmament and self-determination among the global problems for which the two organizations sought solutions?""]","[""Taking into account the desire of the two organizations to continue to cooperate closely in the political, economic, social, humanitarian, cultural and scientific fields and in their common search for solutions to global problems, such as questions relating to international peace and security, disarmament, self-determination, the promotion of a culture of peace through dialogue and cooperation, decolonization, fundamental human rights and economic and social development,""]","[""clear""]","[{""faithfulness_reason"": ""The claim is fully supported by the preambular paragraph of the resolution in the target block, which explicitly references the common search for solutions to global problems including international peace and security, disarmament, and self-determination. The extraction is an exact, contiguous clause."", ""quality_reason"": ""search_realism: Presents a realistic, well-motivated claim-verification need concerning the recognized scope of UN-OIC cooperation on global problems.\nanchoring_and_time: Clearly establishes the issuing body, date, and substantive cooperation framework without relying on formal resolution symbols or paragraph locators.\nconsequence: The extracted preambular clause directly and completely confirms that international peace and security, disarmament, and self-determination were identified among the global problems sought to be addressed.\nlexical_distance: Effectively integrates key subject-matter terms into a natural interrogative checking structure, avoiding mechanical copying of the surrounding preambular frame.\nlinguistic_quality: Grammatically sound, precise, and fluent English with natural phrasing."", ""audit_reason"": ""No problems reported.""}]"
un,2008/pbc/3/gnb/sr_1,2008/pbc/3/gnb/sr_1#15,lookup,validation,0.42,False,0.55,False,0.55,31.0,32.0,True,FN,2,False,True,"[""q_74a65a7db370204b7609c4f7"", ""q_42e4e78e6dfd94d4c49154c9""]","[""What did Canada say was needed for the Peacebuilding Commission to assess progress towards the objectives set out in the Strategic Framework, in Canada's intervention on the tracking and monitoring mechanism in the Peacebuilding Commission's 1 October 2008 Guinea-Bissau session?"", ""What did Egypt say the Government of Guinea-Bissau should notify the Peacebuilding Commission of, in Egypt's intervention on the tracking and monitoring mechanism in the Peacebuilding Commission's 1 October 2008 Guinea-Bissau session?""]","[""realistic, concrete indicators would be needed for the Peacebuilding Commission to assess progress towards the objectives set out in the Strategic Framework"", ""any difficulties that arose""]","[""clear"", ""clear""]","[{""faithfulness_reason"": ""The answer directly quotes Canada's view in paragraph 36 regarding what was needed for the Peacebuilding Commission to assess progress. Numerical fidelity not applicable; 4 is a compatibility value."", ""quality_reason"": ""practitioner_realism: The query presents a realistic, standard multilateral research inquiry seeking a delegation's specific position on monitoring indicators.\nanchoring: The base query clearly identifies the body (Peacebuilding Commission), the country configuration (Guinea-Bissau), the date (1 October 2008), the speaker (Canada), and the agenda item without relying on formal document symbols.\ninformativeness: The extracted span directly identifies the core unknown ('realistic, concrete indicators'), though it includes slightly redundant trailing phrasing from the prompt.\nconsequence: The response accurately and directly clarifies Canada's position regarding the tracking and monitoring mechanism under the Strategic Framework.\nlinguistic_quality: The phrasing is natural, grammatically correct, and follows UN research conventions."", ""audit_reason"": ""No problems reported.""}, {""faithfulness_reason"": ""The answer directly and concisely quotes Egypt's statement in paragraph 37 specifying what the Government of Guinea-Bissau should notify the Commission of. Numerical fidelity not applicable; 4 is a compatibility value."", ""quality_reason"": ""practitioner_realism: A valid and practical diplomatic lookup regarding a specific communication/reporting expectation stated by a member state delegation.\nanchoring: The base query establishes the meeting, date, body, specific speaker (Egypt), and substantive context with good precision and no illicit locators.\ninformativeness: The extract isolates the precise notification requirement ('any difficulties that arose') with zero excess padding.\nconsequence: Directly resolves what notification Egypt considered vital for the Government of Guinea-Bissau to provide.\nlinguistic_quality: Clear, fluent, and well-structured English formulation."", ""audit_reason"": ""No problems reported.""}]"
un,2008/pbc/3/gnb/sr_1,2008/pbc/3/gnb/sr_1#15,comparison,validation,0.32,False,0.55,False,0.55,31.0,32.0,True,FN,1,False,True,"[""q_9268bf97487989353c10fb81""]","[""How did Canada and Egypt differ in their priorities for the tracking and monitoring mechanism for the Guinea-Bissau Strategic Framework?""]","[""36. Since such efforts could not be fully addressed by the elections alone, her delegation welcomed discussions to see how those dimensions could be fully taken into account through the monitoring mechanism.\nCanada looked forward to working on that mechanism to sharpen its focus and increase its specificity since, while aware of the perils of over-rigid benchmarks, it considered that realistic, concrete indicators would be needed for the Peacebuilding Commission to assess progress towards the objectives set out in the Strategic Framework.\n37. Mr. El Shinawy (Egypt) said that it was necessary to reach a rapid agreement on the tracking and monitoring mechanism and to determine benchmarks for success. The regional dimension was especially important.\nThe country-specific configuration for Guinea-Bissau should therefore keep all regional and subregional African organizations informed of developments in the implementation of the Strategic Framework.\nIn the same way, it was vital that the Government of Guinea-Bissau notify the Peacebuilding Commission of any difficulties that arose.""]","[""clear""]","[{""faithfulness_reason"": ""The comparison between Canada and Egypt regarding their views on the monitoring mechanism is fully grounded in the target block text. The extracted span provides both delegations' positions in full without omission. Numerical fidelity not applicable; 4 is a compatibility value."", ""quality_reason"": ""search_realism: Reflects a genuine multilateral research task comparing member state priorities on institutional monitoring arrangements without resorting to artificial question wrappers.\nanchoring_and_time: Clearly grounds the inquiry in the Guinea-Bissau Strategic Framework and its tracking and monitoring mechanism, identifying the delegations accurately without using forbidden citation locators.\nconsequence: The continuous extract from paragraphs 36 and 37 directly supplies the stated priorities of both Canada (indicators vs. over-rigid benchmarks) and Egypt (rapid agreement on benchmarks and regional reporting), enabling a complete comparison.\nlexical_distance: Phrased naturally in the searcher's own syntax, retaining only essential substantive terms such as the mechanism name while avoiding mechanical copying of surrounding sentence structures.\nlinguistic_quality: Grammatically sound, precise, and natural English phrasing that clearly articulates the comparative aspect."", ""audit_reason"": ""No problems reported.""}]"
un,2008/s/res/1825_2008_,2008/s/res/1825_2008_#3,practitioner,development,0.69,True,0.55,True,0.55,31.0,25.0,False,FP,1,False,False,"[""q_a3b7266229b8530bc7aa19d3""]","[""For the United Nations Mission in Nepal (UNMIN) during Nepal's peace process, what did the Security Council decide about the mission's mandate?""]","[""to renew the mandate of UNMIN as established under resolution 1740 (2007) until 23 January 2009, taking into account the completion of some elements of the mandate, the ongoing work on the monitoring and the management of arms and armed personnel in line with the 25 June Agreement among the political parties, which will support the completion of the peace process""]","[""blocking""]","[{""faithfulness_reason"": ""The question directly asks what the Security Council decided regarding UNMIN's mandate, and the answer faithfully quotes the operative renewal decision from paragraph 1 of the target block. The span cleanly isolates the decision and its statutory considerations, and all dates, resolution citations, and agreement references are reproduced accurately."", ""quality_reason"": ""practitioner_realism: The query completely lacks a practitioner scenario, actor, or operational task, functioning purely as an uncontextualized reading-comprehension lookup.\nanchoring_and_time: Essential temporal and situational context is absent; UNMIN's mandate was established and renewed multiple times across several Security Council resolutions during the Nepal peace process, making this generic ask indistinguishable from other renewal decisions.\nconsequence: The quoted span provides the text of operative paragraph 1, but its practical evidential value is limited by the unanchored and unfocused nature of the prompt.\ninformativeness: The answer provides the full operative clause regarding the renewal date and considerations, though it captures a broad extract rather than addressing a targeted information need.\nlinguistic_quality: The phrasing is natural, grammatically correct, and standard in English."", ""audit_reason"": ""mode: The candidate is formulated as an abstract comprehension question without any practitioner persona, operational circumstance, or decision-making task required by the un_practitioners mode contract.""}]"
un,2008/s/res/1825_2008_,2008/s/res/1825_2008_#3,claim_verification,development,0.66,True,0.55,True,0.55,31.0,30.0,False,FP,1,False,False,"[""q_55768c7127e0f8f14a80dd0a""]","[""In resolution 1825 (2008), did the Security Council renew UNMIN's mandate until 23 January 2009?""]","[""1. Decides in line with the request from the Government of Nepal and the Secretary-General's recommendations, to renew the mandate of UNMIN as established under resolution 1740 (2007) until 23 January 2009, taking into account the completion of some elements of the mandate, the ongoing work on the monitoring and the management of arms and armed personnel in line with the 25 June Agreement among the political parties, which will support the completion of the peace process;""]","[""blocking""]","[{""faithfulness_reason"": ""The claim is fully supported by operative paragraph 1 of the target block, which explicitly records the Security Council's decision to renew UNMIN's mandate until 23 January 2009. The extracted span is continuous and accurate, and all numerical and date details are faithfully preserved."", ""quality_reason"": ""search_realism: The query frames a straightforward mandate-duration verification task, but relying directly on the resolution symbol in the prompt creates a slightly artificial, document-reading flavor.\nanchoring_and_time: Even setting aside the prohibited citation, the question identifies the actor (Security Council), the specific peacekeeping mission (UNMIN), and the exact mandate extension target date (23 January 2009).\nconsequence: Operative paragraph 1 directly resolves the proposed assertion by confirming the renewal of UNMIN's mandate until 23 January 2009.\nlexical_distance: The phrasing slightly condenses the operative clause ('renew UNMIN's mandate until 23 January 2009' vs 'renew the mandate of UNMIN... until 23 January 2009'), but closely tracks the source structure.\nlinguistic_quality: The sentence is grammatically fluent, clear, and well-punctuated."", ""audit_reason"": ""mode: The base question contains a prohibited formal target document citation ('resolution 1825 (2008)'), violating the standalone/locator policy for claim_verification.""}]"
un,2009/cedaw/c/sr_858_b_,2009/cedaw/c/sr_858_b_#22,lookup,validation,0.51,False,0.55,False,0.55,31.0,32.0,True,FN,3,False,True,"[""q_316fb837a16bf503c06c484e"", ""q_0c382828e9473cd42e34fd0a"", ""q_fda9caae1674fc705f9a98a3""]","[""What complaint figures did Ms. Natsagdolgor of Mongolia report in the Committee's 24 October 2008 summary record?"", ""What domestic-violence measures did Ms. Altangerel of Mongolia report in the Committee's 24 October 2008 summary record?"", ""What employment information did Ms. Natsagdolgor of Mongolia say the National Statistics Office published in its annual report in the Committee's 24 October 2008 summary record?""]","[""two complaints of human trafficking, three complaints of sexual harassment in the workplace and one complaint of discriminatory treatment had been filed since 2005; there was no record of any complaints prior to that year."", ""the Government campaigned widely against domestic violence in cooperation with the media and local communities.\n\nAn extensive programme for the perpetrators of violence was being implemented and an innovative programme for their rehabilitation through training, as an alternative to imprisonment, was being developed; women themselves favoured that measure."", ""employment data, including specific information on women""]","[""repair"", ""repair"", ""clear""]","[{""faithfulness_reason"": ""The response accurately identifies the complaint statistics reported by Ms. Natsagdolgor in paragraph 38, preserving the exact counts ('two', 'three', 'one') and the baseline year (2005)."", ""quality_reason"": ""practitioner_realism: Reflects a genuine practitioner lookup for official complaint statistics submitted by a state representative during treaty body reporting.\nanchoring: The base question identifies the speaker, country, committee context, and session date without using prohibited formal locators.\ninformativeness: The answer provides the exact breakdown of complaints filed since 2005 across the relevant categories.\nconsequence: Accurately and fully answers the figures requested by the prompt.\nlinguistic_quality: Clear, concise, and professional English phrasing across the question and cited variant."", ""audit_reason"": ""metadata: The anchor 'complaints of human trafficking' is completely absent from the question, which only asks generally for 'complaint figures'.""}, {""faithfulness_reason"": ""The answer accurately extracts Ms. Altangerel's statements on domestic-violence measures from paragraph 36 of the target block. Numerical fidelity not applicable; 4 is a compatibility value."", ""quality_reason"": ""practitioner_realism: Presents a realistic, direct search need asking about reported government measures regarding domestic violence from a committee meeting.\nanchoring: The base query clearly identifies the speaker, country, body, and exact meeting date without relying on document symbols or forbidden paragraph locators.\ninformativeness: Extracts the complete and relevant factual account of the anti-violence campaign and perpetrator rehabilitation programmes.\nconsequence: Directly resolves the specific inquiry regarding the reported domestic violence measures.\nlinguistic_quality: Natural, grammatically correct, and clear formulation in both question variants."", ""audit_reason"": ""metadata: The anchor 'domestic violence' does not match an exact substring in the question, which uses the hyphenated compound 'domestic-violence'.""}, {""faithfulness_reason"": ""The answer concisely provides the specific employment information reported by Ms. Natsagdolgor from paragraph 38. Numerical fidelity not applicable; 4 is a compatibility value."", ""quality_reason"": ""practitioner_realism: Poses a solid informational lookup regarding published statistical reporting on employment disaggregated for women.\nanchoring: Adequately fixes the institutional context, speaking delegation member, and meeting date, with a properly aligned cited version.\ninformativeness: Provides the exact span specifying that the published employment data includes specific information on women.\nconsequence: Resolves the information gap concerning the nature of data published by the National Statistics Office.\nlinguistic_quality: Well-constructed, readable, and grammatically sound query."", ""audit_reason"": ""No problems reported.""}]"
un,2009/cedaw/c/sr_858_b_,2009/cedaw/c/sr_858_b_#22,practitioner,validation,0.53,False,0.55,False,0.55,31.0,32.0,True,FN,3,False,True,"[""q_bf12aa280b0b3e8a330736e5"", ""q_e2a8ad7e61fb5b5b25fff1ee""]","[""A Mongolian delegation is preparing its reply to the CEDAW Committee. What minimum coverage did the Chairperson require?"", ""For a Mongolian briefing on measures against domestic violence, what did the Government report about its campaigns and programmes?""]","[""the delegation should reply to at least some of the questions raised by each expert"", ""the Government campaigned widely against domestic violence in cooperation with the media and local communities.\n\nAn extensive programme for the perpetrators of violence was being implemented and an innovative programme for their rehabilitation through training, as an alternative to imprisonment, was being developed; women themselves favoured that measure.""]","[""clear"", ""clear""]","[{""faithfulness_reason"": ""The answer accurately reflects paragraph 34 regarding the Chairperson's requirement for delegation replies. Precision is sound with no extraneous text. Numerical fidelity not applicable; 4 is a compatibility value."", ""quality_reason"": ""practitioner_realism: Presents a clear procedural scenario for a delegation team needing to know the Chair's instruction regarding the scope of responses.\nanchoring_and_time: Properly fixes the setting to the Mongolian delegation's dialogue before the CEDAW Committee without relying on formal document symbols.\nconsequence: Directly resolves the specific procedural standard mandated by the Chairperson for answering expert interventions.\ninformativeness: Provides an exact, concise statement of the Chairperson's required response threshold without extraneous text.\nlinguistic_quality: Grammatically sound, natural, and concise English formulation."", ""audit_reason"": ""No problems reported.""}, {""faithfulness_reason"": ""Paragraph 36 fully supports the details on domestic violence campaigns and perpetrator rehabilitation programmes. The extracted span is continuous and cleanly focused on the question. Numerical fidelity not applicable; 4 is a compatibility value."", ""quality_reason"": ""practitioner_realism: Reflects a realistic thematic briefing preparation on government programmes and campaign measures.\nanchoring_and_time: Identifies the national actor (Mongolian Government) and the specific substantive topic of domestic violence measures.\nconsequence: Directly resolves the inquiry regarding reported campaigns and rehabilitation programmes.\ninformativeness: Captures the continuous substantive block covering media/community campaigns and perpetrator rehabilitation programmes.\nlinguistic_quality: Well-formulated, clear, and professional query phrasing."", ""audit_reason"": ""No problems reported.""}]"
un,2009/cedaw/c/sr_858_b_,2009/cedaw/c/sr_858_b_#22,comparison,validation,0.29,False,0.55,False,0.55,31.0,32.0,True,FN,1,False,False,"[""q_bc030d7412cf0b3571c2d120""]","[""During Mongolia's review by the Committee on the Elimination of Discrimination against Women, how did the reported numbers of complaints of human trafficking and sexual harassment in the workplace compare since 2005?""]","[""38. Ms. Natsagdolgor (Mongolia) said that two complaints of human trafficking, three complaints of sexual harassment in the workplace and one complaint of discriminatory treatment had been filed since 2005; there was no record of any complaints prior to that year.""]","[""repair""]","[{""faithfulness_reason"": ""The candidate directly answers the comparison question using a fully supported continuous span from paragraph 38 of the target block. Both comparison entities and the comparative aspect are clearly established, the excerpt is appropriately contained, and all counts and dates are reproduced with complete accuracy."", ""quality_reason"": ""search_realism: Presents a realistic, well-motivated comparative query investigating reported complaint volumes across two specific categories during a state reporting review.\nanchoring_and_time: Properly anchors the context to Mongolia's review before the Committee on the Elimination of Discrimination against Women and specifies the temporal boundary (since 2005) without relying on forbidden locators.\nconsequence: The selected quotation directly and completely resolves the comparison, providing the exact figures for both human trafficking (two) and workplace sexual harassment (three).\nlexical_distance: Formulates a natural comparative question that appropriately incorporates necessary domain terminology while avoiding verbatim copying of the source paragraph's syntax.\nlinguistic_quality: Grammatically sound, clear, and fluent sentence construction."", ""audit_reason"": ""metadata: comparison_entities[1] ('complaints of sexual harassment in the workplace') is not an exact substring of the question, which phrases the conjunction as 'complaints of human trafficking and sexual harassment in the workplace'.""}]"
un,2009/cedaw/c/sr_858_b_,2009/cedaw/c/sr_858_b_#22,source_finding,validation,0.53,False,0.55,False,0.55,31.0,32.0,True,FN,2,False,True,"[""q_55301d194d32ea89a75d019e"", ""q_158120b41808732c6e824733""]","[""Which CEDAW summary record contains the Mongolian delegation's statement that an extensive programme for perpetrators of domestic violence was being implemented and that rehabilitation through training was being developed as an alternative to imprisonment?"", ""Which CEDAW summary record contains the Mongolian delegation's report of complaints of human trafficking, sexual harassment in the workplace and discriminatory treatment filed since 2005?""]","[""CEDAW/C/SR(858.B)"", ""CEDAW/C/SR(858.B)""]","[""clear"", ""clear""]","[{""faithfulness_reason"": ""The question's clue regarding the Mongolian delegation's statement on rehabilitation through training as an alternative to imprisonment is fully verified by the cited evidence span, and the official document symbol matches the target block metadata."", ""quality_reason"": ""search_realism: Presents a realistic, well-formulated practitioner search need seeking the summary record containing a specific policy statement by the Mongolian delegation.\nanchoring_and_time: Effectively anchors the query to the Mongolian delegation under CEDAW review and specifies the detailed substantive programmes without relying on forbidden locators.\nconsequence: The submitted document symbol and supporting excerpt directly and completely resolve the search clue.\nlexical_distance: Successfully integrates the necessary terminology into a fluent, naturally rephrased search query.\nlinguistic_quality: Grammatically sound, clear, and well-structured English phrasing throughout."", ""audit_reason"": ""No problems reported.""}, {""faithfulness_reason"": ""The clue concerning complaints of trafficking, sexual harassment, and discrimination since 2005 is fully grounded in the target body text, and both the year 2005 and the document symbol are accurately preserved."", ""quality_reason"": ""search_realism: Reflects a plausible and standard legal research goal to locate the primary record documenting statistical reporting on complaints.\nanchoring_and_time: Appropriately anchors the query using the forum, country delegation, categories of complaints, and the post-2005 timeframe.\nconsequence: The identified summary record and corresponding evidence span fully substantiate the clue in the question.\nlexical_distance: Converts the target sentence into a smooth query without unnecessary verbatim copying.\nlinguistic_quality: Accurate, natural, and concise query formulation."", ""audit_reason"": ""No problems reported.""}]"
un,2009/cedaw/c/sr_877,2009/cedaw/c/sr_877#19,practitioner,development,0.51,False,0.55,False,0.55,31.0,32.0,True,FN,3,False,True,"[""q_145019bc378301f2c6afb77e"", ""q_7f135b20a091a51f73bd05b3"", ""q_594b49f057a0674655a6d152""]","[""A Cameroonian health worker needs to explain the stated exceptions to the Penal Code prohibition on abortion. In which circumstances did Cameroon say abortion was permitted?"", ""A Cameroon reporting team planning its next labour section needs to know when statistics on workers in the private and informal sectors would be available. What did Cameroon say?"", ""A Cameroonian legal adviser briefing women on property claims after divorce needs to assess whether liquidation was completed when a judge had designated a notary. What did the report say?""]","[""Abortion was permitted in the case of rape or when the life of the mother was in danger."", ""would be available in the near future."", ""it did not always take place.""]","[""clear"", ""clear"", ""clear""]","[{""faithfulness_reason"": ""The answer reproduces the exact sentence from paragraph 45 setting out the two statutory exceptions where abortion is permitted. Precision is well-bounded, and numerical fidelity is not applicable; 4 is a compatibility value."", ""quality_reason"": ""practitioner_realism: Establishes a practical healthcare counselling task concerning statutory exceptions to a criminal prohibition.\nanchoring_and_time: Accurately anchors to Cameroon's Penal Code provisions on abortion without using prohibited structural references.\nconsequence: Completely resolves both statutory grounds under which abortion is legally permitted.\ninformativeness: Extracts the exact full sentence specifying both conditions (rape and threat to the life of the mother).\nlinguistic_quality: Clear, precise, and idiomatic phrasing throughout."", ""audit_reason"": ""No problems reported.""}, {""faithfulness_reason"": ""The answer accurately reproduces the timeframe stated in paragraph 46 of the target block regarding statistics on workers in the private and informal sectors. Precision is appropriate, and numerical fidelity is not applicable; 4 is a compatibility value."", ""quality_reason"": ""practitioner_realism: Presents a credible administrative task involving a national reporting team preparing draft sections on labour statistics.\nanchoring_and_time: Appropriately anchors the issue to Cameroon and the specific subject of private and informal sector labour statistics without prohibited target locators.\nconsequence: Directly provides the timeline stated by the State party for the availability of the requested data.\ninformativeness: The extracted verbal phrase concisely delivers the exact timeframe specified in paragraph 46.\nlinguistic_quality: Grammatically sound, clear, and natural English formulation."", ""audit_reason"": ""No problems reported.""}, {""faithfulness_reason"": ""The answer directly provides the exact outcome from the target text concerning liquidation when a judge designated a notary. Precision is concise, and numerical fidelity is not applicable; 4 is a compatibility value."", ""quality_reason"": ""practitioner_realism: Poses a realistic legal advisory need regarding post-divorce liquidation practicalities.\nanchoring_and_time: Clearly anchors the scenario to Cameroonian divorce proceedings and judicial designation of a notary.\nconsequence: Resolves whether the liquidation procedure was reliably carried out in practice according to the record.\ninformativeness: Supplies the exact finding from the text on whether designated liquidations actually occurred.\nlinguistic_quality: Fluent, professional legal phrasing with seamless cohesion between question and extract."", ""audit_reason"": ""No problems reported.""}]"
un,2009/cedaw/c/sr_877,2009/cedaw/c/sr_877#19,claim_verification,development,0.62,True,0.55,True,0.55,31.0,31.0,False,FP,1,False,False,"[""q_d89dd16b2822c4c922a2471a""]","[""In the CEDAW review of Cameroon's combined second and third periodic report, did the reported exceptions to article 337 permit abortion in cases of rape or when the mother's life was in danger?""]","[""45. Although article 337 of the Penal Code prohibited abortion, there were exceptions which covered the cases referred to.\nAbortion was permitted in the case of rape or when the life of the mother was in danger.""]","[""clear""]","[{""faithfulness_reason"": ""The claim is fully supported by paragraph 45 of the target text, which confirms that exceptions to article 337 of the Penal Code permitted abortion in cases of rape or when the mother's life was in danger. The extracted contiguous span is concise and directly resolves the claim, and article number 337 is accurately reproduced."", ""quality_reason"": ""search_realism: Presents a realistic legal research inquiry checking reported statutory exceptions for abortion under Cameroon's penal framework during treaty body consideration.\nanchoring_and_time: Effectively anchors the query to Cameroon's dialogue before CEDAW on its combined second and third periodic report.\nconsequence: The provided target block excerpt directly and conclusively establishes that abortion was permitted under exceptions in cases of rape or maternal danger.\nlexical_distance: The query closely tracks the target text's phrasing ('in cases of rape or when the mother's life was in danger' vs. 'in the case of rape or when the life of the mother was in danger') inside a standard interrogative wrapper, representing serviceable lexical distance.\nlinguistic_quality: Grammatically sound, clear, and well-structured legal English formulation."", ""audit_reason"": ""No problems reported.""}]"
un,2009/cedaw/c/sr_877,2009/cedaw/c/sr_877#19,source_finding,development,0.54,False,0.55,False,0.55,31.0,32.0,True,FN,1,False,True,"[""q_6eb52faae44685f6006ad6f7""]","[""Which CEDAW Committee record contains Cameroon's statement, during the review of its combined second and third periodic report, that article 337 of the Penal Code prohibited abortion but allowed exceptions for rape or danger to the mother's life?""]","[""CEDAW/C/SR.877""]","[""clear""]","[{""faithfulness_reason"": ""The source-finding question correctly identifies the official document symbol CEDAW/C/SR.877 from metadata, and all material parts of the clue regarding article 337 of the Penal Code and exceptions for abortion are fully supported by an exact, contiguous evidence span from the target block. All identifiers and article numbers are accurately preserved."", ""quality_reason"": ""search_realism: Presents a realistic research query seeking the specific UN treaty body summary record where a State party clarified its penal code provisions on abortion.\nanchoring_and_time: Effectively anchors the query to Cameroon's presentation during the consideration of its combined second and third periodic reports before the CEDAW Committee without leaking the target symbol.\nconsequence: The provided document symbol correctly identifies the source, and the selected contiguous body passage completely supports the clue.\nlexical_distance: Naturally reformulates the statements in paragraph 45 of the summary record into a fluent subordinate clause.\nlinguistic_quality: Grammatically sound, clear, and well-structured legal English."", ""audit_reason"": ""No problems reported.""}]"
un,2009/s/res/1900_2009_,2009/s/res/1900_2009_#2,conceptual,validation,0.64,True,0.55,True,0.55,31.0,25.0,False,FP,2,False,False,"[""q_d5ed9f51bdfcd13b4f6a7e7a"", ""q_a7b02b62f85068e70023fab3""]","[""What exception did Resolution 1900 (2009) make for Judges Kimberley Prost and Ole Bjørn Støle after their terms of office expired?"", ""What scheduling information did the Security Council seek before extending or redeploying International Tribunal judges in Resolution 1900 (2009)?""]","[""Decides that, notwithstanding the expiry of their terms of office on 31 December 2009, Judges Kimberley Prost (Canada) and Ole Bjørn Støle (Norway) complete the Popović case which they began before the expiry of their terms of office; and takes note of the intention of the International Tribunal to complete the case before the end of March 2010;"", ""Underlines its intention to extend, by 30 June 2010, the terms of office of all trial judges at the International Tribunal based on the Tribunal's projected trial schedule and the terms of office of all appeals judges until 31 December 2012, or until the completion of the cases to which they are assigned if sooner, and requests the President of the International Tribunal to submit to the Council an updated trial and appeals schedule, including information on the judges whose extension of the terms of office or redeployment to the Appeals Chamber will be sought;""]","[""blocking"", ""blocking""]","[{""faithfulness_reason"": ""The substantive exception allowing Judges Prost and Støle to complete the Popović case notwithstanding the expiry of their terms is accurately captured from paragraph 2, with dates and names preserved faithfully."", ""quality_reason"": ""search_realism: Presents a direct document-comprehension lookup asking what a specific cited resolution decided, rather than an organic thematic research query.\nanchoring_and_time: The question uses the target instrument citation 'Resolution 1900 (2009)' as its grammatical subject. Disregarding this prohibited locator leaves the query without an adopting authority or temporal boundary, triggering the ceiling of 2.\nconsequence: The answer provides the relevant decision permitting the named judges to complete the Popović case, but extracts the entire operative paragraph including subsequent commentary on expected completion timing.\nlexical_distance: Copies the specific judge names and expiry phrasing closely from the source text with minimal structural reformulation.\nlinguistic_quality: Serviceable, though placing 'after their terms of office expired' at the end of the query creates minor temporal ambiguity regarding whether the adoption or the exception occurred after expiry."", ""audit_reason"": ""mode: The base question contains a prohibited formal target document citation ('Resolution 1900 (2009)'), violating the standalone locator policy.""}, {""faithfulness_reason"": ""The information sought by the Council is fully grounded in paragraph 1. However, precision is reduced to 3 because the excerpt retains a long, easily removable preceding clause regarding the Council's intention to extend terms of office rather than isolating the requested submission clause."", ""quality_reason"": ""search_realism: Formulated as a document-reading comprehension test rather than an authentic practitioner query, relying on an explicit reference to the target resolution.\nanchoring_and_time: Relies directly on the prohibited resolution locator 'Resolution 1900 (2009)' to establish context. Stripping that locator leaves only 'Security Council' and the generic 'International Tribunal judges' without any temporal anchor or specific tribunal identification, triggering the mandatory ceiling of 2.\nconsequence: The submitted answer resolves the question by identifying the updated schedule and judge information requested, but it includes an unnecessary full-sentence prefix detailing the Council's extension intentions for trial and appeals judges.\nlexical_distance: Rephrases the core request adequately, though it retains close structural ties to the source clause.\nlinguistic_quality: Grammatically sound, fluent, and clearly phrased English."", ""audit_reason"": ""mode: The base question contains a prohibited formal target document citation ('Resolution 1900 (2009)'), violating the standalone locator policy.""}]"
un,2009/s/res/1900_2009_,2009/s/res/1900_2009_#2,claim_verification,validation,0.69,True,0.55,True,0.55,31.0,30.0,False,FP,2,False,False,"[""q_ed374219abd9269081771f4b""]","[""Did Security Council resolution 1900 (2009) decide that Judges Kimberley Prost and Ole Bjørn Støle could complete the Popović case despite the expiry of their terms of office?""]","[""2. Decides that, notwithstanding the expiry of their terms of office on 31 December 2009, Judges Kimberley Prost (Canada) and Ole Bjørn Støle (Norway) complete the Popović case which they began before the expiry of their terms of office; and takes note of the intention of the International Tribunal to complete the case before the end of March 2010;""]","[""blocking""]","[{""faithfulness_reason"": ""The claim accurately reflects operative paragraph 2 of resolution 1900 (2009), which decides that Judges Prost and Støle may complete the Popović case notwithstanding the expiry of their terms of office. The extracted paragraph directly supports the supported verdict with accurate date preservation."", ""quality_reason"": ""search_realism: The verification need tests a specific exception for individual judges completing an ongoing trial, but framing it directly around the formal resolution number gives it a document-reading focus.\nanchoring_and_time: Ignoring the prohibited formal citation, the mention of Judges Kimberley Prost, Ole Bjørn Støle, and the Popović case provides recognizable context, though the specific institutional body and year rely on the citation.\nconsequence: The selected answer fully and accurately confirms the Council's decision authorizing the named judges to complete the Popović case notwithstanding the expiry of their terms of office.\nlexical_distance: Successfully rephrases 'notwithstanding the expiry of their terms of office' to 'despite the expiry of their terms of office' and adjusts the syntax into a natural interrogative check.\nlinguistic_quality: Grammatically sound, well-structured, and clear English phrasing."", ""audit_reason"": ""mode: Prohibited formal target document citation 'Security Council resolution 1900 (2009)' is included in the base question, violating the standalone locator policy.""}]"
un,2009/s/res/1900_2009_,2009/s/res/1900_2009_#2,source_finding,validation,0.58,True,0.55,True,0.55,31.0,27.0,False,FP,1,False,False,"[""q_970d5876f2eec70d405cf926""]","[""Which Security Council resolution extended the terms of office of judges at the International Tribunal and allowed Judges Kimberley Prost and Ole Bjørn Støle to complete the Popović case?""]","[""S/RES/1900(2009)""]","[""blocking""]","[{""faithfulness_reason"": ""The clue asserts that the resolution extended the terms of office of judges, whereas paragraph 1 only '[u]nderlines its intention to extend' those terms. Confusing an intention to extend with an adopted extension is a material action/status defect. Precision is 4 as the evidence is a contiguous span covering both referenced provisions, and numerical fidelity is 4 for exact citation of the document identifier."", ""quality_reason"": ""search_realism: Plausible formulation of a resolution lookup, but weakened by incorporating an inaccurate legal premise regarding the action taken by the Council.\nanchoring_and_time: The question provides specific contextual anchors including the named judges, the Popović case, and the International Tribunal.\nconsequence: Capped at 2 due to a support failure in the clue: operative paragraph 1 only underlines the Council's intention to extend the terms of office by a future date rather than actually enacting the extension.\nlexical_distance: Adequately reframes the source text into an interrogative query without excessive copying of nonessential scaffolding.\nlinguistic_quality: Grammatically sound, clear, and well-formed English sentence structure."", ""audit_reason"": ""support: Operative paragraph 1 only underlines the Council's intention to extend the terms of office ('Underlines its intention to extend, by 30 June 2010, the terms of office...'), rather than actually extending them; an expression of future intention does not support the factual premise in the question that the resolution extended judges' terms of office.""}]"
un,2010/a/hrc/res/14/9,2010/a/hrc/res/14/9#2,lookup,development,0.57,True,0.55,True,0.55,31.0,31.0,False,FP,3,False,False,"[""q_b1c066062ff73a8e5523cccf"", ""q_03ed092ac2a194cfb3e1037b"", ""q_0ac4ebdc8f4734119dd218fd""]","[""In the Human Rights Council resolution on cultural rights and cultural diversity, what status did the Council reaffirm for cultural rights?"", ""What limitation did the Human Rights Council reaffirm on invoking cultural diversity in its resolution on cultural rights and cultural diversity?"", ""What right did the Human Rights Council recognize in its resolution on cultural rights and cultural diversity?""]","[""cultural rights are an integral part of human rights, which are universal, indivisible, interrelated and interdependent"", ""no one may invoke cultural diversity to infringe upon human rights guaranteed by international law, nor to limit their scope"", ""the right of everyone to take part in cultural life and to enjoy the benefits of scientific progress and its applications""]","[""clear"", ""clear"", ""repair""]","[{""faithfulness_reason"": ""The answer directly reflects operative paragraph 1 of the resolution, accurately describing the reaffirmed status of cultural rights. Precision is strong with an exact continuous span. Numerical fidelity not applicable; 4 is a compatibility value."", ""quality_reason"": ""practitioner_realism: Reflects a genuine, standard professional inquiry seeking the Council's characterization of cultural rights within the human rights framework.\nanchoring: Identifies the issuing body and subject matter clearly, but omits a temporal marker or session number to distinguish this resolution from other iterations on the same theme.\ninformativeness: Directly and fully provides the substantive status established in paragraph 1 without excess or omission.\nconsequence: Accurately resolves the status of cultural rights as integral, universal, indivisible, interrelated, and interdependent.\nlinguistic_quality: Clear, fluent, and precise English phrasing."", ""audit_reason"": ""No problems reported.""}, {""faithfulness_reason"": ""The substantive limitation on invoking cultural diversity is accurately grounded in operative paragraph 4, despite the slight question-verb variation between 'reaffirm' and 'recalls'. The span is precise and continuous. Numerical fidelity not applicable; 4 is a compatibility value."", ""quality_reason"": ""practitioner_realism: Presents a clear legal research need regarding limitations placed on invoking cultural diversity against guaranteed human rights.\nanchoring: Clearly identifies the body and the topic, though lacking a session/date to distinguish between annual resolutions.\ninformativeness: The extracted span captures the exact limitation recalled in operative paragraph 4.\nconsequence: Directly resolves the specific constraint that cultural diversity may not be invoked to infringe upon or limit human rights.\nlinguistic_quality: Fluent and well-structured, though using 'reaffirm' where the source text operative verb is 'Recalls'."", ""audit_reason"": ""No problems reported.""}, {""faithfulness_reason"": ""The answer accurately provides the specific rights recognized in operative paragraph 2. The quotation is concise and continuous without unnecessary text. Numerical fidelity not applicable; 4 is a compatibility value."", ""quality_reason"": ""practitioner_realism: A standard professional information lookup concerning recognized rights in the target instrument.\nanchoring: Supplies the body and topic, but lacks a year or session discriminator.\ninformativeness: Accurately extracts the full right recognized in operative paragraph 2.\nconsequence: Fully resolves the inquiry regarding the recognized right to take part in cultural life and scientific progress.\nlinguistic_quality: Natural and grammatically sound question formulation."", ""audit_reason"": ""metadata: The declared anchor 'right of everyone to take part in cultural life' does not appear in either the base question or the cited question (it appears only in the answer span).""}]"
un,2010/a/hrc/res/14/9,2010/a/hrc/res/14/9#2,claim_verification,development,0.58,True,0.55,True,0.55,31.0,31.0,False,FP,2,False,False,"[""q_e63f258833d85669b0bd0ff2""]","[""In its resolution on the promotion and protection of cultural rights, did the Human Rights Council state that cultural diversity cannot be invoked to infringe human rights guaranteed by international law?""]","[""4. Recalls that, as expressed in the Universal Declaration on Cultural Diversity, no one may invoke cultural diversity to infringe upon human rights guaranteed by international law, nor to limit their scope;""]","[""clear""]","[{""faithfulness_reason"": ""The claim that cultural diversity cannot be invoked to infringe human rights is fully supported by operative paragraph 4, and the claim status is correctly identified as supported. Precision is concise and captures the full operative provision. Numerical fidelity not applicable; 4 is a compatibility value."", ""quality_reason"": ""search_realism: A realistic retrieval scenario verifying whether international human rights law sets an explicit boundary against invoking cultural diversity.\nanchoring_and_time: Mentions the Human Rights Council and the substantive theme, though it provides no temporal or session discriminator to narrow the specific resolution.\nconsequence: Operative paragraph 4 directly confirms the prohibition against invoking cultural diversity to infringe upon guaranteed human rights.\nlexical_distance: Competently reformulates the active formulation 'no one may invoke cultural diversity to infringe upon' into a natural passive modal phrasing.\nlinguistic_quality: Clean, precise, and idiomatic phrasing with no grammatical flaws."", ""audit_reason"": ""No problems reported.""}]"
un,2010/a/hrc/res/14/9,2010/a/hrc/res/14/9#2,source_finding,development,0.54,False,0.55,False,0.55,31.0,32.0,True,FN,1,False,True,"[""q_743b72c4b0deedea60b6184f""]","[""Which Human Rights Council resolution states that cultural diversity may not be invoked to infringe human rights guaranteed by international law?""]","[""A/HRC/RES/14/9""]","[""clear""]","[{""faithfulness_reason"": ""The source-finding clue is directly and fully supported by operative paragraph 4 of the target block, and the document symbol A/HRC/RES/14/9 is correctly identified from the document context and metadata. The extracted evidence span is appropriately delimited."", ""quality_reason"": ""search_realism: Reflects a practical legal research scenario where a practitioner seeks the specific Human Rights Council resolution reaffirming a core human rights limit on cultural diversity.\nanchoring_and_time: Properly anchors the adopting body (Human Rights Council) and the substantive principle without relying on prohibited formal citations.\nconsequence: The provided resolution symbol and supporting paragraph cleanly and completely resolve the target information need.\nlexical_distance: Smoothly integrates the source's passive/active phrasing ('cultural diversity may not be invoked to infringe' vs. 'no one may invoke cultural diversity to infringe upon') without copying nonessential scaffolding.\nlinguistic_quality: Clear, fluent, and standard legal English question with no grammatical or syntactic flaws."", ""audit_reason"": ""No problems reported.""}]"
un,2010/s/res/1912_2010_,2010/s/res/1912_2010_#2,lookup,development,0.47,False,0.55,False,0.55,31.0,32.0,True,FN,3,False,True,"[""q_2137ce9be69d4882a0a83db4"", ""q_6b5849bb629215c86694eda8""]","[""What role did the Security Council support for the international security forces in its 2010 resolution on Timor-Leste?"", ""Which areas of assistance did the Security Council particularly recognize from Timor-Leste's bilateral and multilateral partners in its 2010 resolution on Timor-Leste?""]","[""the role of the international security forces in assisting the Government of Timor-Leste and UNMIT, in the maintenance of law and stability, in response to the requests of the Government of Timor-Leste"", ""human resource development, institutional capacity-building and social and economic development""]","[""clear"", ""clear""]","[{""faithfulness_reason"": ""The answer provides a fully supported, verbatim contiguous span from the target text establishing the role supported by the Council. Numerical fidelity not applicable; 4 is a compatibility value."", ""quality_reason"": ""practitioner_realism: Presents a direct, natural professional information inquiry concerning the Security Council's stated mandate role for international security forces in Timor-Leste.\nanchoring: The base query clearly identifies the body (Security Council), topic (international security forces in Timor-Leste), and year (2010) without relying on forbidden locators.\ninformativeness: Extracts the exact full description of the supported role from the resolution, fully resolving the unknown.\nconsequence: Directly resolves the specific assistance scope endorsed by the Council, including the conditions regarding host-government requests.\nlinguistic_quality: Grammatically sound, clear, and natural legal phrasing in both base and cited versions."", ""audit_reason"": ""No problems reported.""}, {""faithfulness_reason"": ""The response accurately and concisely extracts the specific areas of partner assistance highlighted in the target text. Numerical fidelity not applicable; 4 is a compatibility value."", ""quality_reason"": ""practitioner_realism: Reflects a genuine lookup need regarding the highlighted thematic priorities for international partner assistance.\nanchoring: Properly anchored to the 2010 Security Council resolution on Timor-Leste and the bilateral/multilateral partner context.\ninformativeness: Provides the exact, complete list of targeted assistance areas with clean boundaries and no extraneous clutter.\nconsequence: Directly and fully resolves the requested assistance areas recognized by the Council.\nlinguistic_quality: Well-formulated, concise, and natural English phrasing across both question renderings."", ""audit_reason"": ""No problems reported.""}]"
un,2010/s/res/1912_2010_,2010/s/res/1912_2010_#2,conceptual,development,0.6,True,0.55,True,0.55,31.0,28.0,False,FP,1,False,False,"[""q_7787a38746157aaf179befb6""]","[""How did Resolution 1912 (2010) characterize the relationship between poverty and its associated deprivations and Timor-Leste’s political and institutional challenges?""]","[""Recalling that while the manifestations of the current challenges in Timor-Leste are political and institutional in nature, poverty and its associated deprivations also contribute to these challenges,""]","[""blocking""]","[{""faithfulness_reason"": ""The extracted clause accurately and directly answers the question regarding the relationship between poverty and institutional/political challenges as stated in the preamble. Precision is well-bounded to the relevant clause without extraneous trailing text. Numerical fidelity not applicable; 4 is a compatibility value."", ""quality_reason"": ""search_realism: The query uses explicit document-comprehension phrasing ('How did Resolution 1912 (2010) characterize...') rather than a practitioner's conceptual information need.\nanchoring_and_time: Ignoring the prohibited formal citation, the remaining context ('Timor-Leste’s political and institutional challenges') lacks a specific temporal anchor to distinguish this phase of the UNMIT mandate from earlier or later periods.\nconsequence: The continuous extract directly and completely answers the question by providing the Council's characterization that poverty and deprivations contribute to challenges whose manifestations are political and institutional.\nlexical_distance: The query reuses several key phrases directly from the source clause ('poverty and its associated deprivations', 'political and institutional challenges'), resulting in noticeable source-shaped phrasing.\nlinguistic_quality: The sentence is grammatically correct, fluent, and clearly formulated."", ""audit_reason"": ""mode: The base question contains a prohibited formal target document locator ('Resolution 1912 (2010)'), violating the standalone locator policy.""}]"
un,2010/s/res/1912_2010_,2010/s/res/1912_2010_#2,claim_verification,development,0.58,True,0.55,True,0.55,31.0,28.0,False,FP,1,False,False,"[""q_d3b1db4ccb01ddd38e3f216e""]","[""In Resolution 1912 (2010), did the Security Council express full support for the role of international security forces in assisting the Government of Timor-Leste and UNMIT with maintaining law and stability?""]","[""Expressing its full support for the role of the international security forces in assisting the Government of Timor-Leste and UNMIT, in the maintenance of law and stability, in response to the requests of the Government of Timor-Leste,""]","[""blocking""]","[{""faithfulness_reason"": ""The claim is fully supported by the target preambular paragraph, confirming the Security Council's expression of full support for the international security forces. The extracted span is exactly contiguous and concise, and citational details are accurately preserved."", ""quality_reason"": ""search_realism: The query frames a plausible verification task concerning the Security Council's position on international security forces in Timor-Leste, but the phrasing is largely a mechanical true/false check built around a specific document citation.\nanchoring_and_time: Ignoring the prohibited formal document title 'Resolution 1912 (2010)', the substantive actors (Security Council, Government of Timor-Leste, UNMIT) identify the mission context, though the specific time period relies entirely on the excluded locator.\nconsequence: The submitted preambular clause fully and directly resolves the claim, confirming the Security Council's expression of full support.\nlexical_distance: The question is a near-verbatim copy of the source scaffolding ('express full support for the role of international security forces in assisting the Government of Timor-Leste and UNMIT with maintaining law and stability' directly tracks 'Expressing its full support for the role of the international security forces in assisting the Government of Timor-Leste and UNMIT, in the maintenance of law and stability') with minimal syntactic rearrangement.\nlinguistic_quality: Grammatically sound, clear, and well-punctuated English."", ""audit_reason"": ""mode: Prohibited formal target document identifier 'Resolution 1912 (2010)' is included in the claim_verification question text.""}]"
un,2011/a/66/613,2011/a/66/613#3,lookup,validation,0.48,False,0.55,False,0.55,31.0,32.0,True,FN,2,False,True,"[""q_92c0f0db8b07ac8de6b95a40"", ""q_864b268b1ab5242703627d4b""]","[""What annual CERF funding target did the Advisory Group commend efforts to reach in the Secretary-General's 13 December 2011 letter on the Fund?"", ""What concern and need did the Advisory Group identify regarding reporting by resident coordinators/humanitarian coordinators on country-level results in the Secretary-General's 13 December 2011 letter on the Fund?""]","[""the target of US$ 450 million in annual funding"", ""The Group expressed concern for the overall quality of reporting by resident coordinators/humanitarian coordinators on country-level results, and stressed the need to move towards improved measurement of outcome.""]","[""clear"", ""clear""]","[{""faithfulness_reason"": ""The answer accurately extracts the specific annual funding target mentioned in paragraph 8 of the target block. Numerical fidelity is fully accurate with the exact currency, amount, and annual period preserved."", ""quality_reason"": ""practitioner_realism: Presents a direct, natural professional search query regarding a specific financial target commended in an official UN oversight note.\nanchoring: The base question clearly identifies the document type, author, date, body, and subject matter without relying on prohibited symbols or locators.\ninformativeness: Directly extracts the exact funding target figure without extraneous narrative or missing modifiers.\nconsequence: Fully resolves the unknown quantity requested by the user from the target block.\nlinguistic_quality: Grammatically sound, concise, and natural English phrasing across both query formulations."", ""audit_reason"": ""No problems reported.""}, {""faithfulness_reason"": ""The answer provides the exact continuous sentence from paragraph 10 identifying both the Advisory Group's concern and the stressed need. Numerical fidelity not applicable; 4 is a compatibility value."", ""quality_reason"": ""practitioner_realism: Reflects a genuine policy and reporting oversight inquiry regarding resident/humanitarian coordinator performance.\nanchoring: Adequately fixes the document context via the Secretary-General's 13 December 2011 letter and the specific body whose deliberations are recorded.\ninformativeness: The extracted sentence provides both elements requested in the prompt—the concern and the identified need—without unnecessary padding.\nconsequence: Effectively resolves the stated policy finding regarding country-level outcome measurement.\nlinguistic_quality: Clear, fluent, and well-structured question and cited pair."", ""audit_reason"": ""No problems reported.""}]"
un,2011/a/66/613,2011/a/66/613#3,claim_verification,validation,0.62,True,0.55,True,0.55,31.0,29.0,False,FP,1,False,False,"[""q_8b5555216b16763741bdeb64""]","[""At its October 2011 meeting concerning the Central Emergency Response Fund (CERF), did the Advisory Group agree to revisit and continue monitoring implementation of the management response plan at subsequent meetings?""]","[""7. The Advisory Group agreed to revisit and continue monitoring the progress of implementation of the management response plan at its subsequent meetings.""]","[""repair""]","[{""faithfulness_reason"": ""The claim is fully supported by paragraph 7 of the target block, with the October 2011 meeting context resolved by the document context. The extracted sentence is concise, complete, and retains the correct paragraph numbering without defect."", ""quality_reason"": ""search_realism: The verification need is serviceable and plausible for an oversight monitor, but noticeably constructed around the specific phrasing of paragraph 7.\nanchoring_and_time: Solid contextual framing that accurately specifies the October 2011 session, the Central Emergency Response Fund (CERF), and the Advisory Group without using prohibited citations.\nconsequence: The target excerpt directly and fully confirms the queried commitment to revisit and monitor the management response plan at subsequent meetings.\nlexical_distance: The query relies on a thin interrogative wrapper around a near-verbatim 14-word excerpt from the target sentence ('agree to revisit and continue monitoring implementation of the management response plan at subsequent meetings'), retaining avoidable source-shaped phrasing rather than reformulating.\nlinguistic_quality: Grammatically correct, clear, and well-punctuated English prose."", ""audit_reason"": ""metadata: The declared anchor 'monitoring the progress of implementation of the management response plan' does not appear as an exact substring in the question, which omits 'the progress of' ('monitoring implementation of the management response plan').""}]"
un,2011/a/66/613,2011/a/66/613#3,source_finding,validation,0.49,False,0.55,False,0.55,31.0,32.0,True,FN,1,False,True,"[""q_2ca626e45c01c230c8e3db24""]","[""Which United Nations document records the Advisory Group of the Central Emergency Response Fund's concern about the quality of country-level results reporting and its call for improved outcome measurement?""]","[""A/66/613""]","[""clear""]","[{""faithfulness_reason"": ""The source-finding question accurately reflects the material elements in paragraph 10 of the target body, the evidence span is contiguous and fully supports the clue, and the official document symbol A/66/613 is correctly identified."", ""quality_reason"": ""search_realism: The query reflects a realistic practitioner search seeking the specific UN document recording an advisory body's policy observations and recommendations.\nanchoring_and_time: The entity (Advisory Group of the Central Emergency Response Fund) and the substantive focus (country-level results reporting and outcome measurement) are clearly and adequately specified without leaking the target identifier.\nconsequence: The target document symbol A/66/613 and the selected evidence directly and accurately satisfy every element of the clue.\nlexical_distance: Nicely reformulates the source phrase ('stressed the need to move towards improved measurement of outcome' into 'its call for improved outcome measurement') while preserving necessary institutional terms.\nlinguistic_quality: Clean, grammatically sound, and natural phrasing throughout."", ""audit_reason"": ""No problems reported.""}]"
un,2011/a/res/64/155,2011/a/res/64/155#6,practitioner,development,0.61,True,0.55,True,0.55,31.0,28.0,False,FP,2,False,False,"[""q_8015836fc7a4df6c3362d69d"", ""q_98187e21afb3eacfbe1a8084""]","[""A United Nations electoral assistance team is planning support for a requesting Member State throughout its electoral cycle under General Assembly resolution 64/155. What does the resolution recommend about the timing, basis and purpose of that support?"", ""Organizations cooperating with United Nations electoral assistance efforts are coordinating their support and reporting on electoral processes under General Assembly resolution 64/155. What does the resolution encourage those organizations to do?""]","[""throughout the time span of the entire electoral cycle, including before and after elections, as appropriate, based on a needs assessment and in accordance with the evolving needs of requesting Member States, bearing in mind sustainability and costeffectiveness, the United Nations continue to provide technical advice and other assistance to requesting States and electoral institutions in order to help to strengthen their democratic processes"", ""encourages those organizations to share knowledge and experience in order to promote best practices in the assistance they provide and in their reporting on electoral processes""]","[""blocking"", ""blocking""]","[{""faithfulness_reason"": ""The candidate addresses the recommendation in paragraph 6 regarding timing, basis, and purpose for UN electoral assistance to requesting States. The extracted continuous span precisely answers all three asked aspects without unnecessary excess. Numerical fidelity not applicable; 4 is a compatibility value."", ""quality_reason"": ""practitioner_realism: The framing opens with a scenario wrapper ('A United Nations electoral assistance team is planning support...'), but immediately collapses into a document-reading comprehension query ('What does the resolution recommend...').\nanchoring_and_time: The question relies on the prohibited resolution locator ('General Assembly resolution 64/155'); once that citation is disregarded, there is no regime, session, or temporal anchor identifying which resolution is being referenced.\nconsequence: The extracted span accurately and fully provides the operative recommendation detailing the timing, basis, and purpose of United Nations electoral assistance.\ninformativeness: The excerpt directly supplies the required operative parameters without extraneous padding.\nlinguistic_quality: Fluent, grammatical, and well-phrased English with clean syntax."", ""audit_reason"": ""mode: The question contains a prohibited formal resolution locator ('General Assembly resolution 64/155'), violating the standalone locator policy across practitioner queries.""}, {""faithfulness_reason"": ""The candidate accurately identifies what paragraph 7 encourages cooperating organizations to do regarding sharing knowledge and experience to promote best practices in assistance and reporting. The extraction is concise and accurate. Numerical fidelity not applicable; 4 is a compatibility value."", ""quality_reason"": ""practitioner_realism: The practitioner context functions as a decorative preface to an explicit text-comprehension prompt ('What does the resolution encourage those organizations to do?').\nanchoring_and_time: Relies entirely on the prohibited citation ('General Assembly resolution 64/155'); without this prohibited locator, the question provides no temporal or institutional markers to identify which resolution is meant.\nconsequence: The provided clause directly answers the specific encouragement addressed to cooperating organizations in operative paragraph 7.\ninformativeness: Provides an exact, concise operative clause resolving the question with no missing elements or circularity.\nlinguistic_quality: Natural, grammatically correct, and clearly formulated English."", ""audit_reason"": ""mode: The question contains a prohibited formal resolution locator ('General Assembly resolution 64/155'), violating the standalone locator policy across practitioner queries.""}]"
un,2011/a/res/64/155,2011/a/res/64/155#6,source_finding,development,0.52,False,0.55,False,0.55,31.0,32.0,True,FN,2,False,True,"[""q_72f0af2b3351a4aad964163f"", ""q_6b143f7c9a94c9befe4e32fc""]","[""Which General Assembly resolution recommends that United Nations electoral assistance continue throughout the entire electoral cycle, based on needs assessments and the evolving needs of requesting Member States?"", ""Which General Assembly resolution notes efforts to enhance cooperation among international, governmental and nongovernmental organizations in support of United Nations electoral assistance?""]","[""A/RES/64/155"", ""A/RES/64/155""]","[""clear"", ""clear""]","[{""faithfulness_reason"": ""The clue accurately reflects operative paragraph 6 of A/RES/64/155 regarding UN technical advice throughout the entire electoral cycle. The target body evidence fully substantiates the clue, and the metadata identifier is correctly identified."", ""quality_reason"": ""search_realism: Presents a realistic search need for a practitioner retrieving a specific General Assembly mandate on United Nations electoral assistance across the entire electoral cycle.\nanchoring_and_time: Establishes solid substantive context by specifying the General Assembly forum, UN electoral assistance, and the criteria of needs assessments and evolving Member State needs without relying on prohibited locators.\nconsequence: The provided resolution symbol and the corresponding text of paragraph 6 directly and accurately substantiate the substantive clue.\nlexical_distance: Competently reformulates the target wording ('throughout the time span of the entire electoral cycle... continue to provide technical advice and other assistance') into a natural, streamlined question.\nlinguistic_quality: Grammatically sound, concise, and clear English syntax."", ""audit_reason"": ""No problems reported.""}, {""faithfulness_reason"": ""The clue accurately captures operative paragraph 7 of A/RES/64/155 concerning enhanced cooperation among international, governmental, and nongovernmental organizations. The contiguous evidence span supports the question, and the official document symbol is correct."", ""quality_reason"": ""search_realism: Reflects a genuine source-retrieval objective seeking the resolution acknowledging inter-agency and external organizational cooperation in UN electoral assistance.\nanchoring_and_time: Anchors clearly to General Assembly action regarding cooperation with international, governmental, and non-governmental entities in electoral assistance.\nconsequence: The target document symbol and paragraph 7 directly substantiate the referenced recognition of cooperation efforts.\nlexical_distance: Integrates necessary terminology while rephrasing the sentence structure from the target resolution comfortably.\nlinguistic_quality: Natural, professional, and grammatically standard English."", ""audit_reason"": ""No problems reported.""}]"
un,2012/a/res/66/106,2012/a/res/66/106#10,comparison,validation,0.3,False,0.55,False,0.55,31.0,32.0,True,FN,1,False,True,"[""q_5d6ca2a0122bcd18c01ffe26""]","[""Under the code of conduct for judges of the United Nations Dispute Tribunal and the United Nations Appeals Tribunal, how does the attendance obligation for chambers during normal working hours compare with the attendance obligation for hearings and deliberations during stipulated hours?""]","[""(e) When engaged in the administration of justice, judges must attend chambers during their normal working hours, as determined by the members of the Tribunal, and attend hearings and deliberations of the Tribunal during stipulated hours, unless they have a good reason not to do so. Judges must inform the presiding judge of the Tribunal in advance if they need to be absent. If they are to be absent for longer than three days, they must obtain the approval of the presiding judge of their Tribunal;""]","[""clear""]","[{""faithfulness_reason"": ""The question and answer are fully supported by subparagraph (e) of the target block, establishing the parallel attendance obligations and common absence rules for both chambers and hearings/deliberations. The extracted span is complete and verbatim, and the numerical threshold ('three days') is faithfully reproduced."", ""quality_reason"": ""search_realism: The query reflects a realistic administrative/judicial inquiry comparing the operational requirements governing presence in chambers against scheduled hearings and deliberations under tribunal conduct standards.\nanchoring_and_time: Clearly and accurately anchors to the code of conduct for judges of the United Nations Dispute Tribunal and the United Nations Appeals Tribunal without resorting to prohibited document symbols or paragraph citations.\nconsequence: The selected extract from paragraph (e) fully resolves both sides of the comparison, providing the parallel attendance requirements, their respective timing qualifications, and the unified exception and absence rules.\nlexical_distance: Successfully converts the verb phrases ('attend chambers', 'attend hearings and deliberations') into comparative nominal targets while retaining necessary legal terminology.\nlinguistic_quality: Grammatically flawless, concise, and immediately interpretable comparative question."", ""audit_reason"": ""No problems reported.""}]"
un,2012/a/res/66/106,2012/a/res/66/106#10,source_finding,validation,0.52,False,0.55,False,0.55,31.0,32.0,True,FN,1,False,True,"[""q_77947a53477b45efc186fff4""]","[""Which General Assembly resolution contains the United Nations tribunal judges’ requirements to maintain the necessary level of professional competence and give judicial duties precedence over other activities?""]","[""A/RES/66/106""]","[""clear""]","[{""faithfulness_reason"": ""The source finding clue is fully supported by the contiguous target block text across paragraphs (g) and (h), and the official target identifier A/RES/66/106 correctly identifies the General Assembly resolution."", ""quality_reason"": ""search_realism: The query represents a natural and practical source-retrieval task seeking the specific resolution setting ethical and professional standards for United Nations tribunal judges.\nanchoring_and_time: Properly identifies the issuing organ (General Assembly) and the specific institutional subject (United Nations tribunal judges) alongside distinct duties, without leaking the target symbol.\nconsequence: The provided target evidence directly substantiates both remembered clues from paragraphs (g) and (h), and the answer correctly identifies the document symbol.\nlexical_distance: Synthesizes two distinct rules into a coherent interrogative sentence while keeping necessary legal terminology intact.\nlinguistic_quality: Grammatically sound, concise, and natural legal English."", ""audit_reason"": ""No problems reported.""}]"
un,2012/a/res/66/30,2012/a/res/66/30#2,practitioner,development,0.58,True,0.55,True,0.55,31.0,31.0,False,FP,1,False,False,"[""q_e41152147cfb333ac1d88cdd""]","[""In carrying out the General Assembly's 2011 resolution on the relationship between disarmament and development, what does the Secretary-General need to do to improve coordination within the United Nations?""]","[""to strengthen further the role of the Organization in this field, in particular the high-level Steering Group on Disarmament and Development, in order to ensure continued and effective coordination and close cooperation between the relevant United Nations departments, agencies and sub-agencies""]","[""clear""]","[{""faithfulness_reason"": ""The question faithfully reflects the request directed to the Secretary-General in operative paragraph 1, and the selected continuous span fully and accurately answers what the Secretary-General is requested to do to ensure coordination. Numerical fidelity not applicable; 4 is a compatibility value."", ""quality_reason"": ""practitioner_realism: The framing positions the query around Secretariat execution of the mandate, though the practical task is a relatively light wrapper around an operative request lookup.\nanchoring_and_time: Clearly and correctly anchors the subject matter to the General Assembly's 2011 resolution on the relationship between disarmament and development without using prohibited document symbols.\nconsequence: Directly resolves the specific action and mechanism (the high-level Steering Group) required of the Secretary-General to ensure coordination.\ninformativeness: Captures the precise operative mandate and coordination objective from operative paragraph 1 without extraneous context.\nlinguistic_quality: Natural, grammatically sound, and directly phrased in professional English."", ""audit_reason"": ""No problems reported.""}]"
un,2012/a/res/66/30,2012/a/res/66/30#2,source_finding,development,0.54,False,0.55,False,0.55,31.0,32.0,True,FN,1,False,True,"[""q_fe2051f2cb7e742a1b073666""]","[""Which General Assembly resolution requests strengthening the high-level Steering Group on Disarmament and Development to ensure continued coordination and cooperation among relevant United Nations entities?""]","[""A/RES/66/30""]","[""clear""]","[{""faithfulness_reason"": ""The target document symbol A/RES/66/30 matches the metadata, and every material element of the question's clue regarding the request to strengthen the high-level Steering Group on Disarmament and Development for coordination among UN entities is directly supported by operative paragraph 1 within the target block. Numerical/citational fidelity correctly preserves the resolution symbol."", ""quality_reason"": ""search_realism: Presents a realistic research need for a legal or policy researcher identifying the specific General Assembly resolution that mandated the strengthening of the inter-agency steering mechanism on disarmament and development.\nanchoring_and_time: Effectively anchored by naming the adopting organ (General Assembly) and the specific institutional entity ('high-level Steering Group on Disarmament and Development') without revealing the document symbol or title.\nconsequence: The provided resolution symbol A/RES/66/30 directly resolves the unknown asked in the query, fully corroborated by operative paragraph 1 in the target text.\nlexical_distance: The query naturally condenses and paraphrases the operative paragraph ('requests strengthening... to ensure continued coordination and cooperation among relevant United Nations entities') while preserving the specialized institutional name.\nlinguistic_quality: Fluent, concise, and grammatically precise legal English."", ""audit_reason"": ""No problems reported.""}]"
un,2013/a/cn_9/sr_943,2013/a/cn_9/sr_943#2,lookup,development,0.39,False,0.55,False,0.55,31.0,32.0,True,FN,2,False,True,"[""q_739e2bc87e0c3c1e868345ab""]","[""What role did the Regional Centre for Asia and the Pacific have, according to the UNCITRAL session record discussing its opening since the previous session?""]","[""The Centre was an important means of promoting the adoption and use of the Commission's texts.""]","[""clear""]","[{""faithfulness_reason"": ""The premise, actor, and role of the Regional Centre are fully supported by paragraph 2 of the target text. Numerical fidelity not applicable; 4 is a compatibility value."", ""quality_reason"": ""practitioner_realism: Presents a clear and realistic professional lookup concerning the institutional mandate/role of a newly established regional centre.\nanchoring: The base question provides sufficient substantive context by specifying the body (UNCITRAL), the genre (session record), the opening since the previous session, and the specific regional centre.\ninformativeness: The extracted sentence directly and completely identifies the centre's function without extraneous text or circularity.\nconsequence: Fully resolves the unknown regarding the purpose and practical role of the centre.\nlinguistic_quality: Natural, grammatically sound, and cleanly aligned between base and cited versions."", ""audit_reason"": ""No problems reported.""}]"
un,2013/a/cn_9/sr_943,2013/a/cn_9/sr_943#2,practitioner,development,0.42,False,0.55,False,0.55,31.0,32.0,True,FN,2,False,True,"[""q_ff50f756094a02b4f075b8b5""]","[""As UNCITRAL prepares to consider a strategic-direction document on technical assistance, what would the document seek to optimize and expand?""]","[""optimizing the use of resources and expanding the role of the Working Groups and the UNCITRAL secretariat in promoting the Commission's work""]","[""clear""]","[{""faithfulness_reason"": ""The question faithfully reflects the text concerning the strategic-direction document on technical assistance, and the extracted answer precisely captures both goals without extraneous text. Numerical fidelity not applicable; 4 is a compatibility value."", ""quality_reason"": ""practitioner_realism: Presents a realistic institutional preparation task for a delegation or secretariat member tracking UNCITRAL's strategic document on technical assistance.\nanchoring_and_time: Clearly anchored to UNCITRAL and the strategic-direction document regarding technical assistance without relying on formal document symbols.\nconsequence: The continuous extract directly resolves the twin objectives of the document regarding resources and working group/secretariat roles.\ninformativeness: Directly provides the specific objectives sought by the document without extraneous padding.\nlinguistic_quality: Natural, grammatically sound phrasing that aligns well with the extracted response."", ""audit_reason"": ""No problems reported.""}]"
un,2013/a/cn_9/sr_943,2013/a/cn_9/sr_943#2,conceptual,development,0.5,False,0.55,False,0.55,31.0,32.0,True,FN,2,False,True,"[""q_ff4a21858192952e8f48085b""]","[""How was the strategic-direction document intended to strengthen UNCITRAL's technical-assistance work?""]","[""On the related subject of technical assistance, the Commission would be taking up a document on a strategic direction for UNCITRAL with a view to optimizing the use of resources and expanding the role of the Working Groups and the UNCITRAL secretariat in promoting the Commission's work.""]","[""clear""]","[{""faithfulness_reason"": ""The question is fully grounded in the target block and answered accurately and concisely by the exact single continuous sentence describing the strategic-direction document's objectives regarding technical assistance. Numerical fidelity not applicable; 4 is a compatibility value."", ""quality_reason"": ""search_realism: Reflects a genuine institutional policy inquiry about the objectives of a proposed strategic document on technical assistance.\nanchoring_and_time: Effectively identifies the subject matter (strategic-direction document on technical assistance) and institutional actor (UNCITRAL) without citing specific paragraph numbers or document symbols.\nconsequence: The extracted span directly and fully resolves the question by identifying both intended aims: optimizing resources and expanding the role of the Working Groups and secretariat.\nlexical_distance: Competently transforms 'with a view to optimizing the use of resources and expanding the role...' into 'intended to strengthen UNCITRAL's technical-assistance work'.\nlinguistic_quality: Natural, clear, and idiomatic phrasing with clean sentence structure."", ""audit_reason"": ""No problems reported.""}]"
un,2013/a/cn_9/sr_943,2013/a/cn_9/sr_943#2,source_finding,development,0.43,False,0.55,False,0.55,31.0,32.0,True,FN,1,False,True,"[""q_9fdd842e8d3a445eea164e77""]","[""Which UNCITRAL meeting record reports that the Regional Centre for Asia and the Pacific had opened with the support of the Government of the Republic of Korea?""]","[""A/CN.9/SR.943""]","[""clear""]","[{""faithfulness_reason"": ""The target document symbol A/CN.9/SR.943 is accurately identified as an UNCITRAL summary meeting record, and the clue regarding the opening of the Regional Centre for Asia and the Pacific with the support of the Government of the Republic of Korea is directly supported by the target block. Precision is strong at 4, including only a minor additional sentence from paragraph 2 alongside the exact deciding statement. Numerical fidelity correctly identifies and reproduces the official document symbol."", ""quality_reason"": ""search_realism: Presents a realistic, plausible document-retrieval objective seeking the specific summary record reporting the establishment of an UNCITRAL regional centre.\nanchoring_and_time: Provides precise institutional context (UNCITRAL meeting record), the specific entity name (Regional Centre for Asia and the Pacific), and the supporting host government (Republic of Korea) without leaking document symbols.\nconsequence: The official document symbol A/CN.9/SR.943 precisely resolves the sought document identity, directly supported by paragraph 2 of the target block.\nlexical_distance: Naturally restructures the passive narrative statement into a direct, well-formulated search query without copying non-essential text scaffolding.\nlinguistic_quality: Clear, fluent, and fully idiomatic English formulation."", ""audit_reason"": ""No problems reported.""}]"
un,2014/a/hrc/res/26/31,2014/a/hrc/res/26/31#3,lookup,validation,0.61,True,0.55,True,0.55,31.0,31.0,False,FP,3,False,False,"[""q_cc63f4bdb19fc7bacd94ccfe"", ""q_cd87c11ebd90e8b39674f8d4"", ""q_ce7c7592a994f0ed52d95fc4""]","[""Whom did the Human Rights Council request the High Commissioner to invite to the panel discussion on the human rights situation in South Sudan in its resolution on technical assistance and capacity-building for South Sudan?"", ""What monitoring and reporting task did the Human Rights Council request of the United Nations High Commissioner for Human Rights in its resolution on technical assistance and capacity-building for South Sudan?"", ""What report did the Human Rights Council request the High Commissioner to submit for discussion by the panel on the human rights situation in South Sudan in its resolution on technical assistance and capacity-building for South Sudan?""]","[""the Government of South Sudan, the Chairperson of the African Union Commission of Inquiry for South Sudan, the Chief Mediator of the Intergovernmental Authority on Development, the Special Representative of the Secretary-General for South Sudan and the Chairperson of the South Sudan Human Rights Commission"", ""to monitor the situation of human rights in South Sudan and to report thereon to the Human Rights Council at its twenty-eighth session"", ""an interim report on the human rights situation in South Sudan for discussion by the panel""]","[""clear"", ""clear"", ""repair""]","[{""faithfulness_reason"": ""The question directly targets the invitees requested under paragraph 9(b), and the answer precisely captures the complete continuous list of all five designated entities and officials. Numerical fidelity is not applicable; 4 is a compatibility value."", ""quality_reason"": ""practitioner_realism: Represents a routine procedural lookup regarding mandated invitees to a formal Council panel discussion.\nanchoring: Identifies the issuing body, resolution topic, and specific panel, but omits the resolution's year or session.\ninformativeness: Extracts the exact, complete list of mandated invitees specified in paragraph 9(b).\nconsequence: Directly and completely resolves the query with the exact entities to be invited.\nlinguistic_quality: Clear, grammatically correct, and standard diplomatic English."", ""audit_reason"": ""No problems reported.""}, {""faithfulness_reason"": ""The question accurately asks about the monitoring and reporting task requested of the High Commissioner under operative paragraph 8, and the answer extracts the core operative span. The session ordinal ('twenty-eighth') is faithfully retained."", ""quality_reason"": ""practitioner_realism: Presents a clear and realistic professional lookup regarding the mandate given by the Human Rights Council to the High Commissioner.\nanchoring: The base question identifies the issuing organ and substantive topic, but omits the session or year for an annually recurring resolution title, leaving a broad context with a missing discriminator.\ninformativeness: The extracted span accurately and directly identifies the requested monitoring and reporting task without unnecessary padding.\nconsequence: Fully resolves the substantive information need by identifying the required action and reporting timeline.\nlinguistic_quality: Grammatically sound, natural, and precise legal phrasing in English."", ""audit_reason"": ""No problems reported.""}, {""faithfulness_reason"": ""The question is fully grounded in paragraph 9(a), and the answer extracts the exact continuous span identifying the requested interim report. Numerical fidelity is not applicable; 4 is a compatibility value."", ""quality_reason"": ""practitioner_realism: Valid and practical query seeking the specific documentation requested for an upcoming panel discussion.\nanchoring: The base query specifies the issuing organ, topic, and panel context, but lacks the temporal discriminator (session or year) for the resolution.\ninformativeness: Directly provides the exact report requested in paragraph 9(a) of the target text.\nconsequence: Fully resolves the question by identifying the interim report required for the panel.\nlinguistic_quality: Fluent, professional, and well-structured phrasing."", ""audit_reason"": ""metadata: The specified anchor substring 'interim report' does not appear in the question text.""}]"
un,2014/a/hrc/res/26/31,2014/a/hrc/res/26/31#3,practitioner,validation,0.67,True,0.55,True,0.55,31.0,29.0,False,FP,2,False,False,"[""q_cdb3b252696993dc798993a3""]","[""For the Human Rights Council's South Sudan technical-assistance and capacity-building process, what urgent monitoring and reporting task does the High Commissioner have?""]","[""to monitor the situation of human rights in South Sudan and to report thereon to the Human Rights Council at its twenty-eighth session, with recommendations on technical assistance and capacity-building measures, including on human rights education to overcome challenges in the areas of security and on the importance of accountability and transitional justice in South Sudan""]","[""blocking""]","[{""faithfulness_reason"": ""The answer accurately extracts the High Commissioner's urgent monitoring and reporting mandate under paragraph 8 of the target block, correctly preserving the session reference."", ""quality_reason"": ""practitioner_realism: There is no practitioner persona, practical circumstance, or operational decision driving the question; it is formulated as a pure reading-comprehension lookup.\nanchoring_and_time: Properly anchors the context to the Human Rights Council and the South Sudan technical assistance and capacity-building process without using prohibited document symbols or locators.\nconsequence: The selected quotation from paragraph 8 accurately and fully resolves the specific monitoring and reporting tasks assigned to the High Commissioner.\ninformativeness: Provides the complete substantive scope of the mandate, including reporting to the twenty-eighth session and the specific thematic recommendation areas.\nlinguistic_quality: The question is grammatically sound, clear, and natural."", ""audit_reason"": ""mode: The question lacks any practitioner persona, concrete operational task, or decision context, functioning solely as an abstract reading-comprehension lookup.""}]"
