corpus,target_id,stratum,mode,version,reviewer_shard,blinded_id,candidate_id,question,answer,question_rating,answer_status,reason,all_three_generated
eurlex,http://data.europa.eu/eli/reg/2014/910/art_41/oj,no_refs,fact_pattern,simple,eurlex,A1,q_fdbe9b0ca5a2dcc803ee4ff1,What presumption does a qualified electronic time stamp provide concerning the indicated date and time and the integrity of the bound data?,A qualified electronic time stamp shall enjoy the presumption of the accuracy of the date and the time it indicates and the integrity of the data to which the date and time are bound.,5,ok,Clearly asks which evidential presumption qualified stamps carry; the source supplies accuracy and integrity.,True
eurlex,http://data.europa.eu/eli/reg/2014/910/art_41/oj,no_refs,fact_pattern,simple,eurlex,A2,q_f14049f0e485ac37db802103,Must a qualified electronic time stamp issued in one Member State be recognised as a qualified electronic time stamp in another Member State?,A qualified electronic time stamp issued in one Member State shall be recognised as a qualified electronic time stamp in all Member States.,5,ok,A useful and precise cross-border recognition question with an unknown legal outcome.,True
eurlex,http://data.europa.eu/eli/reg/2014/910/art_41/oj,no_refs,fact_pattern,simple,eurlex,A3,q_26aab4c17d90b7891a60914d,Can an electronic time stamp be denied legal effect or admissibility as evidence in legal proceedings solely because it is in electronic form or does not meet the requirements for a qualified electronic time stamp?,An electronic time stamp shall not be denied legal effect and admissibility as evidence in legal proceedings solely on the grounds that it is in an electronic form or that it does not meet the requirements of the qualified electronic time stamp.,5,ok,Clearly isolates the prohibited grounds for refusing legal effect or admissibility.,True
eurlex,http://data.europa.eu/eli/reg/2014/910/art_41/oj,no_refs,fact_pattern,original,eurlex,B1,q_86e2c6d733a7b62c32278d6c,"A company submits an electronic time stamp in court proceedings, but the time stamp is not a qualified electronic time stamp. May the court reject its legal effect or admissibility solely because it is electronic or does not meet the requirements for a qualified electronic time stamp?",shall not be denied legal effect and admissibility as evidence in legal proceedings solely on the grounds that it is in an electronic form or that it does not meet the requirements of the qualified electronic time stamp,4,ok,"Answerable and useful, but repeats the non-qualified status and rejection grounds unnecessarily.",True
eurlex,http://data.europa.eu/eli/reg/2014/910/art_41/oj,no_refs,fact_pattern,original,eurlex,B2,q_8028cebdb39bb073d57147bd,A qualified electronic time stamp was issued in Germany and is now submitted by a company in proceedings in France. How must it be treated in the other Member States?,shall be recognised as a qualified electronic time stamp in all Member States,4,ok,Cross-border recognition is answerable; asking about other Member States after naming France leaves the geographic ask slightly loose.,True
eurlex,http://data.europa.eu/eli/reg/2014/910/art_41/oj,no_refs,fact_pattern,original,eurlex,B3,q_78ec26da6b94870328cb358a,"A party relies in litigation on a qualified electronic time stamp showing when a contract was signed and linking that date and time to the contract data. What evidential presumption applies to the indicated date, time and data?",shall enjoy the presumption of the accuracy of the date and the time it indicates and the integrity of the data to which the date and time are bound,5,ok,"The contract-evidence scenario gives a clear, useful need for the statutory presumption.",True
eurlex,http://data.europa.eu/eli/reg/2014/910/art_41/oj,no_refs,fact_pattern,revised,eurlex,C1,q_14d9a440e5f463d6eb65644e,A qualified electronic time stamp was issued by a trust service provider in Estonia and is submitted in legal proceedings in Italy. How is it to be treated in the other Member State?,A qualified electronic time stamp issued in one Member State shall be recognised as a qualified electronic time stamp in all Member States.,5,ok,A concrete cross-border use of a qualified stamp naturally raises its recognition in Italy.,True
eurlex,http://data.europa.eu/eli/reg/2014/910/art_41/oj,no_refs,fact_pattern,revised,eurlex,C2,q_3c792646021ab0ed4b2bae3e,A German logistics company relies in a payment dispute on a qualified electronic time stamp attached to an electronic delivery record. What is presumed about the date and time shown and the integrity of the linked delivery data?,A qualified electronic time stamp shall enjoy the presumption of the accuracy of the date and the time it indicates and the integrity of the data to which the date and time are bound.,5,ok,Delivery evidence in a payment dispute supplies a clear reason to ask about the statutory presumption.,True
eurlex,http://data.europa.eu/eli/reg/2014/910/art_41/oj,no_refs,fact_pattern,revised,eurlex,C3,q_07313c4e9f958bce4e21b0bc,"A Belgian software company submits an electronic time stamp in proceedings before a French court, but the time stamp is not a qualified electronic time stamp. May the court deny it legal effect and admissibility as evidence solely because it is electronic and does not meet the qualified requirements?",An electronic time stamp shall not be denied legal effect and admissibility as evidence in legal proceedings solely on the grounds that it is in an electronic form or that it does not meet the requirements of the qualified electronic time stamp.,5,ok,The question clearly isolates electronic and non-qualified status as the sole grounds for refusal.,True
eurlex,http://data.europa.eu/eli/reg/2014/910/art_41/oj,no_refs,lookup,original,eurlex,A1,q_782e24defa4222ee03cb14d3,May an electronic time stamp be denied legal effect or admissibility as evidence merely because it is electronic or does not meet the requirements for a qualified electronic time stamp?,An electronic time stamp shall not be denied legal effect and admissibility as evidence in legal proceedings solely on the grounds that it is in an electronic form or that it does not meet the requirements of the qualified electronic time stamp.,5,ok,The refusal grounds and requested evidential treatment are precise and directly answered.,True
eurlex,http://data.europa.eu/eli/reg/2014/910/art_41/oj,no_refs,lookup,original,eurlex,A2,q_95f8c256364efb8cd413a672,"What presumption applies to the date, time and data integrity indicated by a qualified electronic time stamp?",A qualified electronic time stamp shall enjoy the presumption of the accuracy of the date and the time it indicates and the integrity of the data to which the date and time are bound.,4,ok,"The intended presumption is clear, but data integrity is bound to the data rather than indicated by the stamp in the same sense as its time.",True
eurlex,http://data.europa.eu/eli/reg/2014/910/art_41/oj,no_refs,lookup,original,eurlex,A3,q_fd68e4ace8a7465b34804077,Must a qualified electronic time stamp issued in one Member State be recognised as such in the other Member States?,A qualified electronic time stamp issued in one Member State shall be recognised as a qualified electronic time stamp in all Member States.,5,ok,A precise question about recognition across Member States.,True
eurlex,http://data.europa.eu/eli/reg/2014/910/art_41/oj,no_refs,lookup,simple,eurlex,B1,q_d89845f4d581f02fec01820c,How is a qualified electronic time stamp issued in one Member State treated in all other Member States?,A qualified electronic time stamp issued in one Member State shall be recognised as a qualified electronic time stamp in all Member States.,5,ok,"Clear cross-border recognition need, with the qualified status specified.",True
eurlex,http://data.europa.eu/eli/reg/2014/910/art_41/oj,no_refs,lookup,simple,eurlex,B2,q_74fb4916ef0c22325254e291,What presumption does a qualified electronic time stamp enjoy concerning the accuracy of its indicated date and time and the integrity of the data to which they are bound?,A qualified electronic time stamp shall enjoy the presumption of the accuracy of the date and the time it indicates and the integrity of the data to which the date and time are bound.,3,ok,The question already names accuracy and integrity as the contents of the presumption it asks for; little substantive information remains unknown.,True
eurlex,http://data.europa.eu/eli/reg/2014/910/art_41/oj,no_refs,lookup,simple,eurlex,B3,q_268f31453d5da2457734af86,Can an electronic time stamp be denied legal effect or admissibility as evidence in legal proceedings solely because it is in electronic form or does not meet the requirements of a qualified electronic time stamp?,An electronic time stamp shall not be denied legal effect and admissibility as evidence in legal proceedings solely on the grounds that it is in an electronic form or that it does not meet the requirements of the qualified electronic time stamp.,5,ok,Clear and useful question about the two prohibited grounds for refusal.,True
eurlex,http://data.europa.eu/eli/reg/2014/910/art_41/oj,no_refs,lookup,revised,eurlex,C1,q_1fa9d6ebe6702cec97c210f7,May an electronic time stamp be denied legal effect or admissibility as evidence in legal proceedings merely because it is electronic or does not meet the requirements of a qualified electronic time stamp?,An electronic time stamp shall not be denied legal effect and admissibility as evidence in legal proceedings solely on the grounds that it is in an electronic form or that it does not meet the requirements of the qualified electronic time stamp.,5,ok,Clearly asks whether specified grounds permit refusal of legal effect or admissibility.,True
eurlex,http://data.europa.eu/eli/reg/2014/910/art_41/oj,no_refs,lookup,revised,eurlex,C2,q_6fe655102e5068b671a4e166,What presumption does a qualified electronic time stamp create concerning the accuracy of its indicated date and time and the integrity of the data to which they are bound?,A qualified electronic time stamp shall enjoy the presumption of the accuracy of the date and the time it indicates and the integrity of the data to which the date and time are bound.,3,ok,"By naming the presumption of accuracy and integrity in the question, it substantially discloses the requested information.",True
eurlex,http://data.europa.eu/eli/reg/2014/910/art_41/oj,no_refs,lookup,revised,eurlex,C3,q_34b259ef18778d6c0e6c4b1f,Must a qualified electronic time stamp issued in one Member State be recognised as a qualified electronic time stamp in all Member States?,A qualified electronic time stamp issued in one Member State shall be recognised as a qualified electronic time stamp in all Member States.,5,ok,Useful and unambiguous cross-border recognition question.,True
eurlex,http://data.europa.eu/eli/reg_impl/2012/282/art_1/oj,no_refs,fact_pattern,simple,eurlex,A1,q_c558e7bd9e24c0f17ef042a4,What do these rules govern for a security required from a private trader under an EU direct-support scheme for an agricultural product?,"This Regulation lays down the rules governing securities to be provided, either under the following regulations or under any regulations adopted pursuant to those regulations, unless other rules are laid down by those regulations:",2,major,Asks what securities rules govern after already specifying a security; the answer repeats the scope preamble without resolving a substantive need.,True
eurlex,http://data.europa.eu/eli/reg_impl/2012/282/art_1/oj,no_refs,fact_pattern,simple,eurlex,A2,q_9383ad421744796b8c353def,When are the common rules for securities displaced for a private trader filing a security under an EU direct-support scheme for an agricultural product?,unless other rules are laid down by those regulations,4,minor,"The priority-of-rules issue is useful; EU direct-support scheme could be identified more precisely, and the answer retains an unresolved those regulations.",True
eurlex,http://data.europa.eu/eli/reg_impl/2012/282/art_1/oj,no_refs,fact_pattern,revised,eurlex,B1,q_47a6359faa3ff45487aebc4c,A fishery cooperative is required to provide a security for a measure concerning fishery and aquaculture products under the common organisation of markets rules. Which EU rules govern that security?,"This Regulation lays down the rules governing securities to be provided, either under the following regulations or under any regulations adopted pursuant to those regulations, unless other rules are laid down by those regulations:

(a)
regulations laying down the common organisation of markets in certain agricultural products:

Regulation (EC) No 104/2000 (fishery and aquaculture products)",4,major,"The fishery-security setting creates a useful question about governing rules, but the answer says This Regulation without identifying the requested rules.",True
eurlex,http://data.europa.eu/eli/reg_impl/2012/282/art_1/oj,no_refs,fact_pattern,original,eurlex,C1,q_fcf79a47ac4d74d5f8ce7d6d,A farmer applying for direct support schemes has been asked to provide a security. Is that security within the scope of the common rules governing securities for agricultural products?,Regulation (EC) No 73/2009 (direct support schemes),5,ok,The direct-support security presents a clear scope question rather than assuming the coverage outcome.,True
eurlex,http://data.europa.eu/eli/reg_impl/2012/282/art_1/oj,no_refs,fact_pattern,original,eurlex,C2,q_c73bb617746ce72e8616a6ae,A fishery trader is required to provide a security in connection with the common organisation of markets for fishery and aquaculture products. Do the common rules for agricultural-product securities cover that security?,Regulation (EC) No 104/2000 (fishery and aquaculture products),5,ok,"Fishery and aquaculture market security gives a specific, answerable scope question.",True
eurlex,http://data.europa.eu/eli/reg_impl/2012/282/art_1/oj,no_refs,fact_pattern,original,eurlex,C3,q_bbf1464ffa612b1b2c1b023e,A food manufacturer exporting goods made by processing agricultural products must provide a security for the applicable trade arrangements. Do the common securities rules cover that security?,Regulation (EC) No 1216/2009 (trade arrangements applicable to certain goods resulting from the processing of agricultural products),4,ok,Processed-agricultural-goods security is a useful scope question; the applicable trade arrangements are described somewhat broadly.,True
eurlex,http://data.europa.eu/eli/reg_impl/2012/282/art_1/oj,no_refs,lookup,revised,eurlex,A1,q_ccf27d6f6e22d926b6eb6129,Which regulations are covered by the common rules for securities for agricultural products?,"Regulation (EC) No 104/2000 (fishery and aquaculture products), Regulation (EC) No 1234/2007 (Single CMO Regulation), Regulation (EC) No 73/2009 (direct support schemes), and Regulation (EC) No 1216/2009 (trade arrangements applicable to certain goods resulting from the processing of agricultural products).",5,minor,Clear request for the covered regimes; the list omits the additional coverage of regulations adopted pursuant to them.,True
eurlex,http://data.europa.eu/eli/reg_impl/2012/282/art_1/oj,no_refs,lookup,revised,eurlex,A2,q_d4a3e2e54e8ee132191b8c6c,"When do the common rules for securities for agricultural products give way to rules in regulations adopted pursuant to Regulation (EC) No 104/2000, Regulation (EC) No 1234/2007, Regulation (EC) No 73/2009 or Regulation (EC) No 1216/2009?",unless other rules are laid down by those regulations,5,minor,Useful priority question with the relevant underlying acts identified; the extracted answer has an unresolved those regulations.,True
eurlex,http://data.europa.eu/eli/reg_impl/2012/282/art_1/oj,no_refs,lookup,simple,eurlex,B1,q_7a97e1b5813a05146fa95b9c,What subject matter is governed by the rules for securities for agricultural products under the EU agricultural-product securities regime?,"This Regulation lays down the rules governing securities to be provided, either under the following regulations or under any regulations adopted pursuant to those regulations, unless other rules are laid down by those regulations:",2,major,The requested subject matter is already stated as securities for agricultural products; the answer adds no clear substantive resolution.,True
eurlex,http://data.europa.eu/eli/reg_impl/2012/282/art_1/oj,no_refs,lookup,simple,eurlex,B2,q_4139993fbff6a27f3f9ef7d4,Which underlying EU measures fall within the scope of the rules for securities for agricultural products?,"regulations laying down the common organisation of markets in certain agricultural products:

Regulation (EC) No 104/2000 (fishery and aquaculture products),

Regulation (EC) No 1234/2007 (Single CMO Regulation);

(b)
Regulation (EC) No 73/2009 (direct support schemes);

(c)
Regulation (EC) No 1216/2009 (trade arrangements applicable to certain goods resulting from the processing of agricultural products).",5,ok,"A clear request for the underlying covered measures, answered by their list.",True
eurlex,http://data.europa.eu/eli/reg_impl/2012/282/art_1/oj,no_refs,lookup,simple,eurlex,B3,q_4aaaec5798a4f2f33cc4246e,What qualification applies to the rules for securities for agricultural products where the underlying regulations lay down other rules?,unless other rules are laid down by those regulations:,4,minor,"The rule-priority issue is answerable, though what qualification applies is an abstract formulation.",True
eurlex,http://data.europa.eu/eli/reg_impl/2012/282/art_1/oj,no_refs,lookup,original,eurlex,C1,q_878870495b957485a66d9419,Which regulations are covered by the rules governing securities for agricultural products?,"Regulation (EC) No 104/2000 (fishery and aquaculture products), Regulation (EC) No 1234/2007 (Single CMO Regulation), Regulation (EC) No 73/2009 (direct support schemes) and Regulation (EC) No 1216/2009 (trade arrangements applicable to certain goods resulting from the processing of agricultural products)",5,minor,Clear covered-regimes question; the answer omits regulations adopted under the named acts.,True
eurlex,http://data.europa.eu/eli/reg_impl/2012/282/art_1/oj,no_refs,lookup,original,eurlex,C2,q_650cbb0bb2665284060c0557,Can the rules governing securities for agricultural products apply when the relevant regulations lay down different rules?,unless other rules are laid down by those regulations,5,minor,A useful yes/no test of the displacement rule; the answer needs its antecedent regulations read from the question.,True
eurlex,http://data.europa.eu/eli/reg/2010/1031/art_48/oj,no_refs,fact_pattern,original,eurlex,A1,q_f938e95fde0dd52cbd7ef9ec,A successful bidder received no auctioned allowances after a settlement system failed to deliver them in circumstances outside the system's control. Can the bidder pursue a remedy other than the remedy provided for the delayed delivery?,"The remedy provided for in paragraph 1 shall be the sole remedy to which a successful bidder or its successors in title shall be entitled to in case of any failure to deliver auctioned allowances, due to circumstances outside the control of the clearing system or settlement system concerned",5,ok,The stipulated cause and bidder status make the question about alternative remedies directly answerable.,True
eurlex,http://data.europa.eu/eli/reg/2010/1031/art_48/oj,no_refs,fact_pattern,original,eurlex,A2,q_26af7d5909a732648bbac549,"A clearing system failed to deliver part of the auctioned allowances because of circumstances outside its control, and the successful bidder is still awaiting them. What must the clearing system and the bidder do?",the clearing system or settlement system shall deliver the allowances at the earliest opportunity and the successful bidders or their successors in title shall accept delivery at that later date,5,ok,The paired duties form one coherent need about handling the same delayed delivery.,True
eurlex,http://data.europa.eu/eli/reg/2010/1031/art_48/oj,no_refs,fact_pattern,revised,eurlex,B1,q_ffb40b918065fae0388fcd74,"A successful bidder at an auction of greenhouse gas emission allowances is due to receive part of the allowances, but the settlement system cannot deliver them because of circumstances outside its control. What must happen to the undelivered allowances and the bidder’s acceptance of delivery?",the settlement system shall deliver the allowances at the earliest opportunity and the successful bidders or their successors in title shall accept delivery at that later date,5,ok,The emissions-auction setting and uncontrollable cause make both delivery obligations clear and useful.,True
eurlex,http://data.europa.eu/eli/reg/2010/1031/art_48/oj,no_refs,fact_pattern,revised,eurlex,B2,q_809f608da957bf3a715c9cc3,A successor in title to a successful bidder has not received any of the auctioned allowances because the clearing system failed to deliver them for reasons outside its control. Can the successor claim a remedy other than the remedy connected with later delivery?,"The remedy provided for in paragraph 1 shall be the sole remedy to which a successful bidder or its successors in title shall be entitled to in case of any failure to deliver auctioned allowances, due to circumstances outside the control of the clearing system or settlement system concerned",5,ok,"Successor status and uncontrollable failure give a precise, substantive question about available remedies.",True
eurlex,http://data.europa.eu/eli/reg/2010/1031/art_48/oj,no_refs,fact_pattern,simple,eurlex,C1,q_e90b91cd66443571a6422aab,"When auctioned allowances are not delivered because of circumstances outside the relevant clearing or settlement system's control, what remedy is available to the successful bidder or its successor in title?","The remedy provided for in paragraph 1 shall be the sole remedy to which a successful bidder or its successors in title shall be entitled to in case of any failure to deliver auctioned allowances, due to circumstances outside the control of the clearing system or settlement system concerned.",5,major,A clear request for the available remedy; the answer only calls an unidentified paragraph-1 remedy exclusive without describing it.,True
eurlex,http://data.europa.eu/eli/reg/2010/1031/art_48/oj,no_refs,fact_pattern,simple,eurlex,C2,q_013b6b1ef67dca42cfe0dc51,"If a clearing or settlement system fails to deliver all or part of auctioned allowances because of circumstances outside its control, what must it do, and what must the successful bidder accept?",the clearing system or settlement system shall deliver the allowances at the earliest opportunity and the successful bidders or their successors in title shall accept delivery at that later date.,5,ok,A single coherent delayed-delivery problem asks for the complementary duties the source states.,True
eurlex,http://data.europa.eu/eli/reg/2010/1031/art_48/oj,no_refs,lookup,revised,eurlex,A1,q_92fff7211fb862d86821281c,"When a clearing system or settlement system cannot deliver auctioned allowances because of circumstances outside its control, by when must it make delivery?",at the earliest opportunity,5,ok,Precisely asks the timing of delivery after an uncontrollable failure.,True
eurlex,http://data.europa.eu/eli/reg/2010/1031/art_48/oj,no_refs,lookup,revised,eurlex,A2,q_bf7886b5265f0402e80ef3b5,What must successful bidders or their successors in title do when delivery of auctioned allowances is made later because of circumstances outside the clearing system's or settlement system's control?,shall accept delivery at that later date,5,ok,Clearly asks the bidder’s obligation when the stated delay occurs.,True
eurlex,http://data.europa.eu/eli/reg/2010/1031/art_48/oj,no_refs,lookup,revised,eurlex,A3,q_1b4410913bb548f1d23577bf,Are successful bidders or their successors in title entitled to any remedy other than the remedy provided for failure to deliver auctioned allowances caused by circumstances outside the clearing system's or settlement system's control?,"The remedy provided for in paragraph 1 shall be the sole remedy to which a successful bidder or its successors in title shall be entitled to in case of any failure to deliver auctioned allowances, due to circumstances outside the control of the clearing system or settlement system concerned.",5,ok,A useful question about remedy exclusivity with the triggering circumstances supplied.,True
eurlex,http://data.europa.eu/eli/reg/2010/1031/art_48/oj,no_refs,lookup,original,eurlex,B1,q_c402f3b7c825c41027988365,What must the clearing or settlement system do when it cannot deliver auctioned allowances because of circumstances outside its control?,shall deliver the allowances at the earliest opportunity,5,ok,Clear question about the system’s required response to the specified failure.,True
eurlex,http://data.europa.eu/eli/reg/2010/1031/art_48/oj,no_refs,lookup,original,eurlex,B2,q_96db71273e55c8f91ba9d22e,May a successful bidder or its successor in title claim any remedy other than the remedy specified for late delivery of auctioned allowances caused by circumstances outside the system's control?,"The remedy provided for in paragraph 1 shall be the sole remedy to which a successful bidder or its successors in title shall be entitled to in case of any failure to deliver auctioned allowances, due to circumstances outside the control of the clearing system or settlement system concerned.",5,ok,The entitlement to additional remedies is a genuine and answerable legal issue.,True
eurlex,http://data.europa.eu/eli/reg/2010/1031/art_48/oj,no_refs,lookup,simple,eurlex,C1,q_0877ae8a919f398ddc61aa93,"Under the rules on late delivery of the auctioned allowances, what must the clearing or settlement system and the successful bidders or their successors in title do when delivery is prevented by circumstances outside the system’s control?",the clearing system or settlement system shall deliver the allowances at the earliest opportunity and the successful bidders or their successors in title shall accept delivery at that later date.,5,ok,The system’s and bidder’s linked duties are one coherent delayed-delivery issue.,True
eurlex,http://data.europa.eu/eli/reg/2010/1031/art_48/oj,no_refs,lookup,simple,eurlex,C2,q_19e33fb9fb8df3d852a12483,"Under the rules on late delivery of the auctioned allowances, what remedy is available to a successful bidder or its successor in title when auctioned allowances are not delivered because of circumstances outside the clearing or settlement system’s control?","The remedy provided for in paragraph 1 shall be the sole remedy to which a successful bidder or its successors in title shall be entitled to in case of any failure to deliver auctioned allowances, due to circumstances outside the control of the clearing system or settlement system concerned.",5,major,The question clearly asks which remedy exists; the answer states only exclusivity of an unspecified paragraph-1 remedy.,True
eurlex,http://data.europa.eu/eli/reg/2014/912/art_8/oj,no_refs,fact_pattern,simple,eurlex,A1,q_411d7f84dda7ca45c15156f0,"When the Commission receives a claimant’s notice of an intention to initiate arbitration proceedings against the Union or a Member State, what must it report to the European Parliament and the Council, and within what period?","the Commission shall inform the European Parliament and the Council, within 15 working days of receiving the notice, of the name of the claimant, the provisions of the agreement alleged to have been breached, the economic sector involved, the treatment alleged to be in breach of the agreement and the amount of damages claimed",5,ok,"The information package and its deadline form a coherent, clearly triggered notification question.",True
eurlex,http://data.europa.eu/eli/reg/2014/912/art_8/oj,no_refs,fact_pattern,simple,eurlex,A2,q_12e36f61edb7642106299898,What must a Member State do when a claimant gives it notice of an intention to initiate arbitration proceedings under an agreement?,it shall immediately notify the Commission,5,ok,"Receipt by a Member State is explicit, making its immediate notification duty answerable.",True
eurlex,http://data.europa.eu/eli/reg/2014/912/art_8/oj,no_refs,fact_pattern,original,eurlex,B1,q_039354b5522a4d506882dd88,A Member State's investment ministry receives a notice from a foreign claimant stating its intention to initiate arbitration proceedings under an international investment agreement. What must the ministry do?,immediately notify the Commission,5,ok,The ministry’s receipt of investment-arbitration notice supplies the trigger for notifying the Commission.,True
eurlex,http://data.europa.eu/eli/reg/2014/912/art_8/oj,no_refs,fact_pattern,original,eurlex,B2,q_7f01350dd701eea292d3cfe6,"A Canadian investor gives the Commission a notice stating its intention to initiate arbitration proceedings against a Member State, alleging breach of an investment agreement over telecommunications treatment and claiming damages of 2 million EUR. By when must the European Parliament and the Council be informed?",within 15 working days of receiving the notice,5,ok,A concrete investment claim received by the Commission gives a clear question about the reporting deadline.,True
eurlex,http://data.europa.eu/eli/reg/2014/912/art_8/oj,no_refs,fact_pattern,original,eurlex,B3,q_0c3a62e0a24ae985808e0129,A foreign investor sends the Commission a notice stating its intention to initiate arbitration proceedings against a Member State over treatment of its energy investment. What must the Commission do immediately?,notify the Member State concerned,5,ok,Commission receipt and the affected Member State make the immediate notification need precise.,True
eurlex,http://data.europa.eu/eli/reg/2014/912/art_8/oj,no_refs,fact_pattern,revised,eurlex,C1,q_28840f0beaeffa393428a70b,A Member State’s investment ministry receives a notice from a claimant stating its intention to initiate arbitration proceedings against that Member State under an international investment agreement. What must the ministry do?,it shall immediately notify the Commission,5,ok,The receiving ministry and arbitration against its Member State give a clear procedural question.,True
eurlex,http://data.europa.eu/eli/reg/2014/912/art_8/oj,no_refs,fact_pattern,revised,eurlex,C2,q_63a5bdda7e6ec5984bb9246e,"A claimant in the renewable-energy sector sends notice of an intention to initiate arbitration proceedings against the Union, alleging that treaty provisions were breached and claiming 12 million EUR in damages. What must be communicated to the European Parliament and the Council, and within what time?","the Commission shall inform the European Parliament and the Council, within 15 working days of receiving the notice, of the name of the claimant, the provisions of the agreement alleged to have been breached, the economic sector involved, the treatment alleged to be in breach of the agreement and the amount of damages claimed",4,ok,"The information need is useful, but the recipient of the claimant’s notice is not stated; the deadline runs from Commission receipt.",True
eurlex,http://data.europa.eu/eli/reg/2014/912/art_8/oj,no_refs,lookup,simple,eurlex,A1,q_f3aad58b0f48f7a4ecf19b63,"For investor-to-state dispute settlement, when a Member State receives a notice by which a claimant states its intention to initiate arbitration proceedings, what must the Member State do?",it shall immediately notify the Commission.,5,ok,The investor-state context and Member State receipt clearly identify the duty.,True
eurlex,http://data.europa.eu/eli/reg/2014/912/art_8/oj,no_refs,lookup,simple,eurlex,A2,q_c89c6e2e7d8845a9a2625b15,"For investor-to-state dispute settlement, when the Commission receives a notice stating a claimant’s intention to initiate arbitration proceedings, what must the Commission do regarding the Member State concerned?",it shall immediately notify the Member State concerned.,5,ok,"The actor, receipt event and affected State make the question precise.",True
eurlex,http://data.europa.eu/eli/reg/2014/912/art_8/oj,no_refs,lookup,simple,eurlex,A3,q_5f28013b015dece8297b2345,"For investor-to-state dispute settlement, when a claimant states its intention to initiate arbitration proceedings against the Union or a Member State, within what period must the Commission inform the European Parliament and the Council?",within 15 working days of receiving the notice,5,ok,The reporting deadline is a useful unknown; the answer supplies its receipt-based starting point.,True
eurlex,http://data.europa.eu/eli/reg/2014/912/art_8/oj,no_refs,lookup,revised,eurlex,B1,q_1beacc74b3af838655fce7e8,Within what period must the Commission inform the European Parliament and the Council after receiving a notice of intention to initiate arbitration proceedings against the Union or a Member State?,within 15 working days of receiving the notice,5,ok,"The recipient, arbitration parties and notice receipt make the deadline question specific.",True
eurlex,http://data.europa.eu/eli/reg/2014/912/art_8/oj,no_refs,lookup,revised,eurlex,B2,q_b259c764d244e400f45224cc,What information must the Commission give the European Parliament and the Council about a notice of intention to initiate arbitration proceedings against the Union or a Member State?,"the name of the claimant, the provisions of the agreement alleged to have been breached, the economic sector involved, the treatment alleged to be in breach of the agreement and the amount of damages claimed",5,ok,A useful request for the complete reporting information set.,True
eurlex,http://data.europa.eu/eli/reg/2014/912/art_8/oj,no_refs,lookup,revised,eurlex,B3,q_f949ec8faf6c8889b028c166,"When the Commission receives an investor-to-state dispute settlement notice stating an intention to initiate arbitration proceedings against a Member State, which authority must it notify immediately?",the Member State concerned,5,ok,Clearly asks the immediate notification recipient in the stated arbitration setting.,True
eurlex,http://data.europa.eu/eli/reg/2014/912/art_8/oj,no_refs,lookup,original,eurlex,C1,q_c876889d5fca03f8ea900647,What information must the Commission provide to the European Parliament and the Council about a notice of intention to initiate investor-to-state arbitration proceedings against the Union or a Member State?,"the name of the claimant, the provisions of the agreement alleged to have been breached, the economic sector involved, the treatment alleged to be in breach of the agreement and the amount of damages claimed",5,ok,Clearly requests the information that must be reported about investor-state arbitration.,True
eurlex,http://data.europa.eu/eli/reg/2014/912/art_8/oj,no_refs,lookup,original,eurlex,C2,q_093eab37f172ba52e848d017,"When a Member State receives a notice of intention to initiate investor-to-state arbitration proceedings, how quickly must it notify the Commission?",immediately,5,ok,The immediate notification deadline is a clear substantive unknown.,True
eurlex,http://data.europa.eu/eli/reg/2014/912/art_8/oj,no_refs,lookup,original,eurlex,C3,q_ebe5c5eae5337737e3ab1649,Within what time limit must the Commission inform the European Parliament and the Council after receiving a notice of intention to initiate investor-to-state arbitration proceedings against the Union or a Member State?,within 15 working days of receiving the notice,5,ok,The Commission’s receipt event and the parliamentary reporting obligation are both explicit.,True
eurlex,http://data.europa.eu/eli/dir/2014/59/art_77/oj,no_refs,fact_pattern,revised,eurlex,A1,q_64d97634e6685bf5b5e0231f,"A resolution authority handling a credit institution under resolution needs to ensure the availability of covered deposits. The deposits are included in a netting arrangement together with other assets, rights and liabilities, and the authority is considering leaving the deposits in place while changing the treatment of the other items. May it transfer, modify or terminate those other items without transferring the covered deposits?","transfer, modify or terminate those assets, rights or liabilities without transferring the covered deposits",5,ok,The necessity to ensure covered-deposit availability and netting arrangement make this exception question answerable.,True
eurlex,http://data.europa.eu/eli/dir/2014/59/art_77/oj,no_refs,fact_pattern,revised,eurlex,A2,q_eedd4ef13abd4eda150678ab,A resolution authority handling a credit institution under resolution needs to ensure the availability of its covered deposits. Those deposits form part of a title transfer financial collateral arrangement that also includes other assets and liabilities. May the authority transfer the covered deposits without transferring the other assets and liabilities in that arrangement?,"transfer covered deposits which are part of any of the arrangements mentioned in paragraph 1 without transferring other assets, rights or liabilities that are part of the same arrangement",5,ok,"The covered deposits, title-transfer arrangement and availability need establish the relevant exception.",True
eurlex,http://data.europa.eu/eli/dir/2014/59/art_77/oj,no_refs,fact_pattern,revised,eurlex,A3,q_f40621c1b1f2d6a230ed0ee5,"A credit institution under resolution has a set-off arrangement with an investment firm, and the parties can net their mutual rights and liabilities. The resolution authority is considering using ancillary powers to transfer only some of those rights and liabilities and to modify or terminate the remainder. What protection must the Member State ensure for the arrangement?","appropriate protection for title transfer financial collateral arrangements and set-off and netting arrangements so as to prevent the transfer of some, but not all, of the rights and liabilities that are protected under a title transfer financial collateral arrangement, a set-off arrangement or a netting arrangement between the institution under resolution and another person and the modification or termination of rights and liabilities that are protected under such a title transfer financial collateral arrangement, a set-off arrangement or a netting arrangement through the use of ancillary powers",5,minor,The proposed selective treatment gives a useful protection question; the answer states the general rule without its covered-deposit exception.,True
eurlex,http://data.europa.eu/eli/dir/2014/59/art_77/oj,no_refs,fact_pattern,original,eurlex,B1,q_a9a8bf556dfeccee353de715,"A resolution authority handling a credit institution under resolution finds that covered deposits are part of a title transfer financial collateral arrangement and needs to ensure their availability. May it transfer the covered deposits without also transferring the other assets, rights or liabilities in that arrangement?","transfer covered deposits which are part of any of the arrangements mentioned in paragraph 1 without transferring other assets, rights or liabilities that are part of the same arrangement",5,ok,The title-transfer arrangement and need to maintain deposit availability make the permission question well specified.,True
eurlex,http://data.europa.eu/eli/dir/2014/59/art_77/oj,no_refs,fact_pattern,original,eurlex,B2,q_d6b3027e6f48d063650c7296,"A credit institution under resolution has a title transfer financial collateral arrangement with a corporate counterparty, and the parties are entitled to set-off their mutual rights and liabilities. The resolution authority is considering transferring only some of the rights and liabilities and modifying the remainder through ancillary powers. What protection applies?","appropriate protection for title transfer financial collateral arrangements and set-off and netting arrangements so as to prevent the transfer of some, but not all, of the rights and liabilities that are protected under a title transfer financial collateral arrangement, a set-off arrangement or a netting arrangement between the institution under resolution and another person and the modification or termination of rights and liabilities that are protected under such a title transfer financial collateral arrangement, a set-off arrangement or a netting arrangement through the use of ancillary powers",5,minor,Entitlement to set off and proposed partial transfer create a clear protection question; the answer omits the possible deposit-availability exception.,True
eurlex,http://data.europa.eu/eli/dir/2014/59/art_77/oj,no_refs,fact_pattern,simple,eurlex,C1,q_cfb80b6b1d87204fb4fc0faa,A national authority is handling the resolution of a credit institution that has title transfer financial collateral and set-off arrangements with another person. What protection must Member States ensure against selective transfers or changes made through ancillary powers?,"Member States shall ensure that there is appropriate protection for title transfer financial collateral arrangements and set-off and netting arrangements so as to prevent the transfer of some, but not all, of the rights and liabilities that are protected under a title transfer financial collateral arrangement, a set-off arrangement or a netting arrangement between the institution under resolution and another person and the modification or termination of rights and liabilities that are protected under such a title transfer financial collateral arrangement, a set-off arrangement or a netting arrangement through the use of ancillary powers.",5,minor,A clear question about resolution protections; the answer would be more complete with the protected-rights condition and deposit exception.,True
eurlex,http://data.europa.eu/eli/dir/2014/59/art_77/oj,no_refs,fact_pattern,simple,eurlex,C2,q_95a1ea5e090ddce3189d34ce,"A resolution authority is handling covered deposits that form part of a financial collateral arrangement, and separating them is necessary to ensure their availability. May the authority transfer those deposits without transferring the other assets, rights or liabilities in the same arrangement?","where necessary in order to ensure availability of the covered deposits the resolution authority may: (a) transfer covered deposits which are part of any of the arrangements mentioned in paragraph 1 without transferring other assets, rights or liabilities that are part of the same arrangement;",3,major,Financial collateral is broader than title-transfer financial collateral; the missing arrangement type can change whether this exception applies.,True
eurlex,http://data.europa.eu/eli/dir/2014/59/art_77/oj,no_refs,fact_pattern,simple,eurlex,C3,q_7da12b067257f92451328976,"In a resolution file, an institution and another person are parties to a netting arrangement and are entitled to net the arrangement's rights and liabilities. Which rights and liabilities are treated as protected under the arrangement?",rights and liabilities are to be treated as protected under such an arrangement if the parties to the arrangement are entitled to set-off or net those rights and liabilities.,5,ok,The netting entitlement is a case fact; whether those rights receive legal protection remains a useful unknown.,True
eurlex,http://data.europa.eu/eli/dir/2014/59/art_77/oj,no_refs,lookup,simple,eurlex,A1,q_deb4e06c44ff3fefa98e4ffd,"When are rights and liabilities under a title transfer financial collateral arrangement, a set-off arrangement or a netting arrangement treated as protected, in terms of the parties’ entitlement to set-off or net those rights and liabilities?",if the parties to the arrangement are entitled to set-off or net those rights and liabilities.,3,ok,"The question supplies the set-off/net entitlement that is the condition it asks for, making the information need thin.",True
eurlex,http://data.europa.eu/eli/dir/2014/59/art_77/oj,no_refs,lookup,simple,eurlex,A2,q_1fdc49ff422fd26303cc1a4d,"For title transfer financial collateral arrangements and set-off and netting arrangements, what protection must Member States ensure?","Member States shall ensure that there is appropriate protection for title transfer financial collateral arrangements and set-off and netting arrangements so as to prevent the transfer of some, but not all, of the rights and liabilities that are protected under a title transfer financial collateral arrangement, a set-off arrangement or a netting arrangement between the institution under resolution and another person and the modification or termination of rights and liabilities that are protected under such a title transfer financial collateral arrangement, a set-off arrangement or a netting arrangement through the use of ancillary powers.",4,minor,"The protection question is useful, but the bank-resolution setting is not stated; the answer also omits the exception.",True
eurlex,http://data.europa.eu/eli/dir/2014/59/art_77/oj,no_refs,lookup,simple,eurlex,A3,q_d1997a23909bcfef1fa52f62,"When necessary to ensure the availability of covered deposits, what may the resolution authority do with covered deposits and the other assets, rights or liabilities that are part of the same arrangements?","transfer covered deposits which are part of any of the arrangements mentioned in paragraph 1 without transferring other assets, rights or liabilities that are part of the same arrangement; and transfer, modify or terminate those assets, rights or liabilities without transferring the covered deposits.",3,minor,"Same arrangements has no antecedent identifying title-transfer collateral, set-off or netting, so the scope needs editing.",True
eurlex,http://data.europa.eu/eli/dir/2014/59/art_77/oj,no_refs,lookup,original,eurlex,B1,q_1c076f61aca05e8ecee93514,"What may a resolution authority do to assets, rights or liabilities in title transfer financial collateral arrangements and set-off and netting arrangements without transferring the covered deposits?","transfer, modify or terminate those assets, rights or liabilities without transferring the covered deposits",5,major,A clear question about permitted treatment of the other assets; the answer omits the decisive necessity-for-deposit-availability condition.,True
eurlex,http://data.europa.eu/eli/dir/2014/59/art_77/oj,no_refs,lookup,original,eurlex,B2,q_c7aef66dc42fc8cdd9d66620,What must Member States prevent ancillary powers from doing to rights and liabilities protected under title transfer financial collateral arrangements and set-off and netting arrangements in bank resolution?,"the transfer of some, but not all, of the rights and liabilities that are protected under a title transfer financial collateral arrangement, a set-off arrangement or a netting arrangement between the institution under resolution and another person and the modification or termination of rights and liabilities that are protected under such a title transfer financial collateral arrangement, a set-off arrangement or a netting arrangement through the use of ancillary powers",5,minor,Explicit bank-resolution context makes the prohibited interference question clear; the answer states only the general rule.,True
eurlex,http://data.europa.eu/eli/dir/2014/59/art_77/oj,no_refs,lookup,original,eurlex,B3,q_58c8bbe8a760e5052ffa65de,"Under what condition may a resolution authority transfer covered deposits that are part of title transfer financial collateral arrangements and set-off and netting arrangements without transferring the other assets, rights or liabilities in those arrangements?",where necessary in order to ensure availability of the covered deposits,5,ok,Precisely asks the condition for the covered-deposit exception and receives that condition.,True
eurlex,http://data.europa.eu/eli/dir/2014/59/art_77/oj,no_refs,lookup,revised,eurlex,C1,q_26fa07dc761f1a4a62911bf3,"When are rights and liabilities treated as protected under a title transfer financial collateral arrangement, set-off arrangement or netting arrangement?","For the purposes of the first subparagraph, rights and liabilities are to be treated as protected under such an arrangement if the parties to the arrangement are entitled to set-off or net those rights and liabilities.",4,ok,"A clear protected-rights question, though the bank-resolution context would improve scope.",True
eurlex,http://data.europa.eu/eli/dir/2014/59/art_77/oj,no_refs,lookup,revised,eurlex,C2,q_da4ebf80f658ee65ec36d6ab,Under what condition may the resolution authority transfer covered deposits that form part of a title transfer financial collateral arrangement without transferring the other assets in that arrangement?,where necessary in order to ensure availability of the covered deposits,5,ok,The title-transfer arrangement and deposit transfer clearly identify the exception being queried.,True
eurlex,http://data.europa.eu/eli/dir/2014/59/art_77/oj,no_refs,lookup,revised,eurlex,C3,q_64f238bc09c4d80668b848f1,What outcomes must Member States prevent when ancillary powers are used in relation to title transfer financial collateral arrangements and set-off and netting arrangements?,"the transfer of some, but not all, of the rights and liabilities that are protected under a title transfer financial collateral arrangement, a set-off arrangement or a netting arrangement between the institution under resolution and another person and the modification or termination of rights and liabilities that are protected under such a title transfer financial collateral arrangement, a set-off arrangement or a netting arrangement through the use of ancillary powers",4,minor,The ancillary-powers protection need is useful but bank-resolution context remains implicit; the answer omits the exception.,True
eurlex,http://data.europa.eu/eli/reg/2014/312/art_16/oj,no_refs,fact_pattern,revised,eurlex,A1,q_bc3eb671a3bb30e5551a3033,A gas transmission system operator at an interconnection point has daily and hourly nominations and re-nominations in use and consults stakeholders about harmonising submissions on both sides. Which impacts must the consultation consider?,financial impact on transmission system operators and network users; impact on cross-border trade; impact on the daily balancing regime at the interconnection point(s).,5,ok,The gas-interconnection consultation and coexistence of nominations identify a clear request for required impact considerations.,True
eurlex,http://data.europa.eu/eli/reg/2014/312/art_16/oj,no_refs,fact_pattern,revised,eurlex,A2,q_a3a5479d01e72ce16887c6c1,"Two transmission system operators have an interconnection agreement and transport contracts in place, and proposed changes to harmonise nominations at their interconnection point have been approved by the national regulatory authorities after consultation. What must the operators do?",the transmission system operators shall amend accordingly the existing interconnection agreements and the transport contracts or other legally binding agreements and publish those changes.,5,ok,Approval and existing agreements create a clear operational question about implementing changes.,True
eurlex,http://data.europa.eu/eli/reg/2014/312/art_16/oj,no_refs,fact_pattern,original,eurlex,B1,q_e3cd0fbbdd7c0dc42b0d97a1,"At a gas transmission interconnection point where daily and hourly nominations and re-nominations coexist, a transmission system operator is considering asking stakeholders whether harmonised nominations and re-nominations should be submitted on both sides. May it consult the stakeholders for that purpose?",may consult the stakeholders for the purpose of identifying whether harmonised nominations and re-nominations should be submitted at both sides of this interconnection point,5,ok,The proposed consultation is a real permission question; stating its intended purpose does not reveal whether consultation is permitted.,True
eurlex,http://data.europa.eu/eli/reg/2014/312/art_16/oj,no_refs,fact_pattern,original,eurlex,B2,q_f540a69bc5c43d77460f43f1,A national regulatory authority is consulting stakeholders about possible harmonised nominations at a gas transmission interconnection point where daily and hourly nominations and re-nominations coexist. Which impacts must the consultation consider?,financial impact on transmission system operators and network users; impact on cross-border trade; impact on the daily balancing regime at the interconnection point(s),5,ok,Clearly asks the required considerations in the specified gas consultation.,True
eurlex,http://data.europa.eu/eli/reg/2014/312/art_16/oj,no_refs,fact_pattern,original,eurlex,B3,q_31b92fd58c21beb250f9d23f,"Following stakeholder consultation, proposed changes concerning harmonised nominations at a gas transmission interconnection point have been approved by the national regulatory authorities. A transmission system operator still has existing interconnection agreements and transport contracts for that point. What must it do?",amend accordingly the existing interconnection agreements and the transport contracts or other legally binding agreements and publish those changes,5,ok,The approved changes and operator’s agreements make the subsequent duties clear.,True
eurlex,http://data.europa.eu/eli/reg/2014/312/art_16/oj,no_refs,fact_pattern,simple,eurlex,C1,q_c8cc223cf0dabfa8bd1dd739,"At a gas interconnection point where daily and hourly nominations and re-nominations coexist, who may consult stakeholders and for what purpose?",the transmission system operators or national regulatory authorities (as appropriate) may consult the stakeholders for the purpose of identifying whether harmonised nominations and re-nominations should be submitted at both sides of this interconnection point.,5,ok,Who may consult and why form one coherent consultation-authority issue.,True
eurlex,http://data.europa.eu/eli/reg/2014/312/art_16/oj,no_refs,fact_pattern,simple,eurlex,C2,q_9bed2b343d52065a1456b281,"At a gas interconnection point where daily and hourly nominations and re-nominations coexist, what must a stakeholder consultation consider?","financial impact on transmission system operators and network users;

(b)
impact on cross-border trade;

(c)
impact on the daily balancing regime at the interconnection point(s).",5,ok,The gas setting and daily/hourly coexistence clearly identify the required impact assessment.,True
eurlex,http://data.europa.eu/eli/reg/2014/312/art_16/oj,no_refs,fact_pattern,simple,eurlex,C3,q_fe9e109da4be1da4a303c181,"When proposed changes to nominations at a gas interconnection point have been approved by the national regulatory authorities, what must the transmission system operators do?",amend accordingly the existing interconnection agreements and the transport contracts or other legally binding agreements and publish those changes.,5,ok,Regulatory approval of nominations changes provides a clear trigger for the operator’s duties.,True
eurlex,http://data.europa.eu/eli/reg/2014/312/art_16/oj,no_refs,lookup,simple,eurlex,A1,q_d9cd6b02978b6d12ef05d106,"Where daily and hourly nominations and re-nominations co-exist at an interconnection point, what must transmission system operators do once proposed changes are approved?",Once the proposed changes are approved the transmission system operators shall amend accordingly the existing interconnection agreements and the transport contracts or other legally binding agreements and publish those changes.,5,ok,The daily/hourly coexistence and approval event make the follow-up duties identifiable.,True
eurlex,http://data.europa.eu/eli/reg/2014/312/art_16/oj,no_refs,lookup,simple,eurlex,A2,q_22432643a866ceb7e7598925,"Where daily and hourly nominations and re-nominations co-exist at an interconnection point, may transmission system operators or national regulatory authorities consult stakeholders about harmonised nominations and re-nominations?","Where daily and hourly nominations and re-nominations co-exist at an interconnection point, the transmission system operators or national regulatory authorities (as appropriate) may consult the stakeholders for the purpose of identifying whether harmonised nominations and re-nominations should be submitted at both sides of this interconnection point.",5,ok,Clear permission question about consultation on harmonised nominations.,True
eurlex,http://data.europa.eu/eli/reg/2014/312/art_16/oj,no_refs,lookup,simple,eurlex,A3,q_0f6f5ce4d0d2efc86ca1d6c7,"Where daily and hourly nominations and re-nominations co-exist at an interconnection point, what matters must the stakeholder consultation consider?",(a) financial impact on transmission system operators and network users; (b) impact on cross-border trade; (c) impact on the daily balancing regime at the interconnection point(s).,5,ok,Precisely asks the mandatory matters considered by the defined consultation.,True
eurlex,http://data.europa.eu/eli/reg/2014/312/art_16/oj,no_refs,lookup,original,eurlex,B1,q_ecef296833a9e592eb54a0d2,Under what circumstances may transmission system operators or national regulatory authorities consult stakeholders under the Network Code on Gas Balancing of Transmission Networks about harmonised nominations and re-nominations?,Where daily and hourly nominations and re-nominations co-exist at an interconnection point,5,ok,The named gas balancing code and harmonisation purpose establish a clear scope-condition question.,True
eurlex,http://data.europa.eu/eli/reg/2014/312/art_16/oj,no_refs,lookup,original,eurlex,B2,q_3209333046651686633b39c9,What must happen to proposed changes to nominations and re-nominations at an interconnection point before transmission system operators amend the existing interconnection agreements under the Network Code on Gas Balancing of Transmission Networks?,"the proposed changes, if any, shall be approved by the national regulatory authorities",5,ok,Clearly asks the approval prerequisite before interconnection agreements change.,True
eurlex,http://data.europa.eu/eli/reg/2014/312/art_16/oj,no_refs,lookup,original,eurlex,B3,q_9b9120899b8ee16c70d0099e,"After proposed changes have been approved, what must transmission system operators do under the Network Code on Gas Balancing of Transmission Networks?",amend accordingly the existing interconnection agreements and the transport contracts or other legally binding agreements and publish those changes,3,ok,Proposed changes is not tied to nominations or interconnection; naming the whole gas code leaves the relevant change process underspecified.,True
eurlex,http://data.europa.eu/eli/reg/2014/312/art_16/oj,no_refs,lookup,revised,eurlex,C1,q_242c35c0866d0c0f5a6282d9,"After national regulatory authorities approve proposed changes under the gas balancing rules, what must transmission system operators do to the existing interconnection agreements and transport contracts?",Once the proposed changes are approved the transmission system operators shall amend accordingly the existing interconnection agreements and the transport contracts or other legally binding agreements and publish those changes.,4,ok,"The gas regime and agreements identify the process reasonably well, but the subject of the approved changes is not stated.",True
eurlex,http://data.europa.eu/eli/reg/2014/312/art_16/oj,no_refs,lookup,revised,eurlex,C2,q_9f3c6973b5b166a97f21fc68,Which impacts must the consultation on harmonised nominations and re-nominations assess for gas balancing at an interconnection point?,"This consultation shall consider at least the following:

(a)
financial impact on transmission system operators and network users;

(b)
impact on cross-border trade;

(c)
impact on the daily balancing regime at the interconnection point(s).",5,ok,The gas harmonisation consultation is clearly identified and the required impacts are substantive.,True
eurlex,http://data.europa.eu/eli/reg/2014/312/art_16/oj,no_refs,lookup,revised,eurlex,C3,q_aeeef0c6b2891b38797be37e,When may transmission system operators or national regulatory authorities consult stakeholders about harmonising nominations and re-nominations in gas balancing at an interconnection point?,"Where daily and hourly nominations and re-nominations co-exist at an interconnection point, the transmission system operators or national regulatory authorities (as appropriate) may consult the stakeholders for the purpose of identifying whether harmonised nominations and re-nominations should be submitted at both sides of this interconnection point.",5,ok,Clearly asks the triggering circumstances for consultation on gas nominations.,True
eurlex,http://data.europa.eu/eli/reg/2014/165/art_23/oj,no_refs,fact_pattern,revised,eurlex,A1,q_db3796646c7ee64447f26b48,An approved workshop is carrying out a regular inspection of a tachograph fitted to a haulage vehicle. It has checked the installation and operation but has not examined the vehicle's seals or possible manipulation equipment. What must the inspection also check?,all seals are intact and effective; there are no manipulation devices attached to the tachograph or traces of the use of such devices,5,major,"The question usefully asks what remains to inspect; the answer lists seals and manipulation but omits other unchecked items such as the plaque, approval mark and tyres.",True
eurlex,http://data.europa.eu/eli/reg/2014/165/art_23/oj,no_refs,fact_pattern,revised,eurlex,A2,q_4ecb1f4a71df8ca92219cb63,"A road-haulage operator uses a vehicle fitted with a tachograph, and an approved workshop has completed its regular inspection. How often must the tachograph undergo another regular inspection?",at least every two years,5,ok,"The vehicle and approved inspection establish a clear, useful repeat-inspection interval question.",True
eurlex,http://data.europa.eu/eli/reg/2014/165/art_23/oj,no_refs,fact_pattern,revised,eurlex,A3,q_f0ff52a1c7fe8567818f1d5e,"An approved workshop remedied irregular functioning found during a tachograph inspection and prepared an inspection report. The Member State has decided that workshops retain such reports, and the national competent authority now requests the records. What must the workshop make available?",the reports of inspections and calibrations carried out during that period,5,major,The workshop-retention decision and request make the disclosure question clear; the answer leaves during that period undefined.,True
eurlex,http://data.europa.eu/eli/reg/2014/165/art_23/oj,no_refs,fact_pattern,original,eurlex,B1,q_cc6dba2668f97ecab5a328a8,An approved tachograph workshop finds and remedies an irregularity during an inspection specifically requested by the national competent authority. What must the workshop prepare?,shall draw up an inspection report,5,ok,The requested inspection and remedied irregularity identify the report-making duty exactly.,True
eurlex,http://data.europa.eu/eli/reg/2014/165/art_23/oj,no_refs,fact_pattern,original,eurlex,B2,q_7806644122aeb780b586ec3e,"A tachograph workshop has kept reports of inspections and calibrations carried out 18 months ago, and the competent authority has requested them. What must the workshop do?","upon request from the competent authority, the workshop shall make available the reports of inspections and calibrations carried out during that period",5,ok,An authority request for retained recent records creates a clear disclosure obligation.,True
eurlex,http://data.europa.eu/eli/reg/2014/165/art_23/oj,no_refs,fact_pattern,original,eurlex,B3,q_cbcf5ec080e981ae66d025bb,"A haulage company operates a vehicle fitted with a tachograph, and an approved workshop carried out its last regular inspection 20 months ago. How often must the tachograph undergo a regular inspection?",at least every two years,5,ok,The concrete last inspection and vehicle establish a useful regular-inspection frequency question.,True
eurlex,http://data.europa.eu/eli/reg/2014/165/art_23/oj,no_refs,fact_pattern,simple,eurlex,C1,q_83bd241223f5301f7ca20380,"For a tachograph installed in a road-transport vehicle, how often must an approved workshop carry out a regular inspection?",at least every two years,5,ok,Clear frequency question with the tachograph and approved workshop specified.,True
eurlex,http://data.europa.eu/eli/reg/2014/165/art_23/oj,no_refs,fact_pattern,simple,eurlex,C2,q_b2a761af48959566349f221d,"When a national competent authority requests reports from a workshop that has retained them, which reports must the workshop make available?",the reports of inspections and calibrations carried out during that period.,3,major,Neither tachographs nor road transport identifies the workshop reports; the answer also leaves the relevant period unspecified.,True
eurlex,http://data.europa.eu/eli/reg/2014/165/art_23/oj,no_refs,fact_pattern,simple,eurlex,C3,q_e80e9b212793b09f3cdcd78e,"During an inspection of a road-transport vehicle's tachograph, what must be checked concerning manipulation devices?",there are no manipulation devices attached to the tachograph or traces of the use of such devices;,5,ok,The manipulation-device check is a precise substantive safety requirement.,True
eurlex,http://data.europa.eu/eli/reg/2014/165/art_23/oj,no_refs,lookup,revised,eurlex,A1,q_9c0178daa1a7028ea33948c7,For how long must inspection reports for tachographs in road transport be retained?,for a minimum period of two years from the time the report was made,5,ok,Clear retention question with the tachograph-report context supplied.,True
eurlex,http://data.europa.eu/eli/reg/2014/165/art_23/oj,no_refs,lookup,revised,eurlex,A2,q_f432287bbf35ee99cef35e36,When must workshops draw up an inspection report for tachographs in road transport?,"Workshops shall draw up an inspection report in cases where irregularities in the functioning of the tachograph had to be remedied, whether as a result of a periodic inspection or of an inspection carried out at the specific request of the national competent authority.",5,ok,"A useful question about the circumstances requiring a report, fully resolved by the source.",True
eurlex,http://data.europa.eu/eli/reg/2014/165/art_23/oj,no_refs,lookup,revised,eurlex,A3,q_a3b4da657f932a6e689487f7,How often must tachographs in road transport undergo regular inspection by approved workshops?,at least every two years,5,ok,Natural and precise question about the inspection interval.,True
eurlex,http://data.europa.eu/eli/reg/2014/165/art_23/oj,no_refs,lookup,simple,eurlex,B1,q_63151926013b7b0c31814e1d,"For inspections of tachographs, how often must tachographs be subject to regular inspection by approved workshops?",Regular inspections shall be carried out at least every two years.,4,ok,"The inspection-frequency need is clear, but the opening repeats inspections of tachographs unnecessarily.",True
eurlex,http://data.europa.eu/eli/reg/2014/165/art_23/oj,no_refs,lookup,simple,eurlex,B2,q_980736a8af1bca93ec573f6e,"For inspections of tachographs, for how long must inspection reports be retained?",Inspection reports shall be retained for a minimum period of two years from the time the report was made.,4,ok,"A useful retention question, expressed through a somewhat clumsy repeated for construction.",True
eurlex,http://data.europa.eu/eli/reg/2014/165/art_23/oj,no_refs,lookup,simple,eurlex,B3,q_3c49c32ef7ec8d53126e0b96,"For inspections of tachographs, when must workshops draw up an inspection report?","Workshops shall draw up an inspection report in cases where irregularities in the functioning of the tachograph had to be remedied, whether as a result of a periodic inspection or of an inspection carried out at the specific request of the national competent authority.",5,ok,The tachograph context and workshop duty provide a clear report-trigger question.,True
eurlex,http://data.europa.eu/eli/reg/2014/165/art_23/oj,no_refs,lookup,original,eurlex,C1,q_b4af50af992ca662f8e24694,How often must tachographs in road transport undergo regular inspections by approved workshops?,at least every two years,5,ok,"Clearly identifies the regulated device, inspection and responsible workshops.",True
eurlex,http://data.europa.eu/eli/reg/2014/165/art_23/oj,no_refs,lookup,original,eurlex,C2,q_b69ff7c69372801512ca625d,When must approved workshops draw up an inspection report for a tachograph?,"in cases where irregularities in the functioning of the tachograph had to be remedied, whether as a result of a periodic inspection or of an inspection carried out at the specific request of the national competent authority",5,ok,Precisely asks when a tachograph inspection report is required.,True
eurlex,http://data.europa.eu/eli/reg/2014/165/art_23/oj,no_refs,lookup,original,eurlex,C3,q_6693b0c5f473c461294d7d42,What condition of the seals must approved workshops check during tachograph inspections?,all seals are intact and effective,5,ok,The seals question asks a concrete inspection requirement without disclosing the answer.,True
eurlex,http://data.europa.eu/eli/reg/2013/1381/art_5/oj,no_refs,fact_pattern,original,eurlex,A1,q_299437de2c06469d4f0fe8b0,An NGO receiving programme funding wants to run an online training course for staff working on equality projects. What type of action does this fall under?,"training activities, such as staff exchanges, workshops, seminars, train-the-trainer events and the development of online training tools or other training modules",3,ok,"The training-classification need is answerable in principle, but programme funding and equality projects do not identify which programme’s categories apply.",True
eurlex,http://data.europa.eu/eli/reg/2013/1381/art_5/oj,no_refs,fact_pattern,original,eurlex,A2,q_60440fea5a35af5f4fa7b836,A beneficiary is organising a conference for young people affected by discrimination as part of a funded awareness campaign. What must it do to ensure the action has an inclusive perspective?,beneficiaries shall encourage the participation of relevant target groups in actions financed by the Programme,3,ok,"The inclusion duty is a useful need, but the question never identifies the funding programme whose duty it invokes.",True
eurlex,http://data.europa.eu/eli/reg/2013/1381/art_5/oj,no_refs,fact_pattern,original,eurlex,A3,q_aab87527b30e64b1956f6902,"A civil-rights research institute applying for support under a Union programme on rights, equality and citizenship plans to collect data and statistics on discrimination. Is this a type of action that the programme may finance?","analytical activities, such as the collection of data and statistics",5,ok,The named policy programme and data-collection proposal make a clear permitted-action-category question.,True
eurlex,http://data.europa.eu/eli/reg/2013/1381/art_5/oj,no_refs,fact_pattern,revised,eurlex,B1,q_3d84bf500cc24364949edec0,"An NGO applying for funding under an EU rights, equality and citizenship programme proposes to collect data and statistics and develop a common methodology on access to justice. What type of action does this proposal represent?","analytical activities, such as the collection of data and statistics; the development of common methodologies",5,ok,"The rights/equality/citizenship programme and concrete analytical proposal make category identification a real, answerable need.",True
eurlex,http://data.europa.eu/eli/reg/2013/1381/art_5/oj,no_refs,fact_pattern,revised,eurlex,B2,q_225f2cb11a5415b3a356bb91,"A beneficiary is organising an awareness campaign on equal treatment, but relevant target groups have not yet been involved in planning the campaign. What must the beneficiary do in relation to those groups?",beneficiaries shall encourage the participation of relevant target groups in actions financed by the Programme,3,ok,"The participation issue is clear, but beneficiary and awareness campaign lack the programme context needed to select the rule.",True
eurlex,http://data.europa.eu/eli/reg/2013/1381/art_5/oj,no_refs,fact_pattern,revised,eurlex,B3,q_0e825583cc30bad856ee5bca,"A European-level NGO network is applying for operating support because its activities contribute to the objectives of an EU rights, equality and citizenship programme and its proposed work has European added value. What type of action can the funding support?",support for NGOs in the implementation of actions with European added value,3,major,The question already describes NGO operating support with European added value; the answer restates that activity rather than identifying a distinct action category.,True
eurlex,http://data.europa.eu/eli/reg/2013/1381/art_5/oj,no_refs,fact_pattern,simple,eurlex,C1,q_5354cca9d7d4dca1055e8eae,"What type of action under the Rights, Equality and Citizenship Programme covers a project collecting data and statistics?","analytical activities, such as the collection of data and statistics",5,ok,The programme is identified and the analytical category is a genuine unknown.,True
eurlex,http://data.europa.eu/eli/reg/2013/1381/art_5/oj,no_refs,fact_pattern,simple,eurlex,C2,q_c0b52c21dfd3f598679be80c,"What type of support under the Rights, Equality and Citizenship Programme concerns an NGO implementing an action with European added value?",support for NGOs in the implementation of actions with European added value,3,major,"The NGO action with European added value is already specified, and the supplied support answer merely repeats it rather than providing a new category.",True
eurlex,http://data.europa.eu/eli/reg/2013/1381/art_5/oj,no_refs,fact_pattern,simple,eurlex,C3,q_3eaf749a0053485739d35f74,"What must beneficiaries do to ensure an inclusive perspective in actions financed by the Rights, Equality and Citizenship Programme?",beneficiaries shall encourage the participation of relevant target groups in actions financed by the Programme,5,ok,Clearly asks a substantive beneficiary obligation in the named programme.,True
eurlex,http://data.europa.eu/eli/reg/2013/1381/art_5/oj,no_refs,lookup,revised,eurlex,A1,q_23e8f5fa77a298fd46151723,"What analytical activities may the Rights, Equality and Citizenship Programme finance?","analytical activities, such as the collection of data and statistics; the development of common methodologies and, where appropriate, indicators or benchmarks; studies, researches, analyses and surveys; evaluations; the elaboration and publication of guides, reports and educational material; workshops, seminars, experts' meetings and conferences",5,ok,Clear request for the analytical activities eligible under the named programme.,True
eurlex,http://data.europa.eu/eli/reg/2013/1381/art_5/oj,no_refs,lookup,revised,eurlex,A2,q_350572bf04613d79b659813e,"What must beneficiaries do to ensure an inclusive perspective in actions financed by the Rights, Equality and Citizenship Programme?",beneficiaries shall encourage the participation of relevant target groups in actions financed by the Programme,5,ok,A clear programme-specific inclusion obligation is requested.,True
eurlex,http://data.europa.eu/eli/reg/2013/1381/art_5/oj,no_refs,lookup,revised,eurlex,A3,q_d906d7169b3b99d236ffe544,"What forms of support for main actors may the Rights, Equality and Citizenship Programme finance?","support for main actors whose activities contribute to the implementation of the objectives of the Programme, such as support for NGOs in the implementation of actions with European added value, support for key European actors, European-level networks and harmonised services of social value; support for Member States in the implementation of Union law and policies; and support for networking activities at European level among specialised bodies and entities as well as national, regional and local authorities and NGOs, including support by way of action grants or operating grants",5,ok,The forms of main-actor support constitute one useful bounded list request.,True
eurlex,http://data.europa.eu/eli/reg/2013/1381/art_5/oj,no_refs,lookup,simple,eurlex,B1,q_b4676dab4c9bb591affc93d2,"What analytical activities are among the types of actions financed under the Rights, Equality and Citizenship Programme?","analytical activities, such as the collection of data and statistics; the development of common methodologies and, where appropriate, indicators or benchmarks; studies, researches, analyses and surveys; evaluations; the elaboration and publication of guides, reports and educational material; workshops, seminars, experts' meetings and conferences",5,ok,Clearly asks which analytical activities the programme finances.,True
eurlex,http://data.europa.eu/eli/reg/2013/1381/art_5/oj,no_refs,lookup,simple,eurlex,B2,q_dcfe7a5259bb4464fd9f3cc5,"What must beneficiaries do to ensure an inclusive perspective in actions financed by the Rights, Equality and Citizenship Programme?",beneficiaries shall encourage the participation of relevant target groups in actions financed by the Programme,5,ok,The programme and beneficiary duty are clearly identified.,True
eurlex,http://data.europa.eu/eli/reg/2013/1381/art_5/oj,no_refs,lookup,simple,eurlex,B3,q_5f64f66d6fd1d846d5137484,"What forms of grants may support networking activities at European level under the Rights, Equality and Citizenship Programme?",action grants or operating grants,5,ok,Action versus operating grants is a useful funding-form distinction not given away by the question.,True
eurlex,http://data.europa.eu/eli/reg/2013/1381/art_5/oj,no_refs,lookup,original,eurlex,C1,q_dc82a9bf3346dd49073aa131,"Under what type of action may the Rights, Equality and Citizenship Programme finance staff exchanges and train-the-trainer events?","training activities, such as staff exchanges, workshops, seminars, train-the-trainer events and the development of online training tools or other training modules",5,ok,The training examples are case facts; the programme’s formal action category remains the unknown.,True
eurlex,http://data.europa.eu/eli/reg/2013/1381/art_5/oj,no_refs,lookup,original,eurlex,C2,q_48ddaa5ef60c2bebf2e4ddcf,"Which organisations can receive support from the Rights, Equality and Citizenship Programme for implementing actions with European added value?",NGOs,5,ok,"The question asks which organisations receive the specified support, a substantive unknown supplied by NGOs.",True
eurlex,http://data.europa.eu/eli/reg/2013/1381/art_5/oj,no_refs,lookup,original,eurlex,C3,q_beaf227b7e4275d4c6d409c0,"What must beneficiaries do to ensure an inclusive perspective in actions financed by the Rights, Equality and Citizenship Programme?",encourage the participation of relevant target groups in actions financed by the Programme,5,ok,Precisely asks the inclusion duty in the identified programme.,True
eurlex,http://data.europa.eu/eli/reg/2005/1572/art_4/oj,no_refs,fact_pattern,revised,eurlex,A1,q_c2276e6172d220ee83243370,A Spanish grain buyer is preparing a tender for a subsequent partial invitation to resell intervention rye on the Spanish market during an ordinary week. What is the closing schedule for submitting the tender?,each Wednesday at 15.00 (Brussels time),4,ok,"The regular-week schedule is useful, but ordinary week does not explicitly identify the excluded dates or the German intervention sale.",True
eurlex,http://data.europa.eu/eli/reg/2005/1572/art_4/oj,no_refs,fact_pattern,revised,eurlex,A2,q_d207d631c84be941c0be2d95,A grain trader wants to bid for rye held by the German intervention agency for resale on the Spanish market and is preparing a tender for the first partial invitation. When does that invitation expire?,15.00 (Brussels time) on 5 October 2005,5,ok,"The commodity, intervention agency, resale market and first invitation identify the deadline sought.",True
eurlex,http://data.europa.eu/eli/reg/2005/1572/art_4/oj,no_refs,fact_pattern,revised,eurlex,A3,q_80a03a6f47757b6e90352232,A grain trader intends to submit a tender for the final partial invitation concerning rye held by the German intervention agency for resale on the Spanish market. By when must the tender be submitted?,28 June 2006 at 15.00 (Brussels time),5,ok,The final invitation and specified rye sale give a clear deadline question.,True
eurlex,http://data.europa.eu/eli/reg/2005/1572/art_4/oj,no_refs,fact_pattern,original,eurlex,B1,q_39f5d753a4d9882c77838170,A Spanish grain trader wants to submit a tender in the first partial invitation for rye held by the German intervention agency for resale on the Spanish market. By when must the tender be submitted?,at 15.00 (Brussels time) on 5 October 2005,5,ok,Clearly identifies the first invitation in the German rye resale process.,True
eurlex,http://data.europa.eu/eli/reg/2005/1572/art_4/oj,no_refs,fact_pattern,original,eurlex,B2,q_542c778ae6b10c2c894d4f73,A Spanish grain trader wants to lodge a tender for rye offered for resale on the Spanish market. At which office and fax numbers must the tender be lodged?,"the German intervention agency:

Bundesanstalt für Landwirtschaft und Ernährung (BLE)

Deichmannsaue 29

D-53179 Bonn

Fax 1: (49-228) 6845 3985

Fax 2: (49-228) 6845 3276",3,ok,"Rye offered for resale in Spain does not identify the intervention sale or seller, so the requested lodging office is underspecified.",True
eurlex,http://data.europa.eu/eli/reg/2005/1572/art_4/oj,no_refs,fact_pattern,original,eurlex,B3,q_5240b257f498ffb9d1d9385d,A Spanish grain trader is preparing a tender for the last partial invitation to resell rye from the German intervention agency. What is the closing time and date for submitting it?,28 June 2006 at 15.00 (Brussels time),5,ok,The German intervention rye sale and final partial invitation make the deadline request clear.,True
eurlex,http://data.europa.eu/eli/reg/2005/1572/art_4/oj,no_refs,fact_pattern,simple,eurlex,C1,q_2fdbc77a51b8ea4a14adf0d7,A private trader is preparing its first tender for the resale on the Spanish market of rye held by the German intervention agency. By when must the first tender be submitted?,15.00 (Brussels time) on 5 October 2005.,2,major,A trader’s first tender may fall in any partial invitation; treating it as the first invitation gives an unsupported deadline.,True
eurlex,http://data.europa.eu/eli/reg/2005/1572/art_4/oj,no_refs,fact_pattern,simple,eurlex,C2,q_abbe3ec391c3b7204aeb7988,A private trader intends to tender for the resale on the Spanish market of rye held by the German intervention agency during the week of 2 November 2005. Is there an invitation to tender in that week?,there being no invitation to tender in the weeks concerned.,5,ok,The dated week and specific rye tender make this exclusion question directly answerable.,True
eurlex,http://data.europa.eu/eli/reg/2005/1572/art_4/oj,no_refs,fact_pattern,simple,eurlex,C3,q_c7c1435300d1bb301d9fa2f6,A private trader is submitting a tender for the resale on the Spanish market of rye held by the German intervention agency. With which body must the tender be lodged?,"the German intervention agency:

Bundesanstalt für Landwirtschaft und Ernährung (BLE)",5,ok,A clear question about the body receiving tenders in the specified intervention sale.,True
eurlex,http://data.europa.eu/eli/reg/2005/1572/art_4/oj,no_refs,lookup,original,eurlex,A1,q_c1ac2e29fdbc411cf74f82f6,What is the regular closing schedule for tenders submitted under the standing invitation to tender for the resale on the Spanish market of rye held by the German intervention agency?,each Wednesday at 15.00 (Brussels time),5,ok,"The regular schedule is clearly requested, so the short answer need not list separately excluded weeks.",True
eurlex,http://data.europa.eu/eli/reg/2005/1572/art_4/oj,no_refs,lookup,original,eurlex,A2,q_d51eb34394cc6b40c57ccf60,When does the first partial invitation to tender close for the standing invitation to tender for the resale on the Spanish market of rye held by the German intervention agency?,at 15.00 (Brussels time) on 5 October 2005,5,ok,The precise standing invitation and first partial round identify the deadline.,True
eurlex,http://data.europa.eu/eli/reg/2005/1572/art_4/oj,no_refs,lookup,original,eurlex,A3,q_c6e7806b62054cfc7378827d,Where must tenders be lodged for the standing invitation to tender for the resale on the Spanish market of rye held by the German intervention agency?,"the German intervention agency:

Bundesanstalt für Landwirtschaft und Ernährung (BLE)

Deichmannsaue 29

D-53179 Bonn

Fax 1: (49-228) 6845 3985

Fax 2: (49-228) 6845 3276",5,ok,The sale and lodging need are both clearly specified.,True
eurlex,http://data.europa.eu/eli/reg/2005/1572/art_4/oj,no_refs,lookup,revised,eurlex,B1,q_59babc5d37b34d8f894c7d84,Where must tenders for the resale on the Spanish market of rye held by the German intervention agency be lodged?,"the German intervention agency:

Bundesanstalt für Landwirtschaft und Ernährung (BLE)

Deichmannsaue 29

D-53179 Bonn

Fax 1: (49-228) 6845 3985

Fax 2: (49-228) 6845 3276",5,ok,"The intervention agency, commodity and resale market identify the lodging requirement.",True
eurlex,http://data.europa.eu/eli/reg/2005/1572/art_4/oj,no_refs,lookup,revised,eurlex,B2,q_e709ab57a3e6f06d732b8062,When does the first partial invitation to tender for the resale on the Spanish market of rye held by the German intervention agency expire?,at 15.00 (Brussels time) on 5 October 2005,5,ok,A precise first-invitation deadline question.,True
eurlex,http://data.europa.eu/eli/reg/2005/1572/art_4/oj,no_refs,lookup,revised,eurlex,B3,q_beaf50569f425776b2e4c54e,"On which schedule do the closing dates for subsequent partial invitations to tender for the resale on the Spanish market of rye held by the German intervention agency fall, and which dates are excluded?","each Wednesday at 15.00 (Brussels time), with the exception of 2 November 2005, 28 December 2005, 12 April 2006, 24 May 2006 and 14 June 2006, there being no invitation to tender in the weeks concerned",5,ok,The ordinary schedule and its exceptions are one coherent request for the tender calendar.,True
eurlex,http://data.europa.eu/eli/reg/2005/1572/art_4/oj,no_refs,lookup,simple,eurlex,C1,q_11c2d8bb7d2610650cd019c8,"For the standing invitation to tender for the resale on the Spanish market of rye held by the German intervention agency, with which body and at what address must tenders be lodged?","Tenders must be lodged with the German intervention agency:

Bundesanstalt für Landwirtschaft und Ernährung (BLE)

Deichmannsaue 29

D-53179 Bonn",5,ok,Clearly asks the receiving body and address for one defined tender process.,True
eurlex,http://data.europa.eu/eli/reg/2005/1572/art_4/oj,no_refs,lookup,simple,eurlex,C2,q_e551c9f70afc899b1409fe80,"For the standing invitation to tender for the resale on the Spanish market of rye held by the German intervention agency, what is the deadline for the last partial invitation to tender?",The closing date for the submission of tenders for the last partial invitation to tender shall be 28 June 2006 at 15.00 (Brussels time).,5,ok,The final partial invitation in the specified standing tender identifies the deadline.,True
eurlex,http://data.europa.eu/eli/dir/2011/81/art_2/oj,no_refs,lookup,simple,eurlex,B1,q_70b4d06ee00324dd52b0278a,What must Member States communicate to the Commission concerning national measures for deltamethrin as an active substance?,the text of the main provisions of national law which they adopt in the field covered by this Directive,4,minor,The notification duty is useful; identifying biocidal-product implementation rather than deltamethrin as an active substance alone would sharpen scope. The answer retains this Directive.,False
eurlex,http://data.europa.eu/eli/reg/2014/788/art_20/oj,no_refs,fact_pattern,simple,eurlex,A1,q_fd4bc244157b2e8f15f99f54,Which bodies must receive the Commission’s decision for information when it concerns a recognised ship inspection and survey organisation?,The Commission shall notify its decision to the European Maritime Safety Agency and to the Member States for information.,5,ok,Ship inspection and survey organisations and notification for information identify a clear recipient question.,True
eurlex,http://data.europa.eu/eli/reg/2014/788/art_20/oj,no_refs,fact_pattern,simple,eurlex,A2,q_78117c463808c4598811a7ef,What must the Commission do regarding the judicial remedies available to a recognised ship inspection and survey organisation affected by its decision?,The Commission shall inform the recognised organisation concerned of the judicial remedies available to it.,4,ok,"The duty toward the affected maritime organisation is answerable, though the remedy-information request is rather abstract.",True
eurlex,http://data.europa.eu/eli/reg/2014/788/art_20/oj,no_refs,fact_pattern,simple,eurlex,A3,q_f2548dc5b1ff4d9e0c7116d2,"When may the Commission make public a decision concerning a recognised ship inspection and survey organisation, and what interests must it consider?","When justified, in particular on grounds of safety or protection of the environment, the Commission may make its decision public. When publishing details of its decision or informing the Member States, the Commission shall have regard to the legitimate interests of the recognised organisation concerned and other interested persons.",5,ok,"Publication grounds and protection of affected interests form one coherent, substantive issue.",True
eurlex,http://data.europa.eu/eli/reg/2014/788/art_20/oj,no_refs,fact_pattern,original,eurlex,B1,q_c48ff55d2f981a7b34741426,"A recognised organisation has been notified of a Commission decision imposing a fine, but the notification says nothing about how the organisation can challenge it. What information must the Commission provide?",the judicial remedies available to it,3,ok,"A challenge to a fine is a useful need, but recognised organisation does not identify the maritime sector.",True
eurlex,http://data.europa.eu/eli/reg/2014/788/art_20/oj,no_refs,fact_pattern,original,eurlex,B2,q_8997403b789db2c42c622498,"A Commission decision concerning a recognised organisation addresses a serious safety issue, while publication could affect the organisation's legitimate interests. What limits apply if the Commission considers making the decision public?","When justified, in particular on grounds of safety or protection of the environment, the Commission may make its decision public. When publishing details of its decision or informing the Member States, the Commission shall have regard to the legitimate interests of the recognised organisation concerned and other interested persons.",3,ok,"Publication limits are useful, but the question omits what kind of recognised organisation and Commission proceeding is involved.",True
eurlex,http://data.europa.eu/eli/reg/2014/788/art_20/oj,no_refs,fact_pattern,revised,eurlex,C1,q_42af2326f6a7f400b95865f1,"A recognised organisation is the subject of a Commission decision justified on safety grounds, and publication could affect the organisation and other interested persons. What interests must be considered when details of the decision are published?",the legitimate interests of the recognised organisation concerned and other interested persons,3,ok,"The publication-interests need is clear, but the recognised organisation’s sector is unstated.",True
eurlex,http://data.europa.eu/eli/reg/2014/788/art_20/oj,no_refs,fact_pattern,revised,eurlex,C2,q_1dc47bea90a9a4f6b3305a36,"A recognised organisation has been the subject of a Commission decision, and its representatives want to know which public bodies will receive the decision for information. Which bodies are they?",the European Maritime Safety Agency and the Member States for information,3,ok,"The desired notification recipients are clear, but the organisation and proceeding remain too generic.",True
eurlex,http://data.europa.eu/eli/reg/2014/788/art_20/oj,no_refs,fact_pattern,revised,eurlex,C3,q_c8780d749ce7e8a049cc1c3c,A recognised organisation has received a Commission decision imposing a measure against it and wants to challenge that decision. What must the organisation be told about its legal options?,the judicial remedies available to it,3,ok,"The challenge scenario is sensible, but the maritime recognition regime is missing.",True
eurlex,http://data.europa.eu/eli/reg/2014/788/art_20/oj,no_refs,lookup,original,eurlex,A1,q_a259d39c720e84eb11db8606,Which bodies must receive the Commission's decision concerning a recognised ship inspection and survey organisation for information?,the European Maritime Safety Agency and the Member States for information,5,ok,The maritime organisation and for-information purpose identify exactly which recipients are requested.,True
eurlex,http://data.europa.eu/eli/reg/2014/788/art_20/oj,no_refs,lookup,original,eurlex,A2,q_d632f55100836306a5ae83cb,What must the Commission inform a recognised ship inspection and survey organisation about regarding judicial remedies?,The Commission shall inform the recognised organisation concerned of the judicial remedies available to it.,2,major,The question already says to inform the organisation about judicial remedies; the answer repeats that duty without adding requested information.,True
eurlex,http://data.europa.eu/eli/reg/2014/788/art_20/oj,no_refs,lookup,original,eurlex,A3,q_70261e3284146f677de67570,When may the Commission make public its decision concerning a recognised ship inspection and survey organisation?,"When justified, in particular on grounds of safety or protection of the environment",5,minor,A clear question about publication permission; the answer gives the grounds but omits the duty to respect legitimate interests.,True
eurlex,http://data.europa.eu/eli/reg/2014/788/art_20/oj,no_refs,lookup,revised,eurlex,B1,q_186693b5ea1cc92311861234,To whom must the Commission send its decision in proceedings concerning a recognised ship inspection and survey organisation?,The Commission shall notify its decision to the European Maritime Safety Agency and to the Member States for information.,4,minor,"The maritime setting is clear, but send its decision is broader than notification to bodies for information.",True
eurlex,http://data.europa.eu/eli/reg/2014/788/art_20/oj,no_refs,lookup,revised,eurlex,B2,q_f4d633de50a1dec5f6848d71,What judicial-remedy information must the Commission provide to a recognised ship inspection and survey organisation?,The Commission shall inform the recognised organisation concerned of the judicial remedies available to it.,3,minor,"Judicial-remedy information is already the stated subject, while the source only says to inform about available remedies; the need is thin.",True
eurlex,http://data.europa.eu/eli/reg/2014/788/art_20/oj,no_refs,lookup,revised,eurlex,B3,q_993f130f21f377cc9a0fdf5a,On what grounds may the Commission make its decision public in proceedings concerning a recognised ship inspection and survey organisation?,"When justified, in particular on grounds of safety or protection of the environment, the Commission may make its decision public.",5,ok,Precisely asks the grounds supporting publication of a maritime-recognition decision.,True
eurlex,http://data.europa.eu/eli/reg/2014/788/art_20/oj,no_refs,lookup,simple,eurlex,C1,q_55de040da0683fa730290259,To whom must the Commission notify its decision concerning a recognised organisation for information?,the European Maritime Safety Agency and to the Member States for information,3,ok,"Notification for information is clear, but the type of recognised organisation is missing.",True
eurlex,http://data.europa.eu/eli/reg/2014/788/art_20/oj,no_refs,lookup,simple,eurlex,C2,q_3ece53b16d9543ebae4bba44,What must the Commission do to inform a recognised organisation about available judicial remedies?,The Commission shall inform the recognised organisation concerned of the judicial remedies available to it.,2,major,"Asks how to inform about remedies, while the source merely imposes the duty and specifies no informing procedure.",True
eurlex,http://data.europa.eu/eli/reg/2014/788/art_20/oj,no_refs,lookup,simple,eurlex,C3,q_496f50596616dd012cef3128,When may the Commission make its decision concerning a recognised organisation public?,"When justified, in particular on grounds of safety or protection of the environment, the Commission may make its decision public.",3,minor,"Publication permission is a useful need, but the maritime proceeding is not identified; the answer also omits the legitimate-interest safeguard.",True
eurlex,http://data.europa.eu/eli/reg/2006/1906/art_50/oj,no_refs,fact_pattern,revised,eurlex,A1,q_6d2b1a35c1c987d59652dc6c,A participant in an indirect action intends to request access to foreground 10 months after the action has ended. Until when may the request be made?,up to one year after the end of the indirect action,5,major,The access-request deadline is a useful question; the answer presents one year absolutely and omits the permitted agreed alternative.,True
eurlex,http://data.europa.eu/eli/reg/2006/1906/art_50/oj,no_refs,fact_pattern,revised,eurlex,A2,q_26dba25351850e62f5d98f21,"A university and a research centre are participants in the same indirect action, and the university needs the research centre's foreground to use its own foreground. On what terms must the access be granted?","Subject to agreement, such access rights shall be granted either under fair and reasonable conditions or be royalty-free.",5,ok,The relationship and need for another participant’s foreground make the access-terms question clear.,True
eurlex,http://data.europa.eu/eli/reg/2006/1906/art_50/oj,no_refs,fact_pattern,revised,eurlex,A3,q_adc603d0d184fcf0e9ed6bef,"An RTD performer generated foreground in an indirect action, and another participant needs access to its background to use that foreground. On what terms must the RTD performer grant access?","RTD performers shall grant access on a royalty-free basis, or on fair and reasonable conditions to be agreed prior to the signing of the grant agreement, to background needed to use the foreground generated in the indirect action.",5,ok,The RTD performer’s background and its use for generated foreground identify the specific terms obligation.,True
eurlex,http://data.europa.eu/eli/reg/2006/1906/art_50/oj,no_refs,fact_pattern,simple,eurlex,B1,q_8b1cc33d277fac26a13bcdb9,"When may a participant in the same indirect action obtain access to another participant's foreground for using its own foreground, and on what terms?","Participants in the same indirect action shall enjoy access rights to foreground, if it is needed to use their own foreground.Subject to agreement, such access rights shall be granted either under fair and reasonable conditions or be royalty-free.",5,ok,Eligibility and terms form one coherent access-rights need in a shared research action.,True
eurlex,http://data.europa.eu/eli/reg/2006/1906/art_50/oj,no_refs,fact_pattern,simple,eurlex,B2,q_1dcea34624490e6805795770,What access rights does an affiliated entity established in a Member State have to foreground or background when it is affiliated with a participant in the same indirect action?,"An affiliated entity established in a Member State or associated country shall also have access rights, referred to in paragraphs 1 and 2, to foreground or background under the same conditions as the participant to which it is affiliated, unless otherwise provided for in the grant agreement or consortium agreement.",5,minor,The affiliate’s location and relationship identify a real rights question; the answer refers to participant conditions without explaining the underlying need and grant-entitlement tests.,True
eurlex,http://data.europa.eu/eli/reg/2006/1906/art_50/oj,no_refs,fact_pattern,simple,eurlex,B3,q_624deb6edc2ac0212e674a3a,What is the latest default period for requesting access rights after an indirect action ends or the owner of the relevant background or foreground terminates its participation?,"A request for access rights under paragraphs 1, 2 and 3 may be made up to one year after either of the following events:

(a)
the end of the indirect action;

(b)
termination of participation by the owner of the background or foreground concerned.
4. However, the participants concerned may agree on a different time-limit.",5,ok,Explicitly requests the default period and the source states both triggering events and the contractual exception.,True
eurlex,http://data.europa.eu/eli/reg/2006/1906/art_50/oj,no_refs,fact_pattern,original,eurlex,C1,q_e6b6ee4c56698e4fdcd511bf,"An RTD performer generated foreground in an indirect action, and another participant needs the RTD performer's background to use that foreground. What must the RTD performer grant, and on what terms?","RTD performers shall grant access on a royalty-free basis, or on fair and reasonable conditions to be agreed prior to the signing of the grant agreement, to background needed to use the foreground generated in the indirect action.",5,ok,"The background, RTD performer and intended foreground use establish a precise access obligation.",True
eurlex,http://data.europa.eu/eli/reg/2006/1906/art_50/oj,no_refs,fact_pattern,original,eurlex,C2,q_0957e61ce2a0511e9487d47e,An affiliated entity established in Germany is affiliated with a participant in the same indirect action and needs access to foreground or background held by that participant. Neither the grant agreement nor the consortium agreement provides otherwise. What conditions apply to that access?,"under the same conditions as the participant to which it is affiliated, unless otherwise provided for in the grant agreement or consortium agreement",4,minor,"The access issue is useful, but the affiliate relationship is repetitively expressed and access to its own affiliate’s holdings is less clearly situated; the answer leaves underlying participant conditions implicit.",True
eurlex,http://data.europa.eu/eli/reg/2006/1906/art_50/oj,no_refs,fact_pattern,original,eurlex,C3,q_7ba760dfeb99783e656d49cb,A university and a research centre are participants in the same indirect action. The university needs the research centre's foreground to use its own foreground. On what terms must access be granted?,"Subject to agreement, such access rights shall be granted either under fair and reasonable conditions or be royalty-free.",5,ok,The shared action and necessity to use own foreground clearly establish the terms question.,True
eurlex,http://data.europa.eu/eli/reg/2006/1906/art_50/oj,no_refs,lookup,simple,eurlex,A1,q_ee2f9f966d5f53e026cced2e,"When participants in the same indirect action need access to foreground to use their own foreground, on what terms may access rights be granted?","Subject to agreement, such access rights shall be granted either under fair and reasonable conditions or be royalty-free.",5,ok,The necessary foreground use and shared action give a clear terms question.,True
eurlex,http://data.europa.eu/eli/reg/2006/1906/art_50/oj,no_refs,lookup,simple,eurlex,A2,q_4f4158ef92ca296328c8566e,What access to foreground may be granted to an RTD performer for pursuing further research activities?,"Subject to the agreement of all the owners concerned, access rights to foreground shall be granted to a RTD performer, on fair and reasonable conditions to be agreed, for the purposes of pursuing further research activities.",5,ok,The RTD performer’s further research purpose identifies a coherent access-rights request.,True
eurlex,http://data.europa.eu/eli/reg/2006/1906/art_50/oj,no_refs,lookup,simple,eurlex,A3,q_1c00e6c7d598e00066f12605,Up to when may participants in the same indirect action request access rights after the indirect action ends or the owner terminates participation?,"A request for access rights under paragraphs 1, 2 and 3 may be made up to one year after either of the following events:

(a)
the end of the indirect action;

(b)
termination of participation by the owner of the background or foreground concerned.

However, the participants concerned may agree on a different time-limit.",5,ok,The end/termination events and access request are specified; the answer correctly preserves the agreed alternative.,True
eurlex,http://data.europa.eu/eli/reg/2006/1906/art_50/oj,no_refs,lookup,revised,eurlex,B1,q_a67282efe750ac6b71c82dd9,When may participants in the same indirect action obtain access to background needed to use their own foreground?,if it is needed to use their own foreground provided that the participant concerned is entitled to grant them,5,ok,The question leaves the grantor’s entitlement as a genuine unknown even though the need for foreground use is supplied.,True
eurlex,http://data.europa.eu/eli/reg/2006/1906/art_50/oj,no_refs,lookup,revised,eurlex,B2,q_a2f7e93227fc22a0e58ac9ef,Whose agreement is required before a RTD performer receives access to foreground for pursuing further research activities?,Subject to the agreement of all the owners concerned,5,ok,Precisely asks whose consent is required for further-research access.,True
eurlex,http://data.europa.eu/eli/reg/2006/1906/art_50/oj,no_refs,lookup,revised,eurlex,B3,q_73c00ee0dba2d893d79d7f78,What is the default time limit for participants in the same indirect action to request access rights to foreground or background?,"up to one year after either of the following events:

(a)
the end of the indirect action;

(b)
termination of participation by the owner of the background or foreground concerned.
However, the participants concerned may agree on a different time-limit.",5,ok,"A clear default deadline question, with the answer giving triggers and the possible agreed alternative.",True
eurlex,http://data.europa.eu/eli/reg/2006/1906/art_50/oj,no_refs,lookup,original,eurlex,C1,q_6ecdd199ea825109abba4778,Under what conditions may an RTD performer obtain access rights to foreground for further research activities?,"Subject to the agreement of all the owners concerned, access rights to foreground shall be granted to a RTD performer, on fair and reasonable conditions to be agreed, for the purposes of pursuing further research activities.",5,ok,Clearly asks the conditions governing RTD access for further research.,True
eurlex,http://data.europa.eu/eli/reg/2006/1906/art_50/oj,no_refs,lookup,original,eurlex,C2,q_b90e07c31f9c40afd6bfffff,What default time limit applies to a request for access rights by participants in the same indirect action after the relevant triggering event?,up to one year,4,ok,"The default period is useful, but relevant triggering event is an avoidably abstract placeholder rather than naming action end or participation termination.",True
eurlex,http://data.europa.eu/eli/reg/2006/1906/art_50/oj,no_refs,lookup,original,eurlex,C3,q_874ef6411ffaa8c3b297add2,On what terms must participants in the same indirect action receive access rights to foreground when it is needed to use their own foreground?,"Subject to agreement, such access rights shall be granted either under fair and reasonable conditions or be royalty-free.",5,ok,The needed foreground and shared action make the access-terms question precise.,True
eurlex,http://data.europa.eu/eli/reg/2012/966/art_56/oj,no_refs,fact_pattern,simple,eurlex,C1,q_98393f00c036238d12aaa9a7,"When using Union budget implementation powers within their departments, under what conditions and limits may the Commission and each other Union institution delegate those powers?","The Commission and each of the other institutions may, within their departments, delegate their powers of budget implementation in accordance with the conditions laid down in this Regulation and by their internal rules and within the limits which they lay down in the instrument of delegation.",5,minor,Clearly asks the framework limiting internal delegation; the answer identifies the governing instruments but leaves their detailed conditions unresolved.,False
eurlex,http://data.europa.eu/eli/reg/2012/966/art_56/oj,no_refs,fact_pattern,simple,eurlex,C2,q_81c9421cab2d421e8692d2a1,"What rules, duties, obligations and accountability apply when a Head of a Union Delegation acts as a subdelegated authorising officer of the Commission for operational appropriations?","When Heads of Union Delegations act as subdelegated authorising officers of the Commission, they shall apply the Commission rules for the implementation of the budget and shall be subject to the same duties, obligations and accountability as any other subdelegated authorising officer of the Commission.",5,ok,A clear institutional question about the rules and accountability attached to a specified role.,False
eurlex,http://data.europa.eu/eli/reg/2012/966/art_56/oj,no_refs,fact_pattern,simple,eurlex,C3,q_31f71272712d952d4b0ae080,"When the Commission delegates budget implementation powers concerning operational appropriations of its own section to Heads of Union Delegations, whom must it inform at the same time?","It shall, at the same time, inform the High Representative thereof.",5,ok,The delegation and simultaneous notification duty are clearly identified.,False
eurlex,http://data.europa.eu/eli/reg/2012/966/art_56/oj,no_refs,lookup,original,eurlex,A1,q_5121553211a3e4e6adafbec3,May the Commission delegate budget implementation powers concerning the operational appropriations of its own section to Heads of Union Delegations?,the Commission may delegate its powers of budget implementation concerning the operational appropriations of its own section to the Heads of Union Delegations,5,ok,A clear permission question with the appropriation scope and recipient specified.,True
eurlex,http://data.europa.eu/eli/reg/2012/966/art_56/oj,no_refs,lookup,original,eurlex,A2,q_a68a07ea9212076edc67b98a,Within what constraints may the Commission and other Union institutions delegate general Union budget implementation powers?,in accordance with the conditions laid down in this Regulation and by their internal rules and within the limits which they lay down in the instrument of delegation,4,minor,"The constraints question is useful, but omits within their departments and could encompass broader delegation; the answer retains an unresolved regulation reference.",True
eurlex,http://data.europa.eu/eli/reg/2012/966/art_56/oj,no_refs,lookup,original,eurlex,A3,q_8af2069fd823aa7df18101eb,"When Heads of Union Delegations act as subdelegated authorising officers of the Commission, what budget-implementation rules must they apply?",they shall apply the Commission rules for the implementation of the budget,5,ok,Clearly asks which rules govern the specified subdelegated officers.,True
eurlex,http://data.europa.eu/eli/reg/2012/966/art_56/oj,no_refs,lookup,revised,eurlex,B1,q_abd111b7ceb1373227fd6457,May the Commission withdraw a delegation of budget implementation powers to Heads of Union Delegations?,The Commission may withdraw the delegation in accordance with its own rules.,5,ok,Withdrawal of an identified delegation is a clear substantive power question.,True
eurlex,http://data.europa.eu/eli/reg/2012/966/art_56/oj,no_refs,lookup,revised,eurlex,B2,q_a340ee0abc480a2497c9284c,What budget rules must Heads of Union Delegations apply when acting as subdelegated authorising officers of the Commission?,they shall apply the Commission rules for the implementation of the budget,5,ok,The recipient role and governing budget rules are precisely identified.,True
eurlex,http://data.europa.eu/eli/reg/2012/966/art_56/oj,no_refs,lookup,revised,eurlex,B3,q_f1a0bb973d72a47a97392681,Can the Commission delegate its budget implementation powers for its own operational appropriations to Heads of Union Delegations?,the Commission may delegate its powers of budget implementation concerning the operational appropriations of its own section to the Heads of Union Delegations,5,ok,Clearly asks whether the specified operational-appropriation powers can be delegated to the named office.,True
eurlex,http://data.europa.eu/eli/reg/2012/966/art_56/oj,no_refs,lookup,simple,eurlex,C1,q_545002251e61bb32ab9c9381,"Under Delegation of budget implementation powers, to whom may the Commission delegate powers concerning the operational appropriations of its own section, and whom must it inform at the same time?","However, the Commission may delegate its powers of budget implementation concerning the operational appropriations of its own section to the Heads of Union Delegations. It shall, at the same time, inform the High Representative thereof.",4,ok,"The recipient and notification duty are coherent, but Under Delegation of budget implementation powers is an unnatural heading inserted into the question.",True
eurlex,http://data.europa.eu/eli/reg/2012/966/art_56/oj,no_refs,lookup,simple,eurlex,C2,q_f17ec915a8538c1b2aa8e648,"Under Delegation of budget implementation powers, what rules and accountability apply when Heads of Union Delegations act as subdelegated authorising officers of the Commission?","When Heads of Union Delegations act as subdelegated authorising officers of the Commission, they shall apply the Commission rules for the implementation of the budget and shall be subject to the same duties, obligations and accountability as any other subdelegated authorising officer of the Commission.",4,ok,The rules/accountability need is clear; the opening repeats an article-title-style heading rather than natural query wording.,True
eurlex,http://data.europa.eu/eli/reg/2012/966/art_56/oj,no_refs,lookup,simple,eurlex,C3,q_80b31874fb5c31ee8acda891,"Under Delegation of budget implementation powers, which institutions may delegate budget implementation powers within their departments, and what limits govern that delegation?","The Commission and each of the other institutions may, within their departments, delegate their powers of budget implementation in accordance with the conditions laid down in this Regulation and by their internal rules and within the limits which they lay down in the instrument of delegation.",4,minor,"The internal delegation issue is substantive, but the prefixed heading is unnatural and the answer leaves detailed regulatory conditions implicit.",True
eurlex,http://data.europa.eu/eli/reg/2009/436/art_36/oj,one_ref,fact_pattern,revised,eurlex,A1,q_60dc7bf3576c75352470ebac,A wine merchant is a legal person that holds wine products for commercial purposes. What records must it keep for those products?,shall be required to keep entry and withdrawal registers for those products,5,ok,The commercial wine holder presents a clear record-keeping obligation question.,True
eurlex,http://data.europa.eu/eli/reg/2009/436/art_36/oj,one_ref,fact_pattern,revised,eurlex,A2,q_21143ca1721cebbf702d1d26,A wine producer is required to keep entry and withdrawal registers and has made an annotation for a consignment of wine delivered to its premises. What supporting material must it be able to present for that annotation?,"a document which has accompanied the relevant consignment or any other supporting document, in particular a commercial document",5,ok,A specific wine-register annotation creates a useful request for supporting documentation.,True
eurlex,http://data.europa.eu/eli/reg/2009/436/art_36/oj,one_ref,fact_pattern,revised,eurlex,A3,q_391e7df988b799c8a0390756,A winery holds wine products and carries out bottling on its premises. What must it record in its registers for the products entering or leaving the premises and for the bottling operation?,"shall record the entry and withdrawal of each batch of products as referred to in paragraph 1 to or from their premises, and such of the operations specified in Article 41(1) as are carried out on their premises",5,major,"The batch and bottling records are a useful, answerable need; the answer only says to record operations and omits bottling-specific details supplied in Article 41.",True
eurlex,http://data.europa.eu/eli/reg/2009/436/art_36/oj,one_ref,fact_pattern,simple,eurlex,B1,q_a37754f9095ab5e8e75a56e8,Must a legal person that holds wine products for commercial purposes keep entry and withdrawal registers?,"Natural or legal persons and groups of persons who hold wine products, for whatever professional or commercial purposes, shall be required to keep entry and withdrawal registers for those products, hereinafter called ‘registers’.",5,ok,The legal-person wine holder and commercial purpose make the registration duty a genuine unknown.,True
eurlex,http://data.europa.eu/eli/reg/2009/436/art_36/oj,one_ref,fact_pattern,simple,eurlex,B2,q_4f62bc3cefb59d7e466771b8,What must a person required to keep registers be able to present for each entry in the entry and withdrawal registers?,"Those persons must also be able to present, for each annotation in the entry and withdrawal registers of products, a document which has accompanied the relevant consignment or any other supporting document, in particular a commercial document.",3,ok,"The question never identifies wine or its sector, leaving entry/withdrawal registers too generic to locate the rule.",True
eurlex,http://data.europa.eu/eli/reg/2009/436/art_36/oj,one_ref,fact_pattern,simple,eurlex,B3,q_7558dac98fc6bb6d1e626243,May a national authority require a wine trader that does not hold stocks to keep registers?,Member States may require traders who do not hold stocks to keep registers in accordance with the rules and procedures they shall specify.,5,ok,Stockless wine trading is a clear scope case for national register requirements.,True
eurlex,http://data.europa.eu/eli/reg/2009/436/art_36/oj,one_ref,fact_pattern,original,eurlex,C1,q_f66131c9ce224616c75feb75,A wine trader in Portugal does not hold any stocks of wine products. Can the Portuguese authorities require that trader to keep registers?,Member States may require traders who do not hold stocks to keep registers in accordance with the rules and procedures they shall specify.,5,ok,The stockless wine trader gives a clear question about the national power to require registers.,True
eurlex,http://data.europa.eu/eli/reg/2009/436/art_36/oj,one_ref,fact_pattern,original,eurlex,C2,q_cea58deaa4c284997c129035,"A wine producer, organised as a company, holds wine products at its premises for commercial purposes. Must it keep records of products entering and leaving those premises?","Natural or legal persons and groups of persons who hold wine products, for whatever professional or commercial purposes, shall be required to keep entry and withdrawal registers for those products, hereinafter called ‘registers’.",5,ok,The company’s commercial wine holdings make the record obligation clear.,True
eurlex,http://data.europa.eu/eli/reg/2009/436/art_36/oj,one_ref,fact_pattern,original,eurlex,C3,q_b0aeba0d1b7e80678dca4d11,"A commercial wine company receives a batch at its premises and bottles wine there, recording the batch in its entry and withdrawal registers. What supporting material must it be able to present for each register annotation?","a document which has accompanied the relevant consignment or any other supporting document, in particular a commercial document",5,ok,The wine-company register annotation identifies a precise documentation need.,True
eurlex,http://data.europa.eu/eli/reg/2009/436/art_36/oj,one_ref,lookup,simple,eurlex,A1,q_dafe590d84736494003e2589,What documentation must persons required to keep registers be able to present for each annotation in the entry and withdrawal registers of wine products?,"Those persons must also be able to present, for each annotation in the entry and withdrawal registers of products, a document which has accompanied the relevant consignment or any other supporting document, in particular a commercial document.",5,ok,Clearly asks supporting-document requirements for wine register annotations.,True
eurlex,http://data.europa.eu/eli/reg/2009/436/art_36/oj,one_ref,lookup,simple,eurlex,A2,q_a34319f3c4ed379726d6bbbd,May Member States require traders who do not hold stocks of wine products to keep registers?,Member States may require traders who do not hold stocks to keep registers in accordance with the rules and procedures they shall specify.,5,ok,The stockless wine-trader category gives a useful national-power question.,True
eurlex,http://data.europa.eu/eli/reg/2009/436/art_36/oj,one_ref,lookup,simple,eurlex,A3,q_c34605b16f51b7f8c6f78ee2,"Which persons must keep entry and withdrawal registers for wine products, and for what purposes?","Natural or legal persons and groups of persons who hold wine products, for whatever professional or commercial purposes, shall be required to keep entry and withdrawal registers for those products, hereinafter called ‘registers’.",4,ok,"Which persons is clear, but for what purposes can mean why registers are kept rather than the purposes for which wine is held.",True
eurlex,http://data.europa.eu/eli/reg/2009/436/art_36/oj,one_ref,lookup,revised,eurlex,B1,q_28b8c41005d0a219252c1b58,Which persons holding wine products for professional or commercial purposes must keep entry and withdrawal registers?,"Natural or legal persons and groups of persons who hold wine products, for whatever professional or commercial purposes, shall be required to keep entry and withdrawal registers for those products, hereinafter called ‘registers’.",5,ok,"Clearly asks which kinds of wine holders are bound, without disclosing their legal-person categories.",True
eurlex,http://data.europa.eu/eli/reg/2009/436/art_36/oj,one_ref,lookup,revised,eurlex,B2,q_8322fdf10861c900cb4b1526,What supporting document must persons keeping entry and withdrawal registers for wine products be able to present for each register annotation?,"a document which has accompanied the relevant consignment or any other supporting document, in particular a commercial document",5,ok,A precise wine-register documentation question.,True
eurlex,http://data.europa.eu/eli/reg/2009/436/art_36/oj,one_ref,lookup,revised,eurlex,B3,q_27b908414cd5176c8666b77c,May Member States require traders dealing in wine products who do not hold stocks to keep registers?,Member States may require traders who do not hold stocks to keep registers in accordance with the rules and procedures they shall specify.,5,ok,The absence of stocks creates a clear question about national regulatory power.,True
eurlex,http://data.europa.eu/eli/reg/2009/436/art_36/oj,one_ref,lookup,original,eurlex,C1,q_4a9405686fd2bdc419a73c69,Which holders of wine products must keep entry and withdrawal registers for those products?,"Natural or legal persons and groups of persons who hold wine products, for whatever professional or commercial purposes, shall be required to keep entry and withdrawal registers for those products, hereinafter called ‘registers’.",5,ok,Clear request for the holder categories and purposes triggering wine-register duties.,True
eurlex,http://data.europa.eu/eli/reg/2009/436/art_36/oj,one_ref,lookup,original,eurlex,C2,q_b62d1c9024e3c53f9595e652,"If Member States require traders who do not hold stocks to keep registers for wine products, whose rules and procedures govern those registers?",in accordance with the rules and procedures they shall specify,5,ok,Whether national or other rules govern mandated stockless-trader registers is a useful unknown.,True
eurlex,http://data.europa.eu/eli/reg/2009/436/art_36/oj,one_ref,lookup,original,eurlex,C3,q_8db3b192219730fec46f44f6,What must holders of wine products who keep entry and withdrawal registers be able to present for each register annotation?,"a document which has accompanied the relevant consignment or any other supporting document, in particular a commercial document",5,ok,The wine-register annotation and supporting-material need are clearly identified.,True
eurlex,http://data.europa.eu/eli/dir/2006/112/art_111/oj,one_ref,fact_pattern,original,eurlex,A1,q_c42c209d3ad4879d2a693a61,A Finnish publisher supplies newspapers to readers by subscription. Does this activity fall within a category for which an exemption with deductibility of VAT paid at the preceding stage may continue?,by Finland in respect of the supply of newspapers and periodicals sold by subscription,5,ok,A Finnish subscription-newspaper supply asks only whether it belongs to a listed category; the category span resolves that genuine legal unknown.,True
eurlex,http://data.europa.eu/eli/dir/2006/112/art_111/oj,one_ref,fact_pattern,revised,eurlex,B1,q_366a1dafc3cc7126c09669b7,A Swedish pharmaceutical supplier provides prescription medicines to hospitals. Is this one of the categories for which an exemption with deductibility of the VAT paid at the preceding stage may continue to be granted?,"by Sweden in respect of the supply of newspapers, including radio and cassette newspapers for the visually impaired, pharmaceutical products supplied to hospitals or on prescription",5,minor,"The Swedish medicines scenario clearly asks category membership, not final entitlement; the answer includes unrelated newspaper wording.",True
eurlex,http://data.europa.eu/eli/dir/2006/112/art_111/oj,one_ref,fact_pattern,revised,eurlex,B2,q_12b121ba6114f9eb8f0c367d,A Finnish publisher supplies periodicals sold by subscription to readers. Is this one of the categories for which an exemption with deductibility of the VAT paid at the preceding stage may continue to be granted?,by Finland in respect of the supply of newspapers and periodicals sold by subscription,5,ok,"The Finnish subscription-periodical facts make category membership a clear, useful legal question.",True
eurlex,http://data.europa.eu/eli/dir/2006/112/art_111/oj,one_ref,fact_pattern,simple,eurlex,C1,q_e12cd3f22742721fc41e67da,Which Swedish supply categories may continue to benefit from exemptions with deductibility of VAT paid at the preceding stage?,"by Sweden in respect of the supply of newspapers, including radio and cassette newspapers for the visually impaired, pharmaceutical products supplied to hospitals or on prescription, and the production of, or other related services concerning, periodicals of non-profit-making organisations.",5,ok,Clearly requests the Swedish supply categories within the specified VAT exemption regime.,True
eurlex,http://data.europa.eu/eli/dir/2006/112/art_111/oj,one_ref,fact_pattern,simple,eurlex,C2,q_18f8b23031ad0486feec3b8d,Which Finnish supplies may continue to benefit from exemptions with deductibility of VAT paid at the preceding stage?,by Finland in respect of the supply of newspapers and periodicals sold by subscription and the printing of publications distributed to the members of corporations for the public good;,5,ok,Clearly requests the Finnish categories rather than asserting that all entitlement conditions are met.,True
eurlex,http://data.europa.eu/eli/dir/2006/112/art_111/oj,one_ref,fact_pattern,simple,eurlex,C3,q_c2500292e4c54a224b53a0d4,What conditions govern the continuation of the listed exemptions with deductibility for a Finnish subscription periodical supply?,The exemptions and reduced rates referred to in the first paragraph must be in accordance with Community law and must have been adopted for clearly defined social reasons and for the benefit of the final consumer.,4,ok,"The subscription-periodical setting identifies the conditions issue, but listed exemptions is document-dependent and VAT is only implicit.",True
eurlex,http://data.europa.eu/eli/dir/2006/112/art_111/oj,one_ref,lookup,simple,eurlex,A1,q_6d5ea1546f4981e5315a5d83,What conditions govern exemptions with deductibility of the VAT paid at the preceding stage under the common system of value added tax?,The exemptions and reduced rates referred to in the first paragraph must be in accordance with Community law and must have been adopted for clearly defined social reasons and for the benefit of the final consumer.,3,major,The question generalises to exemptions across the common VAT system instead of identifying these continuing special exemptions; the answer gives only the narrower provision’s conditions.,True
eurlex,http://data.europa.eu/eli/dir/2006/112/art_111/oj,one_ref,lookup,simple,eurlex,A2,q_4f4af233edf61d98f0decf80,"For exemptions with deductibility of the VAT paid at the preceding stage under the common system of value added tax, which Swedish supplies and related activities may continue to qualify?","by Sweden in respect of the supply of newspapers, including radio and cassette newspapers for the visually impaired, pharmaceutical products supplied to hospitals or on prescription, and the production of, or other related services concerning, periodicals of non-profit-making organisations",5,ok,The Swedish continuing exemption categories are clearly identified and usefully requested.,True
eurlex,http://data.europa.eu/eli/dir/2006/112/art_111/oj,one_ref,lookup,simple,eurlex,A3,q_294c3a4b08fcfa2d78816b46,"For exemptions with deductibility of the VAT paid at the preceding stage under the common system of value added tax, which Finnish supplies may continue to qualify?",by Finland in respect of the supply of newspapers and periodicals sold by subscription and the printing of publications distributed to the members of corporations for the public good,5,ok,The Finnish continuing exemption categories form a clear bounded list need.,True
eurlex,http://data.europa.eu/eli/dir/2006/112/art_111/oj,one_ref,lookup,original,eurlex,B1,q_67fc38ea973875bd598c2734,Which supplies in Sweden may continue to benefit from VAT exemptions with deductibility of the VAT paid at the preceding stage?,"the supply of newspapers, including radio and cassette newspapers for the visually impaired, pharmaceutical products supplied to hospitals or on prescription, and the production of, or other related services concerning, periodicals of non-profit-making organisations",5,ok,"A clear, substantive request for Swedish supply categories under the specified exemption-with-deductibility regime.",True
eurlex,http://data.europa.eu/eli/dir/2006/112/art_111/oj,one_ref,lookup,original,eurlex,B2,q_c797554f7dab4c2a570cb8c9,Which supplies in Finland may continue to benefit from VAT exemptions with deductibility of the VAT paid at the preceding stage?,the supply of newspapers and periodicals sold by subscription and the printing of publications distributed to the members of corporations for the public good,5,ok,"A clear, substantive request for the Finnish covered supply categories.",True
eurlex,http://data.europa.eu/eli/dir/2006/112/art_111/oj,one_ref,lookup,revised,eurlex,C1,q_8f80cbed4c025c95a0363def,Which Finnish supplies may continue to be granted VAT exemptions with deductibility of the VAT paid at the preceding stage?,by Finland in respect of the supply of newspapers and periodicals sold by subscription and the printing of publications distributed to the members of corporations for the public good,5,ok,The Finnish VAT exemption category request is clear and answerable.,True
eurlex,http://data.europa.eu/eli/dir/2006/112/art_111/oj,one_ref,lookup,revised,eurlex,C2,q_a66fae86521307d3b269da6e,Which Swedish supplies may continue to be granted VAT exemptions with deductibility of the VAT paid at the preceding stage?,"by Sweden in respect of the supply of newspapers, including radio and cassette newspapers for the visually impaired, pharmaceutical products supplied to hospitals or on prescription, and the production of, or other related services concerning, periodicals of non-profit-making organisations",5,ok,The Swedish VAT exemption category request is clear and answerable.,True
eurlex,http://data.europa.eu/eli/dir/2006/112/art_111/oj,one_ref,lookup,revised,eurlex,C3,q_6aec2a5731c3c1fff705c651,What conditions must be satisfied for Finland and Sweden to continue granting VAT exemptions with deductibility of the VAT paid at the preceding stage for the specified supplies?,"Subject to the conditions laid down in the second paragraph of Article 110, exemptions with deductibility of the VAT paid at the preceding stage may continue to be granted in the following cases: ... The exemptions and reduced rates referred to in the first paragraph must be in accordance with Community law and must have been adopted for clearly defined social reasons and for the benefit of the final consumer.",3,minor,"Specified supplies has no antecedent, so the conditions question depends on unseen context. The answer contains the conditions but an unnecessary unresolved list lead-in.",True
eurlex,http://data.europa.eu/eli/reg_impl/2014/181/art_5/oj,few_refs,fact_pattern,revised,eurlex,A1,q_9c1679dbee14ad266b2d6a61,An operator seeking entry in the register for the smaller Aegean islands supply arrangements has commercial activities for which the competent authorities have requested information about its prices and profit margins. What information must the operator provide?,"all relevant information about their commercial activities, particularly regarding the prices and profit margins they practise",4,ok,"The regime is clear and all relevant commercial information is the answer, but naming the requested prices/margins makes the information need somewhat repetitive.",True
eurlex,http://data.europa.eu/eli/reg_impl/2014/181/art_5/oj,few_refs,fact_pattern,revised,eurlex,A2,q_e3db887f667d3ad280999dc8,An operator applying for certificates under the smaller Aegean islands supply arrangements has warehouse and distribution records showing its actual capacity to dispose of the products concerned. How must the operator determine the scale of its certificate applications?,"submit certificate applications commensurate with their real capacity to dispose of the products concerned, such capacity being proven by reference to objective factors",5,ok,"The certificate application scale and objective capacity evidence give a concrete, useful registration-condition question.",True
eurlex,http://data.europa.eu/eli/reg_impl/2014/181/art_5/oj,few_refs,fact_pattern,revised,eurlex,A3,q_14d113ca9525cdd2f35ca8bd,"A processor applying for entry in the register intends to export processed products to third countries and dispatch other processed products to the rest of the Union, with the products made at a specified processing plant. What must the processor do at the time of applying or later?","declare their intention to engage in this activity, indicate the location of the processing plant and, where applicable, provide analytical lists of the processed products",3,ok,"The processor/export scenario omits the smaller Aegean islands or specific supply arrangements, leaving the register and applicable obligations unidentified.",True
eurlex,http://data.europa.eu/eli/reg_impl/2014/181/art_5/oj,few_refs,fact_pattern,original,eurlex,B1,q_b76befd2698c6239c0e08e61,A Greek operator applying for entry in the register intends to dispatch packaged products to the rest of the Union and has a packaging plant. What must it state when applying or at a later stage?,declare their intention to engage in this activity and indicate the location of the packaging plant where applicable,3,ok,A Greek operator and a register do not identify the smaller-islands supply arrangements; the dispatch declaration rule needs that context.,True
eurlex,http://data.europa.eu/eli/reg_impl/2014/181/art_5/oj,few_refs,fact_pattern,original,eurlex,B2,q_5f874dfff63389782174fb14,"An operator seeking entry in the register used for the smaller Aegean islands is asked by the competent authorities to disclose its commercial activities, including its prices and profit margins. What commitment must it make?","communicate to the competent authorities, at their request, all relevant information about their commercial activities, particularly regarding the prices and profit margins they practise",4,ok,"The register context is identified, but the requested disclosure and the commitment being asked about substantially overlap.",True
eurlex,http://data.europa.eu/eli/reg_impl/2014/181/art_5/oj,few_refs,fact_pattern,original,eurlex,B3,q_6e8aeec4f43a0a528a1f9116,"A processor in the smaller Aegean islands seeking entry in the register intends to export processed products to third countries and dispatch processed products to the rest of the Union. What must it declare and identify, and what may it additionally have to provide?","declare their intention to engage in this activity, indicate the location of the processing plant and, where applicable, provide analytical lists of the processed products",5,ok,The smaller-islands processor and export/dispatch intentions identify the complete declaration package requested.,True
eurlex,http://data.europa.eu/eli/reg_impl/2014/181/art_5/oj,few_refs,fact_pattern,simple,eurlex,C1,q_5d3bf49c4dedce58cfe212f0,"For an operator seeking entry in the register under the specific supply arrangements for the smaller Aegean islands, what must the operator undertake to do when the competent authorities request information about its commercial activities?","communicate to the competent authorities, at their request, all relevant information about their commercial activities, particularly regarding the prices and profit margins they practise;",5,ok,"The specific supply arrangement, registration and information request make the required undertaking clear and substantive.",True
eurlex,http://data.europa.eu/eli/reg_impl/2014/181/art_5/oj,few_refs,fact_pattern,simple,eurlex,C2,q_89ef3ddf2f820cbb51d09265,What must a processor declare and provide when it intends to export processed products to third countries under the specific supply arrangements?,"Processors intending to export to third countries or dispatch to the rest of the Union processed products under the conditions referred to in Article 11 or 12 shall, at the time of applying for entry in the register or later, declare their intention to engage in this activity, indicate the location of the processing plant and, where applicable, provide analytical lists of the processed products.",3,minor,"Specific supply arrangements does not identify the smaller Aegean islands regime, and the answer retains unresolved Article 11/12 references.",True
eurlex,http://data.europa.eu/eli/reg_impl/2014/181/art_5/oj,few_refs,fact_pattern,simple,eurlex,C3,q_2e1ba4411267bf3bbe5d0663,What must an operator declare when it intends to dispatch packaged products under the specific supply arrangements to the rest of the Union?,"Operators intending to dispatch to the rest of the Union or export to third countries unprocessed, processed or packaged products under the conditions referred to in Article 11 shall, at the time of applying for entry in the register or later, declare their intention to engage in this activity and indicate the location of the packaging plant where applicable.",3,minor,"The dispatch issue is clear, but the smaller-islands regime is omitted; the answer uses an unresolved Article 11 condition reference.",True
eurlex,http://data.europa.eu/eli/reg_impl/2014/181/art_5/oj,few_refs,lookup,simple,eurlex,A1,q_0965f97357e4fa0b049d33e6,"For operators participating in the specific supply arrangements for the smaller Aegean islands, what conduct must be avoided to be eligible for entry in the register?",refrain from acting in any way likely to create artificial shortages of products and from marketing the available products at artificially low prices,5,ok,Clearly requests the prohibited conduct relevant to registration in the named supply arrangement.,True
eurlex,http://data.europa.eu/eli/reg_impl/2014/181/art_5/oj,few_refs,lookup,simple,eurlex,A2,q_7dcedbca2dbd4542f1b5e002,"For operators participating in the specific supply arrangements for the smaller Aegean islands, what must they ensure when agricultural products are disposed of in the smaller islands?","ensure to the satisfaction of the competent authorities that, when the agricultural products are disposed of in the smaller islands, the advantage is passed on to the end-user",5,ok,The disposal of products in the islands creates a useful question about the benefit-passing undertaking.,True
eurlex,http://data.europa.eu/eli/reg_impl/2014/181/art_5/oj,few_refs,lookup,simple,eurlex,A3,q_005b7d28758611c45b9aaf87,"For operators participating in the specific supply arrangements for the smaller Aegean islands, what must those intending to dispatch to the rest of the Union or export to third countries unprocessed, processed or packaged products declare when applying for entry in the register or later?",declare their intention to engage in this activity and indicate the location of the packaging plant where applicable,5,ok,"The regime, product categories and registration stage make the declaration requirements a coherent need.",True
eurlex,http://data.europa.eu/eli/reg_impl/2014/181/art_5/oj,few_refs,lookup,revised,eurlex,B1,q_badefd9ee8293faedcb59f49,When must processors participating in the specific supply arrangements for agriculture in favour of the smaller Aegean islands declare their intention to export to third countries or dispatch to the rest of the Union processed products under the applicable conditions?,at the time of applying for entry in the register or later,5,ok,The processor’s export intention and named arrangements make the declaration timing clear.,True
eurlex,http://data.europa.eu/eli/reg_impl/2014/181/art_5/oj,few_refs,lookup,revised,eurlex,B2,q_74a17ea15f7b2a815469bbc1,What must operators participating in the specific supply arrangements for agriculture in favour of the smaller Aegean islands do to ensure that the advantage reaches end-users when agricultural products are disposed of in the smaller islands?,"ensure to the satisfaction of the competent authorities that, when the agricultural products are disposed of in the smaller islands, the advantage is passed on to the end-user",3,minor,The question already specifies ensuring the advantage reaches end-users; the source adds oversight but gives no substantive method for achieving that result.,True
eurlex,http://data.europa.eu/eli/reg_impl/2014/181/art_5/oj,few_refs,lookup,revised,eurlex,B3,q_fc5a23e1ce54bb5e62d9fcd9,What commercial information must operators participating in the specific supply arrangements for agriculture in favour of the smaller Aegean islands communicate on request to qualify for entry in the register of operators?,"communicate to the competent authorities, at their request, all relevant information about their commercial activities, particularly regarding the prices and profit margins they practise",5,ok,The commercial-information undertaking is clearly tied to eligibility in the identified register.,True
eurlex,http://data.europa.eu/eli/reg_impl/2014/181/art_5/oj,few_refs,lookup,original,eurlex,C1,q_dda7524699001bc5db9e9a23,When must operators under the smaller Aegean islands' specific supply arrangements declare their intention to dispatch or export products to the rest of the Union or to third countries?,at the time of applying for entry in the register or later,5,ok,A clear declaration-timing question tied to the smaller-islands arrangement.,True
eurlex,http://data.europa.eu/eli/reg_impl/2014/181/art_5/oj,few_refs,lookup,original,eurlex,C2,q_1e229a352091cec3ed8a3122,Which facility must processors under the smaller Aegean islands' specific supply arrangements identify when declaring an intention to export or dispatch processed products?,the location of the processing plant,5,ok,The export/dispatch processor and required facility identification are precise.,True
eurlex,http://data.europa.eu/eli/reg_impl/2014/181/art_5/oj,few_refs,lookup,original,eurlex,C3,q_5f23ce7c5f09bf4a074e8d39,What must operators seeking entry in the register under the smaller Aegean islands' specific supply arrangements base the scale of their certificate applications on?,"their real capacity to dispose of the products concerned, such capacity being proven by reference to objective factors",5,ok,The application scale is a useful unknown and the answer gives both real capacity and objective proof.,True
eurlex,http://data.europa.eu/eli/dir/2014/26/art_2/oj,many_refs,fact_pattern,revised,eurlex,A1,q_46cc3c7c16a6b6591707b05e,A collective management organisation established in France manages authors’ rights in musical works for online use on a multi-territorial basis. Which parts of the EU framework apply specifically to that activity?,Title III and Article 34(2) and Article 38,5,minor,The EU establishment and multi-territorial online musical-rights activity clearly identify the special scope question; the answer gives bare provision numbers.,True
eurlex,http://data.europa.eu/eli/dir/2014/26/art_2/oj,many_refs,fact_pattern,revised,eurlex,A2,q_e658f58c3a1564386e4a25da,A company is partly owned by a collective management organisation established in the Union and carries out licensing administration that would be subject to the EU copyright-management rules if performed by that organisation itself. Do the relevant provisions apply to the company?,"The relevant provisions of this Directive apply to entities directly or indirectly owned or controlled, wholly or in part, by a collective management organisation, provided that such entities carry out an activity which, if carried out by the collective management organisation, would be subject to the provisions of this Directive.",5,ok,"The ownership and covered-activity facts make extension to the company a real legal unknown, not leaked answer content.",True
eurlex,http://data.europa.eu/eli/dir/2014/26/art_2/oj,many_refs,fact_pattern,revised,eurlex,A3,q_f849130b8bae82ae76346b07,"An independent management entity established in Belgium administers copyright and related rights for rightsholders. Which transparency, licensing and enforcement provisions apply to it?","Article 16(1), Articles 18 and 20, points (a), (b), (c), (e), (f) and (g) of Article 21(1) and Articles 36 and 42",5,minor,"The independent entity, EU establishment and copyright work give a clear scope question; the answer needs the instrument identified alongside its numbers.",True
eurlex,http://data.europa.eu/eli/dir/2014/26/art_2/oj,many_refs,fact_pattern,original,eurlex,B1,q_8bbe87492c2051aec0751b97,An independent management entity established in the Netherlands administers copyright licences directly for music publishers and is not owned or controlled by a collective management organisation. Which provisions apply to the entity?,"Article 16(1), Articles 18 and 20, points (a), (b), (c), (e), (f) and (g) of Article 21(1) and Articles 36 and 42",5,minor,The independent music-licensing entity and EU location make the applicable-provisions question clear; the answer supplies numbers without an instrument name.,True
eurlex,http://data.europa.eu/eli/dir/2014/26/art_2/oj,many_refs,fact_pattern,original,eurlex,B2,q_fcd64508e4514b1af872ba85,A collective management organisation established in Germany manages performers’ related rights and does not grant multi-territorial licences for authors’ musical works used online. Which parts of the EU copyright-management framework apply to it?,"Titles I, II, IV and V with the exception of Article 34(2) and Article 38",5,minor,The related-rights activity and absence of the special online-music activity make the general-scope question precise; the answer is citation-only.,True
eurlex,http://data.europa.eu/eli/dir/2014/26/art_2/oj,many_refs,fact_pattern,original,eurlex,B3,q_e338dd874d2de4aa854b2376,A collective management organisation established in France manages authors’ rights in musical works for online use and grants licences covering several Member States. Which part of the framework applies specifically to that activity?,Title III and Article 34(2) and Article 38,5,minor,The online author-rights activity across Member States identifies the special regime clearly; the answer is a bare list of provisions.,True
eurlex,http://data.europa.eu/eli/dir/2014/26/art_2/oj,many_refs,fact_pattern,simple,eurlex,C1,q_e5776a5b0543494162f7906b,Do Title III and the specified enforcement provisions apply to a collective management organisation established in the Union that manages authors’ rights in musical works for online use on a multi-territorial basis?,Title III and Article 34(2) and Article 38 apply to collective management organisations established in the Union managing authors’ rights in musical works for online use on a multi-territorial basis.,3,ok,"Title III and specified enforcement provisions have no identified instrument or antecedent, making the question document-dependent.",True
eurlex,http://data.europa.eu/eli/dir/2014/26/art_2/oj,many_refs,fact_pattern,simple,eurlex,C2,q_c31e36efd7d722b29a10a602,Which provisions apply to an independent management entity established in the Union?,"Article 16(1), Articles 18 and 20, points (a), (b), (c), (e), (f) and (g) of Article 21(1) and Articles 36 and 42 apply to all independent management entities established in the Union.",3,minor,"The EU independent management entity is named without saying copyright or music management, leaving the governing regime unclear; the answer is citation-only.",True
eurlex,http://data.europa.eu/eli/dir/2014/26/art_2/oj,many_refs,fact_pattern,simple,eurlex,C3,q_11debaa0f5b1ee933a0ea27d,What condition brings an entity owned or controlled by a collective management organisation within the relevant provisions?,"The relevant provisions of this Directive apply to entities directly or indirectly owned or controlled, wholly or in part, by a collective management organisation, provided that such entities carry out an activity which, if carried out by the collective management organisation, would be subject to the provisions of this Directive.",4,ok,"The controlled-entity condition is useful, but relevant provisions is a vague reference and the copyright regime is implicit.",True
eurlex,http://data.europa.eu/eli/dir/2014/26/art_2/oj,many_refs,lookup,simple,eurlex,A1,q_adc1c7b2953c146925d32b9a,Which parts of the EU copyright collective-management regime apply to all collective management organisations established in the Union?,"Titles I, II, IV and V with the exception of Article 34(2) and Article 38 apply to all collective management organisations established in the Union.",5,minor,Clearly asks the generally applicable parts of the identified EU copyright-management regime; the answer gives provision numbers only.,True
eurlex,http://data.europa.eu/eli/dir/2014/26/art_2/oj,many_refs,lookup,simple,eurlex,A2,q_fc688af11a7032238290d6aa,Which organisations are subject to the multi-territorial online musical-works provisions when they are collective management organisations established in the Union managing authors’ rights in musical works for online use on a multi-territorial basis?,Title III and Article 34(2) and Article 38 apply to collective management organisations established in the Union managing authors’ rights in musical works for online use on a multi-territorial basis.,2,major,"The question already states the complete organisation category it asks to identify, so the answer merely repeats its premises.",True
eurlex,http://data.europa.eu/eli/dir/2014/26/art_2/oj,many_refs,lookup,simple,eurlex,A3,q_48a4daaa296bf34516895658,"When do the relevant provisions of the EU copyright collective-management regime apply to entities directly or indirectly owned or controlled, wholly or in part, by a collective management organisation?","provided that such entities carry out an activity which, if carried out by the collective management organisation, would be subject to the provisions of this Directive.",5,ok,The EU copyright framework and ownership/control relationship give a clear question about the additional activity condition.,True
eurlex,http://data.europa.eu/eli/dir/2014/26/art_2/oj,many_refs,lookup,original,eurlex,B1,q_13502e3a68c855d97ac78212,Which collective management organisations are covered by the multi-territorial online musical-works licensing regime?,collective management organisations established in the Union managing authors’ rights in musical works for online use on a multi-territorial basis,5,ok,EU establishment and management of online musical rights remain genuine coverage conditions not all disclosed by the question.,True
eurlex,http://data.europa.eu/eli/dir/2014/26/art_2/oj,many_refs,lookup,original,eurlex,B2,q_ec7c651572e499f235e250ce,When do the collective copyright and related-rights management rules extend to entities directly or indirectly owned or controlled by a collective management organisation?,"provided that such entities carry out an activity which, if carried out by the collective management organisation, would be subject to the provisions of this Directive",5,ok,The question clearly asks what additional condition extends the copyright regime to controlled entities.,True
eurlex,http://data.europa.eu/eli/dir/2014/26/art_2/oj,many_refs,lookup,original,eurlex,B3,q_88ec7463bfa67f7075eaa2da,Which parts of the collective copyright and related-rights management regime apply generally to collective management organisations established in the Union?,"Titles I, II, IV and V with the exception of Article 34(2) and Article 38 apply to all collective management organisations established in the Union.",5,minor,A clear question about general applicability; the answer is a list of provision numbers without an explicit instrument name.,True
eurlex,http://data.europa.eu/eli/dir/2014/26/art_2/oj,many_refs,lookup,revised,eurlex,C1,q_0189b5267aca884d6ac0cc4e,Which parts of the collective copyright management regime apply to all collective management organisations established in the Union?,"Titles I, II, IV and V with the exception of Article 34(2) and Article 38",5,minor,Clearly requests the generally applicable parts of the copyright-management regime; the answer is citation-only.,True
eurlex,http://data.europa.eu/eli/dir/2014/26/art_2/oj,many_refs,lookup,revised,eurlex,C2,q_eb024ab524d753f45d98356d,"When do entities directly or indirectly owned or controlled, wholly or in part, by a collective management organisation fall within the collective copyright management regime?","provided that such entities carry out an activity which, if carried out by the collective management organisation, would be subject to the provisions of this Directive",5,ok,The ownership/control relationship and copyright regime make the scope condition a precise unknown.,True
eurlex,http://data.europa.eu/eli/dir/2014/26/art_2/oj,many_refs,lookup,revised,eurlex,C3,q_2e8901ca5f78f61429d6c3aa,Which provisions of the collective copyright management regime apply to all independent management entities established in the Union?,"Article 16(1), Articles 18 and 20, points (a), (b), (c), (e), (f) and (g) of Article 21(1) and Articles 36 and 42",5,minor,The copyright regime and EU independent-entity category give a clear provisions question; the answer should identify its instrument alongside the numbers.,True
un,2004/s/2004/505#15,letter,lookup,revised,un_a,A1,q_93c890f7fdfd4d15737ff15a,"According to the April 2004 assessment of the Council's work attached to Germany's letter, what agreement was reached about the resolution's legal effect?","There was agreement that the resolution does not alter existing treaties or arrangements on disarmament, arms control, non-proliferation and verification, which retain their full importance and must be further developed, and that it does not constitute a basis for unilateral enforcement action.",4,ok,"Identifies the assessment clearly, but the resolution itself is unnamed.",True
un,2004/s/2004/505#15,letter,lookup,revised,un_a,A2,q_8d395dd4a91039d65eb2a0b7,"According to the April 2004 assessment of the Council's work attached to Germany's letter, what first-report requirement applied to all Member States?","Under the terms of the resolution, all Member States are to submit, within the next six months, a first report on steps they have taken or intend to take to implement it.",4,ok,Useful reporting question with a clear source; identifying resolution 1540 would sharpen the issue.,True
un,2004/s/2004/505#15,letter,lookup,revised,un_a,A3,q_da715a659bfce73c437d2737,"According to the April 2004 assessment of the Council's work attached to Germany's letter, who were the guest speakers at the 15 April public meeting on business's role in conflict prevention?","Guests speakers in the public meeting were the Secretary-General Kofi Annan, the World Bank President, the President and CEO of Siemens, Heinrich von Pierer, the President of the Economic and Social Council, Ambassador Marjatta Rasi, and the Chairman of the Advisory Groups of the Economic and Social Council for African countries emerging from conflict, Ambassador Dumisani Shadrak Kumalo.",5,ok,"Clear, source-specific request for the guest speakers at an identified event.",True
un,2004/s/2004/505#15,letter,lookup,original,un_a,B1,q_f3ac51f008e80bf2cbcea1f5,"According to the 18 June 2004 German letter to the Secretary-General on the Security Council's April work, by what deadline were Member States to submit first reports?",within the next six months,4,minor,"Useful deadline lookup, but report subject is omitted; the relative answer needs the adoption-date clock.",True
un,2004/s/2004/505#15,letter,lookup,original,un_a,B2,q_3699ae2384793c7c3b67b708,"According to the 18 June 2004 German letter to the Secretary-General on the Security Council's April work, was the resolution considered a basis for unilateral enforcement action?",There was agreement that it does not constitute a basis for unilateral enforcement action,4,ok,Useful yes/no legal-effect question; source is identifiable although the resolution is unnamed.,True
un,2004/s/2004/505#15,letter,lookup,original,un_a,B3,q_ced0e9c6b98da98787f044f4,When did the Security Council meet on business's role in conflict prevention according to the 18 June 2004 German letter?,On 15 April,5,ok,Natural event-date lookup with subject and a specific source.,True
un,2004/s/2004/505#15,letter,lookup,simple,un_a,C1,q_e55029e6a278351d2fa5502d,"According to the 18 June 2004 letter from Germany’s Permanent Representative enclosing the Security Council assessment, what agreement was reached about the resolution’s legal effect?","There was agreement that the resolution does not alter existing treaties or arrangements on disarmament, arms control, non-proliferation and verification, which retain their full importance and must be further developed, and that it does not constitute a basis for unilateral enforcement action.",4,ok,Identifies the source but leaves which resolution implicit.,True
un,2004/s/2004/505#15,letter,lookup,simple,un_a,C2,q_7b76f98f43754156454a9ac2,"Under the 18 June 2004 German assessment of the Security Council’s April 2004 presidency, when must Member States submit their first implementation report?","Under the terms of the resolution, all Member States are to submit, within the next six months, a first report on steps they have taken or intend to take to implement it.",4,minor,Useful reporting deadline; assessment wording obscures the resolution as authority and the relative deadline needs an adoption-date reference.,True
un,2004/s/2004/505#15,letter,lookup,simple,un_a,C3,q_371ab9efe4baaa62552ccfb8,"In the 18 June 2004 German assessment, who spoke as guests at the 15 April 2004 Council meeting on business’s role in conflict prevention?","Guests speakers in the public meeting were the Secretary-General Kofi Annan, the World Bank President, the President and CEO of Siemens, Heinrich von Pierer, the President of the Economic and Social Council, Ambassador Marjatta Rasi, and the Chairman of the Advisory Groups of the Economic and Social Council for African countries emerging from conflict, Ambassador Dumisani Shadrak Kumalo.",5,ok,Clear guest-speaker query locating the event and source.,True
un,2004/s/2004/505#15,letter,practitioner,original,un_a,A1,q_f751a5b7fa31d7746c576080,"When in April 2004 did the Security Council discuss business in conflict prevention, peacekeeping and post-conflict peace-building?",15 April,5,ok,Clear dated institutional event and a specific date request.,True
un,2004/s/2004/505#15,letter,practitioner,original,un_a,A2,q_02c35f2dbd505a5f5b966e6b,"As of April 2004, how soon were Member States to submit a first report on non-proliferation measures for weapons of mass destruction?",within the next six months,4,minor,Identifies time and substantive regime; the relative six-month answer would benefit from the adoption date.,True
un,2004/s/2004/505#15,letter,practitioner,simple,un_a,B1,q_0ae236ba3864df4869d17c1d,"Following the Council’s 28 April 2004 adoption of resolution 1540, what report were all Member States to submit within six months?","38. Under the terms of the resolution, all Member States are to submit, within the next six months, a first report on steps they have taken or intend to take to implement it.",5,ok,Names the resolution and adoption date and asks a concrete reporting requirement.,True
un,2004/s/2004/505#15,letter,practitioner,simple,un_a,B2,q_252e332c365eb29d0224935c,"Who spoke as guests at the Security Council’s 15 April 2004 public meeting on business in conflict prevention, peacekeeping and post-conflict peace-building?","39. On 15 April, the Council met to discuss the role of business in conflict prevention, peacekeeping and post-conflict peace-building.
Guests speakers in the public meeting were the Secretary-General Kofi Annan, the World Bank President, the President and CEO of Siemens, Heinrich von Pierer, the President of the Economic and Social Council, Ambassador Marjatta Rasi, and the Chairman of the Advisory Groups of the Economic and Social Council for African countries emerging from conflict, Ambassador Dumisani Shadrak Kumalo.",5,ok,Fully identifies the event and asks a credible guest-list question.,True
un,2004/s/2004/505#15,letter,practitioner,simple,un_a,B3,q_8591f5d450e619b607518901,"What did the April 2004 assessment say resolution 1540 changed about existing disarmament, arms control, non-proliferation and verification arrangements?","There was agreement that the resolution does not alter existing treaties or arrangements on disarmament, arms control, non-proliferation and verification, which retain their full importance and must be further developed, and that it does not constitute a basis for unilateral enforcement action.",4,ok,"Clear instrument and issue; asking what changed slightly presupposes change, which the answer correctly negates.",True
un,2004/s/2004/505#15,letter,practitioner,revised,un_a,C1,q_bf2e606ff1b64368aa01ab97,What initial implementation-reporting requirement applied to all Member States under the April 2004 resolution on non-proliferation of weapons of mass destruction?,"Under the terms of the resolution, all Member States are to submit, within the next six months, a first report on steps they have taken or intend to take to implement it.",5,ok,"Regime, adoption period and reporting need are sufficiently identified.",True
un,2004/s/2004/505#15,letter,practitioner,revised,un_a,C2,q_5deaceb5865ed81a5d91b890,"For the April 2004 resolution on non-proliferation of weapons of mass destruction, what was agreed about existing treaties or arrangements and unilateral enforcement?","There was agreement that the resolution does not alter existing treaties or arrangements on disarmament, arms control, non-proliferation and verification, which retain their full importance and must be further developed, and that it does not constitute a basis for unilateral enforcement action.",5,ok,Clear legal-effect question connecting two related limits of the same resolution.,True
un,2004/s/2004/505#15,letter,practitioner,revised,un_a,C3,q_71aeb9a5df4e6d3104bf31d7,"Who spoke as guests at the 15 April public meeting on business's role in conflict prevention, peacekeeping and post-conflict peace-building?","Guests speakers in the public meeting were the Secretary-General Kofi Annan, the World Bank President, the President and CEO of Siemens, Heinrich von Pierer, the President of the Economic and Social Council, Ambassador Marjatta Rasi, and the Chairman of the Advisory Groups of the Economic and Social Council for African countries emerging from conflict, Ambassador Dumisani Shadrak Kumalo.",3,ok,Missing year and institution leave the public meeting less identifiable on its own.,True
un,2004/s/2004/505#15,letter,semantic,revised,un_a,A1,q_fc5ce6d48b34b50274c7419d,What did the April 2004 Council agreement say about the resolution’s effect on existing disarmament arrangements and unilateral enforcement?,"There was agreement that the resolution does not alter existing treaties or arrangements on disarmament, arms control, non-proliferation and verification, which retain their full importance and must be further developed, and that it does not constitute a basis for unilateral enforcement action.",3,ok,"April Council agreement and the resolution remain unnamed, making the legal issue difficult to identify independently.",True
un,2004/s/2004/505#15,letter,semantic,revised,un_a,A2,q_617b2f226332ec694fed03ce,"Who addressed the Security Council’s 15 April 2004 public meeting on business’s role in conflict prevention, peacekeeping and post-conflict peace-building?","Guests speakers in the public meeting were the Secretary-General Kofi Annan, the World Bank President, the President and CEO of Siemens, Heinrich von Pierer, the President of the Economic and Social Council, Ambassador Marjatta Rasi, and the Chairman of the Advisory Groups of the Economic and Social Council for African countries emerging from conflict, Ambassador Dumisani Shadrak Kumalo.",5,ok,Well-identified event and a natural speaker-information need.,True
un,2004/s/2004/505#15,letter,semantic,revised,un_a,A3,q_53196fe166b420e99c79a2b9,What implementation reporting obligation did the April 2004 Security Council resolution impose on Member States?,"Under the terms of the resolution, all Member States are to submit, within the next six months, a first report on steps they have taken or intend to take to implement it.",3,ok,April 2004 Security Council resolution is not enough to identify the instrument without its subject.,True
un,2004/s/2004/505#15,letter,semantic,simple,un_a,B1,q_b6b62da40fb584bc74dc6bdf,"At the 15 April 2004 Security Council debate, what role and institutional approach did speakers identify for business in post-conflict stabilization?","There was a general view among speakers that business has an important role to play in conflict prevention and conflict resolution. Private business could fuel conflicts just as it could help to overcome conflicts. Business' role in providing employment, particularly in countries emerging from conflict, was emphasized. The Stability Pact for South Eastern Europe was referred to by some speakers as a good example for a comprehensive approach towards economic and political stabilization. The Kimberly Process for Certification of Rough Diamonds was frequently cited as a good example of partnership with the private sector to reduce the role of trade in diamonds to fund conflicts. The meeting signalled the need felt for a more coherent approach by all respective institutions both inside and outside the United Nations to better use the potential of entrepreneurial initiative in stabilization efforts after a conflict.",2,major,"Clear substantive question, but business roles and institutional approach are answered only in surrounding context, not this target block; target mismatch, not hallucination.",True
un,2004/s/2004/505#15,letter,semantic,simple,un_a,B2,q_e80c86ab96bf531c8d30650c,"How did the April 2004 assessment interpret the resolution's effect on existing treaties or arrangements on disarmament, arms control, non-proliferation and verification?","There was agreement that the resolution does not alter existing treaties or arrangements on disarmament, arms control, non-proliferation and verification, which retain their full importance and must be further developed, and that it does not constitute a basis for unilateral enforcement action.",3,ok,Legal-effect topic is clear but the assessment and resolution are unnamed.,True
un,2004/s/2004/505#15,letter,semantic,simple,un_a,B3,q_4a8b5a2c3a22b0c5950b740f,What implementation reporting requirement did the resolution impose on all Member States in April 2004?,"Under the terms of the resolution, all Member States are to submit, within the next six months, a first report on steps they have taken or intend to take to implement it.",3,ok,"The reporting request is meaningful, but the resolution and subject are unidentified.",True
un,2004/s/2004/505#15,letter,semantic,original,un_a,C1,q_90b510d30acdbeec8f31c364,How were Member States expected to demonstrate initial implementation of the 2004 non-proliferation resolution?,"all Member States are to submit, within the next six months, a first report on steps they have taken or intend to take to implement it.",5,ok,Clearly identifies the 2004 non-proliferation regime and an initial implementation need.,True
un,2004/s/2004/505#15,letter,semantic,original,un_a,C2,q_56302d6971fab93560b3b34a,How did the 2004 non-proliferation resolution relate to existing disarmament treaties and unilateral enforcement?,"There was agreement that the resolution does not alter existing treaties or arrangements on disarmament, arms control, non-proliferation and verification, which retain their full importance and must be further developed, and that it does not constitute a basis for unilateral enforcement action.",5,ok,Natural question about two connected legal effects with sufficient regime context.,True
un,1999/cedaw/c/sr_434#16,meeting,lookup,simple,un_a,A1,q_e6fd470d7e376eca452ad2fd,"In the 15 June 1999 examination of Nepal's initial CEDAW report, what did Ms. Goonesekere ask, according to the Committee's summary record, about a gender management plan?","whether the Government had developed any gender management plan and, if so, how the various institutions would coordinate action under the plan",5,ok,Clearly attributes a specific plan-and-coordination request in an identified review.,True
un,1999/cedaw/c/sr_434#16,meeting,lookup,simple,un_a,A2,q_c573e2041e1621a698cb3ae1,"In the 15 June 1999 discussion of Article 5 in Nepal's initial CEDAW report, how did Ms. Goonesekere ask the Government to convey its enforcement intention, according to the Committee's summary record?",how the Government planned to convey a serious message that it intended to enforce the prohibitions,2,major,"Asks how the Government was asked to convey its intention, but the target only records a question asking how it planned to convey it; no method is supplied.",True
un,1999/cedaw/c/sr_434#16,meeting,lookup,simple,un_a,A3,q_7edd9923bec40136e7a0f6e0,"In the 15 June 1999 examination of Nepal's initial CEDAW report, what budget information did Ms. Goonesekere request, according to the Committee's summary record?",a specific breakdown of the budget for women's issues,5,ok,"Precise, attributed request for budget information in an identified review.",True
un,1999/cedaw/c/sr_434#16,meeting,lookup,original,un_a,B1,q_3667fa433b0aed16eab47b7a,What coordination issue arose over the gender management plan in the 1999 Committee on the Elimination of Discrimination against Women meeting record on Nepal?,how the various institutions would coordinate action under the plan,4,ok,Useful coordination question; wording slightly assumes a plan existed although existence was itself queried.,True
un,1999/cedaw/c/sr_434#16,meeting,lookup,original,un_a,B2,q_1c71e95feb25a6476f8cb707,What enforcement message was sought from Nepal under Article 5 in the 1999 Committee on the Elimination of Discrimination against Women meeting record on Nepal?,a serious message that it intended to enforce the prohibitions,3,minor,The enforcement message and unspecified prohibitions remain vague even with the review identified.,True
un,1999/cedaw/c/sr_434#16,meeting,lookup,original,un_a,B3,q_e6cd8729927170dd414ffeb5,What prerequisite for international redress by Nepalese women appears in the 1999 Committee on the Elimination of Discrimination against Women meeting record on Nepal?,after the exhaustion of domestic remedies,4,ok,Useful prerequisite question; naming the ICCPR remedy would make its scope clearer.,True
un,1999/cedaw/c/sr_434#16,meeting,lookup,revised,un_a,C1,q_8efa38a5e6571f7c7826b908,What did a Committee expert ask Nepal to explain about enforcing the Article 5 prohibitions in the 15 June 1999 summary record on its initial report?,how the Government planned to convey a serious message that it intended to enforce the prohibitions,4,ok,"Asks what the expert wanted explained, which the target supports; the prohibitions themselves remain unspecified.",True
un,1999/cedaw/c/sr_434#16,meeting,lookup,revised,un_a,C2,q_ce283ea014034052949f235d,What information did a Committee expert seek about Nepal’s gender management plan and institutional coordination in the 15 June 1999 summary record of its consideration of Nepal’s initial report?,"whether the Government had developed any gender management plan and, if so, how the various institutions would coordinate action under the plan",4,ok,"Useful information request, though Nepal’s plan sounds established rather than a possibility being queried.",True
un,1999/cedaw/c/sr_434#16,meeting,lookup,revised,un_a,C3,q_d899f328be833b8af6cd62dd,What international redress option and prerequisite did a Committee expert identify for Nepalese women in the 15 June 1999 summary record on Nepal’s initial report?,"the option of appealing for international redress under the Optional Protocol to the International Covenant on Civil and Political Rights, after the exhaustion of domestic remedies -- and soon under an Optional Protocol to the Convention",5,ok,Clearly asks for the remedy and prerequisite while preserving that these were identified by an expert.,True
un,1999/cedaw/c/sr_434#16,meeting,practitioner,revised,un_a,A1,q_8872f79fa6d20b73a018c942,"What international redress possibility was identified for Nepalese women, subject to exhaustion of domestic remedies and Government action?","Although no Nepalese woman had yet done so, the option of appealing for international redress under the Optional Protocol to the International Covenant on Civil and Political Rights, after the exhaustion of domestic remedies -- and soon under an Optional Protocol to the Convention -- was a distinct possibility unless the Government acted quickly to remedy the situation of women in the country.",3,ok,"Relevant remedy question, but omits the historical episode and risks presenting Government action as a procedural condition.",True
un,1999/cedaw/c/sr_434#16,meeting,practitioner,revised,un_a,A2,q_225a0d56e6132e79017843bf,What budgetary detail was requested during Nepal’s 1999 CEDAW review for women’s issues?,would appreciate a specific breakdown of the budget for women's issues.,5,ok,Clear budget-information need grounded in Nepal’s 1999 CEDAW review.,True
un,1999/cedaw/c/sr_434#16,meeting,practitioner,revised,un_a,A3,q_33e14c06bd547f680da1ca2b,What did the Committee member seek to establish about Nepal’s gender management plan and how various institutions would coordinate action under the plan in 1999?,"whether the Government had developed any gender management plan and, if so, how the various institutions would coordinate action under the plan",4,ok,Substantive plan-and-coordination question; identifying the Committee would improve attribution.,True
un,1999/cedaw/c/sr_434#16,meeting,practitioner,original,un_a,B1,q_b738cdc8418f9b9cc0ce0d69,"As of June 1999, had any Nepalese woman yet appealed for international redress under the Optional Protocol?",Although no Nepalese woman had yet done so,3,minor,"Useful historical yes/no query, but Optional Protocol is ambiguous where two protocols are mentioned; answer is a dependent fragment.",True
un,1999/cedaw/c/sr_434#16,meeting,practitioner,original,un_a,B2,q_7efc48073fe0fcb9b5fdcaef,"In June 1999, what condition made international redress a distinct possibility for Nepalese women?",unless the Government acted quickly to remedy the situation of women in the country,3,ok,"Treats the warning about Government inaction as the condition for legal redress, obscuring the actual exhaustion prerequisite.",True
un,1999/cedaw/c/sr_434#16,meeting,practitioner,simple,un_a,C1,q_41e143e2041fbbae687bcae7,"As of 15 June 1999, what international redress option was identified for Nepalese women after the exhaustion of domestic remedies, and under what condition?","Although no Nepalese woman had yet done so, the option of appealing for international redress under the Optional Protocol to the International Covenant on Civil and Political Rights, after the exhaustion of domestic remedies -- and soon under an Optional Protocol to the Convention -- was a distinct possibility unless the Government acted quickly to remedy the situation of women in the country.",5,ok,Clear historical redress question preserving both exhaustion and the speaker’s conditional warning.,True
un,1999/cedaw/c/sr_434#16,meeting,practitioner,simple,un_a,C2,q_a2a4fbeaef9f43f7a6ea2f59,What did the 15 June 1999 discussion state about poverty alleviation if women were not brought into the process?,"Poverty alleviation had to be the main goal, but if women were not brought into the process, it would not happen.",3,ok,"Identifies only a date and discussion, omitting Nepal and the reviewing body needed to locate this claim.",True
un,1999/cedaw/c/sr_434#16,meeting,practitioner,simple,un_a,C3,q_5b70cf2bfffb0c06bc1c53e1,"At the 15 June 1999 review, what budget information was requested concerning women's issues?",would appreciate a specific breakdown of the budget for women's issues.,3,ok,"The dated review is unnamed, leaving the country and institutional context unclear.",True
un,1999/cedaw/c/sr_434#16,meeting,semantic,revised,un_a,A1,q_ace19294550a651990bfec98,What potential international redress was identified for Nepalese women if domestic remedies were exhausted and the Government failed to act quickly?,"Although no Nepalese woman had yet done so, the option of appealing for international redress under the Optional Protocol to the International Covenant on Civil and Political Rights, after the exhaustion of domestic remedies -- and soon under an Optional Protocol to the Convention -- was a distinct possibility unless the Government acted quickly to remedy the situation of women in the country.",4,ok,Clear conditional remedy question; historical date would help distinguish the then-prospective CEDAW route.,True
un,1999/cedaw/c/sr_434#16,meeting,semantic,revised,un_a,A2,q_7c013132fc7609360ef2891a,What condition was identified as essential to achieving poverty alleviation in Nepal during the 1999 review?,"Poverty alleviation had to be the main goal, but if women were not brought into the process, it would not happen.",5,ok,Natural question about women’s inclusion in a clearly identified historical policy discussion.,True
un,1999/cedaw/c/sr_434#16,meeting,semantic,revised,un_a,A3,q_b0e09eca4680988e18752c7d,"During Nepal’s 1999 CEDAW review, what implementation, coordination and funding information was sought about women’s policies?","She would also like to know why the 1997 Human Rights Commission Act had not been implemented; whether the Government had developed any gender management plan and, if so, how the various institutions would coordinate action under the plan; and would appreciate a specific breakdown of the budget for women's issues.",5,ok,"Coherent summary of related implementation, coordination and funding requests in an identified review.",True
un,1999/cedaw/c/sr_434#16,meeting,semantic,original,un_a,B1,q_50a1d638dd80bdc4dc0ec5ee,How could women in Nepal pursue international justice after domestic remedies failed in 1999?,"the option of appealing for international redress under the Optional Protocol to the International Covenant on Civil and Political Rights, after the exhaustion of domestic remedies -- and soon under an Optional Protocol to the Convention",4,minor,"Clear historical remedy need; failed domestic remedies is less precise than exhaustion, and the answer leaves future CEDAW availability only briefly qualified.",True
un,1999/cedaw/c/sr_434#16,meeting,semantic,simple,un_a,C1,q_97f37b96be18c74b7f2fbde7,"What implementation, coordination and budget information was requested about Nepal’s measures for women in June 1999?","She would also like to know why the 1997 Human Rights Commission Act had not been implemented; whether the Government had developed any gender management plan and, if so, how the various institutions would coordinate action under the plan; and would appreciate a specific breakdown of the budget for women's issues.",5,ok,"Clear and supported summary of related requests with country, topic and time.",True
un,1999/cedaw/c/sr_434#16,meeting,semantic,simple,un_a,C2,q_cd056c9319ed38482bbf2f2b,What international redress might Nepalese women pursue if the Government failed to remedy their situation quickly in June 1999?,"Although no Nepalese woman had yet done so, the option of appealing for international redress under the Optional Protocol to the International Covenant on Civil and Political Rights, after the exhaustion of domestic remedies -- and soon under an Optional Protocol to the Convention -- was a distinct possibility unless the Government acted quickly to remedy the situation of women in the country.",5,ok,Preserves the historical and conditional nature of the potential international remedy.,True
un,1999/cedaw/c/sr_434#16,meeting,semantic,simple,un_a,C3,q_879422cdcd937caa63bf09bc,What condition did the speaker identify as necessary for poverty alleviation in Nepal in June 1999?,"Poverty alleviation had to be the main goal, but if women were not brought into the process, it would not happen.",5,ok,"Clear attributed policy-condition question, sufficiently located by country and time.",True
un,2001/cd/pv_880#1,meeting,lookup,simple,un_a,A1,q_c736d1955b18405d6c28756f,What difficulty did the President report regarding substantive progress during the final weeks of the Conference’s work in 2001?,The great majority of delegations have indicated that they think it would be very difficult to make headway on substantive issues in these final weeks of the Conference's work.,3,ok,"Meaningful prospects question, but the Conference is unnamed and the meeting cannot be identified from the question.",True
un,2001/cd/pv_880#1,meeting,lookup,simple,un_a,A2,q_41e4b92b884b031671f3ab73,What unanimous interest did the President report in the opening statement at the Conference on Disarmament’s 880th plenary meeting in 2001?,"Nonetheless, we have seen unanimous interest in maintaining the Conference on Disarmament, particularly its credibility, and in ensuring that it remains the sole multilateral negotiating forum in the field of disarmament.",5,ok,"Identifies speaker, institution and meeting and asks a substantive institutional objective.",True
un,2001/cd/pv_880#1,meeting,lookup,simple,un_a,A3,q_596fa0a4e6170290067dfbd3,What did the President’s opening statement at the Conference on Disarmament’s 880th plenary meeting in 2001 ask delegations to do regarding special coordinators’ questionnaires and consultations?,I will take this opportunity to ask delegations to consider the appropriateness of replying to the questionnaires prepared by the special coordinators and I would also ask them to participate as actively as possible in the consultations which are convened in that connection so as to lay the bases necessary for making headway on these matters.,5,ok,Clear attributed procedural request tied to the exact meeting; the two actions belong to one request.,True
un,2001/cd/pv_880#1,meeting,lookup,original,un_a,B1,q_64c1445103c0f8b67b103b77,Were delegations asked to consider replying to the questionnaires prepared by the special coordinators in the 2001 Conference on Disarmament plenary meeting record?,to consider the appropriateness of replying to the questionnaires prepared by the special coordinators,4,ok,"Supported yes/no request, though a 2001 plenary record alone does not distinguish the session.",True
un,2001/cd/pv_880#1,meeting,lookup,original,un_a,B2,q_219a27d08001af886fffb6d6,What level of participation did the President request from delegations in consultations connected with the questionnaires in the 2001 Conference on Disarmament plenary meeting record?,as actively as possible,3,ok,The participation-intensity question is thin and relies on unspecified questionnaires and a broad meeting reference.,True
un,2001/cd/pv_880#1,meeting,lookup,revised,un_a,C1,q_fc55ae57cd24441c20ce0395,What did the great majority of delegations indicate would be very difficult in the Conference on Disarmament’s 2001 plenary meeting record?,to make headway on substantive issues in these final weeks of the Conference's work,4,ok,"Identifies institution and period, but could locate the specific plenary meeting more clearly.",True
un,2001/cd/pv_880#1,meeting,lookup,revised,un_a,C2,q_51d46c39e81b25e0dec97666,What did the President ask delegations to do regarding the special coordinators’ questionnaires in the Conference on Disarmament’s 2001 plenary meeting record?,to consider the appropriateness of replying to the questionnaires prepared by the special coordinators and ... to participate as actively as possible in the consultations which are convened in that connection so as to lay the bases necessary for making headway on these matters,4,ok,Useful request with institution and topic; answer uses an ellipsis but retains the substantive actions.,True
un,2001/cd/pv_880#1,meeting,lookup,revised,un_a,C3,q_a7015f75617769c4f9138cb7,What institutional objectives did delegations unanimously support in the Conference on Disarmament’s 2001 plenary meeting record?,"maintaining the Conference on Disarmament, particularly its credibility, and in ensuring that it remains the sole multilateral negotiating forum in the field of disarmament",4,ok,"Substantive institutional objective, with only modest meeting-identification weakness.",True
un,2001/cd/pv_880#1,meeting,practitioner,revised,un_a,B1,q_c5b93bb9a701bee88047c9f9,What did the President request delegations to do about the questionnaires prepared by the special coordinators and related consultations?,I will take this opportunity to ask delegations to consider the appropriateness of replying to the questionnaires prepared by the special coordinators and I would also ask them to participate as actively as possible in the consultations which are convened in that connection so as to lay the bases necessary for making headway on these matters.,3,ok,"A credible request, but neither the institution nor time is supplied for the President and special coordinators.",False
un,2001/cd/pv_880#1,meeting,practitioner,revised,un_a,B2,q_da09e2aec9aa86019d714e6d,What did delegations unanimously seek to maintain regarding the Conference’s credibility and its role in the field of disarmament?,"Nonetheless, we have seen unanimous interest in maintaining the Conference on Disarmament, particularly its credibility, and in ensuring that it remains the sole multilateral negotiating forum in the field of disarmament.",3,ok,"Disarmament hints at the forum, but the Conference and episode remain implicit.",False
un,2001/cd/pv_880#1,meeting,practitioner,revised,un_a,B3,q_996b5bfb4bed539db41110d7,How did the great majority of delegations assess the prospects for substantive progress during the final weeks of the Conference’s work?,The great majority of delegations have indicated that they think it would be very difficult to make headway on substantive issues in these final weeks of the Conference's work.,3,ok,"Meaningful assessment, but the unnamed Conference and undated final weeks prevent standalone identification.",False
un,2001/cd/pv_880#1,meeting,practitioner,simple,un_a,C1,q_b9616d0a6e9d42f4ca2c487d,What did most delegations judge about progress on substantive issues during the Conference’s final weeks in 2001?,The great majority of delegations have indicated that they think it would be very difficult to make headway on substantive issues in these final weeks of the Conference's work.,3,ok,Adds the year but still leaves the Conference unnamed.,False
un,2001/cd/pv_880#1,meeting,practitioner,simple,un_a,C2,q_ae846030e2f2b93f6b1e2930,What did the President ask delegations to do about the special coordinators’ questionnaires and related consultations in 2001?,I will take this opportunity to ask delegations to consider the appropriateness of replying to the questionnaires prepared by the special coordinators and I would also ask them to participate as actively as possible in the consultations which are convened in that connection so as to lay the bases necessary for making headway on these matters.,3,ok,"Adds time but the President, institution and questionnaire episode remain unspecified.",False
un,2001/cd/pv_880#1,meeting,practitioner,simple,un_a,C3,q_28ea85d500fc91f6286be389,What institutional role did delegations unanimously seek to preserve for the Conference on Disarmament in 2001?,"Nonetheless, we have seen unanimous interest in maintaining the Conference on Disarmament, particularly its credibility, and in ensuring that it remains the sole multilateral negotiating forum in the field of disarmament.",5,ok,Natural institutional-role question that identifies the Conference on Disarmament and the period.,False
un,2001/cd/pv_880#1,meeting,semantic,original,un_a,A1,q_b9acc6c2036edf480e2a9275,How did the Conference on Disarmament seek to prepare progress on substantive issues during its final weeks in 2001?,replying to the questionnaires prepared by the special coordinators and I would also ask them to participate as actively as possible in the consultations which are convened in that connection so as to lay the bases necessary for making headway on these matters,4,minor,"Clearly identifies the forum and period; slightly generalizes the President’s request to the institution, while the excerpted answer loses the request lead-in.",True
un,2001/cd/pv_880#1,meeting,semantic,original,un_a,A2,q_f87a08d5485203df648806d5,What negotiating difficulty confronted the Conference on Disarmament during its final weeks in 2001?,The great majority of delegations have indicated that they think it would be very difficult to make headway on substantive issues in these final weeks of the Conference's work.,4,ok,Clear historical difficulty query; answer describes pessimism rather than a specific negotiating obstacle.,True
un,2001/cd/pv_880#1,meeting,semantic,revised,un_a,B1,q_fe783dc748cf4c6dd9bf1214,How did the President seek to lay the groundwork for progress on disarmament matters during the final weeks of 2001?,I will take this opportunity to ask delegations to consider the appropriateness of replying to the questionnaires prepared by the special coordinators and I would also ask them to participate as actively as possible in the consultations which are convened in that connection so as to lay the bases necessary for making headway on these matters.,3,ok,"Final weeks of 2001 incorrectly shifts the Conference’s closing work to the calendar year, and the President is unidentified.",True
un,2001/cd/pv_880#1,meeting,semantic,revised,un_a,B2,q_1a982bff48d3a23decabbe9b,What institutional objective did delegations unanimously support despite difficulties advancing substantive issues in 2001?,"Nonetheless, we have seen unanimous interest in maintaining the Conference on Disarmament, particularly its credibility, and in ensuring that it remains the sole multilateral negotiating forum in the field of disarmament.",3,ok,"Delegations and institutional setting are unnamed, so the objective is difficult to locate independently.",True
un,2001/cd/pv_880#1,meeting,semantic,revised,un_a,B3,q_476332cd554c04586f7c9e5b,How did most delegations assess prospects for substantive progress in the Conference on Disarmament’s final weeks in 2001?,The great majority of delegations have indicated that they think it would be very difficult to make headway on substantive issues in these final weeks of the Conference's work.,5,ok,Clearly attributed prospects question identifying the forum and closing period.,True
un,2001/cd/pv_880#1,meeting,semantic,simple,un_a,C1,q_f28dad039be4ddccd8725477,What shared approach did delegations support when substantive progress seemed difficult during the Conference’s closing weeks in 2001?,"There is a broadly shared position that we should pursue our efforts and not allow ourselves to be discouraged, however complex the circumstances may be.",3,ok,"The shared approach is supported, but the Conference is unnamed and the request is vague.",True
un,2001/cd/pv_880#1,meeting,semantic,simple,un_a,C2,q_583a28010d49b3272631175a,"During the Conference’s closing weeks in 2001, what institutional role did delegations unanimously seek to preserve despite expected difficulty on substantive issues?","Nonetheless, we have seen unanimous interest in maintaining the Conference on Disarmament, particularly its credibility, and in ensuring that it remains the sole multilateral negotiating forum in the field of disarmament.",3,ok,"Useful institutional-role question, but the unnamed Conference leaves its subject implicit.",True
un,2001/cd/pv_880#1,meeting,semantic,simple,un_a,C3,q_f6bd4269a13827b0e4c54597,What did the President ask delegations to do regarding the special coordinators’ questionnaires and consultations during the Conference’s closing weeks in 2001?,I will take this opportunity to ask delegations to consider the appropriateness of replying to the questionnaires prepared by the special coordinators and I would also ask them to participate as actively as possible in the consultations which are convened in that connection so as to lay the bases necessary for making headway on these matters.,3,ok,"Supported request, but President and Conference are not identified.",True
un,1998/gc_7/c_1/sr_5#16,meeting,lookup,simple,un_a,A1,q_25d8a3c501e0a63481b80c76,"According to the UNIDO Director of Personnel Services’ 1997 statement on tax reimbursement in a General Conference Committee summary record, what did Staff Regulation 13.1 require for amendments?","Staff Regulation 13.1 specified that the Staff Regulations might “be amended by the General Conference upon recommendation of the Industrial Development Board, without prejudice to the acquired rights of the staff”. So if the Staff Regulations were to be amended, such amendment had to be recommended by the Board and must not prejudice the acquired rights of staff members.",5,ok,Clear attributed procedural question covering both recommendation and staff-rights safeguard.,True
un,1998/gc_7/c_1/sr_5#16,meeting,lookup,simple,un_a,A2,q_8db9e66b8b30dd7d3da0fb03,"According to the UNIDO Director of Personnel Services’ 1997 statement on tax reimbursement in a General Conference Committee summary record, what would suspending payment require?",Suspension of payment would require the amendment of Staff Regulation 6.8.,5,ok,"Concrete suspension requirement, with institution, speaker and dispute clearly identified.",True
un,1998/gc_7/c_1/sr_5#16,meeting,lookup,simple,un_a,A3,q_5ebe3ef1278833e1a084c18a,"According to the UNIDO Director of Personnel Services’ 1997 statement on tax reimbursement in a General Conference Committee summary record, on what basis was reimbursement made regardless of nationality?","Reimbursement was made by all United Nations agencies on the principle of equality of conditions of employment and irrespective of nationality. The conditions of employment of staff were the same, irrespective of their nationality.",5,ok,"Useful question about the equality rationale, preserving the speaker and reimbursement context.",True
un,1998/gc_7/c_1/sr_5#16,meeting,lookup,original,un_a,B1,q_32ea4576954ea987a48a6c65,Which body had to recommend amendments to the Staff Regulations under Staff Regulation 13.1 in the 1997 UNIDO General Conference meeting record on taxation?,the Industrial Development Board,5,ok,Precise institutional-procedure question with the relevant regulation and source.,True
un,1998/gc_7/c_1/sr_5#16,meeting,lookup,original,un_a,B2,q_55780acd0195bc82608d188a,"Who did the Director, Legal Service, identify as covered by tax reimbursement in the 1997 UNIDO General Conference meeting record on staff taxation?",those of United States citizenship wherever they were based,2,major,"The nationality-coverage question is answered in a different Legal Service passage in surrounding context, not this target block; target mismatch.",True
un,1998/gc_7/c_1/sr_5#16,meeting,lookup,original,un_a,B3,q_38ef3dc37b28c3a78a42dd61,What did the Personnel Services Director identify as refundable under Staff Regulation 6.8 in the 1997 UNIDO General Conference meeting record on taxation?,an amount representing the tax paid on salary and emoluments,5,ok,"Clear, correctly attributed request for what the regulation authorized to be refunded.",True
un,1998/gc_7/c_1/sr_5#16,meeting,lookup,revised,un_a,C1,q_c63b4e8c8e52905a656e7f95,"What did UNIDO’s Director, Personnel Services, say Staff Regulation 6.8 authorized in the 1997 committee meeting record on tax reimbursement?",Staff Regulation 6.8 was quite clear: it authorized the Director-General to refund to staff members an amount representing the tax paid on salary and emoluments.,5,ok,"Clear authority question that names the institution, official and regulation.",True
un,1998/gc_7/c_1/sr_5#16,meeting,lookup,revised,un_a,C2,q_c85b1b0549448606914ef279,"What amendment procedure and safeguard did UNIDO’s Director, Personnel Services, identify for the Staff Regulations in the 1997 committee meeting record?","Staff Regulation 13.1 specified that the Staff Regulations might “be amended by the General Conference upon recommendation of the Industrial Development Board, without prejudice to the acquired rights of the staff”. So if the Staff Regulations were to be amended, such amendment had to be recommended by the Board and must not prejudice the acquired rights of staff members.",5,ok,"Coherent procedure-and-safeguard question, fully supported by the target.",True
un,1998/gc_7/c_1/sr_5#16,meeting,lookup,revised,un_a,C3,q_58b9e3303d2f344fe969cc02,"What did UNIDO’s Director, Personnel Services, say suspension of tax-reimbursement payments would require in the 1997 committee meeting record?",Suspension of payment would require the amendment of Staff Regulation 6.8.,5,ok,Natural practical question about the prerequisite for suspending reimbursement.,True
un,1998/gc_7/c_1/sr_5#16,meeting,practitioner,simple,un_a,A1,q_76049019c4840944d782ad0f,"Under Staff Regulation 13.1, who could amend the Staff Regulations, through what recommendation, and subject to what protection?","Staff Regulation 13.1 specified that the Staff Regulations might “be amended by the General Conference upon recommendation of the Industrial Development Board, without prejudice to the acquired rights of the staff”. So if the Staff Regulations were to be amended, such amendment had to be recommended by the Board and must not prejudice the acquired rights of staff members.",3,ok,Staff Regulation 13.1 is not enough to identify whose staff regulations apply; UNIDO should be named.,True
un,1998/gc_7/c_1/sr_5#16,meeting,practitioner,simple,un_a,A2,q_698c32de58472689f2580ec2,"When a staff member paid tax despite the Specialized Agencies Convention, what mechanism did the agency use to restore equality?","Where a staff member had to pay tax, despite the Convention on the Privileges and Immunities of the Specialized Agencies, the agency concerned sought to restore equality among all staff members through the mechanism of tax reimbursement.",5,ok,Clear substantive equality-mechanism question whose general agency scope matches the explanation.,True
un,1998/gc_7/c_1/sr_5#16,meeting,practitioner,simple,un_a,A3,q_6d15c1203d188f5abb5f209a,"What did UNIDO Staff Regulation 6.8 authorize, how was reimbursement applied, and what would suspending it require?","Mr. LÄSSIG (Director, Personnel Services) said that Staff Regulation 6.8 was quite clear: it authorized the Director-General to refund to staff members an amount representing the tax paid on salary and emoluments. Reimbursement was made by all United Nations agencies on the principle of equality of conditions of employment and irrespective of nationality. Suspension of payment would require the amendment of Staff Regulation 6.8.",4,ok,"Supported overview of reimbursement authority and suspension, but three linked asks make the need less focused.",True
un,1998/gc_7/c_1/sr_5#16,meeting,practitioner,revised,un_a,B1,q_b576953f96b7ec0e58af84fb,What procedure and safeguard governed amendment of the UNIDO Staff Regulations?,"Staff Regulation 13.1 specified that the Staff Regulations might “be amended by the General Conference upon recommendation of the Industrial Development Board, without prejudice to the acquired rights of the staff”. So if the Staff Regulations were to be amended, such amendment had to be recommended by the Board and must not prejudice the acquired rights of staff members.",5,ok,"Clear institutional amendment procedure and rights safeguard, a credible practical need.",True
un,1998/gc_7/c_1/sr_5#16,meeting,practitioner,revised,un_a,B2,q_eabe5b4053c48f9178f8216c,What would be required to suspend UNIDO tax-reimbursement payments under Staff Regulation 6.8?,Suspension of payment would require the amendment of Staff Regulation 6.8.,5,ok,Directly asks the legal prerequisite for suspension in the identified UNIDO regime.,True
un,1998/gc_7/c_1/sr_5#16,meeting,practitioner,revised,un_a,B3,q_6d402836ed8e5cc2a175ec56,"In the UNIDO tax-reimbursement dispute, what did Staff Regulation 6.8 authorize the Director-General to do?",it authorized the Director-General to refund to staff members an amount representing the tax paid on salary and emoluments.,5,ok,Clear authority question with the dispute and regulation identified.,True
un,1998/gc_7/c_1/sr_5#16,meeting,practitioner,original,un_a,C1,q_36616a51449ebb10fa7dcf52,"According to UNIDO's Director, Personnel Services, in 1997, could tax reimbursement be suspended without amending Staff Regulation 6.8?",Suspension of payment would require the amendment of Staff Regulation 6.8,5,ok,Useful yes/no suspension question preserving the official’s interpretation and relevant regulation.,True
un,1998/gc_7/c_1/sr_5#16,meeting,practitioner,original,un_a,C2,q_714dc13cdae45ba57f59ce5a,"According to UNIDO's Director, Personnel Services, in 1997, what did Staff Regulation 6.8 authorize?",the Director-General to refund to staff members an amount representing the tax paid on salary and emoluments,5,ok,Clear attributed authority question with institution and historical context.,True
un,1998/gc_7/c_1/sr_5#16,meeting,practitioner,original,un_a,C3,q_dbf6c1bf7db96ddf8a3d8359,"According to UNIDO's Director, Personnel Services, in 1997, what could Staff Regulation amendments not prejudice?",the acquired rights of staff members,5,ok,"Useful, attributed question about the acquired-rights protection.",True
un,1998/gc_7/c_1/sr_5#16,meeting,semantic,simple,un_a,A1,q_26e7e319ce8201058cfb3fbb,"Why did UNIDO say tax reimbursement applied irrespective of nationality, and what problem did it address?","Reimbursement was made by all United Nations agencies on the principle of equality of conditions of employment and irrespective of nationality. Suspension of payment would require the amendment of Staff Regulation 6.8. The conditions of employment of staff were the same, irrespective of their nationality. Where a staff member had to pay tax, despite the Convention on the Privileges and Immunities of the Specialized Agencies, the agency concerned sought to restore equality among all staff members through the mechanism of tax reimbursement.",5,ok,Natural rationale question about equal treatment and why reimbursement is needed.,True
un,1998/gc_7/c_1/sr_5#16,meeting,semantic,simple,un_a,A2,q_cfd98686580f65961b156142,What did the Director of Personnel Services say Staff Regulation 6.8 authorized during the proposed suspension discussion?,"Mr. LÄSSIG (Director, Personnel Services) said that Staff Regulation 6.8 was quite clear: it authorized the Director-General to refund to staff members an amount representing the tax paid on salary and emoluments.",3,ok,"The regulation and official are unnamed by institution, leaving the dispute difficult to identify independently.",True
un,1998/gc_7/c_1/sr_5#16,meeting,semantic,simple,un_a,A3,q_e9c719b3c09c4fc1354bf11e,What formal process and safeguard governed amendment of the Staff Regulations?,"The Staff Regulations were laid down by the Member States by virtue of being adopted by the General Conference. Staff Regulation 13.1 specified that the Staff Regulations might “be amended by the General Conference upon recommendation of the Industrial Development Board, without prejudice to the acquired rights of the staff”. So if the Staff Regulations were to be amended, such amendment had to be recommended by the Board and must not prejudice the acquired rights of staff members.",3,ok,Asks a real procedural issue but fails to identify whose Staff Regulations are meant.,True
un,1998/gc_7/c_1/sr_5#16,meeting,semantic,original,un_a,B1,q_a351fc70ebb906831408aef4,Why did UNIDO need tax reimbursement for staff in 1998 despite the Convention on the Privileges and Immunities of the Specialized Agencies?,"Where a staff member had to pay tax, despite the Convention on the Privileges and Immunities of the Specialized Agencies, the agency concerned sought to restore equality among all staff members through the mechanism of tax reimbursement.",5,ok,Clear equality rationale under the specialized-agencies regime; no evidence-based need to penalize its question form.,True
un,1998/gc_7/c_1/sr_5#16,meeting,semantic,original,un_a,B2,q_022ff60261a4c489eaed7dbd,How could UNIDO change its Staff Regulations affecting tax reimbursement without harming acquired staff rights in 1998?,"Staff Regulation 13.1 specified that the Staff Regulations might “be amended by the General Conference upon recommendation of the Industrial Development Board, without prejudice to the acquired rights of the staff”.",5,ok,Clear institutional amendment process and protection question with a useful practical purpose.,True
un,1998/gc_7/c_1/sr_5#16,meeting,semantic,revised,un_a,C1,q_f666180d3bb3749fa34fd8df,Why might suspending tax reimbursement prejudice staff members’ acquired rights?,"If staff members for whom a tax reimbursement entitlement was to be suspended had joined the Organization on the understanding that such reimbursement by the Organization was an essential condition of their employment if they were assessed for national tax, they had, presumably, come to rely upon that Staff Regulation as an essential element of their employment, and its amendment would undoubtedly prejudice their acquired rights.",2,major,The reliance-based explanation of prejudice appears only in surrounding context; target states the safeguard without explaining why suspension would prejudice rights.,True
un,1998/gc_7/c_1/sr_5#16,meeting,semantic,revised,un_a,C2,q_c651f126c1810ee3f5048268,"How could UNIDO Staff Regulations be amended, and what protection for staff members would apply?","Staff Regulation 13.1 specified that the Staff Regulations might “be amended by the General Conference upon recommendation of the Industrial Development Board, without prejudice to the acquired rights of the staff”.
So if the Staff Regulations were to be amended, such amendment had to be recommended by the Board and must not prejudice the acquired rights of staff members.",5,ok,Clear amendment procedure and protection question grounded in the target.,True
un,1998/gc_7/c_1/sr_5#16,meeting,semantic,revised,un_a,C3,q_364992c83eeea17168391e9b,What did UNIDO Personnel Services say about Staff Regulation 6.8 and suspending tax reimbursement?,"Mr. LÄSSIG (Director, Personnel Services) said that Staff Regulation 6.8 was quite clear: it authorized the Director-General to refund to staff members an amount representing the tax paid on salary and emoluments.
Reimbursement was made by all United Nations agencies on the principle of equality of conditions of employment and irrespective of nationality. Suspension of payment would require the amendment of Staff Regulation 6.8.",5,ok,"Identifies the institution, official, regulation and suspension issue and asks a coherent explanation.",True
un,2006/a/c_5/60/sr_64#14,meeting,lookup,simple,un_a,A1,q_01616cc3f80a2a5c4bbd3d8e,"According to the 2006 Fifth Committee meeting record reporting Pakistan’s assessment of Afghanistan’s instability, what factors did Pakistan identify as contributing to it?",Inadequate international support for economic rehabilitation and for extending security coverage beyond the capital had been a critical factor. The continuing drug problem and the presence of regional warlords had kept Afghanistan in a state of perpetual instability.,5,ok,"Clear attributed causal assessment, with country, topic and historical source identified.",True
un,2006/a/c_5/60/sr_64#14,meeting,lookup,simple,un_a,A2,q_76aad631e8fb4a198457c017,"In the 2006 Fifth Committee meeting record reporting Pakistan’s statement on UNAMA and Afghanistan, what support did Pakistan say UNAMA had provided, and what did it agree?","UNAMA had provided critical support for the implementation of the Bonn Agreement, the convening of the constitutional Loya Jirga, the conduct of provincial and presidential elections and the demobilization and reintegration of soldiers. His delegation agreed that the Mission needed to be strengthened.",4,ok,Supported overview of achievements and strengthening position; what it agreed is slightly vague but resolved by the supplied subject.,True
un,2006/a/c_5/60/sr_64#14,meeting,lookup,simple,un_a,A3,q_8873094718da3bff42658fdd,"According to the 2006 Fifth Committee meeting record reporting Argentina’s statement on Timor-Leste, what did Argentina say it would do?",His delegation associated itself fully with the statement made by the representative of Brazil and would work constructively during informal consultations to ensure that UNOTIL had all the resources needed to implement its mandate effectively.,5,ok,Clear source-specific request for Argentina’s promised action rather than an enacted decision.,True
un,2006/a/c_5/60/sr_64#14,meeting,lookup,original,un_a,B1,q_b29d0ad3c195aa96de7ee05a,What did Argentina undertake during informal consultations to support UNOTIL in the 2006 Fifth Committee meeting record on Timor-Leste?,work constructively during informal consultations to ensure that UNOTIL had all the resources needed to implement its mandate effectively,5,ok,Direct question about Argentina’s stated undertaking in the identified UNOTIL discussion.,True
un,2006/a/c_5/60/sr_64#14,meeting,lookup,original,un_a,B2,q_31a099bdb2a48534806e2a16,What did Pakistan identify as a critical factor in Afghanistan's instability in the 2006 Fifth Committee meeting record on Afghanistan?,Inadequate international support for economic rehabilitation and for extending security coverage beyond the capital had been a critical factor,5,ok,Clear and attributed request for the critical factor Pakistan identified.,True
un,2006/a/c_5/60/sr_64#14,meeting,lookup,original,un_a,B3,q_72a340221dbb3edafbda3d59,Did Pakistan credit UNAMA with supporting the Bonn Agreement's implementation in the 2006 Fifth Committee meeting record on Afghanistan?,Pakistan said that UNAMA had provided critical support for the implementation of the Bonn Agreement,5,ok,A legitimate yes/no check of Pakistan’s claim about UNAMA and the Bonn Agreement.,True
un,2006/a/c_5/60/sr_64#14,meeting,lookup,revised,un_a,C1,q_73b5293f27022f7a5ef4bf2e,"What factors did Pakistan say had kept Afghanistan in perpetual instability, according to the 2006 Fifth Committee meeting record?",The continuing drug problem and the presence of regional warlords,5,ok,Clear attributed question about a specific pair of destabilizing factors.,True
un,2006/a/c_5/60/sr_64#14,meeting,lookup,revised,un_a,C2,q_391fc1898689beff7e357374,"Which developments did Pakistan say UNAMA had critically supported, according to the 2006 Fifth Committee meeting record?","the implementation of the Bonn Agreement, the convening of the constitutional Loya Jirga, the conduct of provincial and presidential elections and the demobilization and reintegration of soldiers",5,ok,"Useful, clearly attributed request for the developments UNAMA supported.",True
un,2006/a/c_5/60/sr_64#14,meeting,lookup,revised,un_a,C3,q_d4f01a448f9d7aa925cf0eed,"What did Argentina say it would do during informal consultations to support UNOTIL, according to the 2006 Fifth Committee meeting record?",work constructively during informal consultations to ensure that UNOTIL had all the resources needed to implement its mandate effectively,5,ok,Natural question about Argentina’s promised action on mission resources.,True
un,2006/a/c_5/60/sr_64#14,meeting,practitioner,original,un_a,A1,q_f817a2d4662c2d732310a6da,"According to Pakistan's 2006 statement, what kept Afghanistan unstable alongside the continuing drug problem?",the presence of regional warlords,4,ok,"A supported request for the other destabilizing factor, though its partial-answer setup feels narrower and less natural than asking for the factors.",True
un,2006/a/c_5/60/sr_64#14,meeting,practitioner,original,un_a,A2,q_5a86870330508e190d5d8242,What did Pakistan identify as a critical factor in Afghanistan's ongoing instability in 2006?,Inadequate international support for economic rehabilitation and for extending security coverage beyond the capital,5,ok,Clearly attributes a concrete historical assessment and asks a meaningful factor.,True
un,2006/a/c_5/60/sr_64#14,meeting,practitioner,original,un_a,A3,q_e600e0d86452d7676d35989a,Which Afghanistan process did Pakistan say UNAMA had supported in 2006?,the implementation of the Bonn Agreement,3,minor,Singular process arbitrarily selects one of several supported processes; in 2006 can also attach to the achievements rather than the statement. Answer lists only one.,True
un,2006/a/c_5/60/sr_64#14,meeting,practitioner,simple,un_a,B1,q_32472690f5375a40bc7f3e98,"What critical support did Pakistan attribute to UNAMA in 2006, and what did it say about strengthening the Mission?","Mr. Hussain (Pakistan) said that UNAMA had provided critical support for the implementation of the Bonn Agreement, the convening of the constitutional Loya Jirga, the conduct of provincial and presidential elections and the demobilization and reintegration of soldiers.
His delegation agreed that the Mission needed to be strengthened.",5,ok,"Coherent overview of Pakistan’s assessment of UNAMA and its strengthening position, accurately attributed.",True
un,2006/a/c_5/60/sr_64#14,meeting,practitioner,simple,un_a,B2,q_73bb0a3e92da34d18bb0e562,What factors did Pakistan identify in 2006 as keeping Afghanistan in a state of perpetual instability and directly affecting neighbouring countries such as itself?,"Inadequate international support for economic rehabilitation and for extending security coverage beyond the capital had been a critical factor.
The continuing drug problem and the presence of regional warlords had kept Afghanistan in a state of perpetual instability.",5,ok,"Clear, substantive causal assessment with speaker and period identified.",True
un,2006/a/c_5/60/sr_64#14,meeting,practitioner,simple,un_a,B3,q_8344930d1da1ac32c3045215,What did Argentina say it would do in 2006 to ensure that UNOTIL had all the resources needed to implement its mandate effectively?,His delegation associated itself fully with the statement made by the representative of Brazil and would work constructively during informal consultations to ensure that UNOTIL had all the resources needed to implement its mandate effectively.,5,ok,"Natural question about Argentina’s promised contribution, preserving its status as a statement.",True
un,2006/a/c_5/60/sr_64#14,meeting,practitioner,revised,un_a,C1,q_ab240f70eefd73b14aed0516,Which Afghanistan processes did Pakistan say UNAMA had critically supported?,"Mr. Hussain (Pakistan) said that UNAMA had provided critical support for the implementation of the Bonn Agreement, the convening of the constitutional Loya Jirga, the conduct of provincial and presidential elections and the demobilization and reintegration of soldiers.",4,ok,"Clear substantive assessment, but this changing mission history would benefit from the date of Pakistan’s statement.",True
un,2006/a/c_5/60/sr_64#14,meeting,practitioner,revised,un_a,C2,q_46517952730ac163984f385c,What did Argentina say it would do during informal consultations regarding UNOTIL's resources?,His delegation associated itself fully with the statement made by the representative of Brazil and would work constructively during informal consultations to ensure that UNOTIL had all the resources needed to implement its mandate effectively.,5,ok,"Identifies actor, specific mission and consultation issue; sufficient context for a practical information need.",True
un,2006/a/c_5/60/sr_64#14,meeting,practitioner,revised,un_a,C3,q_fcda64e69b60c1523d277a54,What factors did Pakistan identify as keeping Afghanistan in perpetual instability?,Inadequate international support for economic rehabilitation and for extending security coverage beyond the capital had been a critical factor. The continuing drug problem and the presence of regional warlords had kept Afghanistan in a state of perpetual instability.,4,ok,"Useful attributed causal assessment, but the period matters for interpreting Afghanistan’s instability.",True
un,2006/a/c_5/60/sr_64#14,meeting,semantic,revised,un_a,A1,q_b64ac067b884a1657a4c7d55,What did Pakistan say UNAMA had supported in Afghanistan and what strengthening did it consider necessary in 2006?,"Mr. Hussain (Pakistan) said that UNAMA had provided critical support for the implementation of the Bonn Agreement, the convening of the constitutional Loya Jirga, the conduct of provincial and presidential elections and the demobilization and reintegration of soldiers.
His delegation agreed that the Mission needed to be strengthened.",3,major,"Asking what strengthening Pakistan considered necessary implies specific measures; this target only says the Mission needed strengthening, without specifying how.",True
un,2006/a/c_5/60/sr_64#14,meeting,semantic,revised,un_a,A2,q_0484ec50274e42a10c38d8ec,How did Argentina respond to concern about recent events in Timor-Leste during 2006?,"Mr. Torres Lépori (Argentina) said that his delegation was very concerned about recent events in Timor-Leste, which it was following closely. His delegation associated itself fully with the statement made by the representative of Brazil and would work constructively during informal consultations to ensure that UNOTIL had all the resources needed to implement its mandate effectively.",5,ok,"Clear question about Argentina’s response, preserving its stated concern and proposed action.",True
un,2006/a/c_5/60/sr_64#14,meeting,semantic,revised,un_a,A3,q_44dee6b52144b963f514672f,"According to Pakistan in 2006, what factors were sustaining Afghanistan's instability and affecting neighbouring countries?","However, Pakistan remained concerned about recent developments and the ongoing instability in Afghanistan, which directly affected neighbouring countries such as itself.
Inadequate international support for economic rehabilitation and for extending security coverage beyond the capital had been a critical factor.
The continuing drug problem and the presence of regional warlords had kept Afghanistan in a state of perpetual instability.
Such issues were of concern for the Afghan people and for neighbouring countries.",5,ok,Useful attributed causal assessment with the relevant country and period.,True
un,2006/a/c_5/60/sr_64#14,meeting,semantic,simple,un_a,B1,q_bb55d5422edb30a4ce415a52,"During the Fifth Committee’s 2006 discussion, how did Argentina propose supporting UNOTIL amid concern about events in Timor-Leste?",His delegation associated itself fully with the statement made by the representative of Brazil and would work constructively during informal consultations to ensure that UNOTIL had all the resources needed to implement its mandate effectively.,5,ok,Clearly locates Argentina’s proposal and asks its substantive support approach.,True
un,2006/a/c_5/60/sr_64#14,meeting,semantic,simple,un_a,B2,q_9f9961b21ac54f2ac6d72c51,"During the Fifth Committee’s 2006 discussion, what achievements did Pakistan cite in support of strengthening UNAMA?","UNAMA had provided critical support for the implementation of the Bonn Agreement, the convening of the constitutional Loya Jirga, the conduct of provincial and presidential elections and the demobilization and reintegration of soldiers. His delegation agreed that the Mission needed to be strengthened.",4,ok,"Achievements and support for strengthening are both present, though the question makes their argumentative link more explicit than the source.",True
un,2006/a/c_5/60/sr_64#14,meeting,semantic,simple,un_a,B3,q_609faea9534d11afa2b7279a,"In the Fifth Committee’s 2006 discussion, what factors did Pakistan identify as sustaining Afghanistan’s ongoing instability?",Inadequate international support for economic rehabilitation and for extending security coverage beyond the capital had been a critical factor. The continuing drug problem and the presence of regional warlords had kept Afghanistan in a state of perpetual instability.,5,ok,Clear historical causal assessment with institution and speaker attribution.,True
un,2006/a/c_5/60/sr_64#14,meeting,semantic,original,un_a,C1,q_c4b7fa73bcbcf201b2cb2cbf,"According to Pakistan, what was keeping Afghanistan in a state of perpetual instability in 2006?",The continuing drug problem and the presence of regional warlords had kept Afghanistan in a state of perpetual instability,5,ok,Natural and precisely attributed request for the specified instability factors.,True
un,2006/a/c_5/60/sr_64#14,meeting,semantic,original,un_a,C2,q_2a545e4fb0376bad6fc8c049,How was Argentina prepared to help UNOTIL address the crisis in Timor-Leste in 2006?,would work constructively during informal consultations to ensure that UNOTIL had all the resources needed to implement its mandate effectively,5,ok,Clear question about Argentina’s readiness to assist through resources consultations.,True
un,2006/a/c_5/60/sr_64#14,meeting,semantic,original,un_a,C3,q_516f2fcfce4a2ed35aafb2c4,"How had UNAMA supported Afghanistan’s political transition and security recovery in 2006, according to Pakistan?","UNAMA had provided critical support for the implementation of the Bonn Agreement, the convening of the constitutional Loya Jirga, the conduct of provincial and presidential elections and the demobilization and reintegration of soldiers",4,ok,"Substantive and attributed, but in 2006 can be read as dating the achievements rather than Pakistan’s retrospective statement.",True
un,2005/a/res/60/47#0,resolution,lookup,simple,un_a,A1,q_6621ad702d4bcd4598aacfac,"According to the General Assembly's resolution adopted on 8 December 2005 on the question of Antarctica, what did it recall resolution 57/51 had requested?","Recalling its resolution 57/51 of 22 November 2002, in which it requested the Secretary-General to submit a report consisting of the information provided by the Antarctic Treaty Consultative Parties on their consultative meetings, on their activities in Antarctica and on developments in relation to Antarctica,",5,ok,Clearly distinguishes the recalled 2002 request from the 2005 resolution and asks its substance.,False
un,2005/a/res/60/47#0,resolution,lookup,simple,un_a,A2,q_b981e1879c08c8564fb74195,"According to the General Assembly's resolution adopted on 8 December 2005 on the question of Antarctica, what particular significance did it recognize Antarctica as having?","Conscious of the particular significance of Antarctica to the international community, including for international peace and security, the global and regional environment, its effects on global and regional climate conditions, and scientific research,",5,ok,"Natural question about the interests making Antarctica significant, with source clearly identified.",False
un,2005/a/res/60/47#0,resolution,lookup,simple,un_a,A3,q_af2ce560e189d19925a4e6fd,"According to the General Assembly's resolution adopted on 8 December 2005 on the question of Antarctica, what did it reaffirm about the management and use of Antarctica?","Reaffirming that the management and use of Antarctica should be conducted in accordance with the purposes and principles of the Charter of the United Nations and in the interest of maintaining international peace and security and of promoting international cooperation for the benefit of mankind as a whole,",5,ok,Clear request for the Assembly’s reaffirmed management principles.,False
un,2005/a/res/60/47#0,resolution,lookup,revised,un_a,B1,q_d9f3ceb3d2bb2056564ade6d,"On 8 December 2005, which matters did the General Assembly cite as contributing to Antarctica’s particular significance in the resolution concerning the Question of Antarctica?","international peace and security, the global and regional environment, its effects on global and regional climate conditions, and scientific research",5,ok,Useful source-specific question about the listed dimensions of Antarctica’s importance.,False
un,2005/a/res/60/47#0,resolution,lookup,revised,un_a,B2,q_a75625d4ef17211f8948ad9c,"On 8 December 2005, what did the General Assembly reaffirm about the management and use of Antarctica in the resolution concerning the Question of Antarctica?",that the management and use of Antarctica should be conducted in accordance with the purposes and principles of the Charter of the United Nations and in the interest of maintaining international peace and security and of promoting international cooperation for the benefit of mankind as a whole,5,ok,Clear and accurately qualified reaffirmation question.,False
un,2005/a/res/60/47#0,resolution,lookup,revised,un_a,B3,q_93d0129781f6089dc3ba6e95,"On 8 December 2005, what report content did the General Assembly recall requesting in the resolution concerning the Question of Antarctica?","a report consisting of the information provided by the Antarctic Treaty Consultative Parties on their consultative meetings, on their activities in Antarctica and on developments in relation to Antarctica",5,ok,Specific report-content question that preserves the historical recall.,False
un,2005/a/res/60/47#0,resolution,practitioner,simple,un_a,B1,q_641429ddcc2c270cbade2df8,What particular significance did the General Assembly identify for Antarctica on 8 December 2005?,"Conscious of the particular significance of Antarctica to the international community, including for international peace and security, the global and regional environment, its effects on global and regional climate conditions, and scientific research,",5,ok,Clear institutional and historical question about Antarctica’s recognized significance.,False
un,2005/a/res/60/47#0,resolution,practitioner,simple,un_a,B2,q_bfd8ef74c831c4b132ac43c5,What framework did the General Assembly reaffirm on 8 December 2005 for managing and using Antarctica?,"Reaffirming that the management and use of Antarctica should be conducted in accordance with the purposes and principles of the Charter of the United Nations and in the interest of maintaining international peace and security and of promoting international cooperation for the benefit of mankind as a whole,",5,ok,"Useful, accurately framed question about the reaffirmed management framework.",False
un,2005/a/res/60/47#0,resolution,practitioner,simple,un_a,B3,q_836adfa3ddb1f56302ab73d7,What information was the Secretary-General requested to include in a report recalled by the General Assembly on 8 December 2005?,"the information provided by the Antarctic Treaty Consultative Parties on their consultative meetings, on their activities in Antarctica and on developments in relation to Antarctica",3,ok,The report’s subject is omitted; date and Secretary-General alone do not identify which report is meant.,False
un,2005/a/res/60/47#0,resolution,practitioner,revised,un_a,C1,q_7fbef1a6930c44bc65efade8,What did resolution 57/51 of 22 November 2002 request the Secretary-General to submit concerning Antarctica?,"requested the Secretary-General to submit a report consisting of the information provided by the Antarctic Treaty Consultative Parties on their consultative meetings, on their activities in Antarctica and on developments in relation to Antarctica",5,ok,"Names the recalled resolution and Antarctica, asking a specific reporting request.",False
un,2005/a/res/60/47#0,resolution,practitioner,revised,un_a,C2,q_82e0347ff31b6bea7ddd95ca,"Under the General Assembly’s 8 December 2005 position, how should Antarctica’s management and use be conducted?",the management and use of Antarctica should be conducted in accordance with the purposes and principles of the Charter of the United Nations and in the interest of maintaining international peace and security and of promoting international cooperation for the benefit of mankind as a whole,5,ok,Clearly identifies the Assembly’s position and asks the applicable management principles without overstating enactment.,False
un,2005/a/res/60/47#0,resolution,practitioner,revised,un_a,C3,q_861d46411f9d6dcc76db6873,What aspects accounted for Antarctica’s particular significance to the international community in the 2005 General Assembly treatment?,"including for international peace and security, the global and regional environment, its effects on global and regional climate conditions, and scientific research",5,ok,"Clear, substantive question about the significance attributed to Antarctica in the 2005 treatment.",False
un,2005/a/res/60/47#0,resolution,semantic,revised,un_a,A1,q_ecfe741fe6768bcb812d2388,What did the General Assembly's 2002 resolution ask the Secretary-General to provide for reporting on Antarctica?,"Recalling its resolution 57/51 of 22 November 2002, in which it requested the Secretary-General to submit a report consisting of the information provided by the Antarctic Treaty Consultative Parties on their consultative meetings, on their activities in Antarctica and on developments in relation to Antarctica",5,ok,Clearly asks the earlier reporting request concerning Antarctica; the recalled request is contained in the target.,False
un,2005/a/res/60/47#0,resolution,semantic,revised,un_a,A2,q_599434d433f49e41f5a73adc,What aspects made Antarctica particularly significant to the international community in the General Assembly's 8 December 2005 resolution?,"Conscious of the particular significance of Antarctica to the international community, including for international peace and security, the global and regional environment, its effects on global and regional climate conditions, and scientific research",5,ok,Natural question about the substantive dimensions of Antarctica’s importance.,False
un,2005/a/res/60/47#0,resolution,semantic,revised,un_a,A3,q_5f1dcdad64cbd156a1b76c49,What framework did the General Assembly reaffirm for managing and using Antarctica in its 8 December 2005 resolution?,Reaffirming that the management and use of Antarctica should be conducted in accordance with the purposes and principles of the Charter of the United Nations and in the interest of maintaining international peace and security and of promoting international cooperation for the benefit of mankind as a whole,5,ok,Clear policy-framework question preserving that the Assembly reaffirmed it.,False
un,2005/a/res/60/47#0,resolution,semantic,simple,un_a,C1,q_bc4a2763d26f966dbb04425b,How should the management and use of Antarctica be conducted under the General Assembly’s 8 December 2005 position?,"Reaffirming that the management and use of Antarctica should be conducted in accordance with the purposes and principles of the Charter of the United Nations and in the interest of maintaining international peace and security and of promoting international cooperation for the benefit of mankind as a whole,",5,ok,Clear substantive question about management principles under an identified Assembly position.,False
un,2005/a/res/60/47#0,resolution,semantic,simple,un_a,C2,q_bcdfe7037711a00f203a53d9,Why did the General Assembly stress the particular significance of Antarctica to the international community on 8 December 2005?,"Conscious of the particular significance of Antarctica to the international community, including for international peace and security, the global and regional environment, its effects on global and regional climate conditions, and scientific research,",5,ok,"A supported why-question answered by the listed peace, environmental, climate and research interests.",False
un,2013/a/res/68/143#7,resolution,lookup,original,un_a,A1,q_bdc8d8981ff76ecdc8d91240,"Under the 2013 General Assembly resolution on African refugee assistance, when should the Office of the High Commissioner help States register refugees?",should they be unable to register refugees on their territory,5,ok,"Clear conditional assistance question with source, subject and year identified.",True
un,2013/a/res/68/143#7,resolution,lookup,simple,un_a,B1,q_784c96678a76fc4546f8c7fc,"In paragraph 12 of the General Assembly’s 2013 resolution on assistance to refugees in Africa, what registration responsibilities and conditional assistance are specified?","recalls the responsibility of States to register refugees on their territories and, as appropriate, the responsibility of the Office of the High Commissioner or mandated international bodies to do so, reiterates in this context the central role that early and effective registration and documentation can play, guided by protection considerations, in enhancing protection and supporting efforts to find durable solutions, and calls upon the Office, as appropriate, to help States to conduct this procedure should they be unable to register refugees on their territory;",5,ok,"Useful coherent question about the allocation of responsibility and conditional help, precisely located.",True
un,2013/a/res/68/143#7,resolution,lookup,simple,un_a,B2,q_3f91092d7e08f5936b4416a4,"In paragraph 13 of the General Assembly’s 2013 resolution on assistance to refugees in Africa, what action is requested from the international community and relevant organizations?","Calls upon the international community, including States and the Office of the High Commissioner and other relevant United Nations organizations, within their respective mandates, to take concrete action to meet the protection and assistance needs of refugees, returnees and displaced persons and to contribute generously to projects and programmes aimed at alleviating their plight, facilitating durable solutions for refugees and displaced persons and supporting vulnerable local host communities;",5,ok,"Clearly asks the requested international response, preserving its requested status.",True
un,2013/a/res/68/143#7,resolution,lookup,simple,un_a,B3,q_538a50a85a75302aea56bd91,What role does paragraph 12 of the General Assembly’s 2013 resolution on assistance to refugees in Africa assign to early registration and documentation?,"reiterates in this context the central role that early and effective registration and documentation can play, guided by protection considerations, in enhancing protection and supporting efforts to find durable solutions",5,ok,Natural policy-purpose question about registration and documentation in the identified paragraph.,True
un,2013/a/res/68/143#7,resolution,lookup,revised,un_a,C1,q_6829faef2a2b45858ffcea27,"What did the General Assembly's 2013 resolution on assistance to refugees, returnees and displaced persons in Africa call upon the international community to contribute toward?","projects and programmes aimed at alleviating their plight, facilitating durable solutions for refugees and displaced persons and supporting vulnerable local host communities",5,ok,Clear request for the purposes of contributions under an identified refugee-assistance resolution.,True
un,2013/a/res/68/143#7,resolution,lookup,revised,un_a,C2,q_66bc99e1b7f42554538acdc3,"What role did the General Assembly's 2013 resolution on assistance to refugees, returnees and displaced persons in Africa say early and effective registration and documentation can play?","guided by protection considerations, in enhancing protection and supporting efforts to find durable solutions",5,ok,"Useful question about protection and durable-solutions benefits, with sufficient source context.",True
un,2013/a/res/68/143#7,resolution,lookup,revised,un_a,C3,q_0b2933119452542dc91072ac,"When States cannot register refugees on their territory, what did the General Assembly's 2013 resolution on assistance to refugees, returnees and displaced persons in Africa call upon the Office of the High Commissioner to do?",to help States to conduct this procedure should they be unable to register refugees on their territory,5,ok,Clear conditional question asking UNHCR’s requested action rather than assuming it occurred.,True
un,2013/a/res/68/143#7,resolution,practitioner,revised,un_a,A1,q_b8fecbb13d69fff34ffe00c5,"What action and support does the resolution seek from the international community for refugees, returnees, displaced persons and host communities?","Calls upon the international community, including States and the Office of the High Commissioner and other relevant United Nations organizations, within their respective mandates, to take concrete action to meet the protection and assistance needs of refugees, returnees and displaced persons and to contribute generously to projects and programmes aimed at alleviating their plight, facilitating durable solutions for refugees and displaced persons and supporting vulnerable local host communities;",3,ok,"The resolution is unnamed and the region and period are omitted, leaving this requested response difficult to locate.",True
un,2013/a/res/68/143#7,resolution,practitioner,revised,un_a,A2,q_f1d7268655bba69ca81520fe,"When States cannot register refugees on their territory, what assistance is requested from the Office of the High Commissioner?","calls upon the Office, as appropriate, to help States to conduct this procedure should they be unable to register refugees on their territory;",4,ok,A useful conditional assistance need; naming UNHCR and the policy episode would sharpen the requested action’s attribution.,True
un,2013/a/res/68/143#7,resolution,practitioner,revised,un_a,A3,q_651fd02ca452ac1ad6c5ac8a,"For refugee registration in Africa, what responsibilities do States, the Office of the High Commissioner and mandated international bodies have?","recalls the responsibility of States to register refugees on their territories and, as appropriate, the responsibility of the Office of the High Commissioner or mandated international bodies to do so;",5,ok,Clear practical allocation-of-responsibility question with the substantive refugee-registration regime identified.,True
un,2013/a/res/68/143#7,resolution,practitioner,simple,un_a,B1,q_3d78242b8b589173b29a14b1,What concrete action and contributions does the 2013 framework call upon the international community and relevant actors to undertake?,"Calls upon the international community, including States and the Office of the High Commissioner and other relevant United Nations organizations, within their respective mandates, to take concrete action to meet the protection and assistance needs of refugees, returnees and displaced persons and to contribute generously to projects and programmes aimed at alleviating their plight, facilitating durable solutions for refugees and displaced persons and supporting vulnerable local host communities;",3,ok,"The 2013 framework has no subject or institution, so the question is not self-contained.",True
un,2013/a/res/68/143#7,resolution,practitioner,simple,un_a,B2,q_a1a54ae396e858dfdcb4d972,"In the 2013 refugee-assistance framework, who is responsible for registration, and what may the Office do when States cannot register refugees?","recalls the responsibility of States to register refugees on their territories and, as appropriate, the responsibility of the Office of the High Commissioner or mandated international bodies to do so, reiterates in this context the central role that early and effective registration and documentation can play, guided by protection considerations, in enhancing protection and supporting efforts to find durable solutions, and calls upon the Office, as appropriate, to help States to conduct this procedure should they be unable to register refugees on their territory;",4,ok,Useful responsibility-and-help question; naming the African resolution and UNHCR would clarify the broad framework reference.,True
un,2013/a/res/68/143#7,resolution,practitioner,simple,un_a,B3,q_b3ea5267ea1c7e9940af65d0,What protection and durable-solutions functions does early and effective registration and documentation serve under the 2013 African refugee-assistance framework?,"reiterates in this context the central role that early and effective registration and documentation can play, guided by protection considerations, in enhancing protection and supporting efforts to find durable solutions",3,ok,"The question supplies protection and durable solutions as its requested functions, leaving the target’s answer largely a restatement rather than a further substantive explanation.",True
un,2013/a/res/68/143#7,resolution,practitioner,original,un_a,C1,q_ed568f33b5144ae550dacea0,"In 2013, what registration duty applied to States hosting refugees in Africa?",the responsibility of States to register refugees on their territories,5,ok,"Clear practical registration-responsibility question identifying population, region and historical period; the target explicitly recalls that responsibility.",True
un,2013/a/res/68/143#7,resolution,semantic,revised,un_a,A1,q_4b928e31f448ce0a6ed341f0,How should refugee registration be handled when refugees and asylum seekers in Africa lack documentation?,"Recalls the conclusion on registration of refugees and asylum seekers adopted by the Executive Committee of the Programme of the High Commissioner at its fifty-second session, notes the many forms of harassment faced by refugees and asylum seekers who remain without any form of documentation attesting to their status, recalls the responsibility of States to register refugees on their territories and, as appropriate, the responsibility of the Office of the High Commissioner or mandated international bodies to do so, reiterates in this context the central role that early and effective registration and documentation can play, guided by protection considerations, in enhancing protection and supporting efforts to find durable solutions, and calls upon the Office, as appropriate, to help States to conduct this procedure should they be unable to register refugees on their territory;",4,ok,A substantive registration-policy question; how it should be handled is broader than the target’s responsibilities and assistance outline.,True
un,2013/a/res/68/143#7,resolution,semantic,revised,un_a,A2,q_7e6277c0e9f13a34dabb9280,"What support was sought from the international community for Africa’s refugees, returnees and displaced persons?","Calls upon the international community, including States and the Office of the High Commissioner and other relevant United Nations organizations, within their respective mandates, to take concrete action to meet the protection and assistance needs of refugees, returnees and displaced persons and to contribute generously to projects and programmes aimed at alleviating their plight, facilitating durable solutions for refugees and displaced persons and supporting vulnerable local host communities;",4,ok,"Clear support need for identified populations, though the requested policy episode is left unspecified.",True
un,2013/a/res/68/143#7,resolution,semantic,original,un_a,B1,q_76ced922b99c56edadd9349e,"When African States could not register refugees in 2013, what fallback role was assigned to UNHCR?",to help States to conduct this procedure should they be unable to register refugees on their territory,4,ok,"Useful fallback-role question, but past-tense incapacity and assigned role make a conditional request sound more like an actual event or assignment.",True
un,2013/a/res/68/143#7,resolution,semantic,original,un_a,B2,q_333bc1fe302a9fba2c982de1,How did the 2013 Africa refugee framework divide responsibility for registering refugees?,"the responsibility of States to register refugees on their territories and, as appropriate, the responsibility of the Office of the High Commissioner or mandated international bodies to do so",5,ok,Clear historical allocation-of-registration-responsibility question with the relevant regional framework.,True
un,2013/a/res/68/143#7,resolution,semantic,original,un_a,B3,q_a555090c7629f174ed9092dd,What risks did refugees and asylum seekers without status documents face in Africa in 2013?,the many forms of harassment faced by refugees and asylum seekers who remain without any form of documentation attesting to their status,4,ok,Natural protection-risk question; source offers only the broad category of harassment rather than specific forms.,True
un,2013/a/res/68/143#7,resolution,semantic,simple,un_a,C1,q_7839bf2ef0889f903b330a17,"For refugees and asylum seekers in Africa, when States cannot register refugees on their territory, what role does the Office have, and how is early and effective registration and documentation understood?","the responsibility of States to register refugees on their territories and, as appropriate, the responsibility of the Office of the High Commissioner or mandated international bodies to do so, reiterates in this context the central role that early and effective registration and documentation can play, guided by protection considerations, in enhancing protection and supporting efforts to find durable solutions, and calls upon the Office, as appropriate, to help States to conduct this procedure should they be unable to register refugees on their territory;",4,ok,"Two connected and supported policy asks, but the long construction and unnamed Office need modest clarification.",True
un,2013/a/res/68/143#7,resolution,semantic,simple,un_a,C2,q_2133a620386d00df544987ec,"For refugees, returnees and displaced persons in Africa, what response is sought from the international community and relevant United Nations actors, including through concrete action to meet the protection and assistance needs?","Calls upon the international community, including States and the Office of the High Commissioner and other relevant United Nations organizations, within their respective mandates, to take concrete action to meet the protection and assistance needs of refugees, returnees and displaced persons and to contribute generously to projects and programmes aimed at alleviating their plight, facilitating durable solutions for refugees and displaced persons and supporting vulnerable local host communities;",4,ok,"Asks a useful support response, though its final clause repetitively supplies part of that response.",True
un,2007/a/res/62/137#12,resolution,lookup,original,un_a,A1,q_01aec55607b5106b2c10b347,Which 2008 development-financing event did the 2007 General Assembly resolution on Beijing follow-up identify for attention to gender perspectives?,the Follow-up International Conference on Financing for Development to Review the Implementation of the Monterey Consensus in Doha in 2008,5,ok,"A clear, specific question asking which development-financing event was named, with the year and Beijing follow-up context.",True
un,2007/a/res/62/137#12,resolution,lookup,simple,un_a,B1,q_49867c928b582ed8032cba11,"According to paragraph 12 of the General Assembly resolution adopted on 18 December 2007 concerning follow-up to the Beijing process, what were Governments and United Nations-system entities urged to ensure regarding gender perspectives?","Urges Governments and all entities of the United Nations system, including United Nations agencies, funds and programmes, and all relevant actors of civil society, to ensure the integration of gender perspectives in the implementation of and follow-up to all United Nations summits, conferences and special sessions and to give attention to gender perspectives in preparation for such events, including the commemorative high-level plenary meeting devoted to the follow-up to the outcome of the special session of the General Assembly on children in 2007, the thirteenth session of the Conference of the Parties to the United Nations Framework Convention on Climate Change, and the third session of the Conference of the Parties serving as the Meeting of the Parties to the Kyoto Protocol, in Bali, Indonesia, in 2007, the Follow-up International Conference on Financing for Development to Review the Implementation of the Monterey Consensus in Doha in 2008, and the Third High-level Forum on Aid Effectiveness in Accra in 2008;",5,minor,"A useful, accurately framed question about what the specified resolution urged; the answer adds the full event list beyond the requested action.",True
un,2007/a/res/62/137#12,resolution,lookup,simple,un_a,B2,q_4b5444ff080e334d109e8544,"According to paragraph 12 of the General Assembly resolution adopted on 18 December 2007 concerning follow-up to the Beijing process, which 2007 and 2008 events were specifically cited in connection with gender perspectives?","including the commemorative high-level plenary meeting devoted to the follow-up to the outcome of the special session of the General Assembly on children in 2007, the thirteenth session of the Conference of the Parties to the United Nations Framework Convention on Climate Change, and the third session of the Conference of the Parties serving as the Meeting of the Parties to the Kyoto Protocol, in Bali, Indonesia, in 2007, the Follow-up International Conference on Financing for Development to Review the Implementation of the Monterey Consensus in Doha in 2008, and the Third High-level Forum on Aid Effectiveness in Accra in 2008;",5,ok,"A clear source-based question about the named events, directly answered by the list.",True
un,2007/a/res/62/137#12,resolution,lookup,revised,un_a,C1,q_a30af3aaff413326b6908797,"What did the General Assembly urge Governments, United Nations entities and civil-society actors to do regarding gender perspectives in the resolution adopted on 18 December 2007?","to ensure the integration of gender perspectives in the implementation of and follow-up to all United Nations summits, conferences and special sessions and to give attention to gender perspectives in preparation for such events",4,ok,"The requested action and actors are clear, but the resolution is identified only by date rather than its Beijing follow-up subject.",True
un,2007/a/res/62/137#12,resolution,lookup,revised,un_a,C2,q_70fcd85fb6964d6396069ef2,Which events did the General Assembly identify for attention to gender perspectives in preparation in the resolution adopted on 18 December 2007?,"the commemorative high-level plenary meeting devoted to the follow-up to the outcome of the special session of the General Assembly on children in 2007, the thirteenth session of the Conference of the Parties to the United Nations Framework Convention on Climate Change, and the third session of the Conference of the Parties serving as the Meeting of the Parties to the Kyoto Protocol, in Bali, Indonesia, in 2007, the Follow-up International Conference on Financing for Development to Review the Implementation of the Monterey Consensus in Doha in 2008, and the Third High-level Forum on Aid Effectiveness in Accra in 2008",4,ok,"A useful event-list question, though for attention in preparation is awkward and the particular resolution remains unnamed.",True
un,2007/a/res/62/137#12,resolution,practitioner,simple,un_a,A1,q_6f3373763e9030e2540170b2,"On 18 December 2007, which actors were urged to integrate gender perspectives into United Nations events?","Urges Governments and all entities of the United Nations system, including United Nations agencies, funds and programmes, and all relevant actors of civil society, to ensure the integration of gender perspectives in the implementation of and follow-up to all United Nations summits, conferences and special sessions and to give attention to gender perspectives in preparation for such events, including the commemorative high-level plenary meeting devoted to the follow-up to the outcome of the special session of the General Assembly on children in 2007, the thirteenth session of the Conference of the Parties to the United Nations Framework Convention on Climate Change, and the third session of the Conference of the Parties serving as the Meeting of the Parties to the Kyoto Protocol, in Bali, Indonesia, in 2007, the Follow-up International Conference on Financing for Development to Review the Implementation of the Monterey Consensus in Doha in 2008, and the Third High-level Forum on Aid Effectiveness in Accra in 2008;",4,minor,"A genuine actor-identification question, although naming the General Assembly or Beijing follow-up would clarify the source of the urging; the answer includes much unrelated event detail.",True
un,2007/a/res/62/137#12,resolution,practitioner,simple,un_a,A2,q_776b4df8a7ef36b590dd377b,"For the 2007–2008 United Nations events, what gender-perspective treatment was urged in preparation, implementation and follow-up?","Urges Governments and all entities of the United Nations system, including United Nations agencies, funds and programmes, and all relevant actors of civil society, to ensure the integration of gender perspectives in the implementation of and follow-up to all United Nations summits, conferences and special sessions and to give attention to gender perspectives in preparation for such events, including the commemorative high-level plenary meeting devoted to the follow-up to the outcome of the special session of the General Assembly on children in 2007, the thirteenth session of the Conference of the Parties to the United Nations Framework Convention on Climate Change, and the third session of the Conference of the Parties serving as the Meeting of the Parties to the Kyoto Protocol, in Bali, Indonesia, in 2007, the Follow-up International Conference on Financing for Development to Review the Implementation of the Monterey Consensus in Doha in 2008, and the Third High-level Forum on Aid Effectiveness in Accra in 2008;",4,minor,"The stages make the request clear, but gender-perspective treatment is bureaucratic phrasing; the answer adds an unnecessary event list.",True
un,2007/a/res/62/137#12,resolution,practitioner,original,un_a,B1,q_d404cfeb3b3756e1d7cf90e5,"For the 2007 Bali meetings on climate change and the Kyoto Protocol, what required attention during preparation?",gender perspectives,3,ok,"A potentially useful preparation-topic question, but required attention gives an unattributed necessity rather than identifying what the Assembly urged.",True
un,2007/a/res/62/137#12,resolution,practitioner,original,un_a,B2,q_4ff05baaffdf87b9aff5400d,"In 2007, what had to be integrated into implementation and follow-up of United Nations summits and conferences?",gender perspectives,3,ok,Had to be integrated overstates the source's urging as a requirement and leaves the authority behind it unspecified.,True
un,2007/a/res/62/137#12,resolution,practitioner,revised,un_a,C1,q_a393585afd4aaf7245746f35,Which 2007 and 2008 events were specifically named for gender attention in preparation under this General Assembly follow-up?,"Urges Governments and all entities of the United Nations system, including United Nations agencies, funds and programmes, and all relevant actors of civil society, to ensure the integration of gender perspectives in the implementation of and follow-up to all United Nations summits, conferences and special sessions and to give attention to gender perspectives in preparation for such events, including the commemorative high-level plenary meeting devoted to the follow-up to the outcome of the special session of the General Assembly on children in 2007, the thirteenth session of the Conference of the Parties to the United Nations Framework Convention on Climate Change, and the third session of the Conference of the Parties serving as the Meeting of the Parties to the Kyoto Protocol, in Bali, Indonesia, in 2007, the Follow-up International Conference on Financing for Development to Review the Implementation of the Monterey Consensus in Doha in 2008, and the Third High-level Forum on Aid Effectiveness in Accra in 2008;",3,minor,"This General Assembly follow-up has no antecedent, leaving the otherwise useful event-list question underidentified; the answer also includes unrelated instructions.",True
un,2007/a/res/62/137#12,resolution,practitioner,revised,un_a,C2,q_0e85e915d132f55d373aedd8,"In the 2007 follow-up to the Beijing Platform for Action, which actors were urged to integrate gender perspectives, and at what stages?","Urges Governments and all entities of the United Nations system, including United Nations agencies, funds and programmes, and all relevant actors of civil society, to ensure the integration of gender perspectives in the implementation of and follow-up to all United Nations summits, conferences and special sessions and to give attention to gender perspectives in preparation for such events, including the commemorative high-level plenary meeting devoted to the follow-up to the outcome of the special session of the General Assembly on children in 2007, the thirteenth session of the Conference of the Parties to the United Nations Framework Convention on Climate Change, and the third session of the Conference of the Parties serving as the Meeting of the Parties to the Kyoto Protocol, in Bali, Indonesia, in 2007, the Follow-up International Conference on Financing for Development to Review the Implementation of the Monterey Consensus in Doha in 2008, and the Third High-level Forum on Aid Effectiveness in Accra in 2008;",5,minor,Clearly identifies Beijing follow-up and asks a coherent linked question about actors and stages; the answer adds the unasked event list.,True
un,2007/a/res/62/137#12,resolution,semantic,original,un_a,A1,q_e4c685b129e18151e5fdd5bf,How were gender concerns to shape preparations for the Financing for Development conference in Doha in 2008?,"to give attention to gender perspectives in preparation for such events, including ... the Follow-up International Conference on Financing for Development to Review the Implementation of the Monterey Consensus in Doha in 2008",3,minor,"How gender concerns were to shape preparations suggests a substantive mechanism, but the target only says to give them attention; the answer repeats that general call rather than explaining influence.",True
un,2007/a/res/62/137#12,resolution,semantic,revised,un_a,B1,q_b544d3b75fe4fecd48930715,What did the General Assembly urge actors to do regarding gender perspectives in UN events in 2007 and 2008?,"Urges Governments and all entities of the United Nations system, including United Nations agencies, funds and programmes, and all relevant actors of civil society, to ensure the integration of gender perspectives in the implementation of and follow-up to all United Nations summits, conferences and special sessions and to give attention to gender perspectives in preparation for such events, including the commemorative high-level plenary meeting devoted to the follow-up to the outcome of the special session of the General Assembly on children in 2007, the thirteenth session of the Conference of the Parties to the United Nations Framework Convention on Climate Change, and the third session of the Conference of the Parties serving as the Meeting of the Parties to the Kyoto Protocol, in Bali, Indonesia, in 2007, the Follow-up International Conference on Financing for Development to Review the Implementation of the Monterey Consensus in Doha in 2008, and the Third High-level Forum on Aid Effectiveness in Accra in 2008;",5,minor,"Clear question about a stated Assembly call, with the actor, topic and event period identified; the answer includes an unasked full event list.",True
un,2007/a/res/62/137#12,resolution,semantic,revised,un_a,B2,q_50abe9afd9f7774c4b8a3f26,Which specific UN-related meetings and follow-up events were covered by the 2007 call for gender mainstreaming?,"including the commemorative high-level plenary meeting devoted to the follow-up to the outcome of the special session of the General Assembly on children in 2007, the thirteenth session of the Conference of the Parties to the United Nations Framework Convention on Climate Change, and the third session of the Conference of the Parties serving as the Meeting of the Parties to the Kyoto Protocol, in Bali, Indonesia, in 2007, the Follow-up International Conference on Financing for Development to Review the Implementation of the Monterey Consensus in Doha in 2008, and the Third High-level Forum on Aid Effectiveness in Accra in 2008;",4,ok,"A useful scope question about named events, though the particular2007 gender-mainstreaming call is not identified beyond its topic.",True
un,2007/a/res/62/137#12,resolution,semantic,simple,un_a,C1,q_a53a9549d3baa7dabc547f89,Which 2007 and 2008 United Nations-related events received specific attention for gender perspectives in the 18 December 2007 resolution?,"Urges Governments and all entities of the United Nations system, including United Nations agencies, funds and programmes, and all relevant actors of civil society, to ensure the integration of gender perspectives in the implementation of and follow-up to all United Nations summits, conferences and special sessions and to give attention to gender perspectives in preparation for such events, including the commemorative high-level plenary meeting devoted to the follow-up to the outcome of the special session of the General Assembly on children in 2007, the thirteenth session of the Conference of the Parties to the United Nations Framework Convention on Climate Change, and the third session of the Conference of the Parties serving as the Meeting of the Parties to the Kyoto Protocol, in Bali, Indonesia, in 2007, the Follow-up International Conference on Financing for Development to Review the Implementation of the Monterey Consensus in Doha in 2008, and the Third High-level Forum on Aid Effectiveness in Accra in 2008;",4,minor,"A clear event-identification question, but the resolution is specified only by date; the answer includes extensive material beyond the list.",True
un,2007/a/res/62/137#12,resolution,semantic,simple,un_a,C2,q_dfacf32aeffe5826fca43837,"In the General Assembly's 18 December 2007 resolution, what was urged for gender perspectives in preparing for and following up United Nations events?","Urges Governments and all entities of the United Nations system, including United Nations agencies, funds and programmes, and all relevant actors of civil society, to ensure the integration of gender perspectives in the implementation of and follow-up to all United Nations summits, conferences and special sessions and to give attention to gender perspectives in preparation for such events, including the commemorative high-level plenary meeting devoted to the follow-up to the outcome of the special session of the General Assembly on children in 2007, the thirteenth session of the Conference of the Parties to the United Nations Framework Convention on Climate Change, and the third session of the Conference of the Parties serving as the Meeting of the Parties to the Kyoto Protocol, in Bali, Indonesia, in 2007, the Follow-up International Conference on Financing for Development to Review the Implementation of the Monterey Consensus in Doha in 2008, and the Third High-level Forum on Aid Effectiveness in Accra in 2008;",4,minor,"Accurately asks what was urged, although the specific resolution subject is implicit and the answer is much broader than the ask.",True
un,2007/a/res/62/137#12,resolution,semantic,simple,un_a,C3,q_2d8f9ff890728711f6a4e85b,"Who was urged on 18 December 2007 to integrate gender perspectives into United Nations summits, conferences and special sessions, including their follow-up?","Urges Governments and all entities of the United Nations system, including United Nations agencies, funds and programmes, and all relevant actors of civil society, to ensure the integration of gender perspectives in the implementation of and follow-up to all United Nations summits, conferences and special sessions and to give attention to gender perspectives in preparation for such events, including the commemorative high-level plenary meeting devoted to the follow-up to the outcome of the special session of the General Assembly on children in 2007, the thirteenth session of the Conference of the Parties to the United Nations Framework Convention on Climate Change, and the third session of the Conference of the Parties serving as the Meeting of the Parties to the Kyoto Protocol, in Bali, Indonesia, in 2007, the Follow-up International Conference on Financing for Development to Review the Implementation of the Monterey Consensus in Doha in 2008, and the Third High-level Forum on Aid Effectiveness in Accra in 2008;",5,minor,"A straightforward, substantive question about which actors were urged to act; the full event list in the answer is unnecessary.",True
un,2013/a/res/68/18#1,resolution,lookup,simple,un_a,A1,q_1057f40949b32c962ebb8c7d,What did the General Assembly's 2013 resolution invite Equatorial Guinea to prepare during the period before graduation?,"Invites Equatorial Guinea to prepare, during the three and a half year period between the adoption of the present resolution and its graduation from the least developed country category, its national smooth-transition strategy, with the support of the United Nations system and in cooperation with its bilateral and multilateral development and trading partners;",4,minor,"A useful planning-task question with country and resolution year; naming the least-developed-country category would clarify graduation, and the answer includes extra timing/partner detail.",True
un,2013/a/res/68/18#1,resolution,lookup,simple,un_a,A2,q_b0146c7659d2b3edd3f7f6e9,"What did the General Assembly's 2013 resolution on graduation reaffirm about disruption of development plans, programmes and projects?","Reaffirms that graduating from the category of least developed countries should not result in a disruption of development plans, programmes and projects;",4,ok,"The continuity issue is clear, but the graduation category is left implicit in the question.",True
un,2013/a/res/68/18#1,resolution,lookup,simple,un_a,A3,q_808d4c05764f87707686060b,What exceptional preparatory timing did the General Assembly's 2013 resolution provide Equatorial Guinea before its graduation process?,"Takes note of the endorsement by the Economic and Social Council of the recommendation of the Committee for Development Policy that Equatorial Guinea be graduated from the least developed country category, and decides to provide Equatorial Guinea, on an exceptional basis, with an additional preparatory period of six months before the start of the three-year preparatory period leading to graduation;",4,minor,"A substantive timing question, although graduation process is vague and the category is unstated; the answer adds unasked endorsement history.",True
un,2013/a/res/68/18#1,resolution,lookup,original,un_a,B1,q_c03268190a60c6802f0bbf12,How long was Vanuatu's exceptional additional preparatory period under the 2013 General Assembly resolution on least developed country graduation?,an additional preparatory period of one year,5,ok,"A precise question about Vanuatu's additional period, identifying the least-developed-country regime and decision year.",True
un,2013/a/res/68/18#1,resolution,lookup,original,un_a,B2,q_039bc41a35c8e8dc5d23a594,Which United Nations entity was to support Equatorial Guinea in preparing its national smooth-transition strategy under the 2013 General Assembly resolution on least developed country graduation?,the United Nations system,3,major,"Which United Nations entity asks for a particular organizational unit, but the target only promises support from the United Nations system as a whole; no specific agency is identified.",True
un,2013/a/res/68/18#1,resolution,lookup,original,un_a,B3,q_3e2cd2922c05731d51a38b31,How long was Equatorial Guinea's exceptional additional preparatory period under the 2013 General Assembly resolution on least developed country graduation?,an additional preparatory period of six months,5,ok,"A precise question about Equatorial Guinea's exceptional extra period, with the regime and decision year.",True
un,2013/a/res/68/18#1,resolution,lookup,revised,un_a,C1,q_0a2b5b70697e3586949fec0a,What additional preparatory period did the General Assembly grant Vanuatu before graduation in its 2013 resolution on least developed country graduation?,an additional preparatory period of one year before the start of the three-year preparatory period leading to graduation,5,ok,"Clearly identifies the country, regime and additional period without confusing it with the standard three-year phase.",True
un,2013/a/res/68/18#1,resolution,lookup,revised,un_a,C2,q_26aba70f5677cff07e71da0c,What strategy did the General Assembly invite Equatorial Guinea to prepare during the three-and-a-half-year period before graduation in its 2013 resolution?,"its national smooth-transition strategy, with the support of the United Nations system and in cooperation with its bilateral and multilateral development and trading partners",4,minor,"Country and the distinctive three-and-a-half-year period identify the planning task fairly well; naming the graduation category would improve it, and the answer adds partner details.",True
un,2013/a/res/68/18#1,resolution,lookup,revised,un_a,C3,q_53fce1c254f1e6be1f3f5809,What additional preparatory period did the General Assembly grant Equatorial Guinea before graduation in its 2013 resolution on least developed country graduation?,an additional preparatory period of six months before the start of the three-year preparatory period leading to graduation,5,ok,A clear and self-contained question about Equatorial Guinea's extra preparatory period.,True
un,2013/a/res/68/18#1,resolution,practitioner,revised,un_a,A1,q_c123efcc9c03303cfdeb94b2,What national transition-planning task was Equatorial Guinea invited to undertake during the period before graduation?,"Invites Equatorial Guinea to prepare, during the three and a half year period between the adoption of the present resolution and its graduation from the least developed country category, its national smooth-transition strategy, with the support of the United Nations system and in cooperation with its bilateral and multilateral development and trading partners;",3,minor,Country and a generic national transition task do not establish what graduation category or decision is meant; the answer includes unasked timing and cooperation detail.,True
un,2013/a/res/68/18#1,resolution,practitioner,revised,un_a,A2,q_b024225e8a7c1f90f4542602,How long was the exceptional additional preparatory period decided for Equatorial Guinea before the standard phase leading to graduation?,"Takes note of the endorsement by the Economic and Social Council of the recommendation of the Committee for Development Policy that Equatorial Guinea be graduated from the least developed country category, and decides to provide Equatorial Guinea, on an exceptional basis, with an additional preparatory period of six months before the start of the three-year preparatory period leading to graduation;",3,minor,"Graduation and the standard phase are undefined, with neither the category nor decision context supplied; the answer adds endorsement history.",True
un,2013/a/res/68/18#1,resolution,practitioner,revised,un_a,A3,q_29914aea71f1af96508e8db4,What continuity principle was reaffirmed when graduating from the category of least developed countries?,"Reaffirms that graduating from the category of least developed countries should not result in a disruption of development plans, programmes and projects;",5,ok,"A clear question about a substantive continuity principle, explicitly naming least-developed-country graduation; an exact date is not needed to understand this principle.",True
un,2013/a/res/68/18#1,resolution,practitioner,simple,un_a,B1,q_7b8d5d80ca44796f0a937d6a,What concrete smooth-transition planning task is Equatorial Guinea invited to undertake during the period before graduation?,"Invites Equatorial Guinea to prepare, during the three and a half year period between the adoption of the present resolution and its graduation from the least developed country category, its national smooth-transition strategy, with the support of the United Nations system and in cooperation with its bilateral and multilateral development and trading partners;",3,minor,"Smooth-transition planning is meaningful, but the question omits the graduation category and decision context; the answer adds substantial timing/cooperation detail.",True
un,2013/a/res/68/18#1,resolution,practitioner,simple,un_a,B2,q_c2d86ab78beffe093c1aa6a7,What exceptional preparatory timetable applies to Vanuatu before the three-year period leading to graduation?,"Takes note of the endorsement by the Council of the recommendation of the Committee that Vanuatu be graduated from the least developed country category, and decides to provide Vanuatu, on an exceptional basis, with an additional preparatory period of one year before the start of the three-year preparatory period leading to graduation;",3,minor,"The timetable is a useful need, but neither the graduation category nor decision year identifies which exceptional arrangement applies; the answer contains extra endorsement background.",True
un,2013/a/res/68/18#1,resolution,practitioner,simple,un_a,B3,q_9891faf8bd7ac9bff4be206c,What preparatory timetable applies to Equatorial Guinea before graduation from the least developed country category?,"Takes note of the endorsement by the Economic and Social Council of the recommendation of the Committee for Development Policy that Equatorial Guinea be graduated from the least developed country category, and decides to provide Equatorial Guinea, on an exceptional basis, with an additional preparatory period of six months before the start of the three-year preparatory period leading to graduation;",4,minor,"The country and graduation category are clear; a historical decision frame would be more precise than applies, and the answer includes unasked endorsement history.",True
un,2013/a/res/68/18#1,resolution,practitioner,original,un_a,C1,q_143e53079a9d5ed0a059f3e4,"In 2013, how long was Vanuatu's exceptional preparation before the three-year preparatory period for graduation?",one year,4,ok,"The country and2013 decision context identify a useful duration question, although the least-developed-country category is implicit.",True
un,2013/a/res/68/18#1,resolution,practitioner,original,un_a,C2,q_7f0a66b92f6e73beedb29c5a,"In 2013, how long was Equatorial Guinea's exceptional preparation before the three-year preparatory period for graduation?",six months,4,ok,A focused duration question with country and2013 context; naming the graduation category would make it fully self-contained.,True
un,2013/a/res/68/18#1,resolution,semantic,simple,un_a,A1,q_12ba1f69f7fbe3ada6803801,What exceptional preparation period does the resolution provide Vanuatu before the three-year preparatory period leading to graduation?,"Takes note of the endorsement by the Council of the recommendation of the Committee that Vanuatu be graduated from the least developed country category, and decides to provide Vanuatu, on an exceptional basis, with an additional preparatory period of one year before the start of the three-year preparatory period leading to graduation;",3,minor,"The resolution and graduation category are both unidentified, so the otherwise meaningful preparation question depends on surrounding context; the answer adds endorsement history.",True
un,2013/a/res/68/18#1,resolution,semantic,simple,un_a,A2,q_d96090d4328847bf8f7a4ce2,"What does the resolution reaffirm about “graduating from the category of least developed countries” and development plans, programmes and projects?","Reaffirms that graduating from the category of least developed countries should not result in a disruption of development plans, programmes and projects;",4,ok,"The substantive continuity principle is clear, but the resolution being referred to is unnamed.",True
un,2013/a/res/68/18#1,resolution,semantic,simple,un_a,A3,q_176da4c2c50d93f7bb12b2ef,"After endorsing Equatorial Guinea’s graduation recommendation, what exceptional timetable and transition-planning responsibility does the resolution establish?","Takes note of the endorsement by the Economic and Social Council of the recommendation of the Committee for Development Policy that Equatorial Guinea be graduated from the least developed country category, and decides to provide Equatorial Guinea, on an exceptional basis, with an additional preparatory period of six months before the start of the three-year preparatory period leading to graduation; Invites Equatorial Guinea to prepare, during the three and a half year period between the adoption of the present resolution and its graduation from the least developed country category, its national smooth-transition strategy, with the support of the United Nations system and in cooperation with its bilateral and multilateral development and trading partners;",3,minor,"The question blurs the Assembly taking note of ECOSOC's endorsement with endorsing the recommendation itself, and turns an invitation into an established responsibility; background in the answer is broader than needed.",True
un,2013/a/res/68/18#1,resolution,semantic,revised,un_a,B1,q_b17c6f9879a5e20325c0495a,What transition planning was Equatorial Guinea invited to undertake during the three-and-a-half-year period before graduation?,"Invites Equatorial Guinea to prepare, during the three and a half year period between the adoption of the present resolution and its graduation from the least developed country category, its national smooth-transition strategy, with the support of the United Nations system and in cooperation with its bilateral and multilateral development and trading partners",4,minor,Country and the distinctive preparation length identify a useful invited task; the graduation category is implicit and the answer includes unasked cooperation details.,True
un,2013/a/res/68/18#1,resolution,semantic,revised,un_a,B2,q_984266c9177fb9bf773d6a30,What exceptional preparation extension was provided to Vanuatu before its graduation from the least developed country category?,"Takes note of the endorsement by the Council of the recommendation of the Committee that Vanuatu be graduated from the least developed country category, and decides to provide Vanuatu, on an exceptional basis, with an additional preparatory period of one year before the start of the three-year preparatory period leading to graduation",5,minor,A natural question about the exceptional extension for a clearly named country/category; the answer includes extra endorsement background.,True
un,2013/a/res/68/18#1,resolution,semantic,revised,un_a,B3,q_9e87a7e26b1f2f7d75f5a903,What exceptional transition arrangement was granted to Equatorial Guinea before its graduation from the least developed country category?,"Takes note of the endorsement by the Economic and Social Council of the recommendation of the Committee for Development Policy that Equatorial Guinea be graduated from the least developed country category, and decides to provide Equatorial Guinea, on an exceptional basis, with an additional preparatory period of six months before the start of the three-year preparatory period leading to graduation",5,minor,"A useful, well-identified question about the exceptional transition arrangement, without asserting implementation or an unsupported reason; the answer adds endorsement history.",True
un,2013/a/res/68/18#1,resolution,semantic,original,un_a,C1,q_e96ce2ce650ad71aba7807d4,What transition planning responsibility did Equatorial Guinea receive before leaving least developed country status in 2013?,"prepare, during the three and a half year period between the adoption of the present resolution and its graduation from the least developed country category, its national smooth-transition strategy, with the support of the United Nations system and in cooperation with its bilateral and multilateral development and trading partners",3,ok,Before leaving status in2013 can wrongly locate graduation in2013 despite the preparatory years; responsibility is also stronger than the stated invitation.,True
un,2013/a/res/68/18#1,resolution,semantic,original,un_a,C2,q_d34b7061568a34a2044ceb7a,How did the General Assembly prevent an abrupt graduation for Equatorial Guinea in 2013?,"decides to provide Equatorial Guinea, on an exceptional basis, with an additional preparatory period of six months before the start of the three-year preparatory period leading to graduation",3,ok,Prevent an abrupt graduation asserts a purpose/outcome beyond the stated grant of an additional period; the standard three-year preparation already existed.,True
un,2013/a/res/68/18#1,resolution,semantic,original,un_a,C3,q_081d63b23563f22cb839c941,How did the General Assembly tailor Vanuatu's path out of least developed country status in 2013?,"decides to provide Vanuatu, on an exceptional basis, with an additional preparatory period of one year before the start of the three-year preparatory period leading to graduation",5,ok,"A natural question about how the Assembly tailored the country's path, with the status category and2013 decision context identified.",True
un,2014/s/res/2140__2014_#13,resolution,lookup,original,un_a,A1,q_0f4382472e7e78e8ed94fb12,By when was the Yemen sanctions Committee required to report on its work under the 2014 Security Council resolution establishing sanctions measures and a sanctions committee for Yemen?,within 60 days,4,ok,"A genuine deadline question, but the long source description unnecessarily repeats Yemen, sanctions and committee.",True
un,2014/s/res/2140__2014_#13,resolution,lookup,original,un_a,A2,q_b47950ecc34384e0c86469c9,How was the Yemen sanctions Committee to respond to information about alleged violations under the 2014 Security Council resolution establishing sanctions measures and a sanctions committee for Yemen?,to examine and take appropriate action on information regarding alleged violations or non-compliance with the measures contained in paragraphs 11 and 15,4,ok,The handling duty is a useful unknown; repeated source-description wording makes the otherwise clear question cumbersome.,True
un,2014/s/res/2140__2014_#13,resolution,lookup,original,un_a,A3,q_fe3c74c14c81d565c15a25b5,What designation authority did the Yemen sanctions Committee receive under the 2014 Security Council resolution establishing sanctions measures and a sanctions committee for Yemen?,To designate individuals and entities to be subject to the measures imposed in paragraphs 11 and 15,4,ok,"The scope of designation authority is meaningful, although the phrasing partially cues the function and repeats the source description.",True
un,2014/s/res/2140__2014_#13,resolution,lookup,simple,un_a,B1,q_c5ff0d6dd992d0141808fbc7,"According to the Security Council’s 2014 resolution establishing the Yemen sanctions committee, what designation authority was assigned concerning paragraphs 11 and 15?",(c) To designate individuals and entities to be subject to the measures imposed in paragraphs 11 and 15 above;,4,ok,"An identifiable authority question, though raw paragraph numbers are less informative than naming the measures or asking who can be designated.",True
un,2014/s/res/2140__2014_#13,resolution,lookup,simple,un_a,B2,q_b95b68d40826813f64c22412,"According to the Security Council’s 2014 resolution establishing the Yemen sanctions committee, what reporting schedule did the Committee have to follow?",(e) To report within 60 days to the Security Council on its work and thereafter to report as deemed necessary by the Committee;,5,ok,"A clear question about the full reporting schedule, accurately answered by both the initial deadline and later discretion.",True
un,2014/s/res/2140__2014_#13,resolution,lookup,simple,un_a,B3,q_3587cbfb56894fbd2fcb0028,"According to the Security Council’s 2014 resolution establishing the Yemen sanctions committee, how was the Committee to handle alleged violations or non-compliance?",(h) To examine and take appropriate action on information regarding alleged violations or non-compliance with the measures contained in paragraphs 11 and 15;,5,ok,"A natural, precisely attributed question about the Committee's response to alleged breaches.",True
un,2014/s/res/2140__2014_#13,resolution,lookup,revised,un_a,C1,q_b519f3e2098e590a66df9350,How did the Security Council's 2014 resolution establishing the Yemen sanctions Committee direct it to handle information on alleged violations or non-compliance?,To examine and take appropriate action on information regarding alleged violations or non-compliance with the measures contained in paragraphs 11 and 15;,5,ok,"A clear source-based question about the assigned handling of allegations, without assuming breaches are proved.",True
un,2014/s/res/2140__2014_#13,resolution,lookup,revised,un_a,C2,q_b146a25172987ce2186a6e4e,What designation authority did the Security Council's 2014 resolution establishing the Yemen sanctions Committee give it regarding individuals and entities?,To designate individuals and entities to be subject to the measures imposed in paragraphs 11 and 15 above;,3,ok,Designation authority regarding individuals and entities already states almost the entire function; the answer mainly repeats that they can be designated for sanctions.,True
un,2014/s/res/2140__2014_#13,resolution,lookup,revised,un_a,C3,q_4238cba934a8d5e38297cd4b,What reporting deadline did the Security Council's 2014 resolution establishing the Yemen sanctions Committee set for its work?,To report within 60 days to the Security Council on its work and thereafter to report as deemed necessary by the Committee;,5,minor,A clear question about the resolution's reporting deadline; the answer also supplies subsequent discretionary reporting beyond that narrow ask.,True
un,2014/s/res/2140__2014_#13,resolution,practitioner,simple,un_a,A1,q_0963ec21056048b37e5cb445,What designation function is assigned to the Committee under the 2014 Yemen sanctions regime?,To designate individuals and entities to be subject to the measures imposed in paragraphs 11 and 15 above;,4,ok,"The regime and year are clear, but designation function partly cues the act being asked about; the scope of persons/entities still adds information.",True
un,2014/s/res/2140__2014_#13,resolution,practitioner,simple,un_a,A2,q_975144f68874c3b86a8442c5,"Within the 2014 Yemen sanctions regime, what initial reporting deadline does the Committee have for reporting on its work?",To report within 60 days to the Security Council on its work and thereafter to report as deemed necessary by the Committee;,5,minor,"Clearly asks only the initial deadline, avoiding confusion with later reporting; the answer adds the later schedule.",True
un,2014/s/res/2140__2014_#13,resolution,practitioner,simple,un_a,A3,q_dda4db6efd022e10ed09390e,How is the Committee to handle information about alleged violations or non-compliance with the Yemen sanctions measures in 2014?,To examine and take appropriate action on information regarding alleged violations or non-compliance with the measures contained in paragraphs 11 and 15;,5,ok,A clear regime-specific question that preserves the distinction between alleged and proven non-compliance.,True
un,2014/s/res/2140__2014_#13,resolution,practitioner,revised,un_a,B1,q_f9d87002b969b8ca2b4e3b4f,How was the Yemen sanctions committee instructed to handle information alleging violations or non-compliance with the sanctions measures?,To examine and take appropriate action on information regarding alleged violations or non-compliance with the measures contained in paragraphs 11 and 15;,5,ok,The named committee and allegation-handling duty identify a useful task; an exact date is not needed to understand the question.,True
un,2014/s/res/2140__2014_#13,resolution,practitioner,revised,un_a,B2,q_070b178c986e88402c2b4e1d,What authority did the Yemen sanctions committee have concerning individuals and entities subject to the sanctions measures?,To designate individuals and entities to be subject to the measures imposed in paragraphs 11 and 15 above;,5,ok,Asks what power the committee had over potential sanctions subjects without giving away designation as the answer.,True
un,2014/s/res/2140__2014_#13,resolution,practitioner,revised,un_a,B3,q_b1f0c944dfdff3b9e750d012,What reporting schedule applied to the 2014 Yemen sanctions committee regarding its work?,To report within 60 days to the Security Council on its work and thereafter to report as deemed necessary by the Committee;,5,ok,"Clearly asks for the entire reporting schedule, including the initial and subsequent stages.",True
un,2014/s/res/2140__2014_#13,resolution,practitioner,original,un_a,C1,q_c3a71776a82194a4254bdfc6,What was the Yemen sanctions Committee required to do with information on alleged violations or non-compliance in 2014?,examine and take appropriate action,5,ok,"A focused question about the required response to allegations, accurately answered by examination and appropriate action.",True
un,2014/s/res/2140__2014_#13,resolution,practitioner,original,un_a,C2,q_be8d07e0fec7ea0e56e14eb5,By when was the Yemen sanctions Committee required to report on its work in 2014?,within 60 days,4,ok,"A useful deadline question, though initial report would distinguish the60-day deadline from later discretionary reports.",True
un,2014/s/res/2140__2014_#13,resolution,practitioner,original,un_a,C3,q_a980eb08170f9392d56c99d3,What action was the Yemen sanctions Committee to take regarding individuals and entities engaging in destabilizing acts in 2014?,designate individuals and entities to be subject to the measures imposed in paragraphs 11 and 15 above,4,ok,"The country, period and destabilizing conduct identify the issue, but the question could better distinguish designation authority from an automatic action against every such actor.",True
un,2014/s/res/2140__2014_#13,resolution,semantic,original,un_a,A1,q_91804c8e7a48b3348f09d326,How could the Yemen sanctions committee impose targeted measures on actors threatening Yemen’s stability in 2014?,To designate individuals and entities to be subject to the measures imposed in paragraphs 11 and 15 above;,4,ok,"A useful mechanism question, but the Council imposes the measures while the committee designates their subjects; impose is a slightly imprecise allocation of authority.",True
un,2014/s/res/2140__2014_#13,resolution,semantic,original,un_a,A2,q_8ae69306bc60606ca24eb800,How could the Yemen sanctions committee make sanctions easier for Member States to apply in 2014?,To establish such guidelines as may be necessary to facilitate the implementation of the measures imposed above;,5,ok,"A natural question about facilitating implementation, directly answered by the power to establish guidelines.",True
un,2014/s/res/2140__2014_#13,resolution,semantic,original,un_a,A3,q_29c05f90a3315dd87d568c46,How was the Yemen sanctions committee expected to respond to suspected breaches of sanctions in 2014?,To examine and take appropriate action on information regarding alleged violations or non-compliance with the measures contained in paragraphs 11 and 15;,5,ok,Clearly asks about expected handling of suspected breaches rather than asserting completed enforcement.,True
un,2014/s/res/2140__2014_#13,resolution,semantic,simple,un_a,B1,q_530d8c0ad8390b9663e1123c,How does the committee maintain oversight of implementation and alleged non-compliance under Resolution 2140 (2014)?,"To report within 60 days to the Security Council on its work and thereafter to report as deemed necessary by the Committee;
(f) To encourage a dialogue between the Committee and interested Member States, in particular those in the region, including by inviting representatives of such States to meet with the Committee to discuss implementation of the measures;
(g) To seek from all States whatever information it may consider useful regarding the actions taken by them to implement effectively the measures imposed;
(h) To examine and take appropriate action on information regarding alleged violations or non-compliance with the measures contained in paragraphs 11 and 15;",5,ok,"The linked reporting, dialogue, information and enforcement tasks form a coherent oversight question, tied to a specific resolution.",True
un,2014/s/res/2140__2014_#13,resolution,semantic,simple,un_a,B2,q_c450eb0dae4af09c180898fe,How does the committee established by Resolution 2140 (2014) identify subjects of sanctions and support implementation of those measures?,"To designate individuals and entities to be subject to the measures imposed in paragraphs 11 and 15 above;
(d) To establish such guidelines as may be necessary to facilitate the implementation of the measures imposed above;",5,ok,Designation and implementation guidance form a useful linked question; the target directly supplies both functions.,True
un,2014/s/res/2140__2014_#13,resolution,semantic,simple,un_a,B3,q_7dd38337e838db8d34aba50c,"In Resolution 2140 (2014), what information-gathering role does the Yemen sanctions committee have concerning potentially involved individuals and entities?",To seek and review information regarding those individuals and entities who may be engaging in the acts described in paragraph 17 and 18 above;,4,ok,"A meaningful information-gathering question, but potentially involved leaves the relevant threatening conduct unstated despite the source locator.",True
un,2014/s/res/2140__2014_#13,resolution,semantic,revised,un_a,C1,q_811abf42c74f0854fec44c8e,How did the committee engage States and respond to suspected breaches of Yemen sanctions in 2014?,"(f) To encourage a dialogue between the Committee and interested Member States, in particular those in the region, including by inviting representatives of such States to meet with the Committee to discuss implementation of the measures;
(g) To seek from all States whatever information it may consider useful regarding the actions taken by them to implement effectively the measures imposed;
(h) To examine and take appropriate action on information regarding alleged violations or non-compliance with the measures contained in paragraphs 11 and 15;",3,ok,"How did the committee engage and respond asks about actual historical activity, while the block only assigns tasks and does not report implementation.",True
un,2014/s/res/2140__2014_#13,resolution,semantic,revised,un_a,C2,q_bdf8fbabc0ca762d3e2c2d88,What support and reporting duties did the Yemen sanctions committee have in 2014?,"(d) To establish such guidelines as may be necessary to facilitate the implementation of the measures imposed above;
(e) To report within 60 days to the Security Council on its work and thereafter to report as deemed necessary by the Committee;",5,ok,"A coherent question about support and reporting duties, directly answered by guidelines and the reporting schedule.",True
un,2014/s/res/2140__2014_#13,resolution,semantic,revised,un_a,C3,q_8bff6165432cc9d1291645ee,"In 2014, how could the Yemen sanctions committee identify and designate persons or entities involved in threatening Yemen’s peace and stability?","(b) To seek and review information regarding those individuals and entities who may be engaging in the acts described in paragraph 17 and 18 above;
(c) To designate individuals and entities to be subject to the measures imposed in paragraphs 11 and 15 above;",5,ok,"A clear, bounded question about information review and designation powers for the specified threatening conduct.",True
un,2012/s/2012/718#7,letter,lookup,simple,un_b,A1,q_78c1c1eae96d5ab559341bb9,"In the 17 September 2012 report of the Security Council Working Group on Children and Armed Conflict, what plan was the Government developing to trace children separated from their parents?","In particular, the Government was developing a plan to undertake tracing activities in hospitals, children's homes and police posts through the country;",4,ok,Identifies the dated report and asks a useful tracing-plan question; naming Sri Lanka would make the Government reference self-contained.,True
un,2012/s/2012/718#7,letter,lookup,simple,un_b,A2,q_dc702d4e1a05350632b8aea0,"After Sri Lanka's Deputy Permanent Representative presented his Government's views, what task were experts given in the 17 September 2012 Working Group report?","The Working Group then held an exchange of views and, following the discussion, the experts were given the task of negotiating draft conclusions of the Group that would provide concrete follow-up to the Secretary-General's report.",4,ok,"Useful follow-up task, though the abbreviated Working Group reference leaves its children-and-conflict remit implicit.",True
un,2012/s/2012/718#7,letter,lookup,simple,un_b,A3,q_fcdfe7d2664ddec6ac43423e,"What concern remained, according to the 17 September 2012 report of the Security Council Working Group, regarding accountability for recruitment and use of children by remnants of TMVP?",Concerns remained regarding the need to establish accountability for the recruitment and use of children by remnants of TMVP.,2,ok,"The question already states the entire accountability concern, leaving the answer to repeat it.",True
un,2012/s/2012/718#7,letter,lookup,revised,un_b,B1,q_33ef8cf428964776ceeb1b9c,What accountability concern remained regarding remnants of TMVP in the Working Group's 2012 report?,Concerns remained regarding the need to establish accountability for the recruitment and use of children by remnants of TMVP.,5,ok,Asks which conduct required accountability without disclosing it; TMVP and the 2012 report identify the issue.,True
un,2012/s/2012/718#7,letter,lookup,revised,un_b,B2,q_aa93aabeec34c1dbacee9c6e,What locations did Sri Lanka's Government plan to use for tracing children separated from their parents in the Working Group's 2012 report?,"hospitals, children's homes and police posts through the country",5,ok,"Clear, concrete question about where Sri Lanka intended to trace separated children.",True
un,2012/s/2012/718#7,letter,lookup,revised,un_b,B3,q_ef50b03d39616e37e9ecd322,What task were the experts given after the exchange of views on Sri Lanka in the Working Group's 2012 report?,negotiating draft conclusions of the Group that would provide concrete follow-up to the Secretary-General's report,4,ok,"Useful procedural follow-up, with country and year; the particular Working Group is not named.",True
un,2012/s/2012/718#7,letter,lookup,original,un_b,C1,q_a9439b12f8362d949b1dc909,Where did Sri Lanka's Government plan nationwide tracing activities under the 17 September 2012 Security Council Working Group Chair's letter?,"in hospitals, children's homes and police posts through the country",4,ok,"A useful location question tied to the exact letter, although it does not say that the tracing concerns separated children.",True
un,2012/s/2012/718#7,letter,practitioner,simple,un_b,A1,q_967417c046192164b0cbedb1,What accountability concern remained in 2012 regarding the recruitment and use of children by remnants of TMVP?,Concerns remained regarding the need to establish accountability for the recruitment and use of children by remnants of TMVP.,2,ok,Asking what accountability concern remained after already naming accountability for child recruitment makes the information need circular.,True
un,2012/s/2012/718#7,letter,practitioner,simple,un_b,A2,q_4cc8617ac599a588e079e413,"After Sri Lanka's Deputy Permanent Representative presented the Government's views in 2012, what task were the experts given?","The Working Group then held an exchange of views and, following the discussion, the experts were given the task of negotiating draft conclusions of the Group that would provide concrete follow-up to the Secretary-General's report.",3,ok,"The expert assignment is substantive, but the question omits the Working Group and children-and-conflict topic needed to identify the episode.",True
un,2012/s/2012/718#7,letter,practitioner,simple,un_b,A3,q_002f5dc37c2a4b084e8a6bf8,"In the 17 September 2012 report, what plan was the Government of Sri Lanka developing for tracing separated children?","In particular, the Government was developing a plan to undertake tracing activities in hospitals, children's homes and police posts through the country;",5,ok,"Country, report date and tracing subject identify a useful, directly answerable information need.",True
un,2012/s/2012/718#7,letter,practitioner,revised,un_b,B1,q_7f568632429d99afbd8f7e6a,What accountability issue remained regarding the recruitment and use of children by remnants of TMVP?,Concerns remained regarding the need to establish accountability for the recruitment and use of children by remnants of TMVP.,2,ok,"The accountability issue is already spelled out in the question, so the answer adds almost nothing.",True
un,2012/s/2012/718#7,letter,practitioner,revised,un_b,B2,q_14896a3ed7420d32e3cea230,"Following the Deputy Permanent Representative of Sri Lanka's presentation, what task were the experts given?","The Working Group then held an exchange of views and, following the discussion, the experts were given the task of negotiating draft conclusions of the Group that would provide concrete follow-up to the Secretary-General's report.",3,ok,"The delegation is named, but no date, forum or subject identifies which presentation and experts are meant.",True
un,2012/s/2012/718#7,letter,practitioner,revised,un_b,B3,q_631509afc7e771294e3ab73b,What plan was the Government developing for children who had been separated from their parents in the final stages of the conflict?,"In particular, the Government was developing a plan to undertake tracing activities in hospitals, children's homes and police posts through the country;",2,ok,The Government and conflict are unnamed; the source contains the needed Sri Lanka context but the question omits it.,True
un,2012/s/2012/718#7,letter,practitioner,original,un_b,C1,q_24486705845a0d5092d555f0,"In September 2012, where was Sri Lanka's Government developing tracing activities for separated children?","in hospitals, children's homes and police posts through the country",3,ok,"Country and purpose are clear, but September is the report date, not the established date of the tracing-plan activity described at the May meeting.",True
un,2012/s/2012/718#7,letter,practitioner,original,un_b,C2,q_90f43994c8c28b05545c6fd5,"According to the Security Council Working Group's September 2012 report, what conduct by remnants of TMVP required accountability in Sri Lanka?",the recruitment and use of children by remnants of TMVP,5,ok,"Asks a meaningful unknown, the conduct requiring accountability, while identifying the source, period and country.",True
un,2012/s/2012/718#7,letter,practitioner,original,un_b,C3,q_0dae00df1d0aa48d983f1588,"After Sri Lanka's Deputy Permanent Representative presented the Government's views in September 2012, what were experts tasked with negotiating?",draft conclusions of the Group that would provide concrete follow-up to the Secretary-General's report,4,ok,Clear negotiation task with country and report month; the Working Group/forum remains implicit.,True
un,2012/s/2012/718#7,letter,semantic,original,un_b,A1,q_8575366c5dbc4ae6c4f87d7c,How were children linked to TMVP and LTTE being returned to civilian life in Sri Lanka in 2012?,Progress had been achieved in separating children from Tamil Makkal Viduthalai Pulikal (TMVP) and Liberation Tigers of Tamil Eelam (LTTE) and reintegrating them into society,3,minor,"The question asks how reintegration happened, but the target only reports progress in separation and reintegration, without explaining a method.",True
un,2012/s/2012/718#7,letter,semantic,original,un_b,A2,q_14d88b39de501b1b4f40f176,How was the Government of Sri Lanka planning to locate children separated from their parents after the conflict in 2012?,"the Government was developing a plan to undertake tracing activities in hospitals, children's homes and police posts through the country",4,ok,Useful tracing-method question; the placement of in 2012 after after the conflict creates a minor temporal ambiguity.,True
un,2012/s/2012/718#7,letter,semantic,original,un_b,A3,q_3aeadc20cdeec283be3e6af8,What child-protection gap remained in Sri Lanka after the conflict in 2012?,Concerns remained regarding the need to establish accountability for the recruitment and use of children by remnants of TMVP,4,ok,"A useful question about a remaining protection gap, though broad phrasing does not specify the reporting source.",True
un,2012/s/2012/718#7,letter,semantic,revised,un_b,B1,q_e4fbc613ce29cbcb458e4bcc,"What progress was reported in Sri Lanka on child reintegration and tracing, and where would tracing occur?","Progress had been achieved in separating children from Tamil Makkal Viduthalai Pulikal (TMVP) and Liberation Tigers of Tamil Eelam (LTTE) and reintegrating them into society, and in tracing children who had been separated from their parents in the final stages of the conflict.
In particular, the Government was developing a plan to undertake tracing activities in hospitals, children's homes and police posts through the country;",4,ok,Progress and tracing locations form a coherent information need; a reporting period would distinguish this historical update.,True
un,2012/s/2012/718#7,letter,semantic,revised,un_b,B2,q_92f600fc57938f0220fb6ced,"After Sri Lanka presented its Government's views in 2012, what follow-up process did the Working Group initiate?","The Working Group then held an exchange of views and, following the discussion, the experts were given the task of negotiating draft conclusions of the Group that would provide concrete follow-up to the Secretary-General's report.",5,ok,"Country, year and Working Group identify a substantive and directly answerable follow-up process.",True
un,2012/s/2012/718#7,letter,semantic,revised,un_b,B3,q_58b27fe9953dec7ec6e457ab,What further needs and accountability concern remained after the reported progress in protecting children in Sri Lanka?,"However, additional measures were needed to further such efforts.
Concerns remained regarding the need to establish accountability for the recruitment and use of children by remnants of TMVP.",3,ok,Further needs and after the reported progress are vague; the target supplies one concrete accountability concern but no details of the additional measures.,True
un,2012/s/2012/718#7,letter,semantic,simple,un_b,C1,q_fe2938672c72ffd88ec098ec,"After the Deputy Permanent Representative of Sri Lanka presented the views of his Government, what follow-up process did the Working Group assign?","14. The Deputy Permanent Representative of Sri Lanka presented the views of his Government.
The Working Group then held an exchange of views and, following the discussion, the experts were given the task of negotiating draft conclusions of the Group that would provide concrete follow-up to the Secretary-General's report.
15. The main elements of the statement made by the Deputy Permanent Representative of Sri Lanka, as well as the exchange of views among the members of the Working Group, will be reflected in the conclusions.",3,minor,"The procedure is meaningful, but the question lacks the date and children-and-conflict context identifying the presentation; the answer also includes unnecessary surrounding sentences.",True
un,2012/s/2012/718#7,letter,semantic,simple,un_b,C2,q_2e093038de92cc2381170fd9,What progress and unresolved concerns did the 17 September 2012 report identify about separating children from Tamil Makkal Viduthalai Pulikal (TMVP) and Liberation Tigers of Tamil Eelam (LTTE)?,"(b) Progress had been achieved in separating children from Tamil Makkal Viduthalai Pulikal (TMVP) and Liberation Tigers of Tamil Eelam (LTTE) and reintegrating them into society, and in tracing children who had been separated from their parents in the final stages of the conflict.
In particular, the Government was developing a plan to undertake tracing activities in hospitals, children's homes and police posts through the country;
(c) However, additional measures were needed to further such efforts.
Concerns remained regarding the need to establish accountability for the recruitment and use of children by remnants of TMVP.",5,minor,A clear dated request for progress and remaining concerns about named armed groups; the answer includes some ancillary tracing-plan detail.,True
un,2012/s/2012/718#7,letter,semantic,simple,un_b,C3,q_fe9eac21ec6ef7d23fc63af0,"What tracing plan was the Government developing in the 17 September 2012 report, including activity in hospitals, children's homes and police posts?","In particular, the Government was developing a plan to undertake tracing activities in hospitals, children's homes and police posts through the country;",2,ok,"The question supplies the tracing locations that constitute the plan in the answer, leaving little genuine information to retrieve.",True
un,2007/cedaw/c/sr_770_b_#18,meeting,lookup,original,un_b,A1,q_d1bb4356acc35b489b9f7c2b,What did the Government promote through private-sector education in the 2007 Committee on the Elimination of Discrimination against Women summary record on Colombia?,parity,4,ok,"Clear source identification, but asking only what the education promoted yields the very broad answer parity.",True
un,2007/cedaw/c/sr_770_b_#18,meeting,lookup,original,un_b,A2,q_bd1493a6d75031f9aec76769,Did the Government include housing subsidies among affirmative measures for women heads of household in the 2007 Committee on the Elimination of Discrimination against Women summary record on Colombia?,access to housing subsidies,5,ok,"A legitimate yes/no question about a specific benefit, with country and reporting context.",True
un,2007/cedaw/c/sr_770_b_#18,meeting,lookup,original,un_b,A3,q_41113f9be1acd97d5514432f,What percentage of male heads of household had a companion in the 2007 Committee on the Elimination of Discrimination against Women summary record on Colombia?,80 per cent,5,ok,A clear and useful demographic quantity question with the population and source identified.,True
un,2007/cedaw/c/sr_770_b_#18,meeting,lookup,revised,un_b,B1,q_d44a7c741e5509c7fc45d8a7,"What affirmative-action measures did Colombia report introducing for women heads of household at the Committee’s 25 January 2007 meeting, as recorded in the meeting record?",including access to credit and to housing subsidies,4,ok,Substantive support-measures question; the repeated meeting/meeting-record framing makes it less natural than necessary.,True
un,2007/cedaw/c/sr_770_b_#18,meeting,lookup,revised,un_b,B2,q_94bfa3c734ebb1d91b39134b,"What did Colombia report that business and industry leaders would be required to do about gender-based salary gaps at the Committee’s 25 January 2007 meeting, as recorded in the meeting record?",eliminate such discrimination,4,ok,Correctly preserves the prospective obligation and asks a useful action question; the repeated source framing is cumbersome.,True
un,2007/cedaw/c/sr_770_b_#18,meeting,lookup,revised,un_b,B3,q_95073e786217069021c07df5,"How did Colombia report promoting parity in the private sector at the Committee’s 25 January 2007 meeting, as recorded in the meeting record?",through education aimed at helping women achieve decision-making and management positions,4,ok,"Clear policy-method question with correct reported attribution, weakened only by repetitive meeting-record wording.",True
un,2007/cedaw/c/sr_770_b_#18,meeting,lookup,simple,un_b,C1,q_dfc4188bf07bd5db9dfdfc9a,"According to the Colombian delegation's response in the Committee's 25 January 2007 summary record, how did household companionship affect the burdens of female heads of household?","While 80 per cent of male heads of household had a companion, most female heads of household lived alone, and therefore bore a heavier burden, both in terms of income level and in terms of childcare and household chores.",4,ok,"A meaningful explanation question with attribution, though household companionship is an awkward way to describe living alone versus with a partner.",True
un,2007/cedaw/c/sr_770_b_#18,meeting,lookup,simple,un_b,C2,q_8cd67ee4a87b8b78113e2c16,"According to the Colombian delegation's response in the Committee's 25 January 2007 summary record, what would business and industry leaders be required to do about gender-based salary gaps?","The Government had studied the issue of gender-based salary gaps in cooperation with business and industry leaders, who would be required to eliminate such discrimination.",5,ok,Clearly attributed question about the prospective action on salary discrimination.,True
un,2007/cedaw/c/sr_770_b_#18,meeting,lookup,simple,un_b,C3,q_fc8391ec3f1cd01b9591942a,"According to the Colombian delegation's response in the Committee's 25 January 2007 summary record, what measures had been introduced to protect women heads of household?","Affirmative action measures had therefore been introduced to protect such women, including access to credit and to housing subsidies.",5,ok,"Natural, well-contextualized question about concrete protections for women heads of household.",True
un,2007/cedaw/c/sr_770_b_#18,meeting,practitioner,simple,un_b,A1,q_67d3d6b5b3d77213b2d4a96d,How was Colombia promoting parity for women in private-sector decision-making and management positions as of 25 January 2007?,"In the private sector, the Government promoted parity through education aimed at helping women achieve decision-making and management positions. For example, more and more women were taking jobs in the financial sector.",5,minor,Clear historical policy-method question; the financial-sector example in the answer is not needed to answer it.,True
un,2007/cedaw/c/sr_770_b_#18,meeting,practitioner,simple,un_b,A2,q_55e358d8248e45e6457a7374,What affirmative-action measures had Colombia introduced by 25 January 2007 for women heads of household living alone?,"The number of women heads of household in Colombia was growing, and they enjoyed special protection under various laws. While 80 per cent of male heads of household had a companion, most female heads of household lived alone, and therefore bore a heavier burden, both in terms of income level and in terms of childcare and household chores. Affirmative action measures had therefore been introduced to protect such women, including access to credit and to housing subsidies.",5,minor,"Concrete, answerable support question with country and period; the supplied answer carries substantial background beyond the requested measures.",True
un,2007/cedaw/c/sr_770_b_#18,meeting,practitioner,simple,un_b,A3,q_753373497d907e0ea1047970,What action did Colombia require business and industry leaders to take regarding gender-based salary gaps by 25 January 2007?,"The Government had studied the issue of gender-based salary gaps in cooperation with business and industry leaders, who would be required to eliminate such discrimination.",3,ok,Did require by the meeting date changes the source's prospective would be required into an already imposed requirement.,True
un,2007/cedaw/c/sr_770_b_#18,meeting,practitioner,revised,un_b,B1,q_ccfdd5642a9f6653326f1eaa,What affirmative-action support had Colombia introduced for women heads of household living alone?,"Affirmative action measures had therefore been introduced to protect such women, including access to credit and to housing subsidies.",4,ok,Useful support question with country and beneficiary group; the historical period is left implicit for a policy that can change.,True
un,2007/cedaw/c/sr_770_b_#18,meeting,practitioner,revised,un_b,B2,q_37d1d29e5569d3d857404d6b,"What action had Colombia taken on gender-based salary gaps, and what would business leaders be required to do?","The Government had studied the issue of gender-based salary gaps in cooperation with business and industry leaders, who would be required to eliminate such discrimination.",4,ok,"The study and prospective business obligation form a coherent question, though the historical reporting episode is unspecified.",True
un,2007/cedaw/c/sr_770_b_#18,meeting,practitioner,revised,un_b,B3,q_54306ae191ccb16c9a82ecd1,What heavier burdens did Colombia report for female heads of household compared with male heads in 2007?,"While 80 per cent of male heads of household had a companion, most female heads of household lived alone, and therefore bore a heavier burden, both in terms of income level and in terms of childcare and household chores.",5,ok,"Clear comparative burden question, with country, year and explicit reported attribution.",True
un,2007/cedaw/c/sr_770_b_#18,meeting,practitioner,original,un_b,C1,q_a661f51e93b0f3947a7b8035,What credit-related measure protected women heads of household in Colombia on 25 January 2007?,access to credit,3,ok,"Credit-related measure substantially cues access to credit, making this a thin information need; the exact-day framing is unnecessary.",True
un,2007/cedaw/c/sr_770_b_#18,meeting,practitioner,original,un_b,C2,q_64cd9c076ecf03a19fa6ff0b,How did the Government promote parity for women in Colombia's private sector on 25 January 2007?,through education aimed at helping women achieve decision-making and management positions,4,ok,Useful question about the education mechanism; on the exact meeting day is less accurate framing than what was reported then.,True
un,2007/cedaw/c/sr_770_b_#18,meeting,practitioner,original,un_b,C3,q_7f01c4fcd0fa8e08352c3408,"According to Colombia's delegation, what proportion of male heads of household in Colombia had a companion on 25 January 2007?",80 per cent,4,ok,"The statistic and attribution are clear, but the meeting date is presented as the exact measurement date without evidence.",True
un,2007/cedaw/c/sr_770_b_#18,meeting,semantic,original,un_b,A1,q_45ccba7a492f6ab7cb4fbe9c,What did Colombia require business leaders to do about gender-based pay disparities in 2007?,"The Government had studied the issue of gender-based salary gaps in cooperation with business and industry leaders, who would be required to eliminate such discrimination.",3,ok,"What did Colombia require presents a prospective requirement as already imposed, rather than asking what leaders would be required to do.",True
un,2007/cedaw/c/sr_770_b_#18,meeting,semantic,original,un_b,A2,q_6d35c7e258cf924bab2bab47,How did Colombia support women raising households alone amid economic and caregiving pressures in 2007?,"Affirmative action measures had therefore been introduced to protect such women, including access to credit and to housing subsidies.",4,ok,Concrete support need and country/year are clear; women raising households alone is slightly unnatural phrasing.,True
un,2007/cedaw/c/sr_770_b_#18,meeting,semantic,original,un_b,A3,q_f4a009139187a8be11fa54a6,How did Colombia seek to improve women's access to private-sector leadership in 2007?,"In the private sector, the Government promoted parity through education aimed at helping women achieve decision-making and management positions.",5,ok,"Natural question about the mechanism for improving women's access to leadership, directly answered by education.",True
un,2007/cedaw/c/sr_770_b_#18,meeting,semantic,revised,un_b,B1,q_24e084c2cac057d3c8aa6e3b,How did Colombia promote parity for women in private-sector decision-making and management during the January 2007 review?,"In the private sector, the Government promoted parity through education aimed at helping women achieve decision-making and management positions. For example, more and more women were taking jobs in the financial sector.",4,minor,"Useful policy-method question, though during the review can blur reporting time and policy operation; the answer adds an unnecessary example.",True
un,2007/cedaw/c/sr_770_b_#18,meeting,semantic,revised,un_b,B2,q_66d4f3ee216dc81f5686b74e,What step did Colombia take on gender-based salary gaps during its January 2007 CEDAW review?,"The Government had studied the issue of gender-based salary gaps in cooperation with business and industry leaders, who would be required to eliminate such discrimination.",4,minor,"A useful study/action question, but during the review is ambiguous about when the study occurred; the answer also includes the prospective next step.",True
un,2007/cedaw/c/sr_770_b_#18,meeting,semantic,revised,un_b,B3,q_8f0dc54d15e54582b06421d3,"During Colombia’s January 2007 CEDAW review, what support was introduced for women heads of household facing heavier financial and domestic burdens?","Affirmative action measures had therefore been introduced to protect such women, including access to credit and to housing subsidies.",4,ok,Identifies a useful support question and its review context; introduced during the review is less precise than reported at the review.,True
un,2007/cedaw/c/sr_770_b_#18,meeting,semantic,simple,un_b,C1,q_dd8ca0fc0f47f5ded3b9e2ea,"During Colombia’s 2007 CEDAW review, why were measures introduced for women heads of household, and what support did they include?","While 80 per cent of male heads of household had a companion, most female heads of household lived alone, and therefore bore a heavier burden, both in terms of income level and in terms of childcare and household chores. Affirmative action measures had therefore been introduced to protect such women, including access to credit and to housing subsidies.",5,ok,"Combines the directly stated reason for the measures with the actual benefits in a coherent, attributed policy question.",True
un,2007/cedaw/c/sr_770_b_#18,meeting,semantic,simple,un_b,C2,q_cf8726dda4dafdae85ebd2df,"During Colombia’s 2007 CEDAW review, how was gender parity pursued in the private sector and in addressing salary gaps?","In the private sector, the Government promoted parity through education aimed at helping women achieve decision-making and management positions. For example, more and more women were taking jobs in the financial sector. The Government had studied the issue of gender-based salary gaps in cooperation with business and industry leaders, who would be required to eliminate such discrimination.",5,minor,A natural overview of two related gender-parity responses; the financial-sector example adds a little unnecessary answer detail.,True
un,2006/cedaw/c/sr_724#18,meeting,lookup,revised,un_b,A1,q_4b215ff77ae75d488e5a644b,What did Ms. Zou ask the State to indicate about rural women's access to reproductive-health information in the Committee's 17 May 2006 summary record on Turkmenistan?,what measures the State was taking to ensure that rural women had access to information on reproductive health,3,ok,The question nearly gives away the requested clarification: measures ensuring access to reproductive-health information. It retrieves little beyond that restatement.,True
un,2006/cedaw/c/sr_724#18,meeting,lookup,revised,un_b,A2,q_b7ff1d0276646d029d25c14b,What maternal mortality rate did Ms. Zou say she had heard in the Committee's 17 May 2006 discussion of rural women's health in Turkmenistan?,"6 per 1,000 live births",5,ok,"Clear question about an attributed, reportedly heard statistic; it does not present the number as a verified national rate.",True
un,2006/cedaw/c/sr_724#18,meeting,lookup,revised,un_b,A3,q_c408e10569e991a81330e93c,What did Ms. Zou say paragraph 129 failed to specify about land ownership and leasing rights in the Committee's 17 May 2006 summary record on Turkmenistan?,paragraph 129 of the report indicated neither the conditions that must be satisfied in order for individuals to own or lease land nor whether women and men enjoyed equal rights as lessees,5,ok,"Specific and useful question about two omissions in the land-tenure reporting, with speaker and country identified.",True
un,2006/cedaw/c/sr_724#18,meeting,lookup,simple,un_b,B1,q_84cfcd524cdd52c9370ffdbf,"What impact did Ms. Zou Xiaoqiao ask the State party to indicate, in the Committee’s summary record of its 724th meeting on 17 May 2006, from the transition from State to private ownership of agricultural land?",The State party should indicate what impact the transition from State to private ownership of agricultural land had had on women.,3,ok,"The requested impact is only impact on women, so the question yields a thin answer and its from-the-transition construction is cumbersome.",True
un,2006/cedaw/c/sr_724#18,meeting,lookup,simple,un_b,B2,q_cf813650cfbd19615e3283a6,"What did Ms. Zou Xiaoqiao ask, in the Committee’s summary record of its 724th meeting on 17 May 2006, about payment and social protection for rural women working in agricultural family enterprises?","She asked whether rural women who worked in agricultural family enterprises were paid for their work, and whether the State extended social security and benefits and national and medical insurance to such women.",2,ok,Wrong speaker: paragraph 48 continues Ms Tan from paragraph 47; Ms Zou starts in paragraph 49. The quoted request is real but is not hers.,True
un,2006/cedaw/c/sr_724#18,meeting,lookup,simple,un_b,B3,q_5cfa02b628a625970ab5daa3,"What maternal mortality rate had Ms. Zou Xiaoqiao heard, and what comments did she invite, in the Committee’s summary record of its 724th meeting on 17 May 2006?","She had heard that the maternal mortality rate was 6 per 1,000 live births. It would be interesting to hear the delegation's comments on that subject.",4,ok,"Correctly asks about the heard rate and invitation to comment, though the latter adds little distinct information.",True
un,2006/cedaw/c/sr_724#18,meeting,lookup,original,un_b,C1,q_67a2f32946b0877bd7c8d982,What maternal mortality rate did Ms. Zou Xiaoqiao hear in the 2006 Committee on the Elimination of Discrimination against Women summary record on Turkmenistan?,"She had heard that the maternal mortality rate was 6 per 1,000 live births.",4,ok,A useful attributed statistic question; hear in the summary record awkwardly blurs hearing the claim with the record reporting it.,True
un,2006/cedaw/c/sr_724#18,meeting,practitioner,revised,un_b,A1,q_9f7ee36ea0a9318fcf44813c,What measures was Turkmenistan asked to describe for ensuring rural women's access to reproductive-health information?,"Given the importance of reproductive health services, it would be helpful to know what measures the State was taking to ensure that rural women had access to information on reproductive health.",3,minor,The target requests information about measures without naming any; the question already supplies the topic and can be read as asking for measures the block does not give.,True
un,2006/cedaw/c/sr_724#18,meeting,practitioner,revised,un_b,A2,q_22b29f2cfa4646e9ac51689b,"What land-tenure information was requested regarding ownership, leasing conditions and equal rights for women and men as lessees?",Ms. Zou Xiaoqiao said that paragraph 129 of the report indicated neither the conditions that must be satisfied in order for individuals to own or lease land nor whether women and men enjoyed equal rights as lessees.,3,ok,"Country and review episode are absent, while much of the requested information is already enumerated in the question.",True
un,2006/cedaw/c/sr_724#18,meeting,practitioner,revised,un_b,A3,q_d0f5332c35f8fcc8ca16201c,What employment and social-protection information was sought about rural women working in agricultural family enterprises in Turkmenistan?,"She asked whether rural women who worked in agricultural family enterprises were paid for their work, and whether the State extended social security and benefits and national and medical insurance to such women.",4,ok,"A substantive question about pay and specific insurance/benefits, with country and workforce identified; the historical review context is implicit.",True
un,2006/cedaw/c/sr_724#18,meeting,practitioner,simple,un_b,B1,q_2da03e0df592d3b212533dd4,"On 17 May 2006, what information did the Committee seek about rural women working in agricultural family enterprises in Turkmenistan?","She asked whether rural women who worked in agricultural family enterprises were paid for their work, and whether the State extended social security and benefits and national and medical insurance to such women.
Finally, referring to paragraph 130 of the report, she requested details of the benefits provided to rural women engaged in home-based work.",5,minor,"Country, review date and worker group identify a concrete information request; the answer also includes a separate home-based-work request.",True
un,2006/cedaw/c/sr_724#18,meeting,practitioner,simple,un_b,B2,q_01e48e90ae6378a167fb0af2,"On 17 May 2006, what reproductive-health measures and maternal-mortality information did Ms. Zou Xiaoqiao seek from Turkmenistan?","Given the importance of reproductive health services, it would be helpful to know what measures the State was taking to ensure that rural women had access to information on reproductive health.
She had heard that the maternal mortality rate was 6 per 1,000 live births.
It would be interesting to hear the delegation's comments on that subject.",5,ok,"Clear attributed request for two closely related rural-health clarifications, with country and date.",True
un,2006/cedaw/c/sr_724#18,meeting,practitioner,simple,un_b,B3,q_66d4d4dd48adde10ddd265c2,"On 17 May 2006, what clarification did Ms. Zou Xiaoqiao request about women’s land rights and agricultural privatization in Turkmenistan?","Ms. Zou Xiaoqiao said that paragraph 129 of the report indicated neither the conditions that must be satisfied in order for individuals to own or lease land nor whether women and men enjoyed equal rights as lessees.
The State party should indicate what impact the transition from State to private ownership of agricultural land had had on women.",5,ok,"Useful, well-contextualized question about the linked land-rights and privatization issues raised by Ms Zou.",True
un,2006/cedaw/c/sr_724#18,meeting,practitioner,original,un_b,C1,q_ff9deb141b1de15adc4f886d,"According to the Committee on the Elimination of Discrimination against Women’s May 2006 discussion of Turkmenistan, what maternal mortality rate was cited?","6 per 1,000 live births",5,ok,"A natural, accurately qualified question asking what statistic was cited at the identified country review.",True
un,2006/cedaw/c/sr_724#18,meeting,semantic,simple,un_b,A1,q_786d077c0c7308fe524d6167,"On 17 May 2006, what did the Committee ask Turkmenistan to explain about rural reproductive-health access and maternal mortality?","Given the importance of reproductive health services, it would be helpful to know what measures the State was taking to ensure that rural women had access to information on reproductive health.
She had heard that the maternal mortality rate was 6 per 1,000 live births.
It would be interesting to hear the delegation's comments on that subject.",5,ok,"Country, date and related rural-health topics identify a coherent request for explanation.",False
un,2006/cedaw/c/sr_724#18,meeting,semantic,simple,un_b,A2,q_3a4b98d96d4a6cd0b6cbbd90,"On 17 May 2006, what clarification did the Committee seek about women’s land rights during the transition to private ownership?","Ms. Zou Xiaoqiao said that paragraph 129 of the report indicated neither the conditions that must be satisfied in order for individuals to own or lease land nor whether women and men enjoyed equal rights as lessees.
The State party should indicate what impact the transition from State to private ownership of agricultural land had had on women.",3,ok,"The land-rights need is meaningful, but the country and identity of the Committee are omitted, making the episode hard to locate.",False
un,2006/cedaw/c/sr_724#18,meeting,semantic,simple,un_b,A3,q_7f8b17af7851603799837b4d,"On 17 May 2006, what information did the Committee seek about rural women’s agricultural and home-based work in Turkmenistan?","She asked whether rural women who worked in agricultural family enterprises were paid for their work, and whether the State extended social security and benefits and national and medical insurance to such women.
Finally, referring to paragraph 130 of the report, she requested details of the benefits provided to rural women engaged in home-based work.",5,ok,"A clear, coherent question about information requested on two related categories of rural work, with country and date.",False
un,2006/cedaw/c/sr_724#18,meeting,semantic,revised,un_b,B1,q_4dfb37b5984f2560fa9f09dd,"During the Committee’s May 2006 review of Turkmenistan, what information was sought about rural women’s pay and social protection in agricultural family enterprises and home-based work?","She asked whether rural women who worked in agricultural family enterprises were paid for their work, and whether the State extended social security and benefits and national and medical insurance to such women.
Finally, referring to paragraph 130 of the report, she requested details of the benefits provided to rural women engaged in home-based work.",5,ok,"A well-framed question about the review's pay and protection information needs, accurately covering both forms of work.",False
un,2006/cedaw/c/sr_724#18,meeting,semantic,revised,un_b,B2,q_1fca13be6a9b0f5a2dd18a75,What clarification did the Committee seek in May 2006 about rural women’s land rights and the shift from State to private agricultural ownership?,"Ms. Zou Xiaoqiao said that paragraph 129 of the report indicated neither the conditions that must be satisfied in order for individuals to own or lease land nor whether women and men enjoyed equal rights as lessees.
The State party should indicate what impact the transition from State to private ownership of agricultural land had had on women.",3,ok,A substantive land-policy question whose country and particular committee remain unidentified.,False
un,2006/cedaw/c/sr_724#18,meeting,semantic,revised,un_b,B3,q_2ffeffa1388021c9d7798473,What measures did the Committee ask Turkmenistan to describe for ensuring rural women access to reproductive-health information in May 2006?,"Given the importance of reproductive health services, it would be helpful to know what measures the State was taking to ensure that rural women had access to information on reproductive health.",3,minor,"The target does not identify concrete measures, only a request to describe them; the wording nearly repeats that request and risks asking for unavailable policy detail.",False
un,2010/ccpr/c/sr_2695#25,meeting,lookup,simple,un_b,A1,q_1b08c1cdb1b3348dcbbf6f10,"According to the Human Rights Committee’s 15 March 2010 summary record on revising paragraphs 54 and 57, what did Ms. Keller say about retaining “such as abduction of women and children”?","Ms. Keller said that she endorsed the suggestion to delete paragraph 57 and add a fourth bullet in paragraph 54. However, given that the document was addressed not just to human rights experts, in her view the phrase ""such as abduction of women and children"" should not be deleted. Perhaps it could be included in parentheses, after the word ""servitude"".",5,minor,A clear source-specific question about a meaningful drafting choice; the answer also includes unrelated paragraph-deletion and bullet changes.,True
un,2010/ccpr/c/sr_2695#25,meeting,lookup,simple,un_b,A2,q_b7769fce01d7988f6bf8f181,"According to the Human Rights Committee’s 15 March 2010 summary record on revising paragraphs 54 and 57, what did the Chair propose after Uzbekistan referred to alternative military service under article 8?","The Chair said that just a few days earlier, Uzbekistan had referred to alternative military service under article 8. Therefore, for the purpose of informing States how the issue was to be dealt with, perhaps paragraph 57 should contain a reference to article 18, and the present paragraph 57 should be moved to the section covering article 18.",5,ok,"Identifies the precise committee episode and asks what the Chair proposed, without treating the proposal as enacted policy.",True
un,2010/ccpr/c/sr_2695#25,meeting,lookup,revised,un_b,B1,q_01f7db10f7e24d08264716f8,"According to the Human Rights Committee's 15 March 2010 summary record, why should the phrase “such as abduction of women and children” be retained, and where might it be placed?","However, given that the document was addressed not just to human rights experts, in her view the phrase ""such as abduction of women and children"" should not be deleted. Perhaps it could be included in parentheses, after the word ""servitude"".",5,ok,"The rationale and proposed placement form one coherent drafting question, directly supported by the block.",True
un,2010/ccpr/c/sr_2695#25,meeting,lookup,revised,un_b,B2,q_efd39cb39e56c6e49e3e3995,"According to the Human Rights Committee's 15 March 2010 summary record, how did the Chair propose revising and relocating paragraph 57 regarding alternative military service?","Therefore, for the purpose of informing States how the issue was to be dealt with, perhaps paragraph 57 should contain a reference to article 18, and the present paragraph 57 should be moved to the section covering article 18.",5,ok,"Clear question about both linked elements of the proposed revision, with the committee and meeting identified.",True
un,2010/ccpr/c/sr_2695#25,meeting,lookup,revised,un_b,B3,q_e18bf2a5a81b444fb2e62854,"According to the Human Rights Committee's 15 March 2010 summary record, what changes did Ms. Keller endorse concerning paragraph 57 and paragraph 54?",that paragraph 57 should be deleted and add a fourth bullet in paragraph 54,5,minor,A sound question about endorsed changes; the answer splices its wording into an ungrammatical deleted-and-add construction.,True
un,2010/ccpr/c/sr_2695#25,meeting,lookup,original,un_b,C1,q_ac123703e355ef5b76358d4f,"In 2010, did Ms. Keller oppose deleting paragraph 54's reference to abduction of women and children under the 2010 Human Rights Committee summary record?","in her view the phrase ""such as abduction of women and children"" should not be deleted",4,ok,"The yes/no need is legitimate, but repeated in 2010/2010 framing and under the record are awkward.",True
un,2010/ccpr/c/sr_2695#25,meeting,lookup,original,un_b,C2,q_dd2f3e80dafc098d53637f8f,"In 2010, did the Human Rights Committee agree to move paragraph 57 to article 18 under the 2010 Human Rights Committee summary record on reporting guidelines?",It appeared that the members of the Committee agreed with that approach,4,ok,A useful question about apparent committee agreement; move to article 18 is less precise than move to the guidelines section covering article 18.,True
un,2010/ccpr/c/sr_2695#25,meeting,practitioner,simple,un_b,A1,q_c413240dfb604b862a47b8d7,"At the Human Rights Committee’s 15 March 2010 meeting, what drafting changes did Mr. Rivas Posada and Ms. Keller support, and what exception did Keller urge?","Mr. Rivas Posada agreed that paragraph 57 should be deleted.
Ms. Keller said that she endorsed the suggestion to delete paragraph 57 and add a fourth bullet in paragraph 54.
However, given that the document was addressed not just to human rights experts, in her view the phrase ""such as abduction of women and children"" should not be deleted.
Perhaps it could be included in parentheses, after the word ""servitude"".",5,ok,"The named participants, date and committee identify a coherent question about related drafting positions and Keller's qualification.",True
un,2010/ccpr/c/sr_2695#25,meeting,practitioner,simple,un_b,A2,q_8f239ae1e75ee37c22d23ac5,"At the Human Rights Committee’s 15 March 2010 meeting, what did the Chair propose concerning alternative military service and the treatment of the slavery-related guidance?","The Chair said that just a few days earlier, Uzbekistan had referred to alternative military service under article 8.
Therefore, for the purpose of informing States how the issue was to be dealt with, perhaps paragraph 57 should contain a reference to article 18, and the present paragraph 57 should be moved to the section covering article 18.
It appeared that the members of the Committee agreed with that approach, as they did with the new version of paragraph 54.",5,minor,"A useful, identifiable question about the Chair's substantive organization proposal; the answer adds the subsequent agreement.",True
un,2010/ccpr/c/sr_2695#25,meeting,practitioner,original,un_b,B1,q_6949f73b9ea14b91da17373c,Where was paragraph 57 to be moved in the Human Rights Committee's guidance on 15 March 2010?,the section covering article 18,4,ok,"Clear destination question, though the particular guidelines and subject of paragraph 57 remain implicit.",True
un,2010/ccpr/c/sr_2695#25,meeting,practitioner,original,un_b,B2,q_a1239c01971b70bd5c6a4488,"On 15 March 2010, what article reference was paragraph 57 to contain in the Human Rights Committee's guidance to States?",a reference to article 18,4,ok,A clear cross-reference question; the guidance document and paragraph subject could be identified more naturally.,True
un,2010/ccpr/c/sr_2695#25,meeting,practitioner,revised,un_b,C1,q_49da5d4f9bbfeb4c9a49364b,"For a document addressed beyond human rights experts, how did Ms. Keller propose handling the phrase ""such as abduction of women and children""?","However, given that the document was addressed not just to human rights experts, in her view the phrase ""such as abduction of women and children"" should not be deleted.
Perhaps it could be included in parentheses, after the word ""servitude"".",4,ok,"The named speaker and distinctive quoted phrase identify a meaningful drafting issue, although the forum and episode are implicit.",True
un,2010/ccpr/c/sr_2695#25,meeting,practitioner,revised,un_b,C2,q_2c58cbf432f8c1a05c9dc70d,"After Uzbekistan referred to alternative military service under article 8, what did the Chair propose for the draft text?","Therefore, for the purpose of informing States how the issue was to be dealt with, perhaps paragraph 57 should contain a reference to article 18, and the present paragraph 57 should be moved to the section covering article 18.",4,ok,Uzbekistan and alternative military service give useful identifying context; the draft and Chair are still unnamed.,True
un,2010/ccpr/c/sr_2695#25,meeting,semantic,revised,un_b,A1,q_0d94a68f4a13f93a7fe4f9bf,How did the Chair propose clarifying alternative military service in the guidelines on 15 March 2010?,"The Chair said that just a few days earlier, Uzbekistan had referred to alternative military service under article 8. Therefore, for the purpose of informing States how the issue was to be dealt with, perhaps paragraph 57 should contain a reference to article 18, and the present paragraph 57 should be moved to the section covering article 18.",4,ok,"The proposal is meaningful, but the Chair and guidelines are not named despite the supplied date.",True
un,2010/ccpr/c/sr_2695#25,meeting,semantic,revised,un_b,A2,q_80d01be018efb89bf2e9e1f0,What outcome did the Committee appear to reach on paragraphs 54 and 57 during its 15 March 2010 discussion?,"It appeared that the members of the Committee agreed with that approach, as they did with the new version of paragraph 54.",3,major,"The question names only a generic Committee and paragraph numbers, obscuring the document; the answer's that approach does not explain the outcome.",True
un,2010/ccpr/c/sr_2695#25,meeting,semantic,revised,un_b,A3,q_04c9931e3ebbeffaf9a52e60,What changes did Ms. Keller support for paragraphs 54 and 57 during the Committee’s 15 March 2010 review?,"Ms. Keller said that she endorsed the suggestion to delete paragraph 57 and add a fourth bullet in paragraph 54. However, given that the document was addressed not just to human rights experts, in her view the phrase ""such as abduction of women and children"" should not be deleted. Perhaps it could be included in parentheses, after the word ""servitude"".",4,ok,"Speaker and date help identify the drafting episode, though naming the Human Rights Committee and guideline subject would make it clearer.",True
un,2010/ccpr/c/sr_2695#25,meeting,semantic,simple,un_b,B1,q_c61d0aa44ba4a9c69f9343fa,What did Committee members appear to agree on regarding the proposed treatment of paragraph 57 and the new version of paragraph 54?,"It appeared that the members of the Committee agreed with that approach, as they did with the new version of paragraph 54.",2,major,"No committee, document, date or substantive topic identifies the paragraph references; the answer merely says agreement with an undefined approach.",True
un,2010/ccpr/c/sr_2695#25,meeting,semantic,simple,un_b,B2,q_724401dadba8804f74ccd561,Why did Ms. Keller support deleting paragraph 57 yet seek to retain the phrase about abduction of women and children?,"Ms. Keller said that she endorsed the suggestion to delete paragraph 57 and add a fourth bullet in paragraph 54. However, given that the document was addressed not just to human rights experts, in her view the phrase ""such as abduction of women and children"" should not be deleted. Perhaps it could be included in parentheses, after the word ""servitude"".",3,major,"The wording suggests one explanation for deleting paragraph 57 while retaining a phrase, but the target only gives the retention rationale; the deletion concerns a different drafting issue.",True
un,2010/ccpr/c/sr_2695#25,meeting,semantic,simple,un_b,B3,q_3a17cae90c7e119fb168070c,How did the Chair propose revising paragraph 57 after Uzbekistan referred to alternative military service under article 8?,"The Chair said that just a few days earlier, Uzbekistan had referred to alternative military service under article 8. Therefore, for the purpose of informing States how the issue was to be dealt with, perhaps paragraph 57 should contain a reference to article 18, and the present paragraph 57 should be moved to the section covering article 18.",4,ok,"A meaningful proposal question with a distinctive Uzbekistan/military-service trigger, though the Chair and document remain implicit.",True
un,2010/ccpr/c/sr_2695#25,meeting,semantic,original,un_b,C1,q_cc3d5f5bc50231474f41453b,How did the Human Rights Committee adjust its guidance after Uzbekistan raised alternative military service in 2010?,"paragraph 57 should contain a reference to article 18, and the present paragraph 57 should be moved to the section covering article 18",4,ok,"Clear committee, year and issue, but adjusted is more definitive than the source's proposal and apparent agreement.",True
un,2000/cd/pv_841#11,meeting,lookup,simple,un_b,A1,q_a55ee2e0c499e2d13b245892,"On 10 February 2000, according to the United Kingdom representative’s plenary statement to the Conference on Disarmament, what assurance would an FMCT provide?","An FMCT would deliver such an assurance, and in so doing, put in place a vital foundation for the achievement of global nuclear disarmament.",5,major,A clear and useful attributed assurance question; the supplied answer says such an assurance without including what that assurance is.,True
un,2000/cd/pv_841#11,meeting,lookup,simple,un_b,A2,q_7570c73764eb09443f81a460,"On 10 February 2000, according to the United Kingdom representative’s plenary statement to the Conference on Disarmament, what option was to be considered?","One of which would have permitted the appointment of special coordinators to deal with the issues of nuclear disarmament and the prevention of an arms race in outer space, while allowing the Conference to agree on a work programme, including the establishment of an ad hoc committee for negotiations on an FMCT.",4,ok,"The dated UK speech identifies the source, but what option was to be considered is broad without naming the work-programme issue.",True
un,2000/cd/pv_841#11,meeting,lookup,simple,un_b,A3,q_c73b641385bc5e54244399c7,"On 10 February 2000, according to the United Kingdom representative’s plenary statement to the Conference on Disarmament, what must precede an effective, verifiable global nuclear-weapons ban?","In our view, it remains the case that before there can be an effective and verifiable ban on nuclear weapons globally, there must be confidence that no new fissile material for such weapons can be produced.",5,ok,"A precise, attributed question about the UK's stated prerequisite for a nuclear-weapons ban.",True
un,2000/cd/pv_841#11,meeting,lookup,revised,un_b,B1,q_05b58c58c3876577e8ec1bc9,What option did the United Kingdom describe on 10 February 2000 in its Conference on Disarmament statement as combining special coordinators with a work programme?,"In your subsequent consultations, you were to bring forward for consideration a number of options, one of which would have permitted the appointment of special coordinators to deal with the issues of nuclear disarmament and the prevention of an arms race in outer space, while allowing the Conference to agree on a work programme, including the establishment of an ad hoc committee for negotiations on an FMCT.",5,ok,The question identifies the diplomatic option and episode while leaving its substantive elements unknown.,True
un,2000/cd/pv_841#11,meeting,lookup,revised,un_b,B2,q_dd0b60cf6933a5a9772dc8f5,"What condition did the United Kingdom identify on 10 February 2000 in its Conference on Disarmament statement as preceding an effective, verifiable global ban on nuclear weapons?","In our view, it remains the case that before there can be an effective and verifiable ban on nuclear weapons globally, there must be confidence that no new fissile material for such weapons can be produced.",5,ok,"Clear attribution, date and substantive prerequisite; directly answerable in the target.",True
un,2000/cd/pv_841#11,meeting,lookup,revised,un_b,B3,q_ef4b5533726759109f5efa2c,What assurance and broader disarmament role did the United Kingdom attribute to an FMCT on 10 February 2000 in its Conference on Disarmament statement?,"An FMCT would deliver such an assurance, and in so doing, put in place a vital foundation for the achievement of global nuclear disarmament.",5,major,A coherent question linking the assurance to its wider purpose; the answer fails to spell out the assurance behind such an assurance.,True
un,2000/cd/pv_841#11,meeting,lookup,original,un_b,C1,q_6162e4dfb23d87d3a7cc6d20,What confidence did the United Kingdom require before an effective and verifiable ban on nuclear weapons globally in the 2000 Conference on Disarmament meeting record on FMCT?,that no new fissile material for such weapons can be produced,4,ok,"The attributed prerequisite is useful, but the long confidence-did-require construction is less natural than asking what confidence was necessary.",True
un,2000/cd/pv_841#11,meeting,lookup,original,un_b,C2,q_9b27144a414663068ec3826e,"In the 2000 Conference on Disarmament meeting record on FMCT, did the United Kingdom consider the importance of an FMCT diminished?",The importance of an FMCT has not diminished in the intervening period,4,ok,"A legitimate confirmation question about the UK's stated position, though less informative than asking its rationale.",True
un,2000/cd/pv_841#11,meeting,practitioner,original,un_b,A1,q_383a353519c639e583665b37,"According to the United Kingdom's February 2000 statement, had the importance of an FMCT diminished during the intervening period?",The importance of an FMCT has not diminished in the intervening period,3,ok,"The intervening period is undefined, and the confirmation question gives little substantive context beyond the dated statement.",True
un,2000/cd/pv_841#11,meeting,practitioner,original,un_b,A2,q_2daf7c750ce7d62d29109d8a,"According to the United Kingdom's February 2000 statement, what assurance did an FMCT offer before an effective and verifiable global ban on nuclear weapons?",that no new fissile material for such weapons can be produced,5,ok,"A precise attributed question about the assurance an FMCT would provide, with the policy objective and period identified.",True
un,2000/cd/pv_841#11,meeting,practitioner,simple,un_b,B1,q_6366fb125cf1a8755916af79,"On 10 February 2000, what did one consultation option permit concerning coordinators, the work programme and FMCT negotiations?","In your subsequent consultations, you were to bring forward for consideration a number of options, one of which would have permitted the appointment of special coordinators to deal with the issues of nuclear disarmament and the prevention of an arms race in outer space, while allowing the Conference to agree on a work programme, including the establishment of an ad hoc committee for negotiations on an FMCT.",4,ok,A useful compound-option question whose components belong together; naming the Conference or UK statement would make the episode clearer.,True
un,2000/cd/pv_841#11,meeting,practitioner,simple,un_b,B2,q_23d7c724458294a138200919,"On 10 February 2000, why did the United Kingdom say an FMCT remained necessary for global nuclear disarmament?","Five years on, that common objective remains unfulfilled. The importance of an FMCT has not diminished in the intervening period. Indeed, events in the closing years of the last century have underlined its necessity.

In our view, it remains the case that before there can be an effective and verifiable ban on nuclear weapons globally, there must be confidence that no new fissile material for such weapons can be produced.

An FMCT would deliver such an assurance, and in so doing, put in place a vital foundation for the achievement of global nuclear disarmament.",5,minor,"Natural, clearly attributed question asking for the FMCT rationale; the answer includes extra history before the actual rationale.",True
un,2000/cd/pv_841#11,meeting,practitioner,revised,un_b,C1,q_37afe707d30e90ede7316250,What option was to be considered in the Conference on Disarmament’s 2000 work-programme consultations?,"In your subsequent consultations, you were to bring forward for consideration a number of options, one of which would have permitted the appointment of special coordinators to deal with the issues of nuclear disarmament and the prevention of an arms race in outer space, while allowing the Conference to agree on a work programme, including the establishment of an ad hoc committee for negotiations on an FMCT.",5,ok,Clearly identifies the Conference's work-programme consultations and asks about the relevant option.,True
un,2000/cd/pv_841#11,meeting,practitioner,revised,un_b,C2,q_31e300426b927e16148f04b9,Why did the United Kingdom say an FMCT remained necessary five years after the earlier consultations?,"Five years on, that common objective remains unfulfilled. The importance of an FMCT has not diminished in the intervening period. Indeed, events in the closing years of the last century have underlined its necessity.",3,major,"Five years earlier concerns the common objective, not an established date of those consultations; the answer also omits the actual fissile-material rationale.",True
un,2000/cd/pv_841#11,meeting,practitioner,revised,un_b,C3,q_cf34fcd3b4fa68677bb8011b,What condition was identified as necessary before an effective and verifiable global ban on nuclear weapons?,"In our view, it remains the case that before there can be an effective and verifiable ban on nuclear weapons globally, there must be confidence that no new fissile material for such weapons can be produced.",3,minor,An unnamed identified condition turns one State's policy view into a context-free prerequisite; the answer's our view does not identify whose view it is.,True
un,2000/cd/pv_841#11,meeting,semantic,original,un_b,A1,q_ca79418ef4b3863ef7f202af,How would an FMCT support the worldwide elimination of nuclear weapons in 2000?,"An FMCT would deliver such an assurance, and in so doing, put in place a vital foundation for the achievement of global nuclear disarmament.",4,major,"A meaningful causal policy question, although attribution to the UK would clarify whose rationale is being sought; the answer leaves such an assurance unresolved.",True
un,2000/cd/pv_841#11,meeting,semantic,original,un_b,A2,q_2eee48df73dc3e351ecc903f,Why did the United Kingdom regard an FMCT as a foundation for global nuclear disarmament in 2000?,"In our view, it remains the case that before there can be an effective and verifiable ban on nuclear weapons globally, there must be confidence that no new fissile material for such weapons can be produced.",5,minor,A clear attributed rationale question; the answer supplies the prerequisite but omits the adjacent explicit link that an FMCT would provide it.,True
un,2000/cd/pv_841#11,meeting,semantic,simple,un_b,B1,q_63fb2a577b5a92b6ef303f3b,"In the United Kingdom's 10 February 2000 statement, what was necessary before an effective and verifiable global ban on nuclear weapons?","In our view, it remains the case that before there can be an effective and verifiable ban on nuclear weapons globally, there must be confidence that no new fissile material for such weapons can be produced. An FMCT would deliver such an assurance, and in so doing, put in place a vital foundation for the achievement of global nuclear disarmament.",5,minor,A clear question about the UK's stated prerequisite; the answer adds its broader disarmament role beyond the narrow ask.,True
un,2000/cd/pv_841#11,meeting,semantic,simple,un_b,B2,q_d2cfdeed179fff28b1275228,What option had the subsequent consultations been asked to consider regarding an ad hoc committee for negotiations on an FMCT?,"In your subsequent consultations, you were to bring forward for consideration a number of options, one of which would have permitted the appointment of special coordinators to deal with the issues of nuclear disarmament and the prevention of an arms race in outer space, while allowing the Conference to agree on a work programme, including the establishment of an ad hoc committee for negotiations on an FMCT.",3,ok,"Subsequent consultations has no identified antecedent, forum or period, making the otherwise substantive option question hard to locate.",True
un,2000/cd/pv_841#11,meeting,semantic,revised,un_b,C1,q_4ee83b46623b37d25a8aa8ab,Why was an FMCT viewed as a foundation for achieving global nuclear disarmament?,"In our view, it remains the case that before there can be an effective and verifiable ban on nuclear weapons globally, there must be confidence that no new fissile material for such weapons can be produced. An FMCT would deliver such an assurance, and in so doing, put in place a vital foundation for the achievement of global nuclear disarmament.",4,ok,"A useful rationale question, but the passive viewed leaves the source of this policy position implicit.",True
un,2000/cd/pv_841#11,meeting,semantic,revised,un_b,C2,q_68efc13f99762014d3556bcb,What was the status in February 2000 of the common objective pursued five years earlier concerning an FMCT?,"Five years on, that common objective remains unfulfilled. The importance of an FMCT has not diminished in the intervening period. Indeed, events in the closing years of the last century have underlined its necessity.",3,minor,"Common objective pursued five years earlier is not specified, leaving the question dependent on its source context; the answer adds unnecessary statements about importance.",True
un,2000/cd/pv_841#11,meeting,semantic,revised,un_b,C3,q_960a1ecc49ceda0cff075590,What option from the subsequent consultations could have combined special coordinators with a work programme including FMCT negotiations?,"one of which would have permitted the appointment of special coordinators to deal with the issues of nuclear disarmament and the prevention of an arms race in outer space, while allowing the Conference to agree on a work programme, including the establishment of an ad hoc committee for negotiations on an FMCT.",3,ok,Subsequent consultations is undefined; the substantive coordination clues help but do not fully identify the episode.,True
un,2005/a/res/60/226#3,resolution,lookup,original,un_b,A1,q_09d0ed8d5992d3f535ee7d0d,For which General Assembly session was a decision on the Register's future intended under the 2005 General Assembly resolution on transparency in armaments?,at its sixty-first session,5,ok,"A clear question about the intended decision session, with the resolution topic and period identified.",True
un,2005/a/res/60/226#3,resolution,lookup,original,un_b,A2,q_41d787ef91e01a014fb82c63,What geographical basis governed the 2006 expert group assisting the Secretary-General on the Register under the 2005 General Assembly resolution on transparency in armaments?,equitable geographical representation,5,ok,A specific question about the expert group's geographical-representation requirement.,True
un,2005/a/res/60/226#3,resolution,lookup,original,un_b,A3,q_e94aea5bdde94803bff18088,Which body was to assist the Secretary-General in preparing the Register report under the 2005 General Assembly resolution on transparency in armaments?,a group of governmental experts,5,ok,"Clearly asks who would assist the Secretary-General, without confusing assistance with primary responsibility.",True
un,2005/a/res/60/226#3,resolution,lookup,simple,un_b,B1,q_90af0dce4a70244eeb08e8b8,"According to the General Assembly's resolution adopted on 23 December 2005 on transparency in armaments, what views had Member States been requested to provide to the Secretary-General?",Recalls its request to Member States to provide the Secretary-General with their views on the continuing operation of the Register and its further development and on transparency measures related to weapons of mass destruction;,5,ok,Clearly asks for the requested input topics while preserving that the resolution recalls an earlier request.,True
un,2005/a/res/60/226#3,resolution,lookup,simple,un_b,B2,q_fc5fcc95ef68c60c19bf3123,"According to the General Assembly's resolution adopted on 23 December 2005 on transparency in armaments, what was the Secretary-General requested to prepare with experts convened in 2006, and for what decision?","Requests the Secretary-General, with the assistance of a group of governmental experts to be convened in 2006, within available resources, on the basis of equitable geographical representation, to prepare a report on the continuing operation of the Register and its further development, taking into account the work of the Conference on Disarmament, the views expressed by Member States and the reports of the Secretary-General on the continuing operation of the Register and its further development, with a view to taking a decision at its sixty-first session;",5,ok,"The report assignment and intended decision are coherently linked, with a precise source identification.",True
un,2005/a/res/60/226#3,resolution,lookup,revised,un_b,C1,q_ff7656bcf6f7c9f7d4fc6895,When and under what conditions did the General Assembly request the group of governmental experts to be convened in its 23 December 2005 resolution on transparency in armaments?,"in 2006, within available resources, on the basis of equitable geographical representation,",5,ok,"Timing, resource constraint and representation basis are connected conditions of one expert-group arrangement.",True
un,2005/a/res/60/226#3,resolution,lookup,revised,un_b,C2,q_5cf3fb0ff992920ff99c7143,What did the General Assembly recall requesting Member States to provide on the Register in its 23 December 2005 resolution on transparency in armaments?,their views on the continuing operation of the Register and its further development and on transparency measures related to weapons of mass destruction;,5,ok,"An explicit source-based question about the requested Member State input, preserving the recalled-request status.",True
un,2005/a/res/60/226#3,resolution,lookup,revised,un_b,C3,q_c61f07357e321c3d1312c36e,What did the General Assembly request the Secretary-General to prepare concerning the Register in its 23 December 2005 resolution on transparency in armaments?,"to prepare a report on the continuing operation of the Register and its further development, taking into account the work of the Conference on Disarmament, the views expressed by Member States and the reports of the Secretary-General on the continuing operation of the Register and its further development, with a view to taking a decision at its sixty-first session;",5,ok,Clear question about the Secretary-General's reporting task and its register-development context.,True
un,2005/a/res/60/226#3,resolution,practitioner,simple,un_b,A1,q_8873839e9a9c93a7dcf3c3cc,What views did the 23 December 2005 resolution recall requesting Member States to provide to the Secretary-General?,Recalls its request to Member States to provide the Secretary-General with their views on the continuing operation of the Register and its further development and on transparency measures related to weapons of mass destruction;,3,ok,The resolution is identified only by a date on which many resolutions were adopted; neither the Register nor the armaments topic appears.,True
un,2005/a/res/60/226#3,resolution,practitioner,simple,un_b,A2,q_f1c889ed6350d4d8dc8baf53,"In the General Assembly's 23 December 2005 review, what was the Secretary-General requested to arrange and report in 2006?","Requests the Secretary-General, with the assistance of a group of governmental experts to be convened in 2006, within available resources, on the basis of equitable geographical representation, to prepare a report on the continuing operation of the Register and its further development, taking into account the work of the Conference on Disarmament, the views expressed by Member States and the reports of the Secretary-General on the continuing operation of the Register and its further development, with a view to taking a decision at its sixty-first session;",3,ok,"The General Assembly review is unnamed, so the report/arrangement question lacks its substantive subject.",True
un,2005/a/res/60/226#3,resolution,practitioner,original,un_b,B1,q_ca6a7d5e9a9d5d18317909e8,"In 2006, what report were governmental experts to prepare on the United Nations Register of Conventional Arms?",a report on the continuing operation of the Register and its further development,3,ok,The source requests the Secretary-General to prepare the report with expert assistance; the question shifts primary responsibility to the experts.,True
un,2005/a/res/60/226#3,resolution,practitioner,original,un_b,B2,q_f86a240f72d181934096cc56,"As of December 2005, when were governmental experts to be convened to examine the United Nations Register of Conventional Arms?",in 2006,5,ok,A clear timing question with the full Register name and the date of the decision context.,True
un,2005/a/res/60/226#3,resolution,practitioner,original,un_b,B3,q_250dccc1145083f4829ba260,"In 2005, which General Assembly session was to decide the United Nations Register of Conventional Arms' further development?",its sixty-first session,4,ok,A useful session question with the full Register name; in 2005 could be read as the decision year rather than the year of the prospective request.,True
un,2005/a/res/60/226#3,resolution,practitioner,revised,un_b,C1,q_1fbe49d89a76c790284a2c2f,"On what timing, resource and representation basis was the governmental experts group for the Register review to be convened?","with the assistance of a group of governmental experts to be convened in 2006, within available resources, on the basis of equitable geographical representation,",3,ok,The Register and its particular review episode are unidentified; this matters because such reviews recur.,True
un,2005/a/res/60/226#3,resolution,practitioner,revised,un_b,C2,q_43b53aa4d27bd71cc4c34568,"For the 2005 review of the United Nations Register of Conventional Arms, what report was the Secretary-General asked to prepare and toward what decision?","Requests the Secretary-General, with the assistance of a group of governmental experts to be convened in 2006, within available resources, on the basis of equitable geographical representation, to prepare a report on the continuing operation of the Register and its further development, taking into account the work of the Conference on Disarmament, the views expressed by Member States and the reports of the Secretary-General on the continuing operation of the Register and its further development, with a view to taking a decision at its sixty-first session;",5,ok,"A coherent substantive question naming the Register, year, responsible official and purpose.",True
un,2005/a/res/60/226#3,resolution,practitioner,revised,un_b,C3,q_3853bcd9c8a2fefd2ee83ea2,"What views were Member States requested to provide on the Register’s continuing operation, further development and weapons-of-mass-destruction transparency measures?",Recalls its request to Member States to provide the Secretary-General with their views on the continuing operation of the Register and its further development and on transparency measures related to weapons of mass destruction;,2,ok,"All three requested subject areas already appear in the question, leaving the answer to repeat the request.",True
un,2005/a/res/60/226#3,resolution,semantic,original,un_b,A1,q_911bdfcf69e0eae26410f316,What role did Member States’ perspectives play in reassessing the United Nations Register of Conventional Arms in 2006?,"taking into account the work of the Conference on Disarmament, the views expressed by Member States and the reports of the Secretary-General on the continuing operation of the Register and its further development",3,minor,Played in 2006 treats the planned consideration of views as an observed process; the answer also omits the report frame explaining where the input was to be used.,True
un,2005/a/res/60/226#3,resolution,semantic,original,un_b,A2,q_66c759c753e3e31184dd1668,How did the General Assembly arrange a fresh assessment of the United Nations Register of Conventional Arms in 2005?,"Requests the Secretary-General, with the assistance of a group of governmental experts to be convened in 2006, within available resources, on the basis of equitable geographical representation, to prepare a report on the continuing operation of the Register and its further development",5,ok,"Natural question about the mechanism for a fresh assessment, correctly situated at the 2005 decision.",True
un,2005/a/res/60/226#3,resolution,semantic,revised,un_b,B1,q_2121cd9afe124724a0b738f7,What review process did the General Assembly set in motion in December 2005 to guide a decision on the Register at its sixty-first session?,"Requests the Secretary-General, with the assistance of a group of governmental experts to be convened in 2006, within available resources, on the basis of equitable geographical representation, to prepare a report on the continuing operation of the Register and its further development, taking into account the work of the Conference on Disarmament, the views expressed by Member States and the reports of the Secretary-General on the continuing operation of the Register and its further development, with a view to taking a decision at its sixty-first session;",4,ok,A useful review-process question with date and intended session; expanding the Register's name would make it self-contained.,True
un,2005/a/res/60/226#3,resolution,semantic,revised,un_b,B2,q_501e83687f2653bf5d50b08f,What Member State input did the General Assembly reiterate seeking about the Register’s future and weapons-of-mass-destruction transparency in December 2005?,Recalls its request to Member States to provide the Secretary-General with their views on the continuing operation of the Register and its further development and on transparency measures related to weapons of mass destruction;,3,ok,"The question already names the requested future-development and transparency topics, leaving little additional information in the answer.",True
un,2005/a/res/60/226#3,resolution,semantic,simple,un_b,C1,q_5b8f3dc8bfb64cf9df730670,"In the General Assembly's 23 December 2005 resolution, what views were Member States asked to provide on the Register and weapons of mass destruction?",Recalls its request to Member States to provide the Secretary-General with their views on the continuing operation of the Register and its further development and on transparency measures related to weapons of mass destruction;,4,ok,"Meaningful question about the scope of requested views, though the specific Register is only implicit.",True
un,2005/a/res/60/226#3,resolution,semantic,simple,un_b,C2,q_963024ad8fe44080e5e54097,What assignment did the General Assembly give the Secretary-General and governmental experts in 2006 to guide a decision at its sixty-first session?,"Requests the Secretary-General, with the assistance of a group of governmental experts to be convened in 2006, within available resources, on the basis of equitable geographical representation, to prepare a report on the continuing operation of the Register and its further development, taking into account the work of the Conference on Disarmament, the views expressed by Member States and the reports of the Secretary-General on the continuing operation of the Register and its further development, with a view to taking a decision at its sixty-first session;",3,ok,"The assignment was made in December 2005, while 2006 dates the experts; the question also omits which substantive review is involved.",True
un,2003/a/res/58/298#4,resolution,lookup,simple,un_b,A1,q_348f84cca3aa7365b97e54d2,What did [the General Assembly resolution adopted on 18 June 2004 on the support account for peacekeeping operations] take note of regarding financial performance for 1 July 2002 to 30 June 2003?,Takes note of the report of the Secretary-General on the financial performance of the support account for peacekeeping operations for the period from 1 July 2002 to 30 June 2003;,3,ok,"The question already specifies the financial-performance subject and period, so the answer mostly repeats it; square-bracket source packaging also reads like a template.",True
un,2003/a/res/58/298#4,resolution,lookup,simple,un_b,A2,q_e63fa5a988527ab9f1291fec,What financing did [the General Assembly resolution adopted on 18 June 2004 on the support account for peacekeeping operations] decide for the requirements from 1 July 2004 to 30 June 2005?,"The unencumbered balance and other income in the total amount of 8,478,600 dollars, comprising 8,350,800 dollars in respect of the period ended 30 June 2003 and the adjustment of 127,800 dollars related to the period ended 30 June 2001, to be applied to the resources required for the period from 1 July 2004 to 30 June 2005;",3,major,"The question asks broadly for the financing arrangement, but the assigned block supplies only one component; the answer omits the other financing components in later subparagraphs.",True
un,2003/a/res/58/298#4,resolution,lookup,simple,un_b,A3,q_71bbf028644cea06dd60b599,"What did [the General Assembly resolution adopted on 18 June 2004 on the support account for peacekeeping operations] approve as the support account requirements for 1 July 2004 to 30 June 2005, including posts?","Approves the support account requirements in the amount of 121,610,300 United States dollars for the period from 1 July 2004 to 30 June 2005, including 743 continuing and 18 new temporary posts and their related post and non-post requirements;",4,ok,A useful budget-and-posts question with clear source and period; square brackets and repeated requirements phrasing make it less natural.,True
un,2003/a/res/58/298#4,resolution,lookup,revised,un_b,B1,q_925416225dd38f8d2119f481,What support account requirements did the General Assembly approve for 1 July 2004 to 30 June 2005 in the General Assembly resolution adopted on 18 June 2004?,"121,610,300 United States dollars for the period from 1 July 2004 to 30 June 2005, including 743 continuing and 18 new temporary posts and their related post and non-post requirements",4,ok,Concrete budget/staffing need and financial period; repeated General Assembly framing is mildly cumbersome.,True
un,2003/a/res/58/298#4,resolution,lookup,revised,un_b,B2,q_0b4e61e245faddada885f254,What period did the Secretary-General’s financial performance report cover in the General Assembly resolution adopted on 18 June 2004?,the period from 1 July 2002 to 30 June 2003,3,ok,"The financial-performance report and resolution lack the peacekeeping/support-account subject, so the date alone does not identify which report is meant.",True
un,2003/a/res/58/298#4,resolution,lookup,revised,un_b,B3,q_446f501b9f37639742b4610c,What total amount of unencumbered balance and other income was to be applied to support-account resources for 1 July 2004 to 30 June 2005 in the General Assembly resolution adopted on 18 June 2004?,"8,478,600 dollars",5,ok,A precise question about the amount of a specified financing component and financial period.,True
un,2003/a/res/58/298#4,resolution,lookup,original,un_b,C1,q_d8761bdfea847b45f89d8c0a,What amount did the General Assembly approve for support account requirements in the 2004 General Assembly resolution on peacekeeping operations?,"121,610,300 United States dollars",4,ok,A useful approval-amount question; identifying the support-account budget period would be more precise than a generic 2004 peacekeeping resolution.,True
un,2003/a/res/58/298#4,resolution,lookup,original,un_b,C2,q_f1dd38130c8f89c2fcc1e02d,"Under the 2004 General Assembly resolution on peacekeeping operations, what amount came from the unencumbered balance and other income?","8,478,600 dollars",3,ok,The question omits the support account and budget period; many peacekeeping financing resolutions contain balances and other income.,True
un,2003/a/res/58/298#4,resolution,lookup,original,un_b,C3,q_ee6357c9ec7f8aa69a2fc1c9,For what period did the General Assembly approve support account requirements in the 2004 General Assembly resolution on peacekeeping operations?,from 1 July 2004 to 30 June 2005,4,ok,"A legitimate budget-period question, although the source description is broader than the specific support-account resolution.",True
un,2003/a/res/58/298#4,resolution,practitioner,simple,un_b,A1,q_e000b0ac0ee9360558b7c29c,"What support account requirements did the General Assembly approve for 1 July 2004 to 30 June 2005, including how many continuing and new temporary posts?","Approves the support account requirements in the amount of 121,610,300 United States dollars for the period from 1 July 2004 to 30 June 2005, including 743 continuing and 18 new temporary posts and their related post and non-post requirements;",5,ok,"Clear and coherent budget-plus-staffing question, with the General Assembly and exact financial period.",True
un,2003/a/res/58/298#4,resolution,practitioner,simple,un_b,A2,q_45215b9fdcd983b91d2cd7e2,"How did the General Assembly direct that the 8,478,600-dollar unencumbered balance and other income be applied for 1 July 2004 to 30 June 2005?","The unencumbered balance and other income in the total amount of 8,478,600 dollars, comprising 8,350,800 dollars in respect of the period ended 30 June 2003 and the adjustment of 127,800 dollars related to the period ended 30 June 2001, to be applied to the resources required for the period from 1 July 2004 to 30 June 2005;",3,minor,The account is unnamed and the question already specifies applying this amount in the period; the answer does not clarify the account and adds an unasked breakdown.,True
un,2003/a/res/58/298#4,resolution,practitioner,simple,un_b,A3,q_1e9d19c16bd117633679d948,"For the support account, what financial-performance report for 1 July 2002 to 30 June 2003 did the General Assembly take note of on 18 June 2004?",Takes note of the report of the Secretary-General on the financial performance of the support account for peacekeeping operations for the period from 1 July 2002 to 30 June 2003;,3,ok,"The question already supplies the report's subject and entire period, leaving little information beyond identifying the Secretary-General as its author.",True
un,2003/a/res/58/298#4,resolution,practitioner,revised,un_b,B1,q_dd8659831246f1fe718bf642,"What support account requirements did the General Assembly approve for 1 July 2004 to 30 June 2005, including staffing?","Approves the support account requirements in the amount of 121,610,300 United States dollars for the period from 1 July 2004 to 30 June 2005, including 743 continuing and 18 new temporary posts and their related post and non-post requirements;",5,ok,"Budget and staffing are naturally connected requirements, identified by their exact financial period.",True
un,2003/a/res/58/298#4,resolution,practitioner,revised,un_b,B2,q_56d71268dbfd3a2376e52e0f,Which Secretary-General financial performance report did the General Assembly take note of for the support account?,Takes note of the report of the Secretary-General on the financial performance of the support account for peacekeeping operations for the period from 1 July 2002 to 30 June 2003;,3,ok,No reporting or decision period identifies which of the recurring support-account performance reports is meant.,True
un,2003/a/res/58/298#4,resolution,practitioner,revised,un_b,B3,q_897f29e0561fb2508f26740d,How was the support account’s 1 July 2004 to 30 June 2005 financing partly funded from prior-period balances and income?,"The unencumbered balance and other income in the total amount of 8,478,600 dollars, comprising 8,350,800 dollars in respect of the period ended 30 June 2003 and the adjustment of 127,800 dollars related to the period ended 30 June 2001, to be applied to the resources required for the period from 1 July 2004 to 30 June 2005;",5,ok,"A useful question about the prior-balance contribution that explicitly says partly funded, matching the block's partial financing evidence.",True
un,2003/a/res/58/298#4,resolution,practitioner,original,un_b,C1,q_2abb3a8f83269924d9040526,What funding level applied to the support account for peacekeeping operations from 1 July 2004 to 30 June 2005?,"121,610,300 United States dollars",5,ok,"Direct, self-contained question about the approved funding level for the named account and period.",True
un,2003/a/res/58/298#4,resolution,practitioner,original,un_b,C2,q_f9f5f01f17b283045c396052,What financial source was to be applied to the support account for peacekeeping operations from 1 July 2004 to 30 June 2005?,The unencumbered balance and other income,4,ok,"The account and period are precise, but a financial source would better signal that the target gives one component rather than the entire financing scheme.",True
un,2003/a/res/58/298#4,resolution,practitioner,original,un_b,C3,q_f1a0dec8ec568558f17d42fd,How many continuing temporary posts were included in the support account for peacekeeping operations from 1 July 2004 to 30 June 2005?,743 continuing,5,ok,A clear staffing quantity question with the full account name and financial period.,True
un,2003/a/res/58/298#4,resolution,semantic,original,un_b,A1,q_746444c5ae41db833a540273,What organizational capacity did the support account for peacekeeping operations receive for 2004–2005?,including 743 continuing and 18 new temporary posts and their related post and non-post requirements,4,ok,"A useful staffing-capacity question, though received is less precise than approved and organizational capacity is broader than post counts.",True
un,2003/a/res/58/298#4,resolution,semantic,original,un_b,A2,q_d7ae7c3cd323a40daa6a1a20,How did earlier-period unspent funds help finance the support account for peacekeeping operations in 2004–2005?,"The unencumbered balance and other income in the total amount of 8,478,600 dollars, comprising 8,350,800 dollars in respect of the period ended 30 June 2003 and the adjustment of 127,800 dollars related to the period ended 30 June 2001, to be applied to the resources required for the period from 1 July 2004 to 30 June 2005",5,ok,A natural question about how prior-period resources contribute to the named account's financing.,True
un,2003/a/res/58/298#4,resolution,semantic,revised,un_b,B1,q_eea2ab721d34cbbc25196af0,How was the unencumbered balance and other income applied to the support account requirements for 1 July 2004 to 30 June 2005?,"The unencumbered balance and other income in the total amount of 8,478,600 dollars, comprising 8,350,800 dollars in respect of the period ended 30 June 2003 and the adjustment of 127,800 dollars related to the period ended 30 June 2001, to be applied to the resources required for the period from 1 July 2004 to 30 June 2005;",4,ok,"A meaningful financing-application question, though the account's full peacekeeping name is implicit and some destination information is already in the question.",True
un,2003/a/res/58/298#4,resolution,semantic,revised,un_b,B2,q_e75bb99c3dfbe845e2517136,What did the General Assembly do regarding the Secretary-General’s financial-performance report for the support account on 18 June 2004?,Takes note of the report of the Secretary-General on the financial performance of the support account for peacekeeping operations for the period from 1 July 2002 to 30 June 2003;,5,ok,"A legitimate question about the Assembly's treatment of a financial report; taking note is a real procedural outcome, not inherently low-value.",True
un,2003/a/res/58/298#4,resolution,semantic,revised,un_b,B3,q_bd30cb6c4ad82739943be5ef,What support-account budget and staffing requirements did the General Assembly approve for 1 July 2004 to 30 June 2005?,"Approves the support account requirements in the amount of 121,610,300 United States dollars for the period from 1 July 2004 to 30 June 2005, including 743 continuing and 18 new temporary posts and their related post and non-post requirements;",5,ok,Clearly asks for the linked budget and staffing approval with its precise financial period.,True
un,2003/a/res/58/298#4,resolution,semantic,simple,un_b,C1,q_245841c4c156fcce990a8806,How did the General Assembly decide to apply the unencumbered balance and other income toward the support account requirements for 1 July 2004 to 30 June 2005?,"The unencumbered balance and other income in the total amount of 8,478,600 dollars, comprising 8,350,800 dollars in respect of the period ended 30 June 2003 and the adjustment of 127,800 dollars related to the period ended 30 June 2001, to be applied to the resources required for the period from 1 July 2004 to 30 June 2005;",4,ok,"A useful question about the balance application, though toward the requirements partly anticipates the answer and the account name is abbreviated.",True
un,2003/a/res/58/298#4,resolution,semantic,simple,un_b,C2,q_1f3a5634ba955246c00dad09,What support account requirements did the General Assembly approve for peacekeeping operations from 1 July 2004 to 30 June 2005?,"Approves the support account requirements in the amount of 121,610,300 United States dollars for the period from 1 July 2004 to 30 June 2005, including 743 continuing and 18 new temporary posts and their related post and non-post requirements;",5,ok,"A clear, self-contained approval question naming peacekeeping operations and the full period.",True
un,2003/a/res/58/298#4,resolution,semantic,simple,un_b,C3,q_0042bc075eb4542b87ba81ed,What did the General Assembly do with the Secretary-General's report on the financial performance of the support account for 1 July 2002 to 30 June 2003?,Takes note of the report of the Secretary-General on the financial performance of the support account for peacekeeping operations for the period from 1 July 2002 to 30 June 2003;,5,ok,"Precisely identifies the historical performance report and asks for its procedural treatment, without supplying that outcome.",True
un,2013/a/res/67/145#7,resolution,lookup,simple,un_b,A1,q_b2846e7c9efcc569c58aec9e,"According to the General Assembly resolution adopted on 20 December 2012 concerning trafficking in women and girls, why are women and girl victims further disadvantaged, and what measures are required?","Acknowledging that women and girl victims of trafficking, on account of their gender, are further disadvantaged and marginalized by a general lack of information on or awareness and recognition of their human rights and by the stigmatization often associated with trafficking, as well as by the obstacles they meet in gaining access to accurate information and recourse mechanisms in cases of violation of their rights, and that special measures are required for their protection and to increase their awareness",4,ok,"Accurately scopes the resolution and connects barriers with protection needs. Asking what measures are required is slightly broader than the source, which gives their purposes rather than concrete interventions.",False
un,2013/a/res/67/145#7,resolution,lookup,simple,un_b,A2,q_4279730d8e7cb93c96c9166e,"According to the General Assembly resolution adopted on 20 December 2012 concerning trafficking in women and girls, what cooperation mechanisms and initiatives does it reaffirm as important?","Reaffirming the importance of bilateral, subregional, regional and international cooperation mechanisms and initiatives, including information exchanges on best practices, of Governments and intergovernmental and nongovernmental organizations to address the problem of trafficking in persons, especially women and children",5,ok,"Clearly asks the resolution for cooperation levels, participating actors and initiatives; the target supplies these plus best-practice exchanges.",False
un,2013/a/res/67/145#7,resolution,lookup,simple,un_b,A3,q_59133edf739a398afdabbb1c,"According to the General Assembly resolution adopted on 20 December 2012 concerning trafficking in women and girls, what does it encourage the Commission on the Status of Women to consider within the 2013 priority theme?","Encouraging the Commission on the Status of Women at its fiftyseventh session to consider the issue of trafficking in women and girls within the framework of the priority theme for 2013, ""Elimination and prevention of all forms of violence against women and girls""",4,ok,"Identifies the source, CSW and 2013 framework. The title already supplies much of the trafficking topic, although the answer adds its relation to the priority theme.",False
un,2013/a/res/67/145#7,resolution,lookup,revised,un_b,C1,q_61c9ad9aac97d79ffa4f01e7,What did the General Assembly encourage the Commission on the Status of Women to consider at its fifty-seventh session in its resolution adopted on 20 December 2012 on trafficking in women and girls?,"the issue of trafficking in women and girls within the framework of the priority theme for 2013, ""Elimination and prevention of all forms of violence against women and girls""",4,ok,"The CSW session and resolution are precise. The question partly gives away the trafficking issue through the source title, but the answer adds the 2013 priority-theme relationship.",False
un,2013/a/res/67/145#7,resolution,lookup,revised,un_b,C2,q_9ab638ef9270df1fa44c10d3,What cooperation mechanisms and initiatives did the General Assembly reaffirm as important in its resolution adopted on 20 December 2012 on trafficking in women and girls?,"bilateral, subregional, regional and international cooperation mechanisms and initiatives, including information exchanges on best practices, of Governments and intergovernmental and nongovernmental organizations",5,ok,"A focused, well-scoped question about cooperation mechanisms and initiatives. The answer supplies cooperation levels, participating actors and the expressly included best-practice information exchanges.",False
un,2013/a/res/67/145#7,resolution,lookup,revised,un_b,C3,q_818618d5bf1e1f082b9a2e8a,What special measures did the General Assembly say were required for women and girl victims of trafficking in its resolution adopted on 20 December 2012 on trafficking in women and girls?,special measures are required for their protection and to increase their awareness,3,major,"Asks which special measures were required, but the passage only calls for unspecified measures for protection and awareness; it supplies no actual measures.",False
un,2013/a/res/67/145#7,resolution,practitioner,revised,un_b,A1,q_eadcf8056ca8b79cbae57a29,What trafficking issue was the Commission on the Status of Women encouraged to consider at its fiftyseventh session under the 2013 priority theme?,"Encouraging the Commission on the Status of Women at its fiftyseventh session to consider the issue of trafficking in women and girls within the framework of the priority theme for 2013, ""Elimination and prevention of all forms of violence against women and girls"",",4,ok,"The CSW session and 2013 theme bound the question, and women/girls is a supported narrowing of the trafficking issue. The ask remains somewhat procedural and thin.",False
un,2013/a/res/67/145#7,resolution,practitioner,revised,un_b,A2,q_f0e4acf35f6f76f20c303486,"What cooperation mechanisms and information-sharing practice did the 2012 General Assembly resolution reaffirm for addressing trafficking in persons, especially women and children?","Reaffirming the importance of bilateral, subregional, regional and international cooperation mechanisms and initiatives, including information exchanges on best practices, of Governments and intergovernmental and nongovernmental organizations to address the problem of trafficking in persons, especially women and children,",5,ok,"Names the General Assembly, year and trafficking issue, and asks for cooperation plus the concrete information-sharing practice present in the target.",False
un,2013/a/res/67/145#7,resolution,practitioner,revised,un_b,A3,q_d8c5871ca7b57aab8216e69a,What gender-specific barriers and response does the General Assembly resolution adopted on 20 December 2012 identify for women and girl victims of trafficking?,"Acknowledging that women and girl victims of trafficking, on account of their gender, are further disadvantaged and marginalized by a general lack of information on or awareness and recognition of their human rights and by the stigmatization often associated with trafficking, as well as by the obstacles they meet in gaining access to accurate information and recourse mechanisms in cases of violation of their rights, and that special measures are required for their protection and to increase their awareness,",5,ok,An identifiable dated policy question about linked gender-specific barriers and the requested response; the passage supplies both without claiming implementation.,False
un,2013/a/res/67/145#7,resolution,practitioner,simple,un_b,C1,q_cfb47e3ca3797f511946f66a,"Why are women and girl victims of trafficking further disadvantaged, and what measures does the General Assembly say are required?","Acknowledging that women and girl victims of trafficking, on account of their gender, are further disadvantaged and marginalized by a general lack of information on or awareness and recognition of their human rights and by the stigmatization often associated with trafficking, as well as by the obstacles they meet in gaining access to accurate information and recourse mechanisms in cases of violation of their rights, and that special measures are required for their protection and to increase their awareness,",4,ok,The gender-specific disadvantage question is useful and attributed to the General Assembly. It would be clearer to ask protection purposes/needs rather than implying named measures.,False
un,2013/a/res/67/145#7,resolution,practitioner,simple,un_b,C2,q_3762f1f598fedbfa5447ec07,"In the General Assembly's 20 December 2012 treatment of trafficking, how is demand for prostitution and forced labour met, and where?","Noting that some of the demand for prostitution and forced labour is met by trafficking in persons in some parts of the world,",2,major,"Adds an explicit where request, but the only location information is some parts of the world; no locations can be given. How demand is met is also thin rather than a described mechanism.",False
un,2013/a/res/67/145#7,resolution,practitioner,simple,un_b,C3,q_b84aae135f57b05d713e8588,What did the General Assembly encourage the Commission on the Status of Women to consider at its fifty-seventh session in 2013?,"Encouraging the Commission on the Status of Women at its fiftyseventh session to consider the issue of trafficking in women and girls within the framework of the priority theme for 2013, ""Elimination and prevention of all forms of violence against women and girls"",",3,ok,Names the CSW session/year but no substantive topic or source resolution. Multiple agenda issues could satisfy this broad what-to-consider question.,False
un,2013/a/res/67/145#7,resolution,semantic,original,un_b,A1,q_84fa2552f728199e55b7d522,What barriers made women and girl victims of trafficking especially vulnerable in 2012?,"on account of their gender, are further disadvantaged and marginalized by a general lack of information on or awareness and recognition of their human rights and by the stigmatization often associated with trafficking, as well as by the obstacles they meet in gaining access to accurate information and recourse mechanisms in cases of violation of their rights",4,ok,A clear and useful barriers question. It presents the 2012 policy assessment as a general historical finding rather than naming its source.,True
un,2013/a/res/67/145#7,resolution,semantic,original,un_b,A2,q_e57c196ecffe73a6543a3878,How did trafficking in persons fuel prostitution and forced labour in some regions in 2012?,some of the demand for prostitution and forced labour is met by trafficking in persons in some parts of the world,4,ok,"A useful relationship question: the target explains that trafficking meets some demand for prostitution and forced labour. It does not ask which regions. Fuel is somewhat stronger causal wording than the stated supply relationship, and the institutional assessment is unattributed.",True
un,2013/a/res/67/145#7,resolution,semantic,revised,un_b,B1,q_ac4c4215963944812559c9e1,What disadvantages and protection needs did the 20 December 2012 resolution identify for women and girl victims of trafficking?,"Acknowledging that women and girl victims of trafficking, on account of their gender, are further disadvantaged and marginalized by a general lack of information on or awareness and recognition of their human rights and by the stigmatization often associated with trafficking, as well as by the obstacles they meet in gaining access to accurate information and recourse mechanisms in cases of violation of their rights, and that special measures are required for their protection and to increase their awareness,",5,ok,"Connects disadvantages and protection needs in a clearly dated, bounded policy question; both are explicit in the passage.",True
un,2013/a/res/67/145#7,resolution,semantic,revised,un_b,B2,q_0db435b7595d3d185e39cac0,What relationship between trafficking and demand for prostitution and forced labour did the General Assembly note on 20 December 2012?,"Noting that some of the demand for prostitution and forced labour is met by trafficking in persons in some parts of the world,",5,ok,"Asks for the stated relationship rather than inventing a causal mechanism, and identifies the General Assembly and date.",True
un,2013/a/res/67/145#7,resolution,semantic,revised,un_b,B3,q_f6631d050a5444a7ca654bd4,How was the Commission on the Status of Women encouraged to address trafficking in women and girls at its fifty-seventh session?,"Encouraging the Commission on the Status of Women at its fiftyseventh session to consider the issue of trafficking in women and girls within the framework of the priority theme for 2013, ""Elimination and prevention of all forms of violence against women and girls"",",5,ok,Focuses on how the trafficking issue was to be included in the CSW session; the priority-theme framework directly answers the question.,True
un,2013/a/res/67/145#7,resolution,semantic,simple,un_b,C1,q_ca2dd8ed3bbf42ae45438de8,What was the Commission on the Status of Women encouraged to consider within the framework of the priority theme for 2013?,"Encouraging the Commission on the Status of Women at its fiftyseventh session to consider the issue of trafficking in women and girls within the framework of the priority theme for 2013, ""Elimination and prevention of all forms of violence against women and girls"",",3,ok,"Identifies the CSW year/framework but omits trafficking or another source topic, leaving an overly broad agenda question.",True
un,2013/a/res/67/145#7,resolution,semantic,simple,un_b,C2,q_8a622d1f90a933f13e41d540,"Why are special measures required for women and girl victims of trafficking, according to the 20 December 2012 resolution?","Acknowledging that women and girl victims of trafficking, on account of their gender, are further disadvantaged and marginalized by a general lack of information on or awareness and recognition of their human rights and by the stigmatization often associated with trafficking, as well as by the obstacles they meet in gaining access to accurate information and recourse mechanisms in cases of violation of their rights, and that special measures are required for their protection and to increase their awareness,",5,ok,"A supported why question: the listed information barriers, stigma and difficulty accessing remedies explain the need for special measures.",True
un,2013/a/res/67/145#7,resolution,semantic,simple,un_b,C3,q_e2c9994e940af5e66532ba4d,"Why does the resolution reaffirm the importance of bilateral, subregional, regional and international cooperation mechanisms and initiatives in the 20 December 2012 resolution?","Reaffirming the importance of bilateral, subregional, regional and international cooperation mechanisms and initiatives, including information exchanges on best practices, of Governments and intergovernmental and nongovernmental organizations to address the problem of trafficking in persons, especially women and children,",3,minor,The date is present but the trafficking issue is omitted and the long list of cooperation levels dominates the wording. The answer gives a broad purpose rather than an explanatory rationale.,True
un,2013/a/res/67/199#12,resolution,lookup,revised,un_b,A1,q_8b5b3d20149bef1f97d271e2,Why does the General Assembly resolution adopted on 21 December 2012 emphasize debt sustainability in relation to development goals?,"debt sustainability is essential for underpinning growth, underlining in this regard the importance of debt sustainability and effective debt management to the efforts to achieve national development goals, including the Millennium Development Goals",5,ok,"A specific, dated General Assembly question about the development rationale; the answer explains the importance for growth and national goals.",False
un,2013/a/res/67/199#12,resolution,lookup,revised,un_b,A2,q_7b0174ae24ea8a6ffbff0eeb,"What objectives does the General Assembly resolution adopted on 21 December 2012 identify for national, regional and international efforts addressing the financial crisis?","to ensure a full return to growth with quality jobs, to reform and strengthen financial systems and to create strong, sustainable and balanced global growth",5,ok,"Asks for objectives, exactly the information paragraph 26 supplies, without implying named initiatives.",False
un,2013/a/res/67/199#12,resolution,lookup,revised,un_b,A3,q_cb3c495f5341fb7ec706a9f5,What reform-related response to the financial crisis does the General Assembly resolution adopted on 21 December 2012 encourage?,"continued open, inclusive and transparent dialogue",5,ok,"A bounded question about the encouraged reform response; continued open, inclusive and transparent dialogue directly resolves it.",False
un,2013/a/res/67/199#12,resolution,lookup,simple,un_b,B1,q_24b284c8144582e3537790e2,"In the General Assembly resolution adopted on 21 December 2012, what reform need and dialogue does it identify in response to the financial and economic crisis?","Stresses that the financial and economic crisis has highlighted the need for reform as well as added new impetus to ongoing international discussions on the reform of the international financial system and architecture, including on issues related to mandate, scope, governance, responsiveness and development orientation, as appropriate, and in this regard encourages continued open, inclusive and transparent dialogue;",4,ok,"Correctly links reform and dialogue, though the generic what-reform-need formulation is broader and less economical than a single focused ask.",False
un,2013/a/res/67/199#12,resolution,lookup,simple,un_b,B2,q_ad3780d0aeaca4f9d3a24312,"In the General Assembly resolution adopted on 21 December 2012, what does it emphasize about debt sustainability and acknowledge about sovereign debt crises?","Also emphasizes that debt sustainability is essential for underpinning growth, underlining in this regard the importance of debt sustainability and effective debt management to the efforts to achieve national development goals, including the Millennium Development Goals, and acknowledges that sovereign debt crises tend to be costly and disruptive, including for employment and productive investments, and tend to be followed by cuts in public spending, including on health and education, affecting, in particular, the poor and vulnerable;",4,ok,"The debt topics and date are clear; the two reporting verbs create a broad paragraph-summary request, but both related parts are answerable.",False
un,2013/a/res/67/199#12,resolution,lookup,simple,un_b,B3,q_0ffbc3dddb7c9df3a2776a4c,"In the General Assembly resolution adopted on 21 December 2012, what national, regional and international efforts does it note and for what aims?","Notes the important efforts undertaken nationally, regionally and internationally to respond to the challenges posed by the financial and economic crisis in order to ensure a full return to growth with quality jobs, to reform and strengthen financial systems and to create strong, sustainable and balanced global growth;",2,major,"What efforts and for what aims gives no substantive issue in the question, and the source identifies no particular national/regional/international efforts; it only states their general aims.",False
un,2013/a/res/67/199#12,resolution,practitioner,revised,un_b,A1,q_d7a8c0c665aa6823890d6149,What consequences did the 21 December 2012 resolution associate with sovereign debt crises?,"sovereign debt crises tend to be costly and disruptive, including for employment and productive investments, and tend to be followed by cuts in public spending, including on health and education, affecting, in particular, the poor and vulnerable",5,ok,Asks for the expressly stated consequences of sovereign debt crises and identifies the dated resolution; this is a coherent and useful policy need.,False
un,2013/a/res/67/199#12,resolution,practitioner,revised,un_b,A2,q_f113fa9a5b3b844cdc40d96a,What objectives were identified for efforts responding to the financial and economic crisis in the 21 December 2012 resolution?,"to ensure a full return to growth with quality jobs, to reform and strengthen financial systems and to create strong, sustainable and balanced global growth",5,ok,The dated financial-crisis question asks only the objectives that paragraph 26 actually provides.,False
un,2013/a/res/67/199#12,resolution,practitioner,revised,un_b,A3,q_f25c380bc6654c692804f67a,What issues did the 21 December 2012 resolution associate with reform of the international financial system and architecture?,"mandate, scope, governance, responsiveness and development orientation, as appropriate",5,ok,Specifies the financial-system reform domain and asks for the listed issues rather than unspecified implementation measures.,False
un,2013/a/res/67/199#12,resolution,practitioner,simple,un_b,C1,q_7a7251d37281850a1e57b864,"What nationally, regionally and internationally undertaken efforts does the 21 December 2012 resolution note, and what outcomes do they seek?","Notes the important efforts undertaken nationally, regionally and internationally to respond to the challenges posed by the financial and economic crisis in order to ensure a full return to growth with quality jobs, to reform and strengthen financial systems and to create strong, sustainable and balanced global growth;",2,major,"The question omits the financial-crisis issue and asks which efforts were undertaken, but the passage names no actual initiatives.",False
un,2013/a/res/67/199#12,resolution,practitioner,simple,un_b,C2,q_d286f3fc777042d1565d8d47,"In the resolution adopted on 21 December 2012, what is said to be essential for underpinning growth, and what consequences are associated with sovereign debt crises?","Also emphasizes that debt sustainability is essential for underpinning growth, underlining in this regard the importance of debt sustainability and effective debt management to the efforts to achieve national development goals, including the Millennium Development Goals, and acknowledges that sovereign debt crises tend to be costly and disruptive, including for employment and productive investments, and tend to be followed by cuts in public spending, including on health and education, affecting, in particular, the poor and vulnerable;",4,ok,Debt-crisis consequences are useful and supported. It bundles a separate what-underpins-growth extraction into the same broad paragraph request.,False
un,2013/a/res/67/199#12,resolution,practitioner,simple,un_b,C3,q_5104e2d15df75156972d6b2f,How does the resolution adopted on 21 December 2012 describe the reform needs highlighted by the crisis and the dialogue it encourages?,"Stresses that the financial and economic crisis has highlighted the need for reform as well as added new impetus to ongoing international discussions on the reform of the international financial system and architecture, including on issues related to mandate, scope, governance, responsiveness and development orientation, as appropriate, and in this regard encourages continued open, inclusive and transparent dialogue;",3,ok,The crisis is unnamed and the issuing body/topic is not otherwise clear; a reader needs meaningful additional context to know which reform needs are being asked about.,False
un,2013/a/res/67/199#12,resolution,semantic,revised,un_b,A1,q_fa89f15ebd637b6f184d3b29,How did the financial and economic crisis shape calls for reform of the international financial system in December 2012?,"Stresses that the financial and economic crisis has highlighted the need for reform as well as added new impetus to ongoing international discussions on the reform of the international financial system and architecture, including on issues related to mandate, scope, governance, responsiveness and development orientation, as appropriate, and in this regard encourages continued open, inclusive and transparent dialogue;",4,ok,A meaningful conceptual question about crisis-driven financial reform. Naming the General Assembly would better distinguish its stated assessment from an unrestricted historical explanation.,True
un,2013/a/res/67/199#12,resolution,semantic,revised,un_b,A2,q_ffb125f3725a8bb55900b17e,What objectives were associated with efforts to address the financial and economic crisis in the General Assembly's 21 December 2012 resolution?,"Notes the important efforts undertaken nationally, regionally and internationally to respond to the challenges posed by the financial and economic crisis in order to ensure a full return to growth with quality jobs, to reform and strengthen financial systems and to create strong, sustainable and balanced global growth;",5,ok,"Explicitly asks the General Assembly resolution for crisis-response objectives, a fully supported relation.",True
un,2013/a/res/67/199#12,resolution,semantic,revised,un_b,A3,q_db630e82142135c62669faff,What consequences of sovereign debt crises did the General Assembly identify on 21 December 2012?,"Also emphasizes that debt sustainability is essential for underpinning growth, underlining in this regard the importance of debt sustainability and effective debt management to the efforts to achieve national development goals, including the Millennium Development Goals, and acknowledges that sovereign debt crises tend to be costly and disruptive, including for employment and productive investments, and tend to be followed by cuts in public spending, including on health and education, affecting, in particular, the poor and vulnerable;",5,minor,Clearly asks for the General Assembly assessment of debt-crisis consequences on a specific date. The answer includes an unnecessary lead-in about debt sustainability but supplies the consequences.,True
un,2013/a/res/67/199#12,resolution,semantic,original,un_b,B1,q_e6c6d5d06f9539f47f2b263c,How was debt management connected to national development goals in 2012?,"the importance of debt sustainability and effective debt management to the efforts to achieve national development goals, including the Millennium Development Goals",4,ok,A legitimate relationship question: the target explicitly connects effective debt management with efforts toward national development goals. Naming the General Assembly assessment would better bound this otherwise broad 2012 question.,True
un,2013/a/res/67/199#12,resolution,semantic,original,un_b,B2,q_8102f52ba1dd46ff0620d654,"How did sovereign debt crises affect employment, investment and vulnerable people in 2012?","sovereign debt crises tend to be costly and disruptive, including for employment and productive investments, and tend to be followed by cuts in public spending, including on health and education, affecting, in particular, the poor and vulnerable",4,ok,"Clear consequences question with useful affected groups. The dated wording can imply observed 2012 effects, while the source states general tendencies in a policy assessment.",True
un,2013/a/res/67/199#12,resolution,semantic,simple,un_b,C1,q_916bed5e27726e50d52dc877,"What nationally, regionally and internationally undertaken efforts does the General Assembly note, and what outcomes are they intended to support?","Notes the important efforts undertaken nationally, regionally and internationally to respond to the challenges posed by the financial and economic crisis in order to ensure a full return to growth with quality jobs, to reform and strengthen financial systems and to create strong, sustainable and balanced global growth;",2,major,"No financial-crisis topic or episode is specified, and the source names no actual efforts to satisfy the first part of the question.",True
un,2013/a/res/67/199#12,resolution,semantic,simple,un_b,C2,q_d754958d7b119c6cdeb26b2a,"Why does the General Assembly’s 21 December 2012 resolution say that debt sustainability is essential for underpinning growth, and who is especially affected by debt crises?","Also emphasizes that debt sustainability is essential for underpinning growth, underlining in this regard the importance of debt sustainability and effective debt management to the efforts to achieve national development goals, including the Millennium Development Goals, and acknowledges that sovereign debt crises tend to be costly and disruptive, including for employment and productive investments, and tend to be followed by cuts in public spending, including on health and education, affecting, in particular, the poor and vulnerable;",4,ok,"Both growth relevance and affected groups are supported, though the two-part why/who formulation is broad and less focused than a consequences question.",True
un,2013/a/res/67/199#12,resolution,semantic,simple,un_b,C3,q_2863dad3e3aa11baaf44b915,"Amid the need for reform highlighted by the financial and economic crisis, what does the General Assembly encourage regarding dialogue on the international financial system?","Stresses that the financial and economic crisis has highlighted the need for reform as well as added new impetus to ongoing international discussions on the reform of the international financial system and architecture, including on issues related to mandate, scope, governance, responsiveness and development orientation, as appropriate, and in this regard encourages continued open, inclusive and transparent dialogue;",4,ok,The financial-system dialogue issue and General Assembly are clear; the crisis/episode remains less specific than the dated alternatives.,True
un,2004/s/res/1565_2004_#11,resolution,lookup,revised,un_b,A1,q_3bc8676203bdd4a85620c7ff,What did the Security Council demand that parties and regional Governments do regarding violations of international humanitarian law and human rights in its October 2004 resolution?,"take without delay all necessary steps to bring to justice those responsible for these violations and to ensure respect for human rights and international humanitarian law, as appropriate with relevant international assistance, as well as to guarantee the security and well-being of the civilian population",3,ok,"Parties and regional Governments are left without a country, region or MONUC reference. A Security Council month alone does not identify the violation episode.",True
un,2004/s/res/1565_2004_#11,resolution,lookup,revised,un_b,A2,q_10ae222ed65edef8e7d76cdf,What reporting action did the Security Council request from the Secretary-General for failures to comply with MONUC access demands in its October 2004 resolution?,to report without delay any failure to comply with these demands,5,ok,"A focused, dated question about the Secretary-General reporting action for MONUC access failures; the source directly answers it.",True
un,2004/s/res/1565_2004_#11,resolution,lookup,revised,un_b,A3,q_3532950d6e8fe9f97155ef0a,What did the Security Council demand concerning all parties’ cooperation with MONUC and access for United Nations personnel in its October 2004 resolution?,"that all parties cooperate fully with the operations of MONUC and that they ensure the safety of as well as unhindered and immediate access for United Nations and associated personnel in carrying out their mandate, throughout the territory of the Democratic Republic of the Congo",5,ok,"Identifies MONUC, UN personnel, the Council and date, and asks a coherent cooperation/access question.",True
un,2004/s/res/1565_2004_#11,resolution,lookup,simple,un_b,B1,q_67f2f8a4dd6cb243f79a6c08,"According to the Security Council’s resolution adopted on 1 October 2004, the resolution addressing MONUC cooperation and access, what does it demand after stating that all parties must cooperate fully with the operations of MONUC?","Demands that all parties cooperate fully with the operations of MONUC and that they ensure the safety of as well as unhindered and immediate access for United Nations and associated personnel in carrying out their mandate, throughout the territory of the Democratic Republic of the Congo, demands in particular that all parties provide full access to MONUC military observers, including in all ports, airports, airfields, military bases and border crossings, and requests the Secretary-General to report without delay any failure to comply with these demands;",3,minor,What does it demand after stating asks for text sequence rather than a clear substantive need. The repeated resolution lead-in is cumbersome; the answer repeats the already-given cooperation demand.,True
un,2004/s/res/1565_2004_#11,resolution,lookup,simple,un_b,B2,q_2726a73b9ea8b94a418a70ba,"According to the Security Council’s resolution adopted on 1 October 2004, the resolution addressing violence against civilians in the Democratic Republic of the Congo, what does it strongly condemn and demand concerning those responsible?","Strongly condemns violence and other violations of international humanitarian law and human rights, in particular those perpetrated against civilians, in the Democratic Republic of the Congo, and demands that all parties and Governments concerned in the region, including the Government of National Unity and Transition, take without delay all necessary steps to bring to justice those responsible for these violations and to ensure respect for human rights and international humanitarian law, as appropriate with relevant international assistance, as well as to guarantee the security and well-being of the civilian population;",4,ok,"The DRC, resolution date and accountability topic are clear and supported. The duplicated resolution description and combined condemnation/demand ask are unnecessarily cumbersome.",True
un,2004/s/res/1565_2004_#11,resolution,lookup,original,un_b,C1,q_d10839b6cd9684ae9f8e3ded,Where did the 2004 Security Council resolution expanding MONUC's mandate demand full access for MONUC military observers in the Democratic Republic of the Congo?,"all ports, airports, airfields, military bases and border crossings",5,ok,"A precise and useful locations question with MONUC, DRC and the relevant mandate expansion; the target lists the sites.",True
un,2004/s/res/1565_2004_#11,resolution,lookup,original,un_b,C2,q_be0e237618b0ab17e8d1cd50,When was the Secretary-General to report MONUC access failures under the 2004 Security Council resolution expanding MONUC's mandate in the Democratic Republic of the Congo?,without delay,5,ok,A concise reporting-timing question with adequate mission/country/episode context; without delay answers it.,True
un,2004/s/res/1565_2004_#11,resolution,lookup,original,un_b,C3,q_28db8326647437c8dc1ac97a,What action did the 2004 Security Council resolution expanding MONUC's mandate demand regarding those responsible for violations in the Democratic Republic of the Congo?,take without delay all necessary steps to bring to justice those responsible for these violations,4,ok,"A supported accountability question with mission, country and year. Naming the type of violations would make the issue slightly more explicit.",True
un,2004/s/res/1565_2004_#11,resolution,practitioner,revised,un_b,A1,q_9202a1bef6578bd3d3a368f5,What access to MONUC military observers and follow-up reporting did the 1 October 2004 Council decision require in the DRC?,"Demands that all parties cooperate fully with the operations of MONUC and that they ensure the safety of as well as unhindered and immediate access for United Nations and associated personnel in carrying out their mandate, throughout the territory of the Democratic Republic of the Congo, demands in particular that all parties provide full access to MONUC military observers, including in all ports, airports, airfields, military bases and border crossings, and requests the Secretary-General to report without delay any failure to comply with these demands;",3,ok,Access to MONUC military observers reverses the natural direction: the source grants access for observers to locations. Meaningful rewording is needed despite a supported reporting component.,True
un,2004/s/res/1565_2004_#11,resolution,practitioner,revised,un_b,A2,q_62f6c0aae080fea2dad95b4f,What did the 1 October 2004 Council decision demand of parties and Governments concerned in the DRC regarding violations and civilian security?,"Strongly condemns violence and other violations of international humanitarian law and human rights, in particular those perpetrated against civilians, in the Democratic Republic of the Congo, and demands that all parties and Governments concerned in the region, including the Government of National Unity and Transition, take without delay all necessary steps to bring to justice those responsible for these violations and to ensure respect for human rights and international humanitarian law, as appropriate with relevant international assistance, as well as to guarantee the security and well-being of the civilian population;",5,minor,A clear dated DRC question about duties concerning violations and civilian security. The answer includes the unasked condemnation before the actual duties.,True
un,2004/s/res/1565_2004_#11,resolution,practitioner,simple,un_b,B1,q_465d597e8fe9d2720448da4d,"On 1 October 2004, what cooperation, access, and compliance-reporting duties did Resolution 1565 impose concerning MONUC operations in the Democratic Republic of the Congo?","Demands that all parties cooperate fully with the operations of MONUC and that they ensure the safety of as well as unhindered and immediate access for United Nations and associated personnel in carrying out their mandate, throughout the territory of the Democratic Republic of the Congo, demands in particular that all parties provide full access to MONUC military observers, including in all ports, airports, airfields, military bases and border crossings, and requests the Secretary-General to report without delay any failure to comply with these demands;",5,ok,"A clear, fully identified question about the linked cooperation, access and reporting duties in a single operational mandate.",True
un,2004/s/res/1565_2004_#11,resolution,practitioner,simple,un_b,B2,q_f0887e3f953078b7be43172b,"On 1 October 2004, what did Resolution 1565 require parties and regional Governments to do after violations in the Democratic Republic of the Congo?","and demands that all parties and Governments concerned in the region, including the Government of National Unity and Transition, take without delay all necessary steps to bring to justice those responsible for these violations and to ensure respect for human rights and international humanitarian law, as appropriate with relevant international assistance, as well as to guarantee the security and well-being of the civilian population;",5,ok,"Names the resolution, date, actors and DRC, and asks the consequent duties; the extract supplies them.",True
un,2004/s/res/1565_2004_#11,resolution,practitioner,original,un_b,C1,q_e7b589dfa773d29d630afd8f,How much access were MONUC military observers to receive at border crossings in the Democratic Republic of the Congo on 1 October 2004?,full access,4,ok,The requested degree of border-crossing access is supported and well anchored. How much access is slightly less idiomatic than what access.,True
un,2004/s/res/1565_2004_#11,resolution,practitioner,original,un_b,C2,q_4209e99990283d0d8518f4f2,What action was required of regional Governments and parties regarding international humanitarian law violations in the Democratic Republic of the Congo on 1 October 2004?,take without delay all necessary steps to bring to justice those responsible for these violations,5,minor,"A useful, fully located and dated accountability question. The answer gives the justice requirement but omits the accompanying respect-for-rights and civilian-security duties.",True
un,2004/s/res/1565_2004_#11,resolution,practitioner,original,un_b,C3,q_5a407fe2fa3cb03128dfbf8d,By when was the Secretary-General required to report failures to comply with MONUC demands in the DRC on 1 October 2004?,without delay,4,ok,"Clearly asks the reporting deadline, but required strengthens the source wording requests for the Secretary-General; a small modality correction is appropriate.",True
un,2004/s/res/1565_2004_#11,resolution,semantic,revised,un_b,A1,q_d34b68b9700c8c497e017ccd,How did the Security Council address impunity for attacks on civilians in the Democratic Republic of the Congo in October 2004?,"Strongly condemns violence and other violations of international humanitarian law and human rights, in particular those perpetrated against civilians, in the Democratic Republic of the Congo, and demands that all parties and Governments concerned in the region, including the Government of National Unity and Transition, take without delay all necessary steps to bring to justice those responsible for these violations and to ensure respect for human rights and international humanitarian law, as appropriate with relevant international assistance, as well as to guarantee the security and well-being of the civilian population;",5,ok,"A natural accountability question, supported by the Council demand to bring perpetrators to justice; it does not imply prosecutions already occurred.",True
un,2004/s/res/1565_2004_#11,resolution,semantic,revised,un_b,A2,q_d70a6a4be04d688ca7b8977c,"What cooperation, safety guarantees and access did parties have to provide to MONUC across the Democratic Republic of the Congo in October 2004?","Demands that all parties cooperate fully with the operations of MONUC and that they ensure the safety of as well as unhindered and immediate access for United Nations and associated personnel in carrying out their mandate, throughout the territory of the Democratic Republic of the Congo, demands in particular that all parties provide full access to MONUC military observers, including in all ports, airports, airfields, military bases and border crossings, and requests the Secretary-General to report without delay any failure to comply with these demands;",5,minor,"A coherent functional question about cooperation, safety and access for MONUC, with country and date. The answer adds an unasked reporting request.",True
un,2004/s/res/1565_2004_#11,resolution,semantic,simple,un_b,B1,q_d26913fe97b2145ce7f0ebde,"In Resolution 1565 (adopted 1 October 2004), what must parties and Governments concerned in the region do to bring to justice those responsible for these violations?","demands that all parties and Governments concerned in the region, including the Government of National Unity and Transition, take without delay all necessary steps to bring to justice those responsible for these violations and to ensure respect for human rights and international humanitarian law, as appropriate with relevant international assistance, as well as to guarantee the security and well-being of the civilian population;",3,minor,"These violations has no antecedent in the question, and what must be done to bring perpetrators to justice invites specific steps where the source only requires all necessary steps. It largely repeats the requested accountability goal.",True
un,2004/s/res/1565_2004_#11,resolution,semantic,simple,un_b,B2,q_c3cddc0c0868db4f0d785170,"What cooperation, access, and reporting arrangements does Resolution 1565 require for MONUC operations, including full access to MONUC military observers?","Demands that all parties cooperate fully with the operations of MONUC and that they ensure the safety of as well as unhindered and immediate access for United Nations and associated personnel in carrying out their mandate, throughout the territory of the Democratic Republic of the Congo, demands in particular that all parties provide full access to MONUC military observers, including in all ports, airports, airfields, military bases and border crossings, and requests the Secretary-General to report without delay any failure to comply with these demands;",5,ok,"An identifiable, useful question about the mandate arrangements; naming full observer access leaves substantive cooperation and reporting information to be answered.",True
un,2004/s/res/1565_2004_#11,resolution,semantic,original,un_b,C1,q_a32e1a7923c7db5e292f3d63,How did the Security Council seek accountability for abuses against civilians in the Democratic Republic of the Congo in 2004?,"demands that all parties and Governments concerned in the region, including the Government of National Unity and Transition, take without delay all necessary steps to bring to justice those responsible for these violations",5,ok,"A concise, attributed accountability question with country/year; the requested justice steps are explicit.",True
un,2004/s/res/1565_2004_#11,resolution,semantic,original,un_b,C2,q_f7adce56a22a9efe6adbc44d,How were parties expected to enable MONUC's field operations throughout the Democratic Republic of the Congo in 2004?,"Demands that all parties cooperate fully with the operations of MONUC and that they ensure the safety of as well as unhindered and immediate access for United Nations and associated personnel in carrying out their mandate, throughout the territory of the Democratic Republic of the Congo",5,ok,"A well-anchored functional question whose answer supplies cooperation, safety and unhindered access, without assuming a successful implementation outcome.",True
