version,corpus,target_id,symbol,mode,is_meeting,status,generated_candidates,graded_candidates,accepted_candidates,audit_blocking_candidates,legacy_best,legacy_best_accepted,common_evaluated_candidates,common_usable_candidates,native_rank1_candidate_id,native_rank1_status,common_native_rank1,common_native_rank1_usable,common_native_rank1_missed_usable,common_best_any,common_best_any_candidate_id,common_best_any_grounding,common_best_any_answer_resolution,common_best_any_retrievability,common_best_any_information_value,common_best_any_clarity,common_best_usable,common_best_usable_candidate_id,common_best_usable_grounding,common_best_usable_answer_resolution,common_best_usable_retrievability,common_best_usable_information_value,common_best_usable_clarity,common_native_rank1_regret
baseline,un,2011/a/res/65/212#13,A/RES/65/212,lookup,False,no_candidates,0,0,0,0,,,0,0,,no_candidates,,,,,,,,,,,,,,,,,,
baseline,un,2011/a/res/65/212#13,A/RES/65/212,practitioner,False,no_candidates,0,0,0,0,,,0,0,,no_candidates,,,,,,,,,,,,,,,,,,
baseline,un,2011/a/res/65/212#13,A/RES/65/212,semantic,False,completed,3,3,0,3,29.0,,0,0,q_22a745a84a94e8f1411bdb95,rank1,,,,,,,,,,,,,,,,,,
baseline,un,2006/a/res/61/183#3,A/RES/61/183,lookup,False,completed,2,2,0,2,27.0,,0,0,q_4c1ee6995783ff3af158da71,rank1,,,,,,,,,,,,,,,,,,
baseline,un,2006/a/res/61/183#3,A/RES/61/183,practitioner,False,no_candidates,0,0,0,0,,,0,0,,no_candidates,,,,,,,,,,,,,,,,,,
baseline,un,2006/a/res/61/183#3,A/RES/61/183,semantic,False,no_candidates,0,0,0,0,,,0,0,,no_candidates,,,,,,,,,,,,,,,,,,
baseline,un,2013/a/res/67/199#12,A/RES/67/199,lookup,False,no_candidates,0,0,0,0,,,0,0,,no_candidates,,,,,,,,,,,,,,,,,,
baseline,un,2013/a/res/67/199#12,A/RES/67/199,practitioner,False,no_candidates,0,0,0,0,,,0,0,,no_candidates,,,,,,,,,,,,,,,,,,
baseline,un,2013/a/res/67/199#12,A/RES/67/199,semantic,False,completed,2,2,0,2,27.0,,0,0,q_8102f52ba1dd46ff0620d654,rank1,,,,,,,,,,,,,,,,,,
baseline,un,2011/a/res/65/263#2,A/RES/65/263,lookup,False,no_candidates,0,0,0,0,,,0,0,,no_candidates,,,,,,,,,,,,,,,,,,
baseline,un,2011/a/res/65/263#2,A/RES/65/263,practitioner,False,no_candidates,0,0,0,0,,,0,0,,no_candidates,,,,,,,,,,,,,,,,,,
baseline,un,2011/a/res/65/263#2,A/RES/65/263,semantic,False,no_candidates,0,0,0,0,,,0,0,,no_candidates,,,,,,,,,,,,,,,,,,
baseline,un,2013/a/res/68/143#7,A/RES/68/143,lookup,False,completed,1,1,1,0,33.0,33.0,0,0,q_bdc8d8981ff76ecdc8d91240,rank1,,,,,,,,,,,,,,,,,,
baseline,un,2013/a/res/68/143#7,A/RES/68/143,practitioner,False,completed,1,1,0,1,29.0,,0,0,q_ed568f33b5144ae550dacea0,rank1,,,,,,,,,,,,,,,,,,
baseline,un,2013/a/res/68/143#7,A/RES/68/143,semantic,False,completed,3,3,2,1,31.0,31.0,0,0,q_76ced922b99c56edadd9349e,rank1,,,,,,,,,,,,,,,,,,
baseline,un,2014/a/res/68/254#2,A/RES/68/254,lookup,False,completed,2,2,2,0,31.0,31.0,0,0,q_cb76f7f22bf9912ab0d0e6b5,rank1,,,,,,,,,,,,,,,,,,
baseline,un,2014/a/res/68/254#2,A/RES/68/254,practitioner,False,completed,2,2,1,1,33.0,33.0,0,0,q_f4b088c1284fb8320beb31b4,rank1,,,,,,,,,,,,,,,,,,
baseline,un,2014/a/res/68/254#2,A/RES/68/254,semantic,False,completed,1,1,0,0,29.0,,0,0,q_7248bfc240713717faaa3c1b,rank1,,,,,,,,,,,,,,,,,,
baseline,un,2001/a/res/55/114#5,A/RES/55/114,lookup,False,completed,3,3,1,1,30.0,30.0,0,0,q_ec48d448e119e709bcaa4b77,rank1,,,,,,,,,,,,,,,,,,
baseline,un,2001/a/res/55/114#5,A/RES/55/114,practitioner,False,completed,3,3,0,1,30.0,,0,0,q_eb4a3d48d21a4e8f8dda1993,rank1,,,,,,,,,,,,,,,,,,
baseline,un,2001/a/res/55/114#5,A/RES/55/114,semantic,False,completed,3,3,3,0,30.0,30.0,0,0,q_acf389053fb5646ed3e597dc,rank1,,,,,,,,,,,,,,,,,,
baseline,un,2007/a/res/62/137#12,A/RES/62/137,lookup,False,completed,1,1,0,1,25.0,,0,0,q_01aec55607b5106b2c10b347,rank1,,,,,,,,,,,,,,,,,,
baseline,un,2007/a/res/62/137#12,A/RES/62/137,practitioner,False,completed,2,2,0,2,30.0,,0,0,q_d404cfeb3b3756e1d7cf90e5,rank1,,,,,,,,,,,,,,,,,,
baseline,un,2007/a/res/62/137#12,A/RES/62/137,semantic,False,completed,1,1,0,1,30.0,,0,0,q_e4c685b129e18151e5fdd5bf,rank1,,,,,,,,,,,,,,,,,,
baseline,un,2005/a/res/60/226#3,A/RES/60/226,lookup,False,completed,3,3,3,0,31.0,31.0,0,0,q_e94aea5bdde94803bff18088,rank1,,,,,,,,,,,,,,,,,,
baseline,un,2005/a/res/60/226#3,A/RES/60/226,practitioner,False,completed,3,3,3,0,33.0,33.0,0,0,q_ca6a7d5e9a9d5d18317909e8,rank1,,,,,,,,,,,,,,,,,,
baseline,un,2005/a/res/60/226#3,A/RES/60/226,semantic,False,completed,2,2,1,0,34.0,34.0,0,0,q_66c759c753e3e31184dd1668,rank1,,,,,,,,,,,,,,,,,,
baseline,un,2013/a/res/68/18#1,A/RES/68/18,lookup,False,completed,3,3,2,1,32.0,32.0,0,0,q_3e2cd2922c05731d51a38b31,rank1,,,,,,,,,,,,,,,,,,
baseline,un,2013/a/res/68/18#1,A/RES/68/18,practitioner,False,completed,2,2,2,0,31.0,31.0,0,0,q_7f0a66b92f6e73beedb29c5a,rank1,,,,,,,,,,,,,,,,,,
baseline,un,2013/a/res/68/18#1,A/RES/68/18,semantic,False,completed,3,3,0,0,32.0,,0,0,q_081d63b23563f22cb839c941,rank1,,,,,,,,,,,,,,,,,,
baseline,un,2001/s/res/1376_2001_#2,S/RES/1376(2001),lookup,False,completed,2,2,0,1,28.0,,0,0,q_d296c9c56b375822ea52c804,rank1,,,,,,,,,,,,,,,,,,
baseline,un,2001/s/res/1376_2001_#2,S/RES/1376(2001),practitioner,False,completed,1,1,0,1,24.0,,0,0,q_48354f269ebe2e948c756994,rank1,,,,,,,,,,,,,,,,,,
baseline,un,2001/s/res/1376_2001_#2,S/RES/1376(2001),semantic,False,completed,2,2,1,1,32.0,32.0,0,0,q_82c5ddb7916535f4778311d9,rank1,,,,,,,,,,,,,,,,,,
baseline,un,2008/s/res/1806_2008_#8,S/RES/1806(2008),lookup,False,completed,3,3,3,0,32.0,32.0,0,0,q_d63f4d59a5954007868fe6f1,rank1,,,,,,,,,,,,,,,,,,
baseline,un,2008/s/res/1806_2008_#8,S/RES/1806(2008),practitioner,False,completed,2,2,0,2,28.0,,0,0,q_9e180aa1c69a6124197bb5c0,rank1,,,,,,,,,,,,,,,,,,
baseline,un,2008/s/res/1806_2008_#8,S/RES/1806(2008),semantic,False,completed,3,3,2,0,33.0,33.0,0,0,q_d6b1631b78f8c8bff6b91c90,rank1,,,,,,,,,,,,,,,,,,
baseline,un,2003/s/res/1466_2003_#3,S/RES/1466(2003),lookup,False,completed,3,3,3,0,32.0,32.0,0,0,q_1d0a21b98a57759b0b1c699a,rank1,,,,,,,,,,,,,,,,,,
baseline,un,2003/s/res/1466_2003_#3,S/RES/1466(2003),practitioner,False,completed,3,3,3,0,30.0,30.0,0,0,q_1074f3f104cb2075a091fcdc,rank1,,,,,,,,,,,,,,,,,,
baseline,un,2003/s/res/1466_2003_#3,S/RES/1466(2003),semantic,False,completed,3,3,3,0,31.0,31.0,0,0,q_7166bc24faa05b612f2f157b,rank1,,,,,,,,,,,,,,,,,,
baseline,un,2008/s/res/1845_2008_#3,S/RES/1845(2008),lookup,False,no_candidates,0,0,0,0,,,0,0,,no_candidates,,,,,,,,,,,,,,,,,,
baseline,un,2008/s/res/1845_2008_#3,S/RES/1845(2008),practitioner,False,completed,1,1,0,1,29.0,,0,0,q_c616a11598461432bda6e2c4,rank1,,,,,,,,,,,,,,,,,,
baseline,un,2008/s/res/1845_2008_#3,S/RES/1845(2008),semantic,False,completed,1,1,0,0,32.0,,0,0,q_cb9156b81e40a430d80e7dcf,rank1,,,,,,,,,,,,,,,,,,
baseline,un,2004/s/res/1565_2004_#11,S/RES/1565(2004),lookup,False,completed,3,3,0,3,33.0,,0,0,q_d10839b6cd9684ae9f8e3ded,rank1,,,,,,,,,,,,,,,,,,
baseline,un,2004/s/res/1565_2004_#11,S/RES/1565(2004),practitioner,False,completed,3,3,2,1,29.0,29.0,0,0,q_4209e99990283d0d8518f4f2,rank1,,,,,,,,,,,,,,,,,,
baseline,un,2004/s/res/1565_2004_#11,S/RES/1565(2004),semantic,False,completed,2,2,2,0,34.0,34.0,0,0,q_f7adce56a22a9efe6adbc44d,rank1,,,,,,,,,,,,,,,,,,
baseline,un,2002/a/res/56/188#8,A/RES/56/188,lookup,False,no_candidates,0,0,0,0,,,0,0,,no_candidates,,,,,,,,,,,,,,,,,,
baseline,un,2002/a/res/56/188#8,A/RES/56/188,practitioner,False,no_candidates,0,0,0,0,,,0,0,,no_candidates,,,,,,,,,,,,,,,,,,
baseline,un,2002/a/res/56/188#8,A/RES/56/188,semantic,False,completed,3,3,0,3,29.0,,0,0,q_3fa1e68921cea7246c57f856,rank1,,,,,,,,,,,,,,,,,,
baseline,un,2005/a/res/60/47#0,A/RES/60/47,lookup,False,no_candidates,0,0,0,0,,,0,0,,no_candidates,,,,,,,,,,,,,,,,,,
baseline,un,2005/a/res/60/47#0,A/RES/60/47,practitioner,False,no_candidates,0,0,0,0,,,0,0,,no_candidates,,,,,,,,,,,,,,,,,,
baseline,un,2005/a/res/60/47#0,A/RES/60/47,semantic,False,no_candidates,0,0,0,0,,,0,0,,no_candidates,,,,,,,,,,,,,,,,,,
baseline,un,2011/s/res/1988_2011_#19,S/RES/1988(2011),lookup,False,completed,3,3,2,0,32.0,29.0,0,0,q_79bfe2d6150659fd8769bb76,rank1,,,,,,,,,,,,,,,,,,
baseline,un,2011/s/res/1988_2011_#19,S/RES/1988(2011),practitioner,False,completed,3,3,1,2,29.0,29.0,0,0,q_6d8881d2fb7f619a68f69557,rank1,,,,,,,,,,,,,,,,,,
baseline,un,2011/s/res/1988_2011_#19,S/RES/1988(2011),semantic,False,completed,3,3,3,0,32.0,32.0,0,0,q_b441ad30c407c86cf3b1b2f6,rank1,,,,,,,,,,,,,,,,,,
baseline,un,2004/a/res/59/61#0,A/RES/59/61,lookup,False,no_candidates,0,0,0,0,,,0,0,,no_candidates,,,,,,,,,,,,,,,,,,
baseline,un,2004/a/res/59/61#0,A/RES/59/61,practitioner,False,no_candidates,0,0,0,0,,,0,0,,no_candidates,,,,,,,,,,,,,,,,,,
baseline,un,2004/a/res/59/61#0,A/RES/59/61,semantic,False,no_candidates,0,0,0,0,,,0,0,,no_candidates,,,,,,,,,,,,,,,,,,
baseline,un,2013/a/res/67/145#7,A/RES/67/145,lookup,False,no_candidates,0,0,0,0,,,0,0,,no_candidates,,,,,,,,,,,,,,,,,,
baseline,un,2013/a/res/67/145#7,A/RES/67/145,practitioner,False,no_candidates,0,0,0,0,,,0,0,,no_candidates,,,,,,,,,,,,,,,,,,
baseline,un,2013/a/res/67/145#7,A/RES/67/145,semantic,False,completed,2,2,0,1,30.0,,0,0,q_84fa2552f728199e55b7d522,rank1,,,,,,,,,,,,,,,,,,
baseline,un,2003/a/res/58/298#4,A/RES/58/298,lookup,False,completed,3,3,3,0,34.0,34.0,0,0,q_d8761bdfea847b45f89d8c0a,rank1,,,,,,,,,,,,,,,,,,
baseline,un,2003/a/res/58/298#4,A/RES/58/298,practitioner,False,completed,3,3,2,1,32.0,32.0,0,0,q_2abb3a8f83269924d9040526,rank1,,,,,,,,,,,,,,,,,,
baseline,un,2003/a/res/58/298#4,A/RES/58/298,semantic,False,completed,2,2,1,0,31.0,29.0,0,0,q_d7ae7c3cd323a40daa6a1a20,rank1,,,,,,,,,,,,,,,,,,
baseline,un,2003/a/res/57/300#10,A/RES/57/300,lookup,False,completed,2,2,0,1,33.0,,1,1,q_3c51eb8d20f6a1beead7334e,rank1,24.0,24.0,False,24.0,q_3c51eb8d20f6a1beead7334e,5.0,4.0,5.0,5.0,5.0,24.0,q_3c51eb8d20f6a1beead7334e,5.0,4.0,5.0,5.0,5.0,0.0
baseline,un,2003/a/res/57/300#10,A/RES/57/300,practitioner,False,completed,2,2,0,2,30.0,,0,0,q_80d490250f860c4d3a31f6e5,rank1,,,,,,,,,,,,,,,,,,
baseline,un,2003/a/res/57/300#10,A/RES/57/300,semantic,False,completed,2,2,1,0,29.0,28.0,1,1,q_69f9cee703d7761b40c1673e,rank1,22.0,22.0,False,22.0,q_69f9cee703d7761b40c1673e,5.0,5.0,4.0,4.0,4.0,22.0,q_69f9cee703d7761b40c1673e,5.0,5.0,4.0,4.0,4.0,0.0
baseline,un,2013/a/res/67/222#6,A/RES/67/222,lookup,False,no_candidates,0,0,0,0,,,0,0,,no_candidates,,,,,,,,,,,,,,,,,,
baseline,un,2013/a/res/67/222#6,A/RES/67/222,practitioner,False,no_candidates,0,0,0,0,,,0,0,,no_candidates,,,,,,,,,,,,,,,,,,
baseline,un,2013/a/res/67/222#6,A/RES/67/222,semantic,False,completed,2,2,1,1,31.0,31.0,0,0,q_3423745fc39f2b49837e52c0,rank1,,,,,,,,,,,,,,,,,,
baseline,un,2003/a/res/57/137#1,A/RES/57/137,lookup,False,completed,1,1,0,1,27.0,,0,0,q_6c72d685899e4e5cc4b230aa,rank1,,,,,,,,,,,,,,,,,,
baseline,un,2003/a/res/57/137#1,A/RES/57/137,practitioner,False,completed,1,1,0,1,27.0,,0,0,q_c353702f7dc2793634b867d3,rank1,,,,,,,,,,,,,,,,,,
baseline,un,2003/a/res/57/137#1,A/RES/57/137,semantic,False,no_candidates,0,0,0,0,,,0,0,,no_candidates,,,,,,,,,,,,,,,,,,
baseline,un,2014/s/res/2140__2014_#13,S/RES/2140(2014),lookup,False,completed,3,3,1,2,33.0,31.0,0,0,q_b47950ecc34384e0c86469c9,rank1,,,,,,,,,,,,,,,,,,
baseline,un,2014/s/res/2140__2014_#13,S/RES/2140(2014),practitioner,False,completed,3,3,2,1,30.0,30.0,0,0,q_be8d07e0fec7ea0e56e14eb5,rank1,,,,,,,,,,,,,,,,,,
baseline,un,2014/s/res/2140__2014_#13,S/RES/2140(2014),semantic,False,completed,3,3,3,0,32.0,32.0,0,0,q_29c05f90a3315dd87d568c46,rank1,,,,,,,,,,,,,,,,,,
baseline,un,2004/a/c_2/58/sr_24#18,A/C.2/58/SR.24,lookup,True,completed,3,3,2,1,29.0,27.0,0,0,q_aa68c18fae102550350f0175,rank1,,,,,,,,,,,,,,,,,,
baseline,un,2004/a/c_2/58/sr_24#18,A/C.2/58/SR.24,practitioner,True,completed,3,3,0,2,29.0,,0,0,q_0fff81b1e7794cbe072f7176,rank1,,,,,,,,,,,,,,,,,,
baseline,un,2004/a/c_2/58/sr_24#18,A/C.2/58/SR.24,semantic,True,completed,3,3,2,0,32.0,32.0,0,0,q_74d33fad6eceb36316ea560a,rank1,,,,,,,,,,,,,,,,,,
baseline,un,2008/cd/pv_1097#14,CD/PV.1097,lookup,True,completed,1,1,0,1,25.0,,0,0,q_21ed471d3ab4edd105762e33,rank1,,,,,,,,,,,,,,,,,,
baseline,un,2008/cd/pv_1097#14,CD/PV.1097,practitioner,True,completed,2,2,0,2,28.0,,0,0,q_27253980d0920d156543b0be,rank1,,,,,,,,,,,,,,,,,,
baseline,un,2008/cd/pv_1097#14,CD/PV.1097,semantic,True,completed,3,3,2,1,31.0,31.0,0,0,q_c23787fd1997da665a4f078a,rank1,,,,,,,,,,,,,,,,,,
baseline,un,2006/a/c_5/60/sr_64#14,A/C.5/60/SR.64,lookup,True,completed,3,3,1,2,30.0,30.0,0,0,q_31a099bdb2a48534806e2a16,rank1,,,,,,,,,,,,,,,,,,
baseline,un,2006/a/c_5/60/sr_64#14,A/C.5/60/SR.64,practitioner,True,completed,3,3,0,3,25.0,,0,0,q_f817a2d4662c2d732310a6da,rank1,,,,,,,,,,,,,,,,,,
baseline,un,2006/a/c_5/60/sr_64#14,A/C.5/60/SR.64,semantic,True,completed,3,3,2,1,32.0,32.0,0,0,q_516f2fcfce4a2ed35aafb2c4,rank1,,,,,,,,,,,,,,,,,,
baseline,un,2001/cedaw/c/sr_451#4,CEDAW/C/SR.451,lookup,True,completed,2,2,0,1,31.0,,0,0,q_c6a3c244849b6bd0fa36608d,rank1,,,,,,,,,,,,,,,,,,
baseline,un,2001/cedaw/c/sr_451#4,CEDAW/C/SR.451,practitioner,True,completed,3,3,1,2,34.0,34.0,0,0,q_c508845f1ed1c125f3311ba2,rank1,,,,,,,,,,,,,,,,,,
baseline,un,2001/cedaw/c/sr_451#4,CEDAW/C/SR.451,semantic,True,completed,2,2,0,1,24.0,,0,0,q_b29022ff2095f785399463ea,rank1,,,,,,,,,,,,,,,,,,
baseline,un,2008/a/ac_109/2008/sr_2#1,A/AC.109/2008/SR.2,lookup,True,completed,3,3,3,0,33.0,33.0,0,0,q_3fcf76ebc93325ca7e40571d,rank1,,,,,,,,,,,,,,,,,,
baseline,un,2008/a/ac_109/2008/sr_2#1,A/AC.109/2008/SR.2,practitioner,True,completed,3,3,3,0,33.0,33.0,0,0,q_ae3b40f116f6d664a7cacd3f,rank1,,,,,,,,,,,,,,,,,,
baseline,un,2008/a/ac_109/2008/sr_2#1,A/AC.109/2008/SR.2,semantic,True,completed,2,2,0,2,29.0,,0,0,q_f01ab75b75d3be84204e85b5,rank1,,,,,,,,,,,,,,,,,,
baseline,un,2010/ccpr/c/sr_2695#25,CCPR/C/SR.2695,lookup,True,completed,2,2,0,2,24.0,,0,0,q_ac123703e355ef5b76358d4f,rank1,,,,,,,,,,,,,,,,,,
baseline,un,2010/ccpr/c/sr_2695#25,CCPR/C/SR.2695,practitioner,True,completed,2,2,0,2,25.0,,0,0,q_a1239c01971b70bd5c6a4488,rank1,,,,,,,,,,,,,,,,,,
baseline,un,2010/ccpr/c/sr_2695#25,CCPR/C/SR.2695,semantic,True,completed,1,1,0,0,29.0,,0,0,q_cc3d5f5bc50231474f41453b,rank1,,,,,,,,,,,,,,,,,,
baseline,un,2007/gc_12/c_1/sr_1#10,GC.12/C.1/SR.1,lookup,True,no_candidates,0,0,0,0,,,0,0,,no_candidates,,,,,,,,,,,,,,,,,,
baseline,un,2007/gc_12/c_1/sr_1#10,GC.12/C.1/SR.1,practitioner,True,completed,2,2,0,2,26.0,,0,0,q_0569d21e0332cb31bac20191,rank1,,,,,,,,,,,,,,,,,,
baseline,un,2007/gc_12/c_1/sr_1#10,GC.12/C.1/SR.1,semantic,True,completed,2,2,2,0,32.0,32.0,0,0,q_9315369173b771e117dc87f5,rank1,,,,,,,,,,,,,,,,,,
baseline,un,2006/cedaw/c/sr_724#18,CEDAW/C/SR.724,lookup,True,completed,1,1,1,0,28.0,28.0,0,0,q_67a2f32946b0877bd7c8d982,rank1,,,,,,,,,,,,,,,,,,
baseline,un,2006/cedaw/c/sr_724#18,CEDAW/C/SR.724,practitioner,True,completed,1,1,0,1,28.0,,0,0,q_ff9deb141b1de15adc4f886d,rank1,,,,,,,,,,,,,,,,,,
baseline,un,2006/cedaw/c/sr_724#18,CEDAW/C/SR.724,semantic,True,no_candidates,0,0,0,0,,,0,0,,no_candidates,,,,,,,,,,,,,,,,,,
baseline,un,2005/cd/pv_983#13,CD/PV.983,lookup,True,completed,1,1,0,1,25.0,,0,0,q_f3c8a5d014394df829afdfb7,rank1,,,,,,,,,,,,,,,,,,
baseline,un,2005/cd/pv_983#13,CD/PV.983,practitioner,True,no_candidates,0,0,0,0,,,0,0,,no_candidates,,,,,,,,,,,,,,,,,,
baseline,un,2005/cd/pv_983#13,CD/PV.983,semantic,True,completed,1,1,0,0,29.0,,0,0,q_0a1ca420b3f6995f833bcf96,rank1,,,,,,,,,,,,,,,,,,
baseline,un,1998/gc_7/c_1/sr_5#16,GC.7/C.1/SR.5,lookup,True,completed,3,3,0,3,29.0,,0,0,q_32ea4576954ea987a48a6c65,rank1,,,,,,,,,,,,,,,,,,
baseline,un,1998/gc_7/c_1/sr_5#16,GC.7/C.1/SR.5,practitioner,True,completed,3,3,2,0,32.0,32.0,0,0,q_36616a51449ebb10fa7dcf52,rank1,,,,,,,,,,,,,,,,,,
baseline,un,1998/gc_7/c_1/sr_5#16,GC.7/C.1/SR.5,semantic,True,completed,2,2,0,2,30.0,,0,0,q_022ff60261a4c489eaed7dbd,rank1,,,,,,,,,,,,,,,,,,
baseline,un,2006/ccw/conf_iii/sr_2#8,CCW/CONF.III/SR.2,lookup,True,completed,1,1,0,1,26.0,,0,0,q_465351697b42000f95a12d01,rank1,,,,,,,,,,,,,,,,,,
baseline,un,2006/ccw/conf_iii/sr_2#8,CCW/CONF.III/SR.2,practitioner,True,no_candidates,0,0,0,0,,,0,0,,no_candidates,,,,,,,,,,,,,,,,,,
baseline,un,2006/ccw/conf_iii/sr_2#8,CCW/CONF.III/SR.2,semantic,True,completed,3,3,1,2,29.0,29.0,0,0,q_e0d317b6af8b1df75b0b23c7,rank1,,,,,,,,,,,,,,,,,,
baseline,un,2001/cd/pv_880#1,CD/PV.880,lookup,True,completed,2,2,0,2,26.0,,0,0,q_219a27d08001af886fffb6d6,rank1,,,,,,,,,,,,,,,,,,
baseline,un,2001/cd/pv_880#1,CD/PV.880,practitioner,True,no_candidates,0,0,0,0,,,0,0,,no_candidates,,,,,,,,,,,,,,,,,,
baseline,un,2001/cd/pv_880#1,CD/PV.880,semantic,True,completed,2,2,2,0,30.0,30.0,1,1,q_f87a08d5485203df648806d5,rank1,19.0,19.0,False,19.0,q_f87a08d5485203df648806d5,4.0,4.0,3.0,4.0,4.0,19.0,q_f87a08d5485203df648806d5,4.0,4.0,3.0,4.0,4.0,0.0
baseline,un,2010/a/cn_9/sr_917#10,A/CN.9/SR.917,lookup,True,completed,3,3,0,1,29.0,,0,0,q_27d805a0036c526c98eb0238,rank1,,,,,,,,,,,,,,,,,,
baseline,un,2010/a/cn_9/sr_917#10,A/CN.9/SR.917,practitioner,True,no_candidates,0,0,0,0,,,0,0,,no_candidates,,,,,,,,,,,,,,,,,,
baseline,un,2010/a/cn_9/sr_917#10,A/CN.9/SR.917,semantic,True,completed,2,2,2,0,32.0,32.0,0,0,q_a3af9629f7b966a3e5f2d21b,rank1,,,,,,,,,,,,,,,,,,
baseline,un,2003/a/58/pv_1#15,A/58/PV.1,lookup,True,completed,1,1,0,1,26.0,,0,0,q_c6abcc40696e37e17e808ebd,rank1,,,,,,,,,,,,,,,,,,
baseline,un,2003/a/58/pv_1#15,A/58/PV.1,practitioner,True,no_candidates,0,0,0,0,,,0,0,,no_candidates,,,,,,,,,,,,,,,,,,
baseline,un,2003/a/58/pv_1#15,A/58/PV.1,semantic,True,completed,2,2,0,2,28.0,,0,0,q_26c806f9aab9a1300c083614,rank1,,,,,,,,,,,,,,,,,,
baseline,un,2007/cedaw/c/sr_770_b_#18,CEDAW/C/SR(770.B),lookup,True,completed,3,3,1,2,30.0,30.0,0,0,q_41113f9be1acd97d5514432f,rank1,,,,,,,,,,,,,,,,,,
baseline,un,2007/cedaw/c/sr_770_b_#18,CEDAW/C/SR(770.B),practitioner,True,completed,3,3,0,3,29.0,,0,0,q_64cd9c076ecf03a19fa6ff0b,rank1,,,,,,,,,,,,,,,,,,
baseline,un,2007/cedaw/c/sr_770_b_#18,CEDAW/C/SR(770.B),semantic,True,completed,3,3,3,0,33.0,33.0,0,0,q_f4a009139187a8be11fa54a6,rank1,,,,,,,,,,,,,,,,,,
baseline,un,2002/a/c_4/57/sr_18#15,A/C.4/57/SR.18,lookup,True,completed,3,3,3,0,30.0,30.0,0,0,q_6d30aa2d891883e54d815f76,rank1,,,,,,,,,,,,,,,,,,
baseline,un,2002/a/c_4/57/sr_18#15,A/C.4/57/SR.18,practitioner,True,completed,2,2,0,2,28.0,,0,0,q_11a729f858bb6e607b926ecf,rank1,,,,,,,,,,,,,,,,,,
baseline,un,2002/a/c_4/57/sr_18#15,A/C.4/57/SR.18,semantic,True,completed,3,3,2,0,33.0,33.0,0,0,q_47aead75a10dc78c04943292,rank1,,,,,,,,,,,,,,,,,,
baseline,un,2007/cedaw/c/sr_778#5,CEDAW/C/SR.778,lookup,True,completed,3,3,1,2,28.0,27.0,0,0,q_1e954714fae86db876c4bda2,rank1,,,,,,,,,,,,,,,,,,
baseline,un,2007/cedaw/c/sr_778#5,CEDAW/C/SR.778,practitioner,True,completed,3,3,0,3,29.0,,0,0,q_a200d664826539303a4312ab,rank1,,,,,,,,,,,,,,,,,,
baseline,un,2007/cedaw/c/sr_778#5,CEDAW/C/SR.778,semantic,True,completed,3,3,3,0,32.0,32.0,0,0,q_2305bbf44f644665d1c9736d,rank1,,,,,,,,,,,,,,,,,,
baseline,un,2000/cd/pv_841#11,CD/PV.841,lookup,True,completed,2,2,1,1,30.0,25.0,0,0,q_6162e4dfb23d87d3a7cc6d20,rank1,,,,,,,,,,,,,,,,,,
baseline,un,2000/cd/pv_841#11,CD/PV.841,practitioner,True,completed,2,2,0,2,28.0,,0,0,q_2daf7c750ce7d62d29109d8a,rank1,,,,,,,,,,,,,,,,,,
baseline,un,2000/cd/pv_841#11,CD/PV.841,semantic,True,completed,2,2,1,1,32.0,32.0,1,0,q_2eee48df73dc3e351ecc903f,rank1,20.0,,False,20.0,q_2eee48df73dc3e351ecc903f,4.0,3.0,4.0,4.0,5.0,,,,,,,,0.0
baseline,un,1999/cedaw/c/sr_434#16,CEDAW/C/SR.434,lookup,True,completed,3,3,0,2,29.0,,0,0,q_e6cd8729927170dd414ffeb5,rank1,,,,,,,,,,,,,,,,,,
baseline,un,1999/cedaw/c/sr_434#16,CEDAW/C/SR.434,practitioner,True,completed,2,2,0,2,24.0,,0,0,q_b738cdc8418f9b9cc0ce0d69,rank1,,,,,,,,,,,,,,,,,,
baseline,un,1999/cedaw/c/sr_434#16,CEDAW/C/SR.434,semantic,True,completed,1,1,0,1,30.0,,0,0,q_50a1d638dd80bdc4dc0ec5ee,rank1,,,,,,,,,,,,,,,,,,
baseline,un,2009/a/ac_109/2009/sr_7#4,A/AC.109/2009/SR.7,lookup,True,completed,2,2,0,2,29.0,,0,0,q_8d9708cf96c881b5364f55e3,rank1,,,,,,,,,,,,,,,,,,
baseline,un,2009/a/ac_109/2009/sr_7#4,A/AC.109/2009/SR.7,practitioner,True,completed,2,2,0,2,29.0,,0,0,q_97f7c363f6adeb0dc533587b,rank1,,,,,,,,,,,,,,,,,,
baseline,un,2009/a/ac_109/2009/sr_7#4,A/AC.109/2009/SR.7,semantic,True,completed,3,3,1,1,30.0,29.0,0,0,q_18f18c6a8e3ad65d3deffa57,rank1,,,,,,,,,,,,,,,,,,
baseline,un,2008/s/2008/774#11,S/2008/774,lookup,False,completed,2,2,2,0,28.0,28.0,0,0,q_c641f6000dfe5ac19b39c846,rank1,,,,,,,,,,,,,,,,,,
baseline,un,2008/s/2008/774#11,S/2008/774,practitioner,False,completed,2,2,0,2,31.0,,0,0,q_2789dad545e2e5f11a2cfd97,rank1,,,,,,,,,,,,,,,,,,
baseline,un,2008/s/2008/774#11,S/2008/774,semantic,False,completed,3,3,3,0,33.0,33.0,0,0,q_bc2136af89c4fa8f7be709e2,rank1,,,,,,,,,,,,,,,,,,
baseline,un,2012/s/2012/718#7,S/2012/718,lookup,False,completed,1,1,1,0,30.0,30.0,0,0,q_a9439b12f8362d949b1dc909,rank1,,,,,,,,,,,,,,,,,,
baseline,un,2012/s/2012/718#7,S/2012/718,practitioner,False,completed,3,3,0,3,29.0,,0,0,q_24486705845a0d5092d555f0,rank1,,,,,,,,,,,,,,,,,,
baseline,un,2012/s/2012/718#7,S/2012/718,semantic,False,completed,3,3,2,0,31.0,31.0,0,0,q_3aeadc20cdeec283be3e6af8,rank1,,,,,,,,,,,,,,,,,,
baseline,un,1998/s/1998/458#1,S/1998/458,lookup,False,completed,1,1,0,1,26.0,,0,0,q_3564db93f63b0a260c15df8c,rank1,,,,,,,,,,,,,,,,,,
baseline,un,1998/s/1998/458#1,S/1998/458,practitioner,False,completed,1,1,0,1,26.0,,0,0,q_a7b2b4bb02687f9e4304eb64,rank1,,,,,,,,,,,,,,,,,,
baseline,un,1998/s/1998/458#1,S/1998/458,semantic,False,completed,3,3,2,0,33.0,33.0,0,0,q_f24cb0b6a3c63dd1a753ef1f,rank1,,,,,,,,,,,,,,,,,,
baseline,un,2004/s/2004/505#15,S/2004/505,lookup,False,completed,3,3,1,2,31.0,31.0,0,0,q_ced0e9c6b98da98787f044f4,rank1,,,,,,,,,,,,,,,,,,
baseline,un,2004/s/2004/505#15,S/2004/505,practitioner,False,completed,2,2,1,1,31.0,31.0,0,0,q_02c35f2dbd505a5f5b966e6b,rank1,,,,,,,,,,,,,,,,,,
baseline,un,2004/s/2004/505#15,S/2004/505,semantic,False,completed,2,2,1,0,31.0,31.0,0,0,q_56302d6971fab93560b3b34a,rank1,,,,,,,,,,,,,,,,,,
baseline,un,2004/s/2004/674#6,S/2004/674,lookup,False,no_candidates,0,0,0,0,,,0,0,,no_candidates,,,,,,,,,,,,,,,,,,
baseline,un,2004/s/2004/674#6,S/2004/674,practitioner,False,no_candidates,0,0,0,0,,,0,0,,no_candidates,,,,,,,,,,,,,,,,,,
baseline,un,2004/s/2004/674#6,S/2004/674,semantic,False,completed,1,1,0,0,31.0,,0,0,q_414c069737e0ca8e635163a1,rank1,,,,,,,,,,,,,,,,,,
baseline,eurlex,http://data.europa.eu/eli/dir/2010/42/art_2/oj,32010L0042,fact_pattern,False,no_candidates,0,0,0,0,,,0,0,,no_candidates,,,,,,,,,,,,,,,,,,
baseline,eurlex,http://data.europa.eu/eli/dir/2010/42/art_2/oj,32010L0042,lookup,False,no_candidates,0,0,0,0,,,0,0,,no_candidates,,,,,,,,,,,,,,,,,,
baseline,eurlex,http://data.europa.eu/eli/reg/2014/910/art_41/oj,32014R0910,fact_pattern,False,completed,3,3,2,0,34.0,34.0,2,2,q_78ec26da6b94870328cb358a,rank1,24.0,24.0,False,24.0,q_8028cebdb39bb073d57147bd,5.0,5.0,4.0,5.0,5.0,24.0,q_8028cebdb39bb073d57147bd,5.0,5.0,4.0,5.0,5.0,0.0
baseline,eurlex,http://data.europa.eu/eli/reg/2014/910/art_41/oj,32014R0910,lookup,False,completed,3,3,3,0,36.0,36.0,1,1,q_95f8c256364efb8cd413a672,rank1,,,,23.0,q_782e24defa4222ee03cb14d3,5.0,5.0,4.0,4.0,5.0,23.0,q_782e24defa4222ee03cb14d3,5.0,5.0,4.0,4.0,5.0,
baseline,eurlex,http://data.europa.eu/eli/reg/2011/1043/art_1/oj,32011R1043,fact_pattern,False,completed,3,3,3,0,36.0,36.0,3,3,q_e5590670e9f742d81fb087dd,rank1,22.0,22.0,False,22.0,q_eb016048c0ef23d3cb5a3add,4.0,4.0,4.0,5.0,5.0,22.0,q_eb016048c0ef23d3cb5a3add,4.0,4.0,4.0,5.0,5.0,0.0
baseline,eurlex,http://data.europa.eu/eli/reg/2011/1043/art_1/oj,32011R1043,lookup,False,completed,3,3,3,0,37.0,37.0,3,3,q_2b1c722a511f47b3ffc0bc04,rank1,22.0,22.0,False,24.0,q_9a2e850be3ffb02fb3af3d4a,5.0,4.0,5.0,5.0,5.0,24.0,q_9a2e850be3ffb02fb3af3d4a,5.0,4.0,5.0,5.0,5.0,2.0
baseline,eurlex,http://data.europa.eu/eli/dir/2011/81/art_2/oj,32011L0081,fact_pattern,False,no_candidates,0,0,0,0,,,0,0,,no_candidates,,,,,,,,,,,,,,,,,,
baseline,eurlex,http://data.europa.eu/eli/dir/2011/81/art_2/oj,32011L0081,lookup,False,no_candidates,0,0,0,0,,,0,0,,no_candidates,,,,,,,,,,,,,,,,,,
baseline,eurlex,http://data.europa.eu/eli/dir/2006/28/art_3/oj,32006L0028,fact_pattern,False,no_candidates,0,0,0,0,,,0,0,,no_candidates,,,,,,,,,,,,,,,,,,
baseline,eurlex,http://data.europa.eu/eli/dir/2006/28/art_3/oj,32006L0028,lookup,False,no_candidates,0,0,0,0,,,0,0,,no_candidates,,,,,,,,,,,,,,,,,,
baseline,eurlex,http://data.europa.eu/eli/reg/2011/1077/art_14/oj,32011R1077,fact_pattern,False,completed,3,3,1,2,32.0,32.0,1,1,q_aed41aa6e0e5203e8c4c21d6,rank1,21.0,21.0,False,21.0,q_aed41aa6e0e5203e8c4c21d6,5.0,5.0,3.0,4.0,4.0,21.0,q_aed41aa6e0e5203e8c4c21d6,5.0,5.0,3.0,4.0,4.0,0.0
baseline,eurlex,http://data.europa.eu/eli/reg/2011/1077/art_14/oj,32011R1077,lookup,False,completed,3,3,3,0,38.0,38.0,1,1,q_89d315305c9dda17744a30d8,rank1,,,,23.0,q_e4a933bc67deb2ea3149d0e0,5.0,4.0,5.0,4.0,5.0,23.0,q_e4a933bc67deb2ea3149d0e0,5.0,4.0,5.0,4.0,5.0,
baseline,eurlex,http://data.europa.eu/eli/reg/2011/1173/art_13/oj,32011R1173,fact_pattern,False,no_candidates,0,0,0,0,,,0,0,,no_candidates,,,,,,,,,,,,,,,,,,
baseline,eurlex,http://data.europa.eu/eli/reg/2011/1173/art_13/oj,32011R1173,lookup,False,no_candidates,0,0,0,0,,,0,0,,no_candidates,,,,,,,,,,,,,,,,,,
baseline,eurlex,http://data.europa.eu/eli/reg/2005/1651/art_4/oj,32005R1651,fact_pattern,False,completed,3,3,2,1,33.0,33.0,3,2,q_e5e7130453731eb953d4b1c5,rank1,23.0,23.0,False,23.0,q_e5e7130453731eb953d4b1c5,5.0,5.0,3.0,5.0,5.0,23.0,q_e5e7130453731eb953d4b1c5,5.0,5.0,3.0,5.0,5.0,0.0
baseline,eurlex,http://data.europa.eu/eli/reg/2005/1651/art_4/oj,32005R1651,lookup,False,completed,3,3,3,0,36.0,36.0,3,3,q_9bea220add45e724d9c09585,rank1,25.0,25.0,False,25.0,q_ccbabbffa6b1d97b6402060a,5.0,5.0,5.0,5.0,5.0,25.0,q_ccbabbffa6b1d97b6402060a,5.0,5.0,5.0,5.0,5.0,0.0
baseline,eurlex,http://data.europa.eu/eli/reg/2010/1031/art_48/oj,32010R1031,fact_pattern,False,completed,2,2,1,0,31.0,31.0,0,0,q_26af7d5909a732648bbac549,rank1,,,,,,,,,,,,,,,,,,
baseline,eurlex,http://data.europa.eu/eli/reg/2010/1031/art_48/oj,32010R1031,lookup,False,completed,2,2,2,0,35.0,35.0,1,1,q_c402f3b7c825c41027988365,rank1,,,,21.0,q_96db71273e55c8f91ba9d22e,5.0,4.0,4.0,4.0,4.0,21.0,q_96db71273e55c8f91ba9d22e,5.0,4.0,4.0,4.0,4.0,
baseline,eurlex,http://data.europa.eu/eli/dir/2006/60/art_2/oj,32006L0060,fact_pattern,False,no_candidates,0,0,0,0,,,0,0,,no_candidates,,,,,,,,,,,,,,,,,,
baseline,eurlex,http://data.europa.eu/eli/dir/2006/60/art_2/oj,32006L0060,lookup,False,no_candidates,0,0,0,0,,,0,0,,no_candidates,,,,,,,,,,,,,,,,,,
baseline,eurlex,http://data.europa.eu/eli/reg/2014/312/art_16/oj,32014R0312,fact_pattern,False,completed,3,3,0,0,35.0,,0,0,q_31b92fd58c21beb250f9d23f,rank1,,,,,,,,,,,,,,,,,,
baseline,eurlex,http://data.europa.eu/eli/reg/2014/312/art_16/oj,32014R0312,lookup,False,completed,3,3,0,1,34.0,,0,0,q_ecef296833a9e592eb54a0d2,rank1,,,,,,,,,,,,,,,,,,
baseline,eurlex,http://data.europa.eu/eli/reg/2014/165/art_23/oj,32014R0165,fact_pattern,False,completed,3,3,2,0,36.0,36.0,3,3,q_cc6dba2668f97ecab5a328a8,rank1,23.0,23.0,False,23.0,q_cc6dba2668f97ecab5a328a8,5.0,5.0,4.0,4.0,5.0,23.0,q_cc6dba2668f97ecab5a328a8,5.0,5.0,4.0,4.0,5.0,0.0
baseline,eurlex,http://data.europa.eu/eli/reg/2014/165/art_23/oj,32014R0165,lookup,False,completed,3,3,3,0,37.0,37.0,2,2,q_b4af50af992ca662f8e24694,rank1,23.0,23.0,False,23.0,q_b69ff7c69372801512ca625d,5.0,5.0,4.0,4.0,5.0,23.0,q_b69ff7c69372801512ca625d,5.0,5.0,4.0,4.0,5.0,0.0
baseline,eurlex,http://data.europa.eu/eli/reg/2011/492/art_17/oj,32011R0492,fact_pattern,False,no_candidates,0,0,0,0,,,0,0,,no_candidates,,,,,,,,,,,,,,,,,,
baseline,eurlex,http://data.europa.eu/eli/reg/2011/492/art_17/oj,32011R0492,lookup,False,completed,3,3,2,1,36.0,36.0,1,1,q_3f4bc405921d05b57665889e,rank1,,,,18.0,q_676453fca063cf5830676393,4.0,4.0,3.0,4.0,3.0,18.0,q_676453fca063cf5830676393,4.0,4.0,3.0,4.0,3.0,
baseline,eurlex,http://data.europa.eu/eli/dir/2005/86/art_2/oj,32005L0086,fact_pattern,False,no_candidates,0,0,0,0,,,0,0,,no_candidates,,,,,,,,,,,,,,,,,,
baseline,eurlex,http://data.europa.eu/eli/dir/2005/86/art_2/oj,32005L0086,lookup,False,no_candidates,0,0,0,0,,,0,0,,no_candidates,,,,,,,,,,,,,,,,,,
baseline,eurlex,http://data.europa.eu/eli/reg/2012/966/art_56/oj,32012R0966,fact_pattern,False,no_candidates,0,0,0,0,,,0,0,,no_candidates,,,,,,,,,,,,,,,,,,
baseline,eurlex,http://data.europa.eu/eli/reg/2012/966/art_56/oj,32012R0966,lookup,False,completed,3,3,3,0,37.0,37.0,1,1,q_8af2069fd823aa7df18101eb,rank1,23.0,23.0,False,23.0,q_8af2069fd823aa7df18101eb,5.0,4.0,5.0,4.0,5.0,23.0,q_8af2069fd823aa7df18101eb,5.0,4.0,5.0,4.0,5.0,0.0
baseline,eurlex,http://data.europa.eu/eli/dir/2007/68/art_2/oj,32007L0068,fact_pattern,False,no_candidates,0,0,0,0,,,0,0,,no_candidates,,,,,,,,,,,,,,,,,,
baseline,eurlex,http://data.europa.eu/eli/dir/2007/68/art_2/oj,32007L0068,lookup,False,no_candidates,0,0,0,0,,,0,0,,no_candidates,,,,,,,,,,,,,,,,,,
baseline,eurlex,http://data.europa.eu/eli/dir_impl/2011/54/art_3/oj,32011L0054,fact_pattern,False,no_candidates,0,0,0,0,,,0,0,,no_candidates,,,,,,,,,,,,,,,,,,
baseline,eurlex,http://data.europa.eu/eli/dir_impl/2011/54/art_3/oj,32011L0054,lookup,False,no_candidates,0,0,0,0,,,0,0,,no_candidates,,,,,,,,,,,,,,,,,,
baseline,eurlex,http://data.europa.eu/eli/dir/2004/66/art_2/oj,32004L0066,fact_pattern,False,no_candidates,0,0,0,0,,,0,0,,no_candidates,,,,,,,,,,,,,,,,,,
baseline,eurlex,http://data.europa.eu/eli/dir/2004/66/art_2/oj,32004L0066,lookup,False,no_candidates,0,0,0,0,,,0,0,,no_candidates,,,,,,,,,,,,,,,,,,
baseline,eurlex,http://data.europa.eu/eli/reg/2008/1165/art_16/oj,32008R1165,fact_pattern,False,completed,3,3,3,0,32.0,32.0,3,3,q_b4911059170832503d36aeec,rank1,23.0,23.0,False,24.0,q_e730b972deac18c945190d2d,5.0,5.0,4.0,5.0,5.0,24.0,q_e730b972deac18c945190d2d,5.0,5.0,4.0,5.0,5.0,1.0
baseline,eurlex,http://data.europa.eu/eli/reg/2008/1165/art_16/oj,32008R1165,lookup,False,completed,3,3,2,0,36.0,36.0,3,2,q_2089247ed7d5fd2165d759ca,rank1,24.0,24.0,False,24.0,q_4a88a53fd156a86b203a6391,5.0,5.0,4.0,5.0,5.0,24.0,q_4a88a53fd156a86b203a6391,5.0,5.0,4.0,5.0,5.0,0.0
baseline,eurlex,http://data.europa.eu/eli/reg_impl/2011/1008/art_1/oj,32011R1008,fact_pattern,False,completed,3,3,3,0,32.0,32.0,0,0,q_38be1ba82cb95b665365a6d7,rank1,,,,,,,,,,,,,,,,,,
baseline,eurlex,http://data.europa.eu/eli/reg_impl/2011/1008/art_1/oj,32011R1008,lookup,False,completed,3,3,3,0,33.0,33.0,0,0,q_149bf2e71bbe814cdf4bc3cd,rank1,,,,,,,,,,,,,,,,,,
baseline,eurlex,http://data.europa.eu/eli/dir/2015/566/art_9/oj,32015L0566,fact_pattern,False,no_candidates,0,0,0,0,,,0,0,,no_candidates,,,,,,,,,,,,,,,,,,
baseline,eurlex,http://data.europa.eu/eli/dir/2015/566/art_9/oj,32015L0566,lookup,False,no_candidates,0,0,0,0,,,0,0,,no_candidates,,,,,,,,,,,,,,,,,,
baseline,eurlex,http://data.europa.eu/eli/reg/2009/193/art_1/oj,32009R0193,fact_pattern,False,completed,3,3,2,0,33.0,33.0,3,3,q_5b2d1f96c39a54fef3bdb491,rank1,24.0,24.0,False,24.0,q_5b2d1f96c39a54fef3bdb491,5.0,5.0,5.0,4.0,5.0,24.0,q_5b2d1f96c39a54fef3bdb491,5.0,5.0,5.0,4.0,5.0,0.0
baseline,eurlex,http://data.europa.eu/eli/reg/2009/193/art_1/oj,32009R0193,lookup,False,completed,3,3,3,0,36.0,36.0,3,2,q_a31a198f3b17c2c3e52c761b,rank1,25.0,25.0,False,25.0,q_afc3db4d5f3be314f2a8d9d4,5.0,5.0,5.0,5.0,5.0,25.0,q_afc3db4d5f3be314f2a8d9d4,5.0,5.0,5.0,5.0,5.0,0.0
baseline,eurlex,http://data.europa.eu/eli/reg_impl/2011/452/art_1/oj,32011R0452,fact_pattern,False,completed,3,3,3,0,33.0,33.0,0,0,q_89b9d5f73fd7f6cd94689430,rank1,,,,,,,,,,,,,,,,,,
baseline,eurlex,http://data.europa.eu/eli/reg_impl/2011/452/art_1/oj,32011R0452,lookup,False,completed,3,3,3,0,39.0,39.0,0,0,q_f6dd34d0775a38cb8429a2eb,rank1,,,,,,,,,,,,,,,,,,
baseline,eurlex,http://data.europa.eu/eli/reg/2014/912/art_8/oj,32014R0912,fact_pattern,False,completed,3,3,3,0,36.0,36.0,1,1,q_039354b5522a4d506882dd88,rank1,23.0,23.0,False,23.0,q_039354b5522a4d506882dd88,5.0,5.0,4.0,4.0,5.0,23.0,q_039354b5522a4d506882dd88,5.0,5.0,4.0,4.0,5.0,0.0
baseline,eurlex,http://data.europa.eu/eli/reg/2014/912/art_8/oj,32014R0912,lookup,False,completed,3,3,3,0,37.0,37.0,0,0,q_ebe5c5eae5337737e3ab1649,rank1,,,,,,,,,,,,,,,,,,
baseline,eurlex,http://data.europa.eu/eli/dir/2014/50/art_5/oj,32014L0050,fact_pattern,False,completed,3,3,3,0,33.0,33.0,3,3,q_b7ca89d7f8543484f586d822,rank1,24.0,24.0,False,24.0,q_b7ca89d7f8543484f586d822,5.0,5.0,4.0,5.0,5.0,24.0,q_b7ca89d7f8543484f586d822,5.0,5.0,4.0,5.0,5.0,0.0
baseline,eurlex,http://data.europa.eu/eli/dir/2014/50/art_5/oj,32014L0050,lookup,False,completed,3,3,3,0,35.0,35.0,3,3,q_f7bb478f194aade54c17f8f0,rank1,24.0,24.0,False,24.0,q_f7bb478f194aade54c17f8f0,5.0,5.0,4.0,5.0,5.0,24.0,q_f7bb478f194aade54c17f8f0,5.0,5.0,4.0,5.0,5.0,0.0
baseline,eurlex,http://data.europa.eu/eli/dir/2014/59/art_77/oj,32014L0059,fact_pattern,False,completed,2,2,1,0,32.0,32.0,2,2,q_d6b3027e6f48d063650c7296,rank1,21.0,21.0,False,21.0,q_d6b3027e6f48d063650c7296,5.0,4.0,4.0,4.0,4.0,21.0,q_d6b3027e6f48d063650c7296,5.0,4.0,4.0,4.0,4.0,0.0
baseline,eurlex,http://data.europa.eu/eli/dir/2014/59/art_77/oj,32014L0059,lookup,False,completed,3,3,3,0,34.0,34.0,3,2,q_58c8bbe8a760e5052ffa65de,rank1,24.0,24.0,False,24.0,q_58c8bbe8a760e5052ffa65de,5.0,5.0,5.0,4.0,5.0,24.0,q_58c8bbe8a760e5052ffa65de,5.0,5.0,5.0,4.0,5.0,0.0
baseline,eurlex,http://data.europa.eu/eli/reg_impl/2011/1333/art_11/oj,32011R1333,fact_pattern,False,completed,3,3,2,1,29.0,29.0,0,0,q_074e443fc67a6d0f0c81daf5,rank1,,,,,,,,,,,,,,,,,,
baseline,eurlex,http://data.europa.eu/eli/reg_impl/2011/1333/art_11/oj,32011R1333,lookup,False,completed,3,3,3,0,37.0,37.0,2,2,q_dbd4b8239369c9ccc13d7426,rank1,,,,20.0,q_3d78a7b314e0d6284b36feb4,5.0,4.0,4.0,3.0,4.0,20.0,q_3d78a7b314e0d6284b36feb4,5.0,4.0,4.0,3.0,4.0,
baseline,eurlex,http://data.europa.eu/eli/reg_impl/2012/282/art_1/oj,32012R0282,fact_pattern,False,completed,3,3,0,3,32.0,,0,0,q_bbf1464ffa612b1b2c1b023e,rank1,,,,,,,,,,,,,,,,,,
baseline,eurlex,http://data.europa.eu/eli/reg_impl/2012/282/art_1/oj,32012R0282,lookup,False,completed,2,2,2,0,34.0,34.0,0,0,q_878870495b957485a66d9419,rank1,,,,,,,,,,,,,,,,,,
baseline,eurlex,http://data.europa.eu/eli/reg_impl/2012/1081/art_10/oj,32012R1081,fact_pattern,False,completed,3,3,3,0,35.0,35.0,0,0,q_6f96bf3cd460c523ae6f90c1,rank1,,,,,,,,,,,,,,,,,,
baseline,eurlex,http://data.europa.eu/eli/reg_impl/2012/1081/art_10/oj,32012R1081,lookup,False,completed,3,3,3,0,36.0,36.0,0,0,q_fd5b6e0380cd51e7cebd5ecb,rank1,,,,,,,,,,,,,,,,,,
baseline,eurlex,http://data.europa.eu/eli/reg/2006/1906/art_50/oj,32006R1906,fact_pattern,False,completed,3,3,2,0,34.0,34.0,3,3,q_7ba760dfeb99783e656d49cb,rank1,22.0,22.0,False,23.0,q_e6b6ee4c56698e4fdcd511bf,5.0,5.0,5.0,4.0,4.0,23.0,q_e6b6ee4c56698e4fdcd511bf,5.0,5.0,5.0,4.0,4.0,1.0
baseline,eurlex,http://data.europa.eu/eli/reg/2006/1906/art_50/oj,32006R1906,lookup,False,completed,3,3,3,0,35.0,35.0,3,2,q_6ecdd199ea825109abba4778,rank1,23.0,23.0,False,24.0,q_874ef6411ffaa8c3b297add2,5.0,5.0,5.0,4.0,5.0,24.0,q_874ef6411ffaa8c3b297add2,5.0,5.0,5.0,4.0,5.0,1.0
baseline,eurlex,http://data.europa.eu/eli/reg/2007/520/art_24/oj,32007R0520,fact_pattern,False,completed,3,3,1,0,32.0,29.0,3,3,q_abe0d6b8010bf420f50011db,rank1,21.0,21.0,False,21.0,q_abe0d6b8010bf420f50011db,5.0,5.0,3.0,4.0,4.0,21.0,q_abe0d6b8010bf420f50011db,5.0,5.0,3.0,4.0,4.0,0.0
baseline,eurlex,http://data.europa.eu/eli/reg/2007/520/art_24/oj,32007R0520,lookup,False,completed,3,3,1,2,32.0,30.0,3,2,q_6678ee8935bd5024b69e3ae5,rank1,23.0,23.0,False,23.0,q_6678ee8935bd5024b69e3ae5,5.0,5.0,4.0,4.0,5.0,23.0,q_6678ee8935bd5024b69e3ae5,5.0,5.0,4.0,4.0,5.0,0.0
baseline,eurlex,http://data.europa.eu/eli/dir/2005/9/art_2/oj,32005L0009,fact_pattern,False,no_candidates,0,0,0,0,,,0,0,,no_candidates,,,,,,,,,,,,,,,,,,
baseline,eurlex,http://data.europa.eu/eli/dir/2005/9/art_2/oj,32005L0009,lookup,False,no_candidates,0,0,0,0,,,0,0,,no_candidates,,,,,,,,,,,,,,,,,,
baseline,eurlex,http://data.europa.eu/eli/reg/2014/788/art_20/oj,32014R0788,fact_pattern,False,completed,2,2,1,1,34.0,34.0,0,0,q_c48ff55d2f981a7b34741426,rank1,,,,,,,,,,,,,,,,,,
baseline,eurlex,http://data.europa.eu/eli/reg/2014/788/art_20/oj,32014R0788,lookup,False,completed,3,3,3,0,35.0,35.0,0,0,q_70261e3284146f677de67570,rank1,,,,,,,,,,,,,,,,,,
baseline,eurlex,http://data.europa.eu/eli/reg/2011/333/art_2/oj,32011R0333,fact_pattern,False,completed,3,3,3,0,31.0,31.0,1,1,q_a9e88c20e7def5f6cd93b0ac,rank1,22.0,22.0,False,22.0,q_a9e88c20e7def5f6cd93b0ac,5.0,5.0,4.0,4.0,4.0,22.0,q_a9e88c20e7def5f6cd93b0ac,5.0,5.0,4.0,4.0,4.0,0.0
baseline,eurlex,http://data.europa.eu/eli/reg/2011/333/art_2/oj,32011R0333,lookup,False,completed,3,3,3,0,34.0,34.0,1,1,q_299975be5079e7343a1b9734,rank1,23.0,23.0,False,23.0,q_299975be5079e7343a1b9734,5.0,5.0,4.0,4.0,5.0,23.0,q_299975be5079e7343a1b9734,5.0,5.0,4.0,4.0,5.0,0.0
baseline,eurlex,http://data.europa.eu/eli/dir/2014/65/art_36/oj,32014L0065,fact_pattern,False,completed,3,3,1,1,34.0,34.0,3,2,q_be6a299f00a50efc5717d1e2,rank1,24.0,24.0,False,24.0,q_be6a299f00a50efc5717d1e2,5.0,5.0,4.0,5.0,5.0,24.0,q_be6a299f00a50efc5717d1e2,5.0,5.0,4.0,5.0,5.0,0.0
baseline,eurlex,http://data.europa.eu/eli/dir/2014/65/art_36/oj,32014L0065,lookup,False,completed,3,3,3,0,38.0,38.0,3,3,q_078cbefbb030d6c12a5237b0,rank1,24.0,24.0,False,24.0,q_8c3ad082ff03d96babf3e607,5.0,5.0,5.0,4.0,5.0,24.0,q_8c3ad082ff03d96babf3e607,5.0,5.0,5.0,4.0,5.0,0.0
baseline,eurlex,http://data.europa.eu/eli/reg_del/2013/811/art_1/oj,32013R0811,fact_pattern,False,completed,3,3,3,0,32.0,32.0,0,0,q_df09b7c4197da2dad0543967,rank1,,,,,,,,,,,,,,,,,,
baseline,eurlex,http://data.europa.eu/eli/reg_del/2013/811/art_1/oj,32013R0811,lookup,False,completed,3,3,2,1,35.0,35.0,1,1,q_731f699ba7f68c13b4b999a4,rank1,22.0,22.0,False,22.0,q_731f699ba7f68c13b4b999a4,5.0,4.0,4.0,4.0,5.0,22.0,q_731f699ba7f68c13b4b999a4,5.0,4.0,4.0,4.0,5.0,0.0
baseline,eurlex,http://data.europa.eu/eli/reg/2009/1072/art_1/oj,32009R1072,fact_pattern,False,completed,3,3,3,0,32.0,32.0,3,2,q_df850d6cf055a08d6684bdd5,rank1,24.0,24.0,False,24.0,q_df850d6cf055a08d6684bdd5,5.0,5.0,4.0,5.0,5.0,24.0,q_df850d6cf055a08d6684bdd5,5.0,5.0,4.0,5.0,5.0,0.0
baseline,eurlex,http://data.europa.eu/eli/reg/2009/1072/art_1/oj,32009R1072,lookup,False,completed,3,3,3,0,32.0,32.0,3,3,q_994f831bfde7df83e81dabde,rank1,21.0,21.0,False,21.0,q_994f831bfde7df83e81dabde,4.0,5.0,4.0,5.0,3.0,21.0,q_994f831bfde7df83e81dabde,4.0,5.0,4.0,5.0,3.0,0.0
baseline,eurlex,http://data.europa.eu/eli/reg/2005/1572/art_4/oj,32005R1572,fact_pattern,False,completed,3,3,3,0,36.0,36.0,3,3,q_39f5d753a4d9882c77838170,rank1,24.0,24.0,False,24.0,q_5240b257f498ffb9d1d9385d,5.0,5.0,4.0,5.0,5.0,24.0,q_5240b257f498ffb9d1d9385d,5.0,5.0,4.0,5.0,5.0,0.0
baseline,eurlex,http://data.europa.eu/eli/reg/2005/1572/art_4/oj,32005R1572,lookup,False,completed,3,3,3,0,37.0,37.0,3,2,q_d51eb34394cc6b40c57ccf60,rank1,23.0,23.0,False,23.0,q_d51eb34394cc6b40c57ccf60,5.0,5.0,4.0,4.0,5.0,23.0,q_d51eb34394cc6b40c57ccf60,5.0,5.0,4.0,4.0,5.0,0.0
baseline,eurlex,http://data.europa.eu/eli/reg/2013/1290/art_57/oj,32013R1290,fact_pattern,False,completed,2,2,2,0,35.0,35.0,0,0,q_17205239cb2aa9b3b590967f,rank1,,,,,,,,,,,,,,,,,,
baseline,eurlex,http://data.europa.eu/eli/reg/2013/1290/art_57/oj,32013R1290,lookup,False,completed,3,3,1,1,35.0,35.0,0,0,q_f2501f94605cb8e9df4ca377,rank1,,,,,,,,,,,,,,,,,,
baseline,eurlex,http://data.europa.eu/eli/reg/2013/1381/art_5/oj,32013R1381,fact_pattern,False,completed,3,3,1,0,31.0,31.0,2,2,q_aab87527b30e64b1956f6902,rank1,23.0,23.0,False,23.0,q_aab87527b30e64b1956f6902,5.0,5.0,4.0,4.0,5.0,23.0,q_aab87527b30e64b1956f6902,5.0,5.0,4.0,4.0,5.0,0.0
baseline,eurlex,http://data.europa.eu/eli/reg/2013/1381/art_5/oj,32013R1381,lookup,False,completed,3,3,3,0,34.0,34.0,3,2,q_beaf227b7e4275d4c6d409c0,rank1,24.0,24.0,False,24.0,q_dc82a9bf3346dd49073aa131,5.0,5.0,5.0,4.0,5.0,24.0,q_dc82a9bf3346dd49073aa131,5.0,5.0,5.0,4.0,5.0,0.0
baseline,eurlex,http://data.europa.eu/eli/reg/2007/1386/art_55/oj,32007R1386,fact_pattern,False,completed,2,2,2,0,30.0,30.0,2,2,q_df1a03b92e7d972ff6390ea4,rank1,23.0,23.0,False,23.0,q_df1a03b92e7d972ff6390ea4,5.0,5.0,4.0,5.0,4.0,23.0,q_df1a03b92e7d972ff6390ea4,5.0,5.0,4.0,5.0,4.0,0.0
baseline,eurlex,http://data.europa.eu/eli/reg/2007/1386/art_55/oj,32007R1386,lookup,False,completed,3,3,0,3,31.0,,3,3,q_39803ee5eb9aef22b40ae74a,rank1,23.0,23.0,False,23.0,q_39803ee5eb9aef22b40ae74a,5.0,4.0,4.0,5.0,5.0,23.0,q_39803ee5eb9aef22b40ae74a,5.0,4.0,4.0,5.0,5.0,0.0
baseline,eurlex,http://data.europa.eu/eli/reg/2009/436/art_36/oj,32009R0436,fact_pattern,False,completed,3,3,2,0,34.0,34.0,3,3,q_f66131c9ce224616c75feb75,rank1,24.0,24.0,False,24.0,q_f66131c9ce224616c75feb75,5.0,5.0,4.0,5.0,5.0,24.0,q_f66131c9ce224616c75feb75,5.0,5.0,4.0,5.0,5.0,0.0
baseline,eurlex,http://data.europa.eu/eli/reg/2009/436/art_36/oj,32009R0436,lookup,False,completed,3,3,3,0,33.0,33.0,3,2,q_4a9405686fd2bdc419a73c69,rank1,23.0,23.0,False,24.0,q_8db3b192219730fec46f44f6,5.0,5.0,4.0,5.0,5.0,24.0,q_8db3b192219730fec46f44f6,5.0,5.0,4.0,5.0,5.0,1.0
baseline,eurlex,http://data.europa.eu/eli/dir/2006/112/art_111/oj,32006L0112,fact_pattern,False,completed,1,1,1,0,29.0,29.0,1,1,q_c42c209d3ad4879d2a693a61,rank1,20.0,20.0,False,20.0,q_c42c209d3ad4879d2a693a61,4.0,4.0,4.0,4.0,4.0,20.0,q_c42c209d3ad4879d2a693a61,4.0,4.0,4.0,4.0,4.0,0.0
baseline,eurlex,http://data.europa.eu/eli/dir/2006/112/art_111/oj,32006L0112,lookup,False,completed,2,2,2,0,36.0,36.0,2,2,q_c797554f7dab4c2a570cb8c9,rank1,22.0,22.0,False,23.0,q_67fc38ea973875bd598c2734,4.0,5.0,4.0,5.0,5.0,23.0,q_67fc38ea973875bd598c2734,4.0,5.0,4.0,5.0,5.0,1.0
baseline,eurlex,http://data.europa.eu/eli/reg_del/2013/231/art_43/oj,32013R0231,fact_pattern,False,completed,3,3,2,0,33.0,33.0,1,1,q_f8c094e3964c1512ccee5ac0,rank1,,,,22.0,q_f8e8013a2933be27c0fc8b0d,5.0,5.0,4.0,4.0,4.0,22.0,q_f8e8013a2933be27c0fc8b0d,5.0,5.0,4.0,4.0,4.0,
baseline,eurlex,http://data.europa.eu/eli/reg_del/2013/231/art_43/oj,32013R0231,lookup,False,completed,3,3,3,0,34.0,34.0,2,2,q_4f5981235ef9bd1fc3ab8e42,rank1,23.0,23.0,False,24.0,q_0ff436909a97c9c9b4f8d2dc,5.0,5.0,4.0,5.0,5.0,24.0,q_0ff436909a97c9c9b4f8d2dc,5.0,5.0,4.0,5.0,5.0,1.0
baseline,eurlex,http://data.europa.eu/eli/reg/2006/1083/art_47/oj,32006R1083,fact_pattern,False,completed,3,3,3,0,35.0,35.0,3,2,q_62e215b4666cf8a7279b90c0,rank1,23.0,23.0,False,23.0,q_62e215b4666cf8a7279b90c0,5.0,5.0,4.0,4.0,5.0,23.0,q_62e215b4666cf8a7279b90c0,5.0,5.0,4.0,4.0,5.0,0.0
baseline,eurlex,http://data.europa.eu/eli/reg/2006/1083/art_47/oj,32006R1083,lookup,False,completed,3,3,3,0,35.0,35.0,3,3,q_a88017b7dcbf11330f6b8121,rank1,23.0,23.0,False,25.0,q_fe6a1caae99361581f0d1cbb,5.0,5.0,5.0,5.0,5.0,25.0,q_fe6a1caae99361581f0d1cbb,5.0,5.0,5.0,5.0,5.0,2.0
baseline,eurlex,http://data.europa.eu/eli/reg_impl/2014/181/art_5/oj,32014R0181,fact_pattern,False,completed,3,3,0,1,32.0,,2,2,q_b76befd2698c6239c0e08e61,rank1,,,,22.0,q_6e8aeec4f43a0a528a1f9116,5.0,5.0,4.0,4.0,4.0,22.0,q_6e8aeec4f43a0a528a1f9116,5.0,5.0,4.0,4.0,4.0,
baseline,eurlex,http://data.europa.eu/eli/reg_impl/2014/181/art_5/oj,32014R0181,lookup,False,completed,3,3,3,0,37.0,37.0,0,0,q_5f23ce7c5f09bf4a074e8d39,rank1,,,,,,,,,,,,,,,,,,
baseline,eurlex,http://data.europa.eu/eli/reg/2009/1130/art_22/oj,32009R1130,fact_pattern,False,completed,3,3,1,0,34.0,32.0,3,3,q_a5fe1ea7c231ca7f5297f376,rank1,22.0,22.0,False,22.0,q_a5fe1ea7c231ca7f5297f376,5.0,5.0,4.0,4.0,4.0,22.0,q_a5fe1ea7c231ca7f5297f376,5.0,5.0,4.0,4.0,4.0,0.0
baseline,eurlex,http://data.europa.eu/eli/reg/2009/1130/art_22/oj,32009R1130,lookup,False,completed,3,3,3,0,36.0,36.0,3,3,q_ab8e78e92e0ad235d9e5dd70,rank1,21.0,21.0,False,23.0,q_46b44ed0f3dab3797954976d,4.0,5.0,4.0,5.0,5.0,23.0,q_46b44ed0f3dab3797954976d,4.0,5.0,4.0,5.0,5.0,2.0
baseline,eurlex,http://data.europa.eu/eli/dir/2014/26/art_2/oj,32014L0026,fact_pattern,False,completed,3,3,2,0,31.0,28.0,3,3,q_8bbe87492c2051aec0751b97,rank1,20.0,20.0,False,23.0,q_fcd64508e4514b1af872ba85,5.0,5.0,4.0,4.0,5.0,23.0,q_fcd64508e4514b1af872ba85,5.0,5.0,4.0,4.0,5.0,3.0
baseline,eurlex,http://data.europa.eu/eli/dir/2014/26/art_2/oj,32014L0026,lookup,False,completed,3,3,3,0,36.0,36.0,3,3,q_ec7c651572e499f235e250ce,rank1,24.0,24.0,False,24.0,q_ec7c651572e499f235e250ce,5.0,4.0,5.0,5.0,5.0,24.0,q_ec7c651572e499f235e250ce,5.0,4.0,5.0,5.0,5.0,0.0
baseline,eurlex,http://data.europa.eu/eli/reg/2012/493/art_3/oj,32012R0493,fact_pattern,False,completed,3,3,1,0,33.0,33.0,0,0,q_254057867e5774d8745f7b3c,rank1,,,,,,,,,,,,,,,,,,
baseline,eurlex,http://data.europa.eu/eli/reg/2012/493/art_3/oj,32012R0493,lookup,False,completed,3,3,3,0,37.0,37.0,0,0,q_b1c809e5fbad45a2c3faa398,rank1,,,,,,,,,,,,,,,,,,
baseline,eurlex,http://data.europa.eu/eli/reg/2014/1141/art_16/oj,32014R1141,fact_pattern,False,completed,3,3,3,0,33.0,33.0,2,2,q_b26c73d37dcb6694ac08f23e,rank1,21.0,21.0,False,22.0,q_9655f22bde65172384d06dc7,5.0,4.0,4.0,4.0,5.0,22.0,q_9655f22bde65172384d06dc7,5.0,4.0,4.0,4.0,5.0,1.0
baseline,eurlex,http://data.europa.eu/eli/reg/2014/1141/art_16/oj,32014R1141,lookup,False,completed,3,3,3,0,37.0,37.0,2,2,q_905d9807d912dd95a2c12616,rank1,23.0,23.0,False,23.0,q_905d9807d912dd95a2c12616,5.0,5.0,4.0,4.0,5.0,23.0,q_905d9807d912dd95a2c12616,5.0,5.0,4.0,4.0,5.0,0.0
debiased,un,2011/a/res/65/212#13,A/RES/65/212,lookup,False,completed,3,3,3,0,36.0,36.0,0,0,q_1d2166b7f5f4dcd73298fd63,rank1,,,,,,,,,,,,,,,,,,
debiased,un,2011/a/res/65/212#13,A/RES/65/212,practitioner,False,completed,3,3,1,1,32.0,32.0,0,0,q_be453b8f1ae4893675acb2c1,rank1,,,,,,,,,,,,,,,,,,
debiased,un,2011/a/res/65/212#13,A/RES/65/212,semantic,False,completed,2,2,2,0,34.0,34.0,0,0,q_81bed106a52cda34432c2d8e,rank1,,,,,,,,,,,,,,,,,,
debiased,un,2006/a/res/61/183#3,A/RES/61/183,lookup,False,completed,3,3,2,1,35.0,35.0,0,0,q_fb3f5b306e42c95c8b050e86,rank1,,,,,,,,,,,,,,,,,,
debiased,un,2006/a/res/61/183#3,A/RES/61/183,practitioner,False,completed,3,3,2,0,35.0,35.0,0,0,q_504d79cb28e1dcdd01690b07,rank1,,,,,,,,,,,,,,,,,,
debiased,un,2006/a/res/61/183#3,A/RES/61/183,semantic,False,completed,3,3,2,1,35.0,35.0,0,0,q_ae0575b96727b4b4798ad8ce,rank1,,,,,,,,,,,,,,,,,,
debiased,un,2013/a/res/67/199#12,A/RES/67/199,lookup,False,completed,3,3,3,0,35.0,35.0,0,0,q_7b0174ae24ea8a6ffbff0eeb,rank1,,,,,,,,,,,,,,,,,,
debiased,un,2013/a/res/67/199#12,A/RES/67/199,practitioner,False,completed,3,3,3,0,34.0,34.0,0,0,q_d7a8c0c665aa6823890d6149,rank1,,,,,,,,,,,,,,,,,,
debiased,un,2013/a/res/67/199#12,A/RES/67/199,semantic,False,completed,3,3,3,0,34.0,34.0,0,0,q_fa89f15ebd637b6f184d3b29,rank1,,,,,,,,,,,,,,,,,,
debiased,un,2011/a/res/65/263#2,A/RES/65/263,lookup,False,completed,3,3,3,0,32.0,32.0,0,0,q_36976d633c66e901472626dc,rank1,,,,,,,,,,,,,,,,,,
debiased,un,2011/a/res/65/263#2,A/RES/65/263,practitioner,False,completed,3,3,0,3,24.0,,0,0,q_2fbfdd645fdb8de1f80cf956,rank1,,,,,,,,,,,,,,,,,,
debiased,un,2011/a/res/65/263#2,A/RES/65/263,semantic,False,completed,2,2,2,0,32.0,32.0,0,0,q_870ea19e06533e802da628d7,rank1,,,,,,,,,,,,,,,,,,
debiased,un,2013/a/res/68/143#7,A/RES/68/143,lookup,False,completed,3,3,3,0,35.0,35.0,0,0,q_0b2933119452542dc91072ac,rank1,,,,,,,,,,,,,,,,,,
debiased,un,2013/a/res/68/143#7,A/RES/68/143,practitioner,False,completed,3,3,0,3,35.0,,0,0,q_f1d7268655bba69ca81520fe,rank1,,,,,,,,,,,,,,,,,,
debiased,un,2013/a/res/68/143#7,A/RES/68/143,semantic,False,completed,2,2,0,2,32.0,,0,0,q_4b928e31f448ce0a6ed341f0,rank1,,,,,,,,,,,,,,,,,,
debiased,un,2014/a/res/68/254#2,A/RES/68/254,lookup,False,completed,3,3,3,0,33.0,33.0,0,0,q_3cfc190751a1f7465dca6930,rank1,,,,,,,,,,,,,,,,,,
debiased,un,2014/a/res/68/254#2,A/RES/68/254,practitioner,False,completed,3,3,1,2,34.0,34.0,0,0,q_35f6eedb186e20b5e9aa2307,rank1,,,,,,,,,,,,,,,,,,
debiased,un,2014/a/res/68/254#2,A/RES/68/254,semantic,False,completed,3,3,3,0,33.0,33.0,0,0,q_00e5fc42d838a102eb108ae4,rank1,,,,,,,,,,,,,,,,,,
debiased,un,2001/a/res/55/114#5,A/RES/55/114,lookup,False,completed,3,3,3,0,37.0,37.0,0,0,q_11091ba371d91697e4f22fd1,rank1,,,,,,,,,,,,,,,,,,
debiased,un,2001/a/res/55/114#5,A/RES/55/114,practitioner,False,completed,3,3,2,0,35.0,35.0,0,0,q_7bbd179d9294803fe5b89657,rank1,,,,,,,,,,,,,,,,,,
debiased,un,2001/a/res/55/114#5,A/RES/55/114,semantic,False,completed,3,3,3,0,33.0,33.0,0,0,q_7ae0cf515124f0a1992b53bb,rank1,,,,,,,,,,,,,,,,,,
debiased,un,2007/a/res/62/137#12,A/RES/62/137,lookup,False,completed,2,2,2,0,31.0,31.0,0,0,q_a30af3aaff413326b6908797,rank1,,,,,,,,,,,,,,,,,,
debiased,un,2007/a/res/62/137#12,A/RES/62/137,practitioner,False,completed,2,2,0,0,32.0,,0,0,q_a393585afd4aaf7245746f35,rank1,,,,,,,,,,,,,,,,,,
debiased,un,2007/a/res/62/137#12,A/RES/62/137,semantic,False,completed,2,2,1,1,31.0,31.0,0,0,q_b544d3b75fe4fecd48930715,rank1,,,,,,,,,,,,,,,,,,
debiased,un,2005/a/res/60/226#3,A/RES/60/226,lookup,False,completed,3,3,2,0,33.0,33.0,0,0,q_c61f07357e321c3d1312c36e,rank1,,,,,,,,,,,,,,,,,,
debiased,un,2005/a/res/60/226#3,A/RES/60/226,practitioner,False,completed,3,3,1,2,32.0,32.0,0,0,q_43b53aa4d27bd71cc4c34568,rank1,,,,,,,,,,,,,,,,,,
debiased,un,2005/a/res/60/226#3,A/RES/60/226,semantic,False,completed,2,2,2,0,36.0,36.0,0,0,q_2121cd9afe124724a0b738f7,rank1,,,,,,,,,,,,,,,,,,
debiased,un,2013/a/res/68/18#1,A/RES/68/18,lookup,False,completed,3,3,3,0,35.0,35.0,0,0,q_53fce1c254f1e6be1f3f5809,rank1,,,,,,,,,,,,,,,,,,
debiased,un,2013/a/res/68/18#1,A/RES/68/18,practitioner,False,completed,3,3,2,1,34.0,34.0,0,0,q_c123efcc9c03303cfdeb94b2,rank1,,,,,,,,,,,,,,,,,,
debiased,un,2013/a/res/68/18#1,A/RES/68/18,semantic,False,completed,3,3,3,0,35.0,35.0,0,0,q_b17c6f9879a5e20325c0495a,rank1,,,,,,,,,,,,,,,,,,
debiased,un,2001/s/res/1376_2001_#2,S/RES/1376(2001),lookup,False,completed,3,3,3,0,35.0,35.0,0,0,q_a5e14b57b21cf8676885ee79,rank1,,,,,,,,,,,,,,,,,,
debiased,un,2001/s/res/1376_2001_#2,S/RES/1376(2001),practitioner,False,completed,3,3,0,3,32.0,,0,0,q_2084410b4b7355d763a80445,rank1,,,,,,,,,,,,,,,,,,
debiased,un,2001/s/res/1376_2001_#2,S/RES/1376(2001),semantic,False,completed,3,3,3,0,34.0,34.0,0,0,q_15bcc00aa1a3b6b72c7468ad,rank1,,,,,,,,,,,,,,,,,,
debiased,un,2008/s/res/1806_2008_#8,S/RES/1806(2008),lookup,False,completed,3,3,2,1,34.0,34.0,0,0,q_88dad639c116a0cca8f89b84,rank1,,,,,,,,,,,,,,,,,,
debiased,un,2008/s/res/1806_2008_#8,S/RES/1806(2008),practitioner,False,completed,3,3,0,0,39.0,,0,0,q_308b06dbb7eee142247cf239,rank1,,,,,,,,,,,,,,,,,,
debiased,un,2008/s/res/1806_2008_#8,S/RES/1806(2008),semantic,False,completed,3,3,3,0,36.0,36.0,0,0,q_7cfc0ba0622b59c4af883aa3,rank1,,,,,,,,,,,,,,,,,,
debiased,un,2003/s/res/1466_2003_#3,S/RES/1466(2003),lookup,False,completed,3,3,3,0,36.0,36.0,0,0,q_2d9da785c8e9a5fcc9cdb2c0,rank1,,,,,,,,,,,,,,,,,,
debiased,un,2003/s/res/1466_2003_#3,S/RES/1466(2003),practitioner,False,completed,3,3,0,0,36.0,,0,0,q_3cdb3e9dc95e79381408a7dc,rank1,,,,,,,,,,,,,,,,,,
debiased,un,2003/s/res/1466_2003_#3,S/RES/1466(2003),semantic,False,completed,3,3,3,0,33.0,33.0,0,0,q_9e1a894baa2d2aa214da6f2f,rank1,,,,,,,,,,,,,,,,,,
debiased,un,2008/s/res/1845_2008_#3,S/RES/1845(2008),lookup,False,completed,3,3,3,0,36.0,36.0,0,0,q_ed526d604dd2e70359815fe2,rank1,,,,,,,,,,,,,,,,,,
debiased,un,2008/s/res/1845_2008_#3,S/RES/1845(2008),practitioner,False,completed,3,3,2,1,35.0,35.0,0,0,q_f16e15c6dd962efe2ad65535,rank1,,,,,,,,,,,,,,,,,,
debiased,un,2008/s/res/1845_2008_#3,S/RES/1845(2008),semantic,False,completed,3,3,2,1,34.0,34.0,0,0,q_8d38181c38e9f14afdc0e632,rank1,,,,,,,,,,,,,,,,,,
debiased,un,2004/s/res/1565_2004_#11,S/RES/1565(2004),lookup,False,completed,3,3,3,0,35.0,35.0,0,0,q_3bc8676203bdd4a85620c7ff,rank1,,,,,,,,,,,,,,,,,,
debiased,un,2004/s/res/1565_2004_#11,S/RES/1565(2004),practitioner,False,completed,2,2,2,0,36.0,36.0,0,0,q_62f6c0aae080fea2dad95b4f,rank1,,,,,,,,,,,,,,,,,,
debiased,un,2004/s/res/1565_2004_#11,S/RES/1565(2004),semantic,False,completed,2,2,2,0,35.0,35.0,0,0,q_d70a6a4be04d688ca7b8977c,rank1,,,,,,,,,,,,,,,,,,
debiased,un,2002/a/res/56/188#8,A/RES/56/188,lookup,False,completed,3,3,1,0,35.0,33.0,0,0,q_8ffcbf1d19ad9ca4c76a59bc,rank1,,,,,,,,,,,,,,,,,,
debiased,un,2002/a/res/56/188#8,A/RES/56/188,practitioner,False,completed,2,2,0,2,29.0,,0,0,q_a03d5b6388fd217ddeb7012c,rank1,,,,,,,,,,,,,,,,,,
debiased,un,2002/a/res/56/188#8,A/RES/56/188,semantic,False,completed,3,3,0,3,33.0,,0,0,q_d3bcadee1d9208096c60b480,rank1,,,,,,,,,,,,,,,,,,
debiased,un,2005/a/res/60/47#0,A/RES/60/47,lookup,False,completed,3,3,3,0,34.0,34.0,0,0,q_a75625d4ef17211f8948ad9c,rank1,,,,,,,,,,,,,,,,,,
debiased,un,2005/a/res/60/47#0,A/RES/60/47,practitioner,False,completed,3,3,3,0,33.0,33.0,0,0,q_7fbef1a6930c44bc65efade8,rank1,,,,,,,,,,,,,,,,,,
debiased,un,2005/a/res/60/47#0,A/RES/60/47,semantic,False,completed,3,3,3,0,36.0,36.0,0,0,q_599434d433f49e41f5a73adc,rank1,,,,,,,,,,,,,,,,,,
debiased,un,2011/s/res/1988_2011_#19,S/RES/1988(2011),lookup,False,completed,3,3,3,0,36.0,36.0,0,0,q_75078202101c6179ebc61b38,rank1,,,,,,,,,,,,,,,,,,
debiased,un,2011/s/res/1988_2011_#19,S/RES/1988(2011),practitioner,False,completed,3,3,1,0,36.0,36.0,0,0,q_e9718b01e28ed18a75fcb507,rank1,,,,,,,,,,,,,,,,,,
debiased,un,2011/s/res/1988_2011_#19,S/RES/1988(2011),semantic,False,completed,3,3,3,0,35.0,35.0,0,0,q_1d4ddb1663b8eb38245d2aba,rank1,,,,,,,,,,,,,,,,,,
debiased,un,2004/a/res/59/61#0,A/RES/59/61,lookup,False,completed,2,2,2,0,30.0,30.0,0,0,q_c6dda867fa33618421451f4e,rank1,,,,,,,,,,,,,,,,,,
debiased,un,2004/a/res/59/61#0,A/RES/59/61,practitioner,False,completed,3,3,0,3,25.0,,0,0,q_24d13d2343ceaff547647c0d,rank1,,,,,,,,,,,,,,,,,,
debiased,un,2004/a/res/59/61#0,A/RES/59/61,semantic,False,completed,2,2,1,1,35.0,35.0,0,0,q_a8cb6118523ea36cf8d2b7bb,rank1,,,,,,,,,,,,,,,,,,
debiased,un,2013/a/res/67/145#7,A/RES/67/145,lookup,False,completed,3,3,3,0,38.0,38.0,0,0,q_61c9ad9aac97d79ffa4f01e7,rank1,,,,,,,,,,,,,,,,,,
debiased,un,2013/a/res/67/145#7,A/RES/67/145,practitioner,False,completed,3,3,3,0,32.0,32.0,0,0,q_d8c5871ca7b57aab8216e69a,rank1,,,,,,,,,,,,,,,,,,
debiased,un,2013/a/res/67/145#7,A/RES/67/145,semantic,False,completed,3,3,3,0,35.0,35.0,0,0,q_ac4c4215963944812559c9e1,rank1,,,,,,,,,,,,,,,,,,
debiased,un,2003/a/res/58/298#4,A/RES/58/298,lookup,False,completed,3,3,3,0,38.0,38.0,0,0,q_925416225dd38f8d2119f481,rank1,,,,,,,,,,,,,,,,,,
debiased,un,2003/a/res/58/298#4,A/RES/58/298,practitioner,False,completed,3,3,1,1,37.0,37.0,0,0,q_dd8659831246f1fe718bf642,rank1,,,,,,,,,,,,,,,,,,
debiased,un,2003/a/res/58/298#4,A/RES/58/298,semantic,False,completed,3,3,2,1,35.0,35.0,0,0,q_bd30cb6c4ad82739943be5ef,rank1,,,,,,,,,,,,,,,,,,
debiased,un,2003/a/res/57/300#10,A/RES/57/300,lookup,False,completed,3,3,3,0,36.0,36.0,2,2,q_56aa83fd40663d5b966d70b0,rank1,,,,22.0,q_b96cc8ddcd04b7139ad77ef5,5.0,5.0,4.0,4.0,4.0,22.0,q_b96cc8ddcd04b7139ad77ef5,5.0,5.0,4.0,4.0,4.0,
debiased,un,2003/a/res/57/300#10,A/RES/57/300,practitioner,False,completed,3,3,0,0,33.0,,1,1,q_cbb2d0feccda0f8ace318a53,rank1,,,,22.0,q_e1fe042b18b171e266b81061,5.0,5.0,3.0,4.0,5.0,22.0,q_e1fe042b18b171e266b81061,5.0,5.0,3.0,4.0,5.0,
debiased,un,2003/a/res/57/300#10,A/RES/57/300,semantic,False,completed,3,3,3,0,34.0,34.0,1,1,q_d17fd300f30edc3dffa813d6,rank1,21.0,21.0,False,21.0,q_d17fd300f30edc3dffa813d6,5.0,5.0,3.0,4.0,4.0,21.0,q_d17fd300f30edc3dffa813d6,5.0,5.0,3.0,4.0,4.0,0.0
debiased,un,2013/a/res/67/222#6,A/RES/67/222,lookup,False,completed,3,3,3,0,33.0,33.0,0,0,q_2f33ecffae0c85ddc9dfa464,rank1,,,,,,,,,,,,,,,,,,
debiased,un,2013/a/res/67/222#6,A/RES/67/222,practitioner,False,completed,2,2,2,0,34.0,34.0,0,0,q_b9ecf8f7c2197a0b04d31326,rank1,,,,,,,,,,,,,,,,,,
debiased,un,2013/a/res/67/222#6,A/RES/67/222,semantic,False,completed,2,2,2,0,35.0,35.0,0,0,q_706c4623bbbd703185e1b312,rank1,,,,,,,,,,,,,,,,,,
debiased,un,2003/a/res/57/137#1,A/RES/57/137,lookup,False,completed,3,3,3,0,36.0,36.0,0,0,q_1698bfc8ca1bc12f8e20f053,rank1,,,,,,,,,,,,,,,,,,
debiased,un,2003/a/res/57/137#1,A/RES/57/137,practitioner,False,completed,3,3,0,1,33.0,,0,0,q_a4b8cda1d8386c7d48c52895,rank1,,,,,,,,,,,,,,,,,,
debiased,un,2003/a/res/57/137#1,A/RES/57/137,semantic,False,completed,3,3,3,0,32.0,32.0,0,0,q_ddfc879582bea00cda6df4ba,rank1,,,,,,,,,,,,,,,,,,
debiased,un,2014/s/res/2140__2014_#13,S/RES/2140(2014),lookup,False,completed,3,3,3,0,34.0,34.0,0,0,q_4238cba934a8d5e38297cd4b,rank1,,,,,,,,,,,,,,,,,,
debiased,un,2014/s/res/2140__2014_#13,S/RES/2140(2014),practitioner,False,completed,3,3,3,0,34.0,34.0,0,0,q_b1f0c944dfdff3b9e750d012,rank1,,,,,,,,,,,,,,,,,,
debiased,un,2014/s/res/2140__2014_#13,S/RES/2140(2014),semantic,False,completed,3,3,3,0,36.0,36.0,0,0,q_811abf42c74f0854fec44c8e,rank1,,,,,,,,,,,,,,,,,,
debiased,un,2004/a/c_2/58/sr_24#18,A/C.2/58/SR.24,lookup,True,completed,3,3,3,0,36.0,36.0,0,0,q_ca6c430086dbbe79953c393b,rank1,,,,,,,,,,,,,,,,,,
debiased,un,2004/a/c_2/58/sr_24#18,A/C.2/58/SR.24,practitioner,True,completed,3,3,0,0,34.0,,0,0,q_7035b41808c20cc6b9eca772,rank1,,,,,,,,,,,,,,,,,,
debiased,un,2004/a/c_2/58/sr_24#18,A/C.2/58/SR.24,semantic,True,completed,3,3,1,0,35.0,35.0,0,0,q_1f72ceec1973722f144f2203,rank1,,,,,,,,,,,,,,,,,,
debiased,un,2008/cd/pv_1097#14,CD/PV.1097,lookup,True,completed,3,3,3,0,32.0,32.0,0,0,q_1563d5593186ddac93f303fd,rank1,,,,,,,,,,,,,,,,,,
debiased,un,2008/cd/pv_1097#14,CD/PV.1097,practitioner,True,completed,3,3,0,2,30.0,,0,0,q_b5f8d7fd24b4d0dd8e6c11f3,rank1,,,,,,,,,,,,,,,,,,
debiased,un,2008/cd/pv_1097#14,CD/PV.1097,semantic,True,completed,3,3,2,1,35.0,35.0,0,0,q_ae19c38a8e9538d3450fe0cc,rank1,,,,,,,,,,,,,,,,,,
debiased,un,2006/a/c_5/60/sr_64#14,A/C.5/60/SR.64,lookup,True,completed,3,3,3,0,36.0,36.0,0,0,q_391fc1898689beff7e357374,rank1,,,,,,,,,,,,,,,,,,
debiased,un,2006/a/c_5/60/sr_64#14,A/C.5/60/SR.64,practitioner,True,completed,3,3,1,0,32.0,29.0,0,0,q_ab240f70eefd73b14aed0516,rank1,,,,,,,,,,,,,,,,,,
debiased,un,2006/a/c_5/60/sr_64#14,A/C.5/60/SR.64,semantic,True,completed,3,3,3,0,34.0,34.0,0,0,q_44dee6b52144b963f514672f,rank1,,,,,,,,,,,,,,,,,,
debiased,un,2001/cedaw/c/sr_451#4,CEDAW/C/SR.451,lookup,True,completed,3,3,2,1,38.0,38.0,0,0,q_83edb39d0e6a1359403d333a,rank1,,,,,,,,,,,,,,,,,,
debiased,un,2001/cedaw/c/sr_451#4,CEDAW/C/SR.451,practitioner,True,completed,3,3,3,0,34.0,34.0,0,0,q_f1e71ed4ec080ef4fb299357,rank1,,,,,,,,,,,,,,,,,,
debiased,un,2001/cedaw/c/sr_451#4,CEDAW/C/SR.451,semantic,True,completed,3,3,2,1,33.0,33.0,0,0,q_e19ee8281952ce63dbf89cb4,rank1,,,,,,,,,,,,,,,,,,
debiased,un,2008/a/ac_109/2008/sr_2#1,A/AC.109/2008/SR.2,lookup,True,completed,3,3,3,0,36.0,36.0,0,0,q_c9e364aa1a4aef40376db9a8,rank1,,,,,,,,,,,,,,,,,,
debiased,un,2008/a/ac_109/2008/sr_2#1,A/AC.109/2008/SR.2,practitioner,True,completed,3,3,3,0,33.0,33.0,0,0,q_60f74bd3b9a64ca75f7baf27,rank1,,,,,,,,,,,,,,,,,,
debiased,un,2008/a/ac_109/2008/sr_2#1,A/AC.109/2008/SR.2,semantic,True,completed,2,2,2,0,37.0,37.0,0,0,q_939d0b48eefc9b913a928a29,rank1,,,,,,,,,,,,,,,,,,
debiased,un,2010/ccpr/c/sr_2695#25,CCPR/C/SR.2695,lookup,True,completed,3,3,2,1,32.0,32.0,0,0,q_efd39cb39e56c6e49e3e3995,rank1,,,,,,,,,,,,,,,,,,
debiased,un,2010/ccpr/c/sr_2695#25,CCPR/C/SR.2695,practitioner,True,completed,2,2,1,1,33.0,33.0,0,0,q_2c58cbf432f8c1a05c9dc70d,rank1,,,,,,,,,,,,,,,,,,
debiased,un,2010/ccpr/c/sr_2695#25,CCPR/C/SR.2695,semantic,True,completed,3,3,1,2,32.0,32.0,0,0,q_0d94a68f4a13f93a7fe4f9bf,rank1,,,,,,,,,,,,,,,,,,
debiased,un,2007/gc_12/c_1/sr_1#10,GC.12/C.1/SR.1,lookup,True,completed,3,3,3,0,37.0,37.0,0,0,q_fbe2d234ab3e4d22611889c4,rank1,,,,,,,,,,,,,,,,,,
debiased,un,2007/gc_12/c_1/sr_1#10,GC.12/C.1/SR.1,practitioner,True,completed,3,3,3,0,38.0,38.0,0,0,q_19f6ec6c722f12f861da8c5c,rank1,,,,,,,,,,,,,,,,,,
debiased,un,2007/gc_12/c_1/sr_1#10,GC.12/C.1/SR.1,semantic,True,completed,3,3,2,1,33.0,33.0,0,0,q_0d052c28a278f9b060ac1500,rank1,,,,,,,,,,,,,,,,,,
debiased,un,2006/cedaw/c/sr_724#18,CEDAW/C/SR.724,lookup,True,completed,3,3,3,0,36.0,36.0,0,0,q_c408e10569e991a81330e93c,rank1,,,,,,,,,,,,,,,,,,
debiased,un,2006/cedaw/c/sr_724#18,CEDAW/C/SR.724,practitioner,True,completed,3,3,0,3,33.0,,0,0,q_9f7ee36ea0a9318fcf44813c,rank1,,,,,,,,,,,,,,,,,,
debiased,un,2006/cedaw/c/sr_724#18,CEDAW/C/SR.724,semantic,True,completed,3,3,3,0,34.0,34.0,0,0,q_2ffeffa1388021c9d7798473,rank1,,,,,,,,,,,,,,,,,,
debiased,un,2005/cd/pv_983#13,CD/PV.983,lookup,True,completed,3,3,1,2,31.0,31.0,0,0,q_14cb833b3d7ddd8648eb1591,rank1,,,,,,,,,,,,,,,,,,
debiased,un,2005/cd/pv_983#13,CD/PV.983,practitioner,True,completed,2,2,1,1,31.0,31.0,0,0,q_ac72d55db799111292bd9ceb,rank1,,,,,,,,,,,,,,,,,,
debiased,un,2005/cd/pv_983#13,CD/PV.983,semantic,True,completed,3,3,1,2,34.0,34.0,0,0,q_45d9106b23fbb7b851482b52,rank1,,,,,,,,,,,,,,,,,,
debiased,un,1998/gc_7/c_1/sr_5#16,GC.7/C.1/SR.5,lookup,True,completed,3,3,3,0,36.0,36.0,0,0,q_58b9e3303d2f344fe969cc02,rank1,,,,,,,,,,,,,,,,,,
debiased,un,1998/gc_7/c_1/sr_5#16,GC.7/C.1/SR.5,practitioner,True,completed,3,3,2,0,34.0,34.0,0,0,q_b576953f96b7ec0e58af84fb,rank1,,,,,,,,,,,,,,,,,,
debiased,un,1998/gc_7/c_1/sr_5#16,GC.7/C.1/SR.5,semantic,True,completed,3,3,0,2,35.0,,0,0,q_c651f126c1810ee3f5048268,rank1,,,,,,,,,,,,,,,,,,
debiased,un,2006/ccw/conf_iii/sr_2#8,CCW/CONF.III/SR.2,lookup,True,completed,3,3,3,0,33.0,33.0,0,0,q_48b6cbcf82985599fbad7bd7,rank1,,,,,,,,,,,,,,,,,,
debiased,un,2006/ccw/conf_iii/sr_2#8,CCW/CONF.III/SR.2,practitioner,True,completed,3,3,1,2,28.0,28.0,0,0,q_fba72c0b50ca3933bb48d339,rank1,,,,,,,,,,,,,,,,,,
debiased,un,2006/ccw/conf_iii/sr_2#8,CCW/CONF.III/SR.2,semantic,True,completed,3,3,3,0,35.0,35.0,0,0,q_6d8de980f6c000f5c580699e,rank1,,,,,,,,,,,,,,,,,,
debiased,un,2001/cd/pv_880#1,CD/PV.880,lookup,True,completed,3,3,3,0,32.0,32.0,2,2,q_51d46c39e81b25e0dec97666,rank1,23.0,23.0,False,23.0,q_51d46c39e81b25e0dec97666,5.0,5.0,4.0,4.0,5.0,23.0,q_51d46c39e81b25e0dec97666,5.0,5.0,4.0,4.0,5.0,0.0
debiased,un,2001/cd/pv_880#1,CD/PV.880,practitioner,True,completed,3,3,0,2,31.0,,0,0,q_c5b93bb9a701bee88047c9f9,rank1,,,,,,,,,,,,,,,,,,
debiased,un,2001/cd/pv_880#1,CD/PV.880,semantic,True,completed,3,3,3,0,34.0,34.0,0,0,q_476332cd554c04586f7c9e5b,rank1,,,,,,,,,,,,,,,,,,
debiased,un,2010/a/cn_9/sr_917#10,A/CN.9/SR.917,lookup,True,completed,2,2,2,0,32.0,32.0,0,0,q_aab4efb965806d0eba223271,rank1,,,,,,,,,,,,,,,,,,
debiased,un,2010/a/cn_9/sr_917#10,A/CN.9/SR.917,practitioner,True,completed,3,3,1,2,34.0,34.0,0,0,q_84cb648810b19d90dd3b2b60,rank1,,,,,,,,,,,,,,,,,,
debiased,un,2010/a/cn_9/sr_917#10,A/CN.9/SR.917,semantic,True,completed,2,2,0,2,31.0,,0,0,q_61835a137099da2e2a8b6e7a,rank1,,,,,,,,,,,,,,,,,,
debiased,un,2003/a/58/pv_1#15,A/58/PV.1,lookup,True,completed,3,3,3,0,32.0,32.0,0,0,q_24d5cb74847854b7bcf80e06,rank1,,,,,,,,,,,,,,,,,,
debiased,un,2003/a/58/pv_1#15,A/58/PV.1,practitioner,True,completed,3,3,0,3,32.0,,0,0,q_fb65d5ddba0f6c3343836232,rank1,,,,,,,,,,,,,,,,,,
debiased,un,2003/a/58/pv_1#15,A/58/PV.1,semantic,True,completed,3,3,3,0,35.0,35.0,0,0,q_212715fc9c2a754e601ae1df,rank1,,,,,,,,,,,,,,,,,,
debiased,un,2007/cedaw/c/sr_770_b_#18,CEDAW/C/SR(770.B),lookup,True,completed,3,3,3,0,35.0,35.0,0,0,q_d44a7c741e5509c7fc45d8a7,rank1,,,,,,,,,,,,,,,,,,
debiased,un,2007/cedaw/c/sr_770_b_#18,CEDAW/C/SR(770.B),practitioner,True,completed,3,3,0,2,34.0,,0,0,q_54306ae191ccb16c9a82ecd1,rank1,,,,,,,,,,,,,,,,,,
debiased,un,2007/cedaw/c/sr_770_b_#18,CEDAW/C/SR(770.B),semantic,True,completed,3,3,3,0,35.0,35.0,0,0,q_8f0dc54d15e54582b06421d3,rank1,,,,,,,,,,,,,,,,,,
debiased,un,2002/a/c_4/57/sr_18#15,A/C.4/57/SR.18,lookup,True,completed,3,3,3,0,33.0,33.0,0,0,q_4bf9b34ed2baad8c1ed76df9,rank1,,,,,,,,,,,,,,,,,,
debiased,un,2002/a/c_4/57/sr_18#15,A/C.4/57/SR.18,practitioner,True,completed,3,3,0,1,27.0,,0,0,q_d3ef47a862fb36e3f61fda19,rank1,,,,,,,,,,,,,,,,,,
debiased,un,2002/a/c_4/57/sr_18#15,A/C.4/57/SR.18,semantic,True,completed,3,3,0,0,34.0,,0,0,q_9090cd924f5962d40e29217b,rank1,,,,,,,,,,,,,,,,,,
debiased,un,2007/cedaw/c/sr_778#5,CEDAW/C/SR.778,lookup,True,completed,3,3,3,0,35.0,35.0,0,0,q_d3e36a79bd0a484db95d2bda,rank1,,,,,,,,,,,,,,,,,,
debiased,un,2007/cedaw/c/sr_778#5,CEDAW/C/SR.778,practitioner,True,completed,3,3,3,0,35.0,35.0,0,0,q_39a9caa16319e3f6fd335f19,rank1,,,,,,,,,,,,,,,,,,
debiased,un,2007/cedaw/c/sr_778#5,CEDAW/C/SR.778,semantic,True,completed,3,3,3,0,36.0,36.0,0,0,q_f3ba1c5dca5877abc55df630,rank1,,,,,,,,,,,,,,,,,,
debiased,un,2000/cd/pv_841#11,CD/PV.841,lookup,True,completed,3,3,1,0,36.0,31.0,1,1,q_dd0b60cf6933a5a9772dc8f5,rank1,24.0,24.0,False,24.0,q_dd0b60cf6933a5a9772dc8f5,4.0,5.0,5.0,5.0,5.0,24.0,q_dd0b60cf6933a5a9772dc8f5,4.0,5.0,5.0,5.0,5.0,0.0
debiased,un,2000/cd/pv_841#11,CD/PV.841,practitioner,True,completed,3,3,0,3,33.0,,1,1,q_cf34fcd3b4fa68677bb8011b,rank1,,,,17.0,q_37afe707d30e90ede7316250,4.0,4.0,3.0,3.0,3.0,17.0,q_37afe707d30e90ede7316250,4.0,4.0,3.0,3.0,3.0,
debiased,un,2000/cd/pv_841#11,CD/PV.841,semantic,True,completed,3,3,0,1,33.0,,3,3,q_4ee83b46623b37d25a8aa8ab,rank1,23.0,23.0,False,23.0,q_4ee83b46623b37d25a8aa8ab,5.0,5.0,4.0,4.0,5.0,23.0,q_4ee83b46623b37d25a8aa8ab,5.0,5.0,4.0,4.0,5.0,0.0
debiased,un,1999/cedaw/c/sr_434#16,CEDAW/C/SR.434,lookup,True,completed,3,3,2,0,34.0,34.0,0,0,q_ce283ea014034052949f235d,rank1,,,,,,,,,,,,,,,,,,
debiased,un,1999/cedaw/c/sr_434#16,CEDAW/C/SR.434,practitioner,True,completed,3,3,3,0,33.0,33.0,0,0,q_8872f79fa6d20b73a018c942,rank1,,,,,,,,,,,,,,,,,,
debiased,un,1999/cedaw/c/sr_434#16,CEDAW/C/SR.434,semantic,True,completed,3,3,2,1,33.0,33.0,0,0,q_7c013132fc7609360ef2891a,rank1,,,,,,,,,,,,,,,,,,
debiased,un,2009/a/ac_109/2009/sr_7#4,A/AC.109/2009/SR.7,lookup,True,completed,3,3,3,0,36.0,36.0,0,0,q_37c6d44a0906398d55f79b07,rank1,,,,,,,,,,,,,,,,,,
debiased,un,2009/a/ac_109/2009/sr_7#4,A/AC.109/2009/SR.7,practitioner,True,completed,3,3,2,1,35.0,35.0,0,0,q_f3531b1b8fe1f6186f33f922,rank1,,,,,,,,,,,,,,,,,,
debiased,un,2009/a/ac_109/2009/sr_7#4,A/AC.109/2009/SR.7,semantic,True,completed,3,3,3,0,35.0,35.0,0,0,q_5c07675be184137de169b6c0,rank1,,,,,,,,,,,,,,,,,,
debiased,un,2008/s/2008/774#11,S/2008/774,lookup,False,completed,3,3,3,0,36.0,36.0,0,0,q_f3f4633be344259ff134d247,rank1,,,,,,,,,,,,,,,,,,
debiased,un,2008/s/2008/774#11,S/2008/774,practitioner,False,completed,3,3,0,1,33.0,,0,0,q_a6413b7515a40445a47e639f,rank1,,,,,,,,,,,,,,,,,,
debiased,un,2008/s/2008/774#11,S/2008/774,semantic,False,completed,3,3,3,0,36.0,36.0,0,0,q_1d2b37f17cdfc7a902520ef9,rank1,,,,,,,,,,,,,,,,,,
debiased,un,2012/s/2012/718#7,S/2012/718,lookup,False,completed,3,3,2,0,35.0,35.0,0,0,q_aa93aabeec34c1dbacee9c6e,rank1,,,,,,,,,,,,,,,,,,
debiased,un,2012/s/2012/718#7,S/2012/718,practitioner,False,completed,3,3,0,2,30.0,,0,0,q_631509afc7e771294e3ab73b,rank1,,,,,,,,,,,,,,,,,,
debiased,un,2012/s/2012/718#7,S/2012/718,semantic,False,completed,3,3,2,1,32.0,32.0,0,0,q_e4fbc613ce29cbcb458e4bcc,rank1,,,,,,,,,,,,,,,,,,
debiased,un,1998/s/1998/458#1,S/1998/458,lookup,False,completed,3,3,3,0,34.0,34.0,0,0,q_a90dbb1ccabe82cce6796d0f,rank1,,,,,,,,,,,,,,,,,,
debiased,un,1998/s/1998/458#1,S/1998/458,practitioner,False,completed,3,3,0,3,32.0,,0,0,q_694de40b7478bb50658cd191,rank1,,,,,,,,,,,,,,,,,,
debiased,un,1998/s/1998/458#1,S/1998/458,semantic,False,completed,3,3,3,0,35.0,35.0,0,0,q_f613ab8fa153f9d3fc8e86a5,rank1,,,,,,,,,,,,,,,,,,
debiased,un,2004/s/2004/505#15,S/2004/505,lookup,False,completed,3,3,3,0,36.0,36.0,0,0,q_da715a659bfce73c437d2737,rank1,,,,,,,,,,,,,,,,,,
debiased,un,2004/s/2004/505#15,S/2004/505,practitioner,False,completed,3,3,2,1,38.0,38.0,0,0,q_bf2e606ff1b64368aa01ab97,rank1,,,,,,,,,,,,,,,,,,
debiased,un,2004/s/2004/505#15,S/2004/505,semantic,False,completed,3,3,0,1,32.0,,0,0,q_617b2f226332ec694fed03ce,rank1,,,,,,,,,,,,,,,,,,
debiased,un,2004/s/2004/674#6,S/2004/674,lookup,False,completed,3,3,2,0,36.0,36.0,0,0,q_83065829d1472dcf8914d0ef,rank1,,,,,,,,,,,,,,,,,,
debiased,un,2004/s/2004/674#6,S/2004/674,practitioner,False,completed,3,3,1,2,31.0,31.0,0,0,q_cb1e0d0614fa551d7542e3e1,rank1,,,,,,,,,,,,,,,,,,
debiased,un,2004/s/2004/674#6,S/2004/674,semantic,False,completed,3,3,2,1,35.0,35.0,0,0,q_7ec90dc2518fffe37056b4f0,rank1,,,,,,,,,,,,,,,,,,
debiased,eurlex,http://data.europa.eu/eli/dir/2010/42/art_2/oj,32010L0042,fact_pattern,False,no_candidates,0,0,0,0,,,0,0,,no_candidates,,,,,,,,,,,,,,,,,,
debiased,eurlex,http://data.europa.eu/eli/dir/2010/42/art_2/oj,32010L0042,lookup,False,no_candidates,0,0,0,0,,,0,0,,no_candidates,,,,,,,,,,,,,,,,,,
debiased,eurlex,http://data.europa.eu/eli/reg/2014/910/art_41/oj,32014R0910,fact_pattern,False,completed,3,3,2,0,37.0,36.0,0,0,q_3c792646021ab0ed4b2bae3e,rank1,,,,,,,,,,,,,,,,,,
debiased,eurlex,http://data.europa.eu/eli/reg/2014/910/art_41/oj,32014R0910,lookup,False,completed,3,3,3,0,36.0,36.0,1,1,q_6fe655102e5068b671a4e166,rank1,23.0,23.0,False,23.0,q_6fe655102e5068b671a4e166,5.0,5.0,4.0,4.0,5.0,23.0,q_6fe655102e5068b671a4e166,5.0,5.0,4.0,4.0,5.0,0.0
debiased,eurlex,http://data.europa.eu/eli/reg/2011/1043/art_1/oj,32011R1043,fact_pattern,False,completed,3,3,3,0,33.0,33.0,3,3,q_7f089ee2db9162271c71f02a,rank1,25.0,25.0,False,25.0,q_7f089ee2db9162271c71f02a,5.0,5.0,5.0,5.0,5.0,25.0,q_7f089ee2db9162271c71f02a,5.0,5.0,5.0,5.0,5.0,0.0
debiased,eurlex,http://data.europa.eu/eli/reg/2011/1043/art_1/oj,32011R1043,lookup,False,completed,3,3,3,0,40.0,40.0,3,3,q_321fe512547a08e866aadf7e,rank1,24.0,24.0,False,24.0,q_3ae29e083658451355e0fad5,5.0,5.0,4.0,5.0,5.0,24.0,q_3ae29e083658451355e0fad5,5.0,5.0,4.0,5.0,5.0,0.0
debiased,eurlex,http://data.europa.eu/eli/dir/2011/81/art_2/oj,32011L0081,fact_pattern,False,no_candidates,0,0,0,0,,,0,0,,no_candidates,,,,,,,,,,,,,,,,,,
debiased,eurlex,http://data.europa.eu/eli/dir/2011/81/art_2/oj,32011L0081,lookup,False,no_candidates,0,0,0,0,,,0,0,,no_candidates,,,,,,,,,,,,,,,,,,
debiased,eurlex,http://data.europa.eu/eli/dir/2006/28/art_3/oj,32006L0028,fact_pattern,False,no_candidates,0,0,0,0,,,0,0,,no_candidates,,,,,,,,,,,,,,,,,,
debiased,eurlex,http://data.europa.eu/eli/dir/2006/28/art_3/oj,32006L0028,lookup,False,no_candidates,0,0,0,0,,,0,0,,no_candidates,,,,,,,,,,,,,,,,,,
debiased,eurlex,http://data.europa.eu/eli/reg/2011/1077/art_14/oj,32011R1077,fact_pattern,False,completed,3,3,0,3,34.0,,1,1,q_c409dd7e44644b94eb0ece0e,rank1,21.0,21.0,False,21.0,q_c409dd7e44644b94eb0ece0e,5.0,5.0,3.0,4.0,4.0,21.0,q_c409dd7e44644b94eb0ece0e,5.0,5.0,3.0,4.0,4.0,0.0
debiased,eurlex,http://data.europa.eu/eli/reg/2011/1077/art_14/oj,32011R1077,lookup,False,completed,3,3,3,0,38.0,38.0,1,1,q_89db56e743d0edfdc75a41ba,rank1,21.0,21.0,False,21.0,q_89db56e743d0edfdc75a41ba,5.0,4.0,4.0,4.0,4.0,21.0,q_89db56e743d0edfdc75a41ba,5.0,4.0,4.0,4.0,4.0,0.0
debiased,eurlex,http://data.europa.eu/eli/reg/2011/1173/art_13/oj,32011R1173,fact_pattern,False,no_candidates,0,0,0,0,,,0,0,,no_candidates,,,,,,,,,,,,,,,,,,
debiased,eurlex,http://data.europa.eu/eli/reg/2011/1173/art_13/oj,32011R1173,lookup,False,no_candidates,0,0,0,0,,,0,0,,no_candidates,,,,,,,,,,,,,,,,,,
debiased,eurlex,http://data.europa.eu/eli/reg/2005/1651/art_4/oj,32005R1651,fact_pattern,False,completed,3,3,3,0,37.0,37.0,3,2,q_15e87842513fa7874f1cbc13,rank1,24.0,24.0,False,24.0,q_15e87842513fa7874f1cbc13,5.0,5.0,4.0,5.0,5.0,24.0,q_15e87842513fa7874f1cbc13,5.0,5.0,4.0,5.0,5.0,0.0
debiased,eurlex,http://data.europa.eu/eli/reg/2005/1651/art_4/oj,32005R1651,lookup,False,completed,3,3,3,0,36.0,36.0,3,3,q_22acef3df378c446be629980,rank1,21.0,21.0,False,25.0,q_04e34e2605a00a6018ee2cb6,5.0,5.0,5.0,5.0,5.0,25.0,q_04e34e2605a00a6018ee2cb6,5.0,5.0,5.0,5.0,5.0,4.0
debiased,eurlex,http://data.europa.eu/eli/reg/2010/1031/art_48/oj,32010R1031,fact_pattern,False,completed,2,2,2,0,36.0,36.0,2,2,q_ffb40b918065fae0388fcd74,rank1,24.0,24.0,False,24.0,q_ffb40b918065fae0388fcd74,5.0,5.0,4.0,5.0,5.0,24.0,q_ffb40b918065fae0388fcd74,5.0,5.0,4.0,5.0,5.0,0.0
debiased,eurlex,http://data.europa.eu/eli/reg/2010/1031/art_48/oj,32010R1031,lookup,False,completed,3,3,3,0,37.0,37.0,1,1,q_92fff7211fb862d86821281c,rank1,23.0,23.0,False,23.0,q_92fff7211fb862d86821281c,5.0,4.0,4.0,5.0,5.0,23.0,q_92fff7211fb862d86821281c,5.0,4.0,4.0,5.0,5.0,0.0
debiased,eurlex,http://data.europa.eu/eli/dir/2006/60/art_2/oj,32006L0060,fact_pattern,False,no_candidates,0,0,0,0,,,0,0,,no_candidates,,,,,,,,,,,,,,,,,,
debiased,eurlex,http://data.europa.eu/eli/dir/2006/60/art_2/oj,32006L0060,lookup,False,no_candidates,0,0,0,0,,,0,0,,no_candidates,,,,,,,,,,,,,,,,,,
debiased,eurlex,http://data.europa.eu/eli/reg/2014/312/art_16/oj,32014R0312,fact_pattern,False,completed,2,2,2,0,36.0,36.0,0,0,q_bc3eb671a3bb30e5551a3033,rank1,,,,,,,,,,,,,,,,,,
debiased,eurlex,http://data.europa.eu/eli/reg/2014/312/art_16/oj,32014R0312,lookup,False,completed,3,3,2,1,35.0,35.0,0,0,q_9f3c6973b5b166a97f21fc68,rank1,,,,,,,,,,,,,,,,,,
debiased,eurlex,http://data.europa.eu/eli/reg/2014/165/art_23/oj,32014R0165,fact_pattern,False,completed,3,3,2,0,36.0,36.0,2,2,q_f0ff52a1c7fe8567818f1d5e,rank1,21.0,21.0,False,22.0,q_4ecb1f4a71df8ca92219cb63,5.0,5.0,4.0,4.0,4.0,22.0,q_4ecb1f4a71df8ca92219cb63,5.0,5.0,4.0,4.0,4.0,1.0
debiased,eurlex,http://data.europa.eu/eli/reg/2014/165/art_23/oj,32014R0165,lookup,False,completed,3,3,3,0,38.0,38.0,3,3,q_a3b4da657f932a6e689487f7,rank1,23.0,23.0,False,23.0,q_f432287bbf35ee99cef35e36,5.0,5.0,4.0,4.0,5.0,23.0,q_f432287bbf35ee99cef35e36,5.0,5.0,4.0,4.0,5.0,0.0
debiased,eurlex,http://data.europa.eu/eli/reg/2011/492/art_17/oj,32011R0492,fact_pattern,False,completed,2,2,1,1,31.0,31.0,1,1,q_c772281a3dea0a2a4d8f92f7,rank1,19.0,19.0,False,19.0,q_c772281a3dea0a2a4d8f92f7,5.0,4.0,4.0,3.0,3.0,19.0,q_c772281a3dea0a2a4d8f92f7,5.0,4.0,4.0,3.0,3.0,0.0
debiased,eurlex,http://data.europa.eu/eli/reg/2011/492/art_17/oj,32011R0492,lookup,False,completed,2,2,2,0,35.0,35.0,1,1,q_f3376e6a466e754bb8cd9ad2,rank1,23.0,23.0,False,23.0,q_f3376e6a466e754bb8cd9ad2,5.0,5.0,4.0,4.0,5.0,23.0,q_f3376e6a466e754bb8cd9ad2,5.0,5.0,4.0,4.0,5.0,0.0
debiased,eurlex,http://data.europa.eu/eli/dir/2005/86/art_2/oj,32005L0086,fact_pattern,False,no_candidates,0,0,0,0,,,0,0,,no_candidates,,,,,,,,,,,,,,,,,,
debiased,eurlex,http://data.europa.eu/eli/dir/2005/86/art_2/oj,32005L0086,lookup,False,no_candidates,0,0,0,0,,,0,0,,no_candidates,,,,,,,,,,,,,,,,,,
debiased,eurlex,http://data.europa.eu/eli/reg/2012/966/art_56/oj,32012R0966,fact_pattern,False,no_candidates,0,0,0,0,,,0,0,,no_candidates,,,,,,,,,,,,,,,,,,
debiased,eurlex,http://data.europa.eu/eli/reg/2012/966/art_56/oj,32012R0966,lookup,False,completed,3,3,3,0,37.0,37.0,1,1,q_a340ee0abc480a2497c9284c,rank1,,,,24.0,q_abd111b7ceb1373227fd6457,5.0,5.0,5.0,4.0,5.0,24.0,q_abd111b7ceb1373227fd6457,5.0,5.0,5.0,4.0,5.0,
debiased,eurlex,http://data.europa.eu/eli/dir/2007/68/art_2/oj,32007L0068,fact_pattern,False,no_candidates,0,0,0,0,,,0,0,,no_candidates,,,,,,,,,,,,,,,,,,
debiased,eurlex,http://data.europa.eu/eli/dir/2007/68/art_2/oj,32007L0068,lookup,False,no_candidates,0,0,0,0,,,0,0,,no_candidates,,,,,,,,,,,,,,,,,,
debiased,eurlex,http://data.europa.eu/eli/dir_impl/2011/54/art_3/oj,32011L0054,fact_pattern,False,no_candidates,0,0,0,0,,,0,0,,no_candidates,,,,,,,,,,,,,,,,,,
debiased,eurlex,http://data.europa.eu/eli/dir_impl/2011/54/art_3/oj,32011L0054,lookup,False,no_candidates,0,0,0,0,,,0,0,,no_candidates,,,,,,,,,,,,,,,,,,
debiased,eurlex,http://data.europa.eu/eli/dir/2004/66/art_2/oj,32004L0066,fact_pattern,False,no_candidates,0,0,0,0,,,0,0,,no_candidates,,,,,,,,,,,,,,,,,,
debiased,eurlex,http://data.europa.eu/eli/dir/2004/66/art_2/oj,32004L0066,lookup,False,no_candidates,0,0,0,0,,,0,0,,no_candidates,,,,,,,,,,,,,,,,,,
debiased,eurlex,http://data.europa.eu/eli/reg/2008/1165/art_16/oj,32008R1165,fact_pattern,False,completed,1,1,1,0,35.0,35.0,1,1,q_2564e11eaf0e50afd806c2a5,rank1,23.0,23.0,False,23.0,q_2564e11eaf0e50afd806c2a5,5.0,5.0,4.0,4.0,5.0,23.0,q_2564e11eaf0e50afd806c2a5,5.0,5.0,4.0,4.0,5.0,0.0
debiased,eurlex,http://data.europa.eu/eli/reg/2008/1165/art_16/oj,32008R1165,lookup,False,completed,3,3,3,0,37.0,37.0,3,3,q_0c7a5162246aabf2028d74c2,rank1,22.0,22.0,False,24.0,q_550ad37749b1053432a4fd43,5.0,5.0,5.0,5.0,4.0,24.0,q_550ad37749b1053432a4fd43,5.0,5.0,5.0,5.0,4.0,2.0
debiased,eurlex,http://data.europa.eu/eli/reg_impl/2011/1008/art_1/oj,32011R1008,fact_pattern,False,completed,3,3,3,0,36.0,36.0,0,0,q_cd35a6d7cc68d724edab57c6,rank1,,,,,,,,,,,,,,,,,,
debiased,eurlex,http://data.europa.eu/eli/reg_impl/2011/1008/art_1/oj,32011R1008,lookup,False,completed,3,3,3,0,38.0,38.0,0,0,q_62b2408218669b489ad97f25,rank1,,,,,,,,,,,,,,,,,,
debiased,eurlex,http://data.europa.eu/eli/dir/2015/566/art_9/oj,32015L0566,fact_pattern,False,no_candidates,0,0,0,0,,,0,0,,no_candidates,,,,,,,,,,,,,,,,,,
debiased,eurlex,http://data.europa.eu/eli/dir/2015/566/art_9/oj,32015L0566,lookup,False,no_candidates,0,0,0,0,,,0,0,,no_candidates,,,,,,,,,,,,,,,,,,
debiased,eurlex,http://data.europa.eu/eli/reg/2009/193/art_1/oj,32009R0193,fact_pattern,False,completed,3,3,3,0,39.0,39.0,3,3,q_7c29330cff331abf4903bebf,rank1,24.0,24.0,False,24.0,q_8432f83c2eca7ffec315eca8,5.0,5.0,4.0,5.0,5.0,24.0,q_8432f83c2eca7ffec315eca8,5.0,5.0,4.0,5.0,5.0,0.0
debiased,eurlex,http://data.europa.eu/eli/reg/2009/193/art_1/oj,32009R0193,lookup,False,completed,3,3,3,0,39.0,39.0,3,3,q_79c656e52db5b1d9221993ed,rank1,25.0,25.0,False,25.0,q_79c656e52db5b1d9221993ed,5.0,5.0,5.0,5.0,5.0,25.0,q_79c656e52db5b1d9221993ed,5.0,5.0,5.0,5.0,5.0,0.0
debiased,eurlex,http://data.europa.eu/eli/reg_impl/2011/452/art_1/oj,32011R0452,fact_pattern,False,completed,3,3,3,0,37.0,37.0,0,0,q_a8f5ec8da3c907f001839e88,rank1,,,,,,,,,,,,,,,,,,
debiased,eurlex,http://data.europa.eu/eli/reg_impl/2011/452/art_1/oj,32011R0452,lookup,False,completed,3,3,3,0,40.0,40.0,0,0,q_71a20d4a31120ac192e479ef,rank1,,,,,,,,,,,,,,,,,,
debiased,eurlex,http://data.europa.eu/eli/reg/2014/912/art_8/oj,32014R0912,fact_pattern,False,completed,2,2,2,0,34.0,34.0,2,2,q_28840f0beaeffa393428a70b,rank1,23.0,23.0,False,23.0,q_28840f0beaeffa393428a70b,5.0,5.0,4.0,4.0,5.0,23.0,q_28840f0beaeffa393428a70b,5.0,5.0,4.0,4.0,5.0,0.0
debiased,eurlex,http://data.europa.eu/eli/reg/2014/912/art_8/oj,32014R0912,lookup,False,completed,3,3,3,0,34.0,34.0,3,3,q_1beacc74b3af838655fce7e8,rank1,24.0,24.0,False,24.0,q_b259c764d244e400f45224cc,5.0,5.0,4.0,5.0,5.0,24.0,q_b259c764d244e400f45224cc,5.0,5.0,4.0,5.0,5.0,0.0
debiased,eurlex,http://data.europa.eu/eli/dir/2014/50/art_5/oj,32014L0050,fact_pattern,False,completed,3,3,0,2,30.0,,3,1,q_905e20f76eb2a1e87b4139b4,rank1,22.0,22.0,False,22.0,q_905e20f76eb2a1e87b4139b4,4.0,5.0,4.0,5.0,4.0,22.0,q_905e20f76eb2a1e87b4139b4,4.0,5.0,4.0,5.0,4.0,0.0
debiased,eurlex,http://data.europa.eu/eli/dir/2014/50/art_5/oj,32014L0050,lookup,False,completed,3,3,3,0,37.0,37.0,3,3,q_e82f0305d305cd12bbb4e209,rank1,24.0,24.0,False,24.0,q_ec9dd020e019064330c0e4c1,5.0,5.0,4.0,5.0,5.0,24.0,q_ec9dd020e019064330c0e4c1,5.0,5.0,4.0,5.0,5.0,0.0
debiased,eurlex,http://data.europa.eu/eli/dir/2014/59/art_77/oj,32014L0059,fact_pattern,False,completed,3,3,3,0,37.0,37.0,3,3,q_eedd4ef13abd4eda150678ab,rank1,23.0,23.0,False,23.0,q_eedd4ef13abd4eda150678ab,5.0,5.0,4.0,4.0,5.0,23.0,q_eedd4ef13abd4eda150678ab,5.0,5.0,4.0,4.0,5.0,0.0
debiased,eurlex,http://data.europa.eu/eli/dir/2014/59/art_77/oj,32014L0059,lookup,False,completed,3,3,3,0,37.0,37.0,3,3,q_da4ebf80f658ee65ec36d6ab,rank1,22.0,22.0,False,24.0,q_26fa07dc761f1a4a62911bf3,5.0,5.0,4.0,5.0,5.0,24.0,q_26fa07dc761f1a4a62911bf3,5.0,5.0,4.0,5.0,5.0,2.0
debiased,eurlex,http://data.europa.eu/eli/reg_impl/2011/1333/art_11/oj,32011R1333,fact_pattern,False,completed,3,3,2,1,35.0,35.0,1,1,q_d15dac61c50db9ad5f0a57fc,rank1,,,,20.0,q_7b19764fa59d0b2ba2855c6c,5.0,4.0,4.0,4.0,3.0,20.0,q_7b19764fa59d0b2ba2855c6c,5.0,4.0,4.0,4.0,3.0,
debiased,eurlex,http://data.europa.eu/eli/reg_impl/2011/1333/art_11/oj,32011R1333,lookup,False,completed,3,3,3,0,38.0,38.0,0,0,q_0a5aa2ee54feac15d47c3e2d,rank1,,,,,,,,,,,,,,,,,,
debiased,eurlex,http://data.europa.eu/eli/reg_impl/2012/282/art_1/oj,32012R0282,fact_pattern,False,completed,1,1,0,0,30.0,,0,0,q_47a6359faa3ff45487aebc4c,rank1,,,,,,,,,,,,,,,,,,
debiased,eurlex,http://data.europa.eu/eli/reg_impl/2012/282/art_1/oj,32012R0282,lookup,False,completed,2,2,2,0,36.0,36.0,0,0,q_ccf27d6f6e22d926b6eb6129,rank1,,,,,,,,,,,,,,,,,,
debiased,eurlex,http://data.europa.eu/eli/reg_impl/2012/1081/art_10/oj,32012R1081,fact_pattern,False,completed,3,3,2,0,35.0,35.0,0,0,q_02efd907925ddf0935fef29b,rank1,,,,,,,,,,,,,,,,,,
debiased,eurlex,http://data.europa.eu/eli/reg_impl/2012/1081/art_10/oj,32012R1081,lookup,False,completed,3,3,3,0,37.0,37.0,0,0,q_d0c1e1f076f9553157339acb,rank1,,,,,,,,,,,,,,,,,,
debiased,eurlex,http://data.europa.eu/eli/reg/2006/1906/art_50/oj,32006R1906,fact_pattern,False,completed,3,3,3,0,37.0,37.0,3,3,q_26dba25351850e62f5d98f21,rank1,23.0,23.0,False,23.0,q_26dba25351850e62f5d98f21,5.0,5.0,4.0,4.0,5.0,23.0,q_26dba25351850e62f5d98f21,5.0,5.0,4.0,4.0,5.0,0.0
debiased,eurlex,http://data.europa.eu/eli/reg/2006/1906/art_50/oj,32006R1906,lookup,False,completed,3,3,3,0,37.0,37.0,3,3,q_a2f7e93227fc22a0e58ac9ef,rank1,24.0,24.0,False,24.0,q_a2f7e93227fc22a0e58ac9ef,5.0,5.0,4.0,5.0,5.0,24.0,q_a2f7e93227fc22a0e58ac9ef,5.0,5.0,4.0,5.0,5.0,0.0
debiased,eurlex,http://data.europa.eu/eli/reg/2007/520/art_24/oj,32007R0520,fact_pattern,False,completed,3,3,2,1,33.0,33.0,3,2,q_e19dca86b81d1b7ba0c0fc96,rank1,22.0,22.0,False,22.0,q_e19dca86b81d1b7ba0c0fc96,5.0,5.0,3.0,4.0,5.0,22.0,q_e19dca86b81d1b7ba0c0fc96,5.0,5.0,3.0,4.0,5.0,0.0
debiased,eurlex,http://data.europa.eu/eli/reg/2007/520/art_24/oj,32007R0520,lookup,False,completed,3,3,0,3,34.0,,3,2,q_a4c4e347e636fc580afe57ca,rank1,24.0,24.0,False,24.0,q_a4c4e347e636fc580afe57ca,5.0,5.0,4.0,5.0,5.0,24.0,q_a4c4e347e636fc580afe57ca,5.0,5.0,4.0,5.0,5.0,0.0
debiased,eurlex,http://data.europa.eu/eli/dir/2005/9/art_2/oj,32005L0009,fact_pattern,False,no_candidates,0,0,0,0,,,0,0,,no_candidates,,,,,,,,,,,,,,,,,,
debiased,eurlex,http://data.europa.eu/eli/dir/2005/9/art_2/oj,32005L0009,lookup,False,no_candidates,0,0,0,0,,,0,0,,no_candidates,,,,,,,,,,,,,,,,,,
debiased,eurlex,http://data.europa.eu/eli/reg/2014/788/art_20/oj,32014R0788,fact_pattern,False,completed,3,3,0,3,33.0,,0,0,q_c8780d749ce7e8a049cc1c3c,rank1,,,,,,,,,,,,,,,,,,
debiased,eurlex,http://data.europa.eu/eli/reg/2014/788/art_20/oj,32014R0788,lookup,False,completed,3,3,3,0,37.0,37.0,0,0,q_186693b5ea1cc92311861234,rank1,,,,,,,,,,,,,,,,,,
debiased,eurlex,http://data.europa.eu/eli/reg/2011/333/art_2/oj,32011R0333,fact_pattern,False,completed,3,3,3,0,32.0,32.0,2,2,q_866de03cc5f2749fb2f4d033,rank1,21.0,21.0,False,21.0,q_866de03cc5f2749fb2f4d033,5.0,5.0,4.0,3.0,4.0,21.0,q_866de03cc5f2749fb2f4d033,5.0,5.0,4.0,3.0,4.0,0.0
debiased,eurlex,http://data.europa.eu/eli/reg/2011/333/art_2/oj,32011R0333,lookup,False,completed,3,3,3,0,36.0,36.0,0,0,q_755d956bfb5420a7867ed169,rank1,,,,,,,,,,,,,,,,,,
debiased,eurlex,http://data.europa.eu/eli/dir/2014/65/art_36/oj,32014L0065,fact_pattern,False,completed,2,2,2,0,35.0,35.0,2,2,q_944330040c395b1bfb2d7a5e,rank1,21.0,21.0,False,22.0,q_c2deff0d919171749a1318bd,5.0,5.0,4.0,4.0,4.0,22.0,q_c2deff0d919171749a1318bd,5.0,5.0,4.0,4.0,4.0,1.0
debiased,eurlex,http://data.europa.eu/eli/dir/2014/65/art_36/oj,32014L0065,lookup,False,completed,3,3,3,0,36.0,36.0,3,2,q_36b51f2b49d57c695d95448e,rank1,23.0,23.0,False,24.0,q_6d3fdea2591ab3f1e9355603,5.0,5.0,5.0,4.0,5.0,24.0,q_6d3fdea2591ab3f1e9355603,5.0,5.0,5.0,4.0,5.0,1.0
debiased,eurlex,http://data.europa.eu/eli/reg_del/2013/811/art_1/oj,32013R0811,fact_pattern,False,completed,3,3,3,0,35.0,35.0,1,0,q_f3c15be2da9eece85e1b3320,rank1,20.0,,False,20.0,q_f3c15be2da9eece85e1b3320,4.0,3.0,4.0,4.0,5.0,,,,,,,,0.0
debiased,eurlex,http://data.europa.eu/eli/reg_del/2013/811/art_1/oj,32013R0811,lookup,False,completed,3,3,3,0,38.0,38.0,2,2,q_403cd6e715eabe110412ae42,rank1,,,,23.0,q_fa14392c10e5203e60eda3c9,5.0,5.0,4.0,4.0,5.0,23.0,q_fa14392c10e5203e60eda3c9,5.0,5.0,4.0,4.0,5.0,
debiased,eurlex,http://data.europa.eu/eli/reg/2009/1072/art_1/oj,32009R1072,fact_pattern,False,completed,3,3,3,0,35.0,35.0,3,3,q_dac56e3e7b5a4a28d33df404,rank1,20.0,20.0,False,24.0,q_a1986031edc007a5a751f62d,5.0,5.0,4.0,5.0,5.0,24.0,q_a1986031edc007a5a751f62d,5.0,5.0,4.0,5.0,5.0,4.0
debiased,eurlex,http://data.europa.eu/eli/reg/2009/1072/art_1/oj,32009R1072,lookup,False,completed,3,3,3,0,37.0,37.0,3,3,q_a03a0beb70adef4286e7148c,rank1,23.0,23.0,False,25.0,q_a40e634b675ce39a551e5bd3,5.0,5.0,5.0,5.0,5.0,25.0,q_a40e634b675ce39a551e5bd3,5.0,5.0,5.0,5.0,5.0,2.0
debiased,eurlex,http://data.europa.eu/eli/reg/2005/1572/art_4/oj,32005R1572,fact_pattern,False,completed,3,3,3,0,39.0,39.0,3,3,q_d207d631c84be941c0be2d95,rank1,24.0,24.0,False,24.0,q_d207d631c84be941c0be2d95,5.0,5.0,4.0,5.0,5.0,24.0,q_d207d631c84be941c0be2d95,5.0,5.0,4.0,5.0,5.0,0.0
debiased,eurlex,http://data.europa.eu/eli/reg/2005/1572/art_4/oj,32005R1572,lookup,False,completed,3,3,3,0,37.0,37.0,3,3,q_e709ab57a3e6f06d732b8062,rank1,23.0,23.0,False,23.0,q_e709ab57a3e6f06d732b8062,5.0,5.0,4.0,4.0,5.0,23.0,q_e709ab57a3e6f06d732b8062,5.0,5.0,4.0,4.0,5.0,0.0
debiased,eurlex,http://data.europa.eu/eli/reg/2013/1290/art_57/oj,32013R1290,fact_pattern,False,completed,2,2,1,0,36.0,36.0,0,0,q_575da47d26db2308b4107ba1,rank1,,,,,,,,,,,,,,,,,,
debiased,eurlex,http://data.europa.eu/eli/reg/2013/1290/art_57/oj,32013R1290,lookup,False,completed,3,3,1,2,35.0,35.0,0,0,q_d21242a189cc936cc2cafbb9,rank1,,,,,,,,,,,,,,,,,,
debiased,eurlex,http://data.europa.eu/eli/reg/2013/1381/art_5/oj,32013R1381,fact_pattern,False,completed,3,3,2,0,35.0,35.0,3,3,q_3d84bf500cc24364949edec0,rank1,23.0,23.0,False,23.0,q_3d84bf500cc24364949edec0,5.0,5.0,4.0,4.0,5.0,23.0,q_3d84bf500cc24364949edec0,5.0,5.0,4.0,4.0,5.0,0.0
debiased,eurlex,http://data.europa.eu/eli/reg/2013/1381/art_5/oj,32013R1381,lookup,False,completed,3,3,3,0,39.0,39.0,1,1,q_23e8f5fa77a298fd46151723,rank1,,,,24.0,q_d906d7169b3b99d236ffe544,5.0,5.0,5.0,4.0,5.0,24.0,q_d906d7169b3b99d236ffe544,5.0,5.0,5.0,4.0,5.0,
debiased,eurlex,http://data.europa.eu/eli/reg/2007/1386/art_55/oj,32007R1386,fact_pattern,False,completed,2,2,2,0,33.0,33.0,2,1,q_5e104fb1eaa0826ececb971d,rank1,23.0,23.0,False,23.0,q_5e104fb1eaa0826ececb971d,5.0,5.0,5.0,4.0,4.0,23.0,q_5e104fb1eaa0826ececb971d,5.0,5.0,5.0,4.0,4.0,0.0
debiased,eurlex,http://data.europa.eu/eli/reg/2007/1386/art_55/oj,32007R1386,lookup,False,completed,3,3,3,0,38.0,38.0,3,3,q_46b7d39c06ad4cd018563796,rank1,24.0,24.0,False,24.0,q_fd7a24af70e36e8369513452,5.0,5.0,5.0,4.0,5.0,24.0,q_fd7a24af70e36e8369513452,5.0,5.0,5.0,4.0,5.0,0.0
debiased,eurlex,http://data.europa.eu/eli/reg/2009/436/art_36/oj,32009R0436,fact_pattern,False,completed,3,3,3,0,37.0,37.0,3,3,q_21143ca1721cebbf702d1d26,rank1,24.0,24.0,False,24.0,q_21143ca1721cebbf702d1d26,5.0,5.0,4.0,5.0,5.0,24.0,q_21143ca1721cebbf702d1d26,5.0,5.0,4.0,5.0,5.0,0.0
debiased,eurlex,http://data.europa.eu/eli/reg/2009/436/art_36/oj,32009R0436,lookup,False,completed,3,3,3,0,38.0,38.0,3,3,q_8322fdf10861c900cb4b1526,rank1,24.0,24.0,False,24.0,q_8322fdf10861c900cb4b1526,5.0,5.0,4.0,5.0,5.0,24.0,q_8322fdf10861c900cb4b1526,5.0,5.0,4.0,5.0,5.0,0.0
debiased,eurlex,http://data.europa.eu/eli/dir/2006/112/art_111/oj,32006L0112,fact_pattern,False,completed,2,2,2,0,29.0,29.0,2,2,q_12b121ba6114f9eb8f0c367d,rank1,20.0,20.0,False,20.0,q_366a1dafc3cc7126c09669b7,4.0,4.0,4.0,4.0,4.0,20.0,q_366a1dafc3cc7126c09669b7,4.0,4.0,4.0,4.0,4.0,0.0
debiased,eurlex,http://data.europa.eu/eli/dir/2006/112/art_111/oj,32006L0112,lookup,False,completed,3,3,2,1,34.0,34.0,3,3,q_8f80cbed4c025c95a0363def,rank1,25.0,25.0,False,25.0,q_a66fae86521307d3b269da6e,5.0,5.0,5.0,5.0,5.0,25.0,q_a66fae86521307d3b269da6e,5.0,5.0,5.0,5.0,5.0,0.0
debiased,eurlex,http://data.europa.eu/eli/reg_del/2013/231/art_43/oj,32013R0231,fact_pattern,False,completed,3,3,2,0,36.0,36.0,2,2,q_44e5d927ee3ffb5960c24169,rank1,23.0,23.0,False,23.0,q_44e5d927ee3ffb5960c24169,5.0,5.0,4.0,4.0,5.0,23.0,q_44e5d927ee3ffb5960c24169,5.0,5.0,4.0,4.0,5.0,0.0
debiased,eurlex,http://data.europa.eu/eli/reg_del/2013/231/art_43/oj,32013R0231,lookup,False,completed,3,3,2,0,33.0,33.0,2,2,q_944c24787e56008ab245da41,rank1,22.0,22.0,False,24.0,q_4193b37626bec4fe936f5060,5.0,5.0,5.0,4.0,5.0,24.0,q_4193b37626bec4fe936f5060,5.0,5.0,5.0,4.0,5.0,2.0
debiased,eurlex,http://data.europa.eu/eli/reg/2006/1083/art_47/oj,32006R1083,fact_pattern,False,completed,3,3,1,0,38.0,38.0,3,2,q_957908823b275b11eb919265,rank1,24.0,24.0,False,24.0,q_957908823b275b11eb919265,5.0,5.0,4.0,5.0,5.0,24.0,q_957908823b275b11eb919265,5.0,5.0,4.0,5.0,5.0,0.0
debiased,eurlex,http://data.europa.eu/eli/reg/2006/1083/art_47/oj,32006R1083,lookup,False,completed,3,3,3,0,35.0,35.0,3,3,q_1c4f63d7c124bb5427850968,rank1,24.0,24.0,False,24.0,q_d5853834f700584a5d2f00b3,5.0,5.0,4.0,5.0,5.0,24.0,q_d5853834f700584a5d2f00b3,5.0,5.0,4.0,5.0,5.0,0.0
debiased,eurlex,http://data.europa.eu/eli/reg_impl/2014/181/art_5/oj,32014R0181,fact_pattern,False,completed,3,3,3,0,35.0,35.0,2,1,q_e3db887f667d3ad280999dc8,rank1,24.0,24.0,False,24.0,q_e3db887f667d3ad280999dc8,5.0,5.0,5.0,4.0,5.0,24.0,q_e3db887f667d3ad280999dc8,5.0,5.0,5.0,4.0,5.0,0.0
debiased,eurlex,http://data.europa.eu/eli/reg_impl/2014/181/art_5/oj,32014R0181,lookup,False,completed,3,3,3,0,38.0,38.0,3,3,q_fc5a23e1ce54bb5e62d9fcd9,rank1,25.0,25.0,False,25.0,q_fc5a23e1ce54bb5e62d9fcd9,5.0,5.0,5.0,5.0,5.0,25.0,q_fc5a23e1ce54bb5e62d9fcd9,5.0,5.0,5.0,5.0,5.0,0.0
debiased,eurlex,http://data.europa.eu/eli/reg/2009/1130/art_22/oj,32009R1130,fact_pattern,False,completed,3,3,2,1,36.0,36.0,3,2,q_8adabf0904922a0383aca4be,rank1,22.0,22.0,False,22.0,q_8adabf0904922a0383aca4be,5.0,5.0,4.0,4.0,4.0,22.0,q_8adabf0904922a0383aca4be,5.0,5.0,4.0,4.0,4.0,0.0
debiased,eurlex,http://data.europa.eu/eli/reg/2009/1130/art_22/oj,32009R1130,lookup,False,completed,3,3,3,0,37.0,37.0,3,3,q_6eb4d90e3102e6ce0635a520,rank1,25.0,25.0,False,25.0,q_95e7de24260d89c8959cd184,5.0,5.0,5.0,5.0,5.0,25.0,q_95e7de24260d89c8959cd184,5.0,5.0,5.0,5.0,5.0,0.0
debiased,eurlex,http://data.europa.eu/eli/dir/2014/26/art_2/oj,32014L0026,fact_pattern,False,completed,3,3,2,0,35.0,35.0,3,3,q_e658f58c3a1564386e4a25da,rank1,20.0,20.0,False,23.0,q_46cc3c7c16a6b6591707b05e,5.0,5.0,4.0,5.0,4.0,23.0,q_46cc3c7c16a6b6591707b05e,5.0,5.0,4.0,5.0,4.0,3.0
debiased,eurlex,http://data.europa.eu/eli/dir/2014/26/art_2/oj,32014L0026,lookup,False,completed,3,3,3,0,37.0,37.0,3,3,q_2e8901ca5f78f61429d6c3aa,rank1,23.0,23.0,False,24.0,q_0189b5267aca884d6ac0cc4e,5.0,5.0,4.0,5.0,5.0,24.0,q_0189b5267aca884d6ac0cc4e,5.0,5.0,4.0,5.0,5.0,1.0
debiased,eurlex,http://data.europa.eu/eli/reg/2012/493/art_3/oj,32012R0493,fact_pattern,False,completed,3,3,3,0,37.0,37.0,0,0,q_76fd6d9a4cb55b7e1daa7df2,rank1,,,,,,,,,,,,,,,,,,
debiased,eurlex,http://data.europa.eu/eli/reg/2012/493/art_3/oj,32012R0493,lookup,False,completed,3,3,3,0,38.0,38.0,0,0,q_9cc0c25eb52e36f40a8004a2,rank1,,,,,,,,,,,,,,,,,,
debiased,eurlex,http://data.europa.eu/eli/reg/2014/1141/art_16/oj,32014R1141,fact_pattern,False,completed,3,3,3,0,37.0,37.0,2,2,q_be5ce91f47966d3e3a451eea,rank1,20.0,20.0,False,24.0,q_fb8e5c286955f81f648aa614,5.0,5.0,5.0,4.0,5.0,24.0,q_fb8e5c286955f81f648aa614,5.0,5.0,5.0,4.0,5.0,4.0
debiased,eurlex,http://data.europa.eu/eli/reg/2014/1141/art_16/oj,32014R1141,lookup,False,completed,3,3,3,0,38.0,38.0,2,2,q_2d8848eed51ee4c5fa6f9514,rank1,22.0,22.0,False,23.0,q_a5e7ac3a1809e2b1a944be9e,5.0,5.0,4.0,4.0,5.0,23.0,q_a5e7ac3a1809e2b1a944be9e,5.0,5.0,4.0,4.0,5.0,1.0
simple,un,2011/a/res/65/212#13,A/RES/65/212,lookup,False,completed,3,3,1,0,35.0,35.0,0,0,q_8cedbecbfba2ad179ae2d0e1,rank1,,,,,,,,,,,,,,,,,,
simple,un,2011/a/res/65/212#13,A/RES/65/212,practitioner,False,completed,3,3,2,0,35.0,35.0,0,0,q_7ea73e9ed06b85106270a264,rank1,,,,,,,,,,,,,,,,,,
simple,un,2011/a/res/65/212#13,A/RES/65/212,semantic,False,completed,2,2,2,0,34.0,34.0,0,0,q_e828d3aea277373c0708672f,rank1,,,,,,,,,,,,,,,,,,
simple,un,2006/a/res/61/183#3,A/RES/61/183,lookup,False,completed,3,3,1,0,36.0,34.0,0,0,q_853e8cd370684a4bd0069a5c,rank1,,,,,,,,,,,,,,,,,,
simple,un,2006/a/res/61/183#3,A/RES/61/183,practitioner,False,completed,3,3,3,0,34.0,34.0,0,0,q_db2c44e4ad2fdb6575136600,rank1,,,,,,,,,,,,,,,,,,
simple,un,2006/a/res/61/183#3,A/RES/61/183,semantic,False,completed,3,3,3,0,36.0,36.0,0,0,q_f8438bce5815b12f54af65f1,rank1,,,,,,,,,,,,,,,,,,
simple,un,2013/a/res/67/199#12,A/RES/67/199,lookup,False,completed,3,3,0,3,29.0,,0,0,q_ad3780d0aeaca4f9d3a24312,rank1,,,,,,,,,,,,,,,,,,
simple,un,2013/a/res/67/199#12,A/RES/67/199,practitioner,False,completed,3,3,2,0,33.0,29.0,0,0,q_d286f3fc777042d1565d8d47,rank1,,,,,,,,,,,,,,,,,,
simple,un,2013/a/res/67/199#12,A/RES/67/199,semantic,False,completed,3,3,3,0,34.0,34.0,0,0,q_d754958d7b119c6cdeb26b2a,rank1,,,,,,,,,,,,,,,,,,
simple,un,2011/a/res/65/263#2,A/RES/65/263,lookup,False,completed,3,3,3,0,37.0,37.0,0,0,q_70426313c1f0213a1683f215,rank1,,,,,,,,,,,,,,,,,,
simple,un,2011/a/res/65/263#2,A/RES/65/263,practitioner,False,completed,3,3,0,2,30.0,,0,0,q_8d08e42024612384482a0622,rank1,,,,,,,,,,,,,,,,,,
simple,un,2011/a/res/65/263#2,A/RES/65/263,semantic,False,completed,3,3,0,1,35.0,,0,0,q_967044eba28b3538d0670da8,rank1,,,,,,,,,,,,,,,,,,
simple,un,2013/a/res/68/143#7,A/RES/68/143,lookup,False,completed,3,3,2,0,38.0,38.0,0,0,q_538a50a85a75302aea56bd91,rank1,,,,,,,,,,,,,,,,,,
simple,un,2013/a/res/68/143#7,A/RES/68/143,practitioner,False,completed,3,3,2,0,34.0,31.0,0,0,q_b3ea5267ea1c7e9940af65d0,rank1,,,,,,,,,,,,,,,,,,
simple,un,2013/a/res/68/143#7,A/RES/68/143,semantic,False,completed,2,2,2,0,31.0,31.0,0,0,q_2133a620386d00df544987ec,rank1,,,,,,,,,,,,,,,,,,
simple,un,2014/a/res/68/254#2,A/RES/68/254,lookup,False,completed,3,3,1,0,36.0,33.0,0,0,q_42f60a9ac778fcf092bb5f54,rank1,,,,,,,,,,,,,,,,,,
simple,un,2014/a/res/68/254#2,A/RES/68/254,practitioner,False,completed,3,3,2,0,34.0,34.0,0,0,q_157eaa77d8078b0de2fbe2a4,rank1,,,,,,,,,,,,,,,,,,
simple,un,2014/a/res/68/254#2,A/RES/68/254,semantic,False,completed,3,3,0,0,35.0,,0,0,q_d65df88d916ce8f6193ab293,rank1,,,,,,,,,,,,,,,,,,
simple,un,2001/a/res/55/114#5,A/RES/55/114,lookup,False,completed,3,3,3,0,35.0,35.0,0,0,q_36ab82f390f6d320cd54cfb7,rank1,,,,,,,,,,,,,,,,,,
simple,un,2001/a/res/55/114#5,A/RES/55/114,practitioner,False,completed,3,3,0,3,33.0,,0,0,q_6f1315802d88049a1a9c6e77,rank1,,,,,,,,,,,,,,,,,,
simple,un,2001/a/res/55/114#5,A/RES/55/114,semantic,False,completed,3,3,2,1,33.0,33.0,0,0,q_0ece1de3e850917094811e58,rank1,,,,,,,,,,,,,,,,,,
simple,un,2007/a/res/62/137#12,A/RES/62/137,lookup,False,completed,2,2,2,0,35.0,35.0,0,0,q_4b5444ff080e334d109e8544,rank1,,,,,,,,,,,,,,,,,,
simple,un,2007/a/res/62/137#12,A/RES/62/137,practitioner,False,completed,2,2,2,0,31.0,31.0,0,0,q_776b4df8a7ef36b590dd377b,rank1,,,,,,,,,,,,,,,,,,
simple,un,2007/a/res/62/137#12,A/RES/62/137,semantic,False,completed,3,3,2,0,35.0,35.0,0,0,q_dfacf32aeffe5826fca43837,rank1,,,,,,,,,,,,,,,,,,
simple,un,2005/a/res/60/226#3,A/RES/60/226,lookup,False,completed,2,2,0,0,33.0,,0,0,q_fc5fcc95ef68c60c19bf3123,rank1,,,,,,,,,,,,,,,,,,
simple,un,2005/a/res/60/226#3,A/RES/60/226,practitioner,False,completed,2,2,0,0,32.0,,0,0,q_8873839e9a9c93a7dcf3c3cc,rank1,,,,,,,,,,,,,,,,,,
simple,un,2005/a/res/60/226#3,A/RES/60/226,semantic,False,completed,2,2,2,0,32.0,32.0,0,0,q_963024ad8fe44080e5e54097,rank1,,,,,,,,,,,,,,,,,,
simple,un,2013/a/res/68/18#1,A/RES/68/18,lookup,False,completed,3,3,2,0,37.0,37.0,0,0,q_808d4c05764f87707686060b,rank1,,,,,,,,,,,,,,,,,,
simple,un,2013/a/res/68/18#1,A/RES/68/18,practitioner,False,completed,3,3,3,0,33.0,33.0,0,0,q_9891faf8bd7ac9bff4be206c,rank1,,,,,,,,,,,,,,,,,,
simple,un,2013/a/res/68/18#1,A/RES/68/18,semantic,False,completed,3,3,2,1,34.0,34.0,0,0,q_12ba1f69f7fbe3ada6803801,rank1,,,,,,,,,,,,,,,,,,
simple,un,2001/s/res/1376_2001_#2,S/RES/1376(2001),lookup,False,completed,3,3,3,0,36.0,36.0,0,0,q_24261496f41feae9007ab787,rank1,,,,,,,,,,,,,,,,,,
simple,un,2001/s/res/1376_2001_#2,S/RES/1376(2001),practitioner,False,completed,3,3,0,3,33.0,,0,0,q_cf21b05218e56b31e2511fbe,rank1,,,,,,,,,,,,,,,,,,
simple,un,2001/s/res/1376_2001_#2,S/RES/1376(2001),semantic,False,completed,3,3,1,0,36.0,35.0,0,0,q_201f0c0d011ab2fd2e890fb5,rank1,,,,,,,,,,,,,,,,,,
simple,un,2008/s/res/1806_2008_#8,S/RES/1806(2008),lookup,False,completed,3,3,3,0,38.0,38.0,0,0,q_e6da4ac38e4c4ed543c020aa,rank1,,,,,,,,,,,,,,,,,,
simple,un,2008/s/res/1806_2008_#8,S/RES/1806(2008),practitioner,False,completed,3,3,1,0,35.0,31.0,0,0,q_d21843fe0b2124533e0a4397,rank1,,,,,,,,,,,,,,,,,,
simple,un,2008/s/res/1806_2008_#8,S/RES/1806(2008),semantic,False,completed,3,3,3,0,37.0,37.0,0,0,q_df9baa8740beb68f9c04f526,rank1,,,,,,,,,,,,,,,,,,
simple,un,2003/s/res/1466_2003_#3,S/RES/1466(2003),lookup,False,completed,3,3,1,0,34.0,29.0,0,0,q_a123c6bd8b80dad0a8362571,rank1,,,,,,,,,,,,,,,,,,
simple,un,2003/s/res/1466_2003_#3,S/RES/1466(2003),practitioner,False,completed,3,3,0,3,33.0,,0,0,q_b4991f7475c031cbb9136977,rank1,,,,,,,,,,,,,,,,,,
simple,un,2003/s/res/1466_2003_#3,S/RES/1466(2003),semantic,False,completed,3,3,3,0,36.0,36.0,0,0,q_4392dd273c0bb80eeaa8c5c9,rank1,,,,,,,,,,,,,,,,,,
simple,un,2008/s/res/1845_2008_#3,S/RES/1845(2008),lookup,False,completed,3,3,2,0,35.0,35.0,0,0,q_8868affcb5abdc440149cc4e,rank1,,,,,,,,,,,,,,,,,,
simple,un,2008/s/res/1845_2008_#3,S/RES/1845(2008),practitioner,False,completed,3,3,2,0,35.0,35.0,0,0,q_03ac44286029619dbf876858,rank1,,,,,,,,,,,,,,,,,,
simple,un,2008/s/res/1845_2008_#3,S/RES/1845(2008),semantic,False,completed,3,3,2,0,34.0,33.0,0,0,q_31d2d83ac2a925d908f46db4,rank1,,,,,,,,,,,,,,,,,,
simple,un,2004/s/res/1565_2004_#11,S/RES/1565(2004),lookup,False,completed,2,2,0,0,29.0,,0,0,q_2726a73b9ea8b94a418a70ba,rank1,,,,,,,,,,,,,,,,,,
simple,un,2004/s/res/1565_2004_#11,S/RES/1565(2004),practitioner,False,completed,2,2,0,2,33.0,,0,0,q_465d597e8fe9d2720448da4d,rank1,,,,,,,,,,,,,,,,,,
simple,un,2004/s/res/1565_2004_#11,S/RES/1565(2004),semantic,False,completed,2,2,2,0,32.0,32.0,0,0,q_d26913fe97b2145ce7f0ebde,rank1,,,,,,,,,,,,,,,,,,
simple,un,2002/a/res/56/188#8,A/RES/56/188,lookup,False,completed,3,3,2,1,33.0,33.0,0,0,q_2f60794d72639f9ece09db61,rank1,,,,,,,,,,,,,,,,,,
simple,un,2002/a/res/56/188#8,A/RES/56/188,practitioner,False,completed,3,3,0,3,32.0,,0,0,q_d3ae6f13b6df81d7734eee31,rank1,,,,,,,,,,,,,,,,,,
simple,un,2002/a/res/56/188#8,A/RES/56/188,semantic,False,completed,2,2,0,0,33.0,,0,0,q_c2829118b9d5695b606f9af2,rank1,,,,,,,,,,,,,,,,,,
simple,un,2005/a/res/60/47#0,A/RES/60/47,lookup,False,completed,3,3,0,0,33.0,,0,0,q_af2ce560e189d19925a4e6fd,rank1,,,,,,,,,,,,,,,,,,
simple,un,2005/a/res/60/47#0,A/RES/60/47,practitioner,False,completed,3,3,3,0,32.0,32.0,0,0,q_836adfa3ddb1f56302ab73d7,rank1,,,,,,,,,,,,,,,,,,
simple,un,2005/a/res/60/47#0,A/RES/60/47,semantic,False,completed,2,2,2,0,34.0,34.0,0,0,q_bc4a2763d26f966dbb04425b,rank1,,,,,,,,,,,,,,,,,,
simple,un,2011/s/res/1988_2011_#19,S/RES/1988(2011),lookup,False,completed,3,3,1,0,34.0,34.0,0,0,q_432f431f3c32fc5ce42c9fa0,rank1,,,,,,,,,,,,,,,,,,
simple,un,2011/s/res/1988_2011_#19,S/RES/1988(2011),practitioner,False,completed,3,3,0,3,35.0,,0,0,q_6f21157d4a392dfe4247ba0d,rank1,,,,,,,,,,,,,,,,,,
simple,un,2011/s/res/1988_2011_#19,S/RES/1988(2011),semantic,False,completed,3,3,2,0,34.0,31.0,0,0,q_1f5f4a3e8b962bb0bc07a91d,rank1,,,,,,,,,,,,,,,,,,
simple,un,2004/a/res/59/61#0,A/RES/59/61,lookup,False,completed,3,3,2,0,33.0,33.0,0,0,q_db1362ed51de282011695a72,rank1,,,,,,,,,,,,,,,,,,
simple,un,2004/a/res/59/61#0,A/RES/59/61,practitioner,False,completed,3,3,2,0,32.0,32.0,0,0,q_9376bd76a353ecfba2076b46,rank1,,,,,,,,,,,,,,,,,,
simple,un,2004/a/res/59/61#0,A/RES/59/61,semantic,False,completed,3,3,3,0,31.0,31.0,0,0,q_d753c6071b49128a22c4263a,rank1,,,,,,,,,,,,,,,,,,
simple,un,2013/a/res/67/145#7,A/RES/67/145,lookup,False,completed,3,3,3,0,33.0,33.0,0,0,q_b2846e7c9efcc569c58aec9e,rank1,,,,,,,,,,,,,,,,,,
simple,un,2013/a/res/67/145#7,A/RES/67/145,practitioner,False,completed,3,3,0,0,37.0,,0,0,q_b84aae135f57b05d713e8588,rank1,,,,,,,,,,,,,,,,,,
simple,un,2013/a/res/67/145#7,A/RES/67/145,semantic,False,completed,3,3,1,2,34.0,34.0,0,0,q_8a622d1f90a933f13e41d540,rank1,,,,,,,,,,,,,,,,,,
simple,un,2003/a/res/58/298#4,A/RES/58/298,lookup,False,completed,3,3,2,1,39.0,39.0,0,0,q_71bbf028644cea06dd60b599,rank1,,,,,,,,,,,,,,,,,,
simple,un,2003/a/res/58/298#4,A/RES/58/298,practitioner,False,completed,3,3,1,0,37.0,37.0,0,0,q_e000b0ac0ee9360558b7c29c,rank1,,,,,,,,,,,,,,,,,,
simple,un,2003/a/res/58/298#4,A/RES/58/298,semantic,False,completed,3,3,2,1,37.0,37.0,0,0,q_1f3a5634ba955246c00dad09,rank1,,,,,,,,,,,,,,,,,,
simple,un,2003/a/res/57/300#10,A/RES/57/300,lookup,False,completed,3,3,3,0,37.0,37.0,0,0,q_dff70732dd9603f943ded4de,rank1,,,,,,,,,,,,,,,,,,
simple,un,2003/a/res/57/300#10,A/RES/57/300,practitioner,False,completed,3,3,1,0,34.0,31.0,0,0,q_5ae4c892b88fe745187458ec,rank1,,,,,,,,,,,,,,,,,,
simple,un,2003/a/res/57/300#10,A/RES/57/300,semantic,False,completed,3,3,3,0,34.0,34.0,0,0,q_cb2158fd496fda82d22b492b,rank1,,,,,,,,,,,,,,,,,,
simple,un,2013/a/res/67/222#6,A/RES/67/222,lookup,False,completed,2,2,0,0,36.0,,0,0,q_d6d3015ba93bd372d52883fc,rank1,,,,,,,,,,,,,,,,,,
simple,un,2013/a/res/67/222#6,A/RES/67/222,practitioner,False,completed,2,2,1,0,34.0,34.0,0,0,q_88f764c4d8652819fa67dd51,rank1,,,,,,,,,,,,,,,,,,
simple,un,2013/a/res/67/222#6,A/RES/67/222,semantic,False,completed,2,2,0,0,36.0,,0,0,q_43ea068bbe7a35b7cf3e12f4,rank1,,,,,,,,,,,,,,,,,,
simple,un,2003/a/res/57/137#1,A/RES/57/137,lookup,False,completed,3,3,0,0,33.0,,0,0,q_a3e50e4e3276a0ac4d3a4340,rank1,,,,,,,,,,,,,,,,,,
simple,un,2003/a/res/57/137#1,A/RES/57/137,practitioner,False,completed,3,3,3,0,35.0,35.0,0,0,q_b5c8bd269b7e89b42d9860eb,rank1,,,,,,,,,,,,,,,,,,
simple,un,2003/a/res/57/137#1,A/RES/57/137,semantic,False,completed,3,3,2,0,33.0,33.0,0,0,q_b8f57d5f64cb0f7b4f7ba184,rank1,,,,,,,,,,,,,,,,,,
simple,un,2014/s/res/2140__2014_#13,S/RES/2140(2014),lookup,False,completed,3,3,3,0,36.0,36.0,0,0,q_b95b68d40826813f64c22412,rank1,,,,,,,,,,,,,,,,,,
simple,un,2014/s/res/2140__2014_#13,S/RES/2140(2014),practitioner,False,completed,3,3,3,0,35.0,35.0,0,0,q_dda4db6efd022e10ed09390e,rank1,,,,,,,,,,,,,,,,,,
simple,un,2014/s/res/2140__2014_#13,S/RES/2140(2014),semantic,False,completed,3,3,1,0,35.0,32.0,0,0,q_7dd38337e838db8d34aba50c,rank1,,,,,,,,,,,,,,,,,,
simple,un,2004/a/c_2/58/sr_24#18,A/C.2/58/SR.24,lookup,True,completed,3,3,0,3,29.0,,0,0,q_d55bc34a5166ea4ba1f86b62,rank1,,,,,,,,,,,,,,,,,,
simple,un,2004/a/c_2/58/sr_24#18,A/C.2/58/SR.24,practitioner,True,completed,3,3,1,0,35.0,35.0,0,0,q_bc9f2bdaf3e6ace10e81be83,rank1,,,,,,,,,,,,,,,,,,
simple,un,2004/a/c_2/58/sr_24#18,A/C.2/58/SR.24,semantic,True,completed,3,3,3,0,31.0,31.0,0,0,q_1f4f919821e474b1087ee644,rank1,,,,,,,,,,,,,,,,,,
simple,un,2008/cd/pv_1097#14,CD/PV.1097,lookup,True,completed,3,3,0,3,,,0,0,q_b0c03ce0e1c4c96095b944d8,rank1,,,,,,,,,,,,,,,,,,
simple,un,2008/cd/pv_1097#14,CD/PV.1097,practitioner,True,completed,3,3,0,3,,,0,0,q_46ec9295d345eef7455d2c41,rank1,,,,,,,,,,,,,,,,,,
simple,un,2008/cd/pv_1097#14,CD/PV.1097,semantic,True,completed,3,3,1,0,34.0,33.0,0,0,q_934954d26640544a5829f5ba,rank1,,,,,,,,,,,,,,,,,,
simple,un,2006/a/c_5/60/sr_64#14,A/C.5/60/SR.64,lookup,True,completed,3,3,0,0,33.0,,0,0,q_76aad631e8fb4a198457c017,rank1,,,,,,,,,,,,,,,,,,
simple,un,2006/a/c_5/60/sr_64#14,A/C.5/60/SR.64,practitioner,True,completed,3,3,2,0,33.0,33.0,0,0,q_32472690f5375a40bc7f3e98,rank1,,,,,,,,,,,,,,,,,,
simple,un,2006/a/c_5/60/sr_64#14,A/C.5/60/SR.64,semantic,True,completed,3,3,0,0,37.0,,0,0,q_9f9961b21ac54f2ac6d72c51,rank1,,,,,,,,,,,,,,,,,,
simple,un,2001/cedaw/c/sr_451#4,CEDAW/C/SR.451,lookup,True,completed,3,3,2,0,35.0,35.0,0,0,q_feb662db33f3a0879d33e033,rank1,,,,,,,,,,,,,,,,,,
simple,un,2001/cedaw/c/sr_451#4,CEDAW/C/SR.451,practitioner,True,completed,3,3,3,0,35.0,35.0,0,0,q_dfefb1c8dd24c4f5ca3e723e,rank1,,,,,,,,,,,,,,,,,,
simple,un,2001/cedaw/c/sr_451#4,CEDAW/C/SR.451,semantic,True,completed,3,3,0,0,35.0,,0,0,q_a15cc73ce443e171fddfe65a,rank1,,,,,,,,,,,,,,,,,,
simple,un,2008/a/ac_109/2008/sr_2#1,A/AC.109/2008/SR.2,lookup,True,completed,3,3,0,0,34.0,,0,0,q_cbbddfe09ac22cd29eb7e6dc,rank1,,,,,,,,,,,,,,,,,,
simple,un,2008/a/ac_109/2008/sr_2#1,A/AC.109/2008/SR.2,practitioner,True,completed,2,2,2,0,34.0,34.0,0,0,q_90e15c88c0a434f4697d272c,rank1,,,,,,,,,,,,,,,,,,
simple,un,2008/a/ac_109/2008/sr_2#1,A/AC.109/2008/SR.2,semantic,True,completed,2,2,2,0,33.0,33.0,0,0,q_efdb7f1fd3ec6305b3959665,rank1,,,,,,,,,,,,,,,,,,
simple,un,2010/ccpr/c/sr_2695#25,CCPR/C/SR.2695,lookup,True,completed,2,2,0,0,33.0,,0,0,q_1b08c1cdb1b3348dcbbf6f10,rank1,,,,,,,,,,,,,,,,,,
simple,un,2010/ccpr/c/sr_2695#25,CCPR/C/SR.2695,practitioner,True,completed,2,2,1,0,32.0,31.0,0,0,q_8f239ae1e75ee37c22d23ac5,rank1,,,,,,,,,,,,,,,,,,
simple,un,2010/ccpr/c/sr_2695#25,CCPR/C/SR.2695,semantic,True,completed,3,3,2,1,33.0,33.0,0,0,q_3a17cae90c7e119fb168070c,rank1,,,,,,,,,,,,,,,,,,
simple,un,2007/gc_12/c_1/sr_1#10,GC.12/C.1/SR.1,lookup,True,completed,3,3,2,0,36.0,36.0,0,0,q_f80544a7d46c1442cd2da49f,rank1,,,,,,,,,,,,,,,,,,
simple,un,2007/gc_12/c_1/sr_1#10,GC.12/C.1/SR.1,practitioner,True,completed,3,3,2,1,36.0,36.0,0,0,q_b93090a67f278d3f5550360b,rank1,,,,,,,,,,,,,,,,,,
simple,un,2007/gc_12/c_1/sr_1#10,GC.12/C.1/SR.1,semantic,True,completed,3,3,1,0,36.0,36.0,0,0,q_afdd3fb8480fa7c977488739,rank1,,,,,,,,,,,,,,,,,,
simple,un,2006/cedaw/c/sr_724#18,CEDAW/C/SR.724,lookup,True,completed,3,3,2,1,35.0,35.0,0,0,q_5cfa02b628a625970ab5daa3,rank1,,,,,,,,,,,,,,,,,,
simple,un,2006/cedaw/c/sr_724#18,CEDAW/C/SR.724,practitioner,True,completed,3,3,3,0,36.0,36.0,0,0,q_66d4d4dd48adde10ddd265c2,rank1,,,,,,,,,,,,,,,,,,
simple,un,2006/cedaw/c/sr_724#18,CEDAW/C/SR.724,semantic,True,completed,3,3,1,0,33.0,32.0,0,0,q_3a4b98d96d4a6cd0b6cbbd90,rank1,,,,,,,,,,,,,,,,,,
simple,un,2005/cd/pv_983#13,CD/PV.983,lookup,True,completed,3,3,3,0,31.0,31.0,0,0,q_f99c1edd44697330ac5426a0,rank1,,,,,,,,,,,,,,,,,,
simple,un,2005/cd/pv_983#13,CD/PV.983,practitioner,True,completed,1,1,1,0,33.0,33.0,0,0,q_29994125815c40ec26d5b36c,rank1,,,,,,,,,,,,,,,,,,
simple,un,2005/cd/pv_983#13,CD/PV.983,semantic,True,completed,2,2,2,0,35.0,35.0,0,0,q_59e7b7e90c446bd157cf2f0a,rank1,,,,,,,,,,,,,,,,,,
simple,un,1998/gc_7/c_1/sr_5#16,GC.7/C.1/SR.5,lookup,True,completed,3,3,1,1,37.0,37.0,0,0,q_25d8a3c501e0a63481b80c76,rank1,,,,,,,,,,,,,,,,,,
simple,un,1998/gc_7/c_1/sr_5#16,GC.7/C.1/SR.5,practitioner,True,completed,3,3,3,0,35.0,35.0,0,0,q_76049019c4840944d782ad0f,rank1,,,,,,,,,,,,,,,,,,
simple,un,1998/gc_7/c_1/sr_5#16,GC.7/C.1/SR.5,semantic,True,completed,3,3,2,0,34.0,32.0,0,0,q_e9c719b3c09c4fc1354bf11e,rank1,,,,,,,,,,,,,,,,,,
simple,un,2006/ccw/conf_iii/sr_2#8,CCW/CONF.III/SR.2,lookup,True,completed,3,3,3,0,33.0,33.0,0,0,q_61dc03fe96f64dd227ed07c8,rank1,,,,,,,,,,,,,,,,,,
simple,un,2006/ccw/conf_iii/sr_2#8,CCW/CONF.III/SR.2,practitioner,True,completed,3,3,1,0,33.0,33.0,0,0,q_3d6ad41b7ee9ac40b4fef6e6,rank1,,,,,,,,,,,,,,,,,,
simple,un,2006/ccw/conf_iii/sr_2#8,CCW/CONF.III/SR.2,semantic,True,completed,3,3,3,0,35.0,35.0,0,0,q_6eee1adb2db3fc7f19a4283a,rank1,,,,,,,,,,,,,,,,,,
simple,un,2001/cd/pv_880#1,CD/PV.880,lookup,True,completed,3,3,1,0,35.0,35.0,1,1,q_596fa0a4e6170290067dfbd3,rank1,23.0,23.0,False,23.0,q_596fa0a4e6170290067dfbd3,5.0,5.0,5.0,4.0,4.0,23.0,q_596fa0a4e6170290067dfbd3,5.0,5.0,5.0,4.0,4.0,0.0
simple,un,2001/cd/pv_880#1,CD/PV.880,practitioner,True,completed,3,3,3,0,35.0,35.0,0,0,q_ae846030e2f2b93f6b1e2930,rank1,,,,,,,,,,,,,,,,,,
simple,un,2001/cd/pv_880#1,CD/PV.880,semantic,True,completed,3,3,1,0,35.0,35.0,0,0,q_583a28010d49b3272631175a,rank1,,,,,,,,,,,,,,,,,,
simple,un,2010/a/cn_9/sr_917#10,A/CN.9/SR.917,lookup,True,completed,3,3,2,0,34.0,34.0,0,0,q_c205f4c9a9028aaf319e41a4,rank1,,,,,,,,,,,,,,,,,,
simple,un,2010/a/cn_9/sr_917#10,A/CN.9/SR.917,practitioner,True,completed,3,3,2,0,36.0,36.0,0,0,q_657e38f91e017a40214e8cc2,rank1,,,,,,,,,,,,,,,,,,
simple,un,2010/a/cn_9/sr_917#10,A/CN.9/SR.917,semantic,True,completed,2,2,0,0,35.0,,0,0,q_b763f488a71a70aead7f0de2,rank1,,,,,,,,,,,,,,,,,,
simple,un,2003/a/58/pv_1#15,A/58/PV.1,lookup,True,completed,3,3,2,0,33.0,33.0,0,0,q_d688ae81a0f7f940c481ced4,rank1,,,,,,,,,,,,,,,,,,
simple,un,2003/a/58/pv_1#15,A/58/PV.1,practitioner,True,completed,3,3,0,3,31.0,,0,0,q_56ce103a93ae4b631426f7eb,rank1,,,,,,,,,,,,,,,,,,
simple,un,2003/a/58/pv_1#15,A/58/PV.1,semantic,True,completed,3,3,1,1,33.0,33.0,0,0,q_52fa3e20c3a4feebec9f72ae,rank1,,,,,,,,,,,,,,,,,,
simple,un,2007/cedaw/c/sr_770_b_#18,CEDAW/C/SR(770.B),lookup,True,completed,3,3,3,0,35.0,35.0,0,0,q_fc8391ec3f1cd01b9591942a,rank1,,,,,,,,,,,,,,,,,,
simple,un,2007/cedaw/c/sr_770_b_#18,CEDAW/C/SR(770.B),practitioner,True,completed,3,3,2,1,33.0,33.0,0,0,q_55e358d8248e45e6457a7374,rank1,,,,,,,,,,,,,,,,,,
simple,un,2007/cedaw/c/sr_770_b_#18,CEDAW/C/SR(770.B),semantic,True,completed,2,2,2,0,36.0,36.0,0,0,q_dd8ca0fc0f47f5ded3b9e2ea,rank1,,,,,,,,,,,,,,,,,,
simple,un,2002/a/c_4/57/sr_18#15,A/C.4/57/SR.18,lookup,True,completed,3,3,0,0,35.0,,0,0,q_bff5737fa2af28198d5d1839,rank1,,,,,,,,,,,,,,,,,,
simple,un,2002/a/c_4/57/sr_18#15,A/C.4/57/SR.18,practitioner,True,completed,3,3,1,0,33.0,30.0,0,0,q_d2e660b7e4728528472517bc,rank1,,,,,,,,,,,,,,,,,,
simple,un,2002/a/c_4/57/sr_18#15,A/C.4/57/SR.18,semantic,True,completed,3,3,0,1,34.0,,0,0,q_0d733bba3398f68b2353bf48,rank1,,,,,,,,,,,,,,,,,,
simple,un,2007/cedaw/c/sr_778#5,CEDAW/C/SR.778,lookup,True,completed,3,3,2,0,36.0,36.0,0,0,q_314f0fdefa4fb93f5f1dfeb2,rank1,,,,,,,,,,,,,,,,,,
simple,un,2007/cedaw/c/sr_778#5,CEDAW/C/SR.778,practitioner,True,completed,3,3,2,0,36.0,36.0,0,0,q_fc76ece021f469dbdc2ae75f,rank1,,,,,,,,,,,,,,,,,,
simple,un,2007/cedaw/c/sr_778#5,CEDAW/C/SR.778,semantic,True,completed,2,2,1,0,35.0,35.0,0,0,q_158ef89e85a3a5964c941a08,rank1,,,,,,,,,,,,,,,,,,
simple,un,2000/cd/pv_841#11,CD/PV.841,lookup,True,completed,3,3,1,1,36.0,36.0,0,0,q_c73b641385bc5e54244399c7,rank1,,,,,,,,,,,,,,,,,,
simple,un,2000/cd/pv_841#11,CD/PV.841,practitioner,True,completed,2,2,1,0,36.0,28.0,0,0,q_23d7c724458294a138200919,rank1,,,,,,,,,,,,,,,,,,
simple,un,2000/cd/pv_841#11,CD/PV.841,semantic,True,completed,2,2,0,1,35.0,,0,0,q_63fb2a577b5a92b6ef303f3b,rank1,,,,,,,,,,,,,,,,,,
simple,un,1999/cedaw/c/sr_434#16,CEDAW/C/SR.434,lookup,True,completed,3,3,1,0,35.0,35.0,0,0,q_e6fd470d7e376eca452ad2fd,rank1,,,,,,,,,,,,,,,,,,
simple,un,1999/cedaw/c/sr_434#16,CEDAW/C/SR.434,practitioner,True,completed,3,3,2,0,33.0,33.0,0,0,q_41e143e2041fbbae687bcae7,rank1,,,,,,,,,,,,,,,,,,
simple,un,1999/cedaw/c/sr_434#16,CEDAW/C/SR.434,semantic,True,completed,3,3,0,1,35.0,,0,0,q_cd056c9319ed38482bbf2f2b,rank1,,,,,,,,,,,,,,,,,,
simple,un,2009/a/ac_109/2009/sr_7#4,A/AC.109/2009/SR.7,lookup,True,completed,3,3,0,0,34.0,,0,0,q_4aa5f169a561d290bb6bf9df,rank1,,,,,,,,,,,,,,,,,,
simple,un,2009/a/ac_109/2009/sr_7#4,A/AC.109/2009/SR.7,practitioner,True,completed,3,3,2,1,36.0,36.0,0,0,q_a3df809309d657abcd83ab5f,rank1,,,,,,,,,,,,,,,,,,
simple,un,2009/a/ac_109/2009/sr_7#4,A/AC.109/2009/SR.7,semantic,True,completed,3,3,1,0,36.0,29.0,0,0,q_7308d8d50a652a4e72775ceb,rank1,,,,,,,,,,,,,,,,,,
simple,un,2008/s/2008/774#11,S/2008/774,lookup,False,completed,3,3,0,0,34.0,,0,0,q_3e439d7b7cc6c4e7133a7393,rank1,,,,,,,,,,,,,,,,,,
simple,un,2008/s/2008/774#11,S/2008/774,practitioner,False,completed,3,3,0,0,36.0,,0,0,q_c8854fde9220327ad6d5722a,rank1,,,,,,,,,,,,,,,,,,
simple,un,2008/s/2008/774#11,S/2008/774,semantic,False,completed,3,3,0,0,34.0,,0,0,q_720a96817fb32ed3f76c1b5e,rank1,,,,,,,,,,,,,,,,,,
simple,un,2012/s/2012/718#7,S/2012/718,lookup,False,completed,3,3,2,0,32.0,32.0,0,0,q_78c1c1eae96d5ab559341bb9,rank1,,,,,,,,,,,,,,,,,,
simple,un,2012/s/2012/718#7,S/2012/718,practitioner,False,completed,3,3,2,0,33.0,33.0,0,0,q_002f5dc37c2a4b084e8a6bf8,rank1,,,,,,,,,,,,,,,,,,
simple,un,2012/s/2012/718#7,S/2012/718,semantic,False,completed,3,3,0,2,31.0,,0,0,q_2e093038de92cc2381170fd9,rank1,,,,,,,,,,,,,,,,,,
simple,un,1998/s/1998/458#1,S/1998/458,lookup,False,completed,3,3,3,0,36.0,36.0,0,0,q_eb982536a12b3e878a8f58bd,rank1,,,,,,,,,,,,,,,,,,
simple,un,1998/s/1998/458#1,S/1998/458,practitioner,False,completed,3,3,0,1,36.0,,0,0,q_8c2cb74709f4af1bec59332e,rank1,,,,,,,,,,,,,,,,,,
simple,un,1998/s/1998/458#1,S/1998/458,semantic,False,completed,3,3,2,0,31.0,31.0,0,0,q_bed65ea8c9694f4c70a47ff0,rank1,,,,,,,,,,,,,,,,,,
simple,un,2004/s/2004/505#15,S/2004/505,lookup,False,completed,3,3,0,0,37.0,,0,0,q_371ab9efe4baaa62552ccfb8,rank1,,,,,,,,,,,,,,,,,,
simple,un,2004/s/2004/505#15,S/2004/505,practitioner,False,completed,3,3,2,0,35.0,35.0,0,0,q_0ae236ba3864df4869d17c1d,rank1,,,,,,,,,,,,,,,,,,
simple,un,2004/s/2004/505#15,S/2004/505,semantic,False,completed,3,3,0,1,33.0,,0,0,q_4a8b5a2c3a22b0c5950b740f,rank1,,,,,,,,,,,,,,,,,,
simple,un,2004/s/2004/674#6,S/2004/674,lookup,False,completed,3,3,0,0,35.0,,0,0,q_2444bb13daa75e0760608d19,rank1,,,,,,,,,,,,,,,,,,
simple,un,2004/s/2004/674#6,S/2004/674,practitioner,False,completed,3,3,0,3,,,0,0,q_111a6f569c230b785cfe53cb,rank1,,,,,,,,,,,,,,,,,,
simple,un,2004/s/2004/674#6,S/2004/674,semantic,False,completed,3,3,2,1,34.0,34.0,0,0,q_7a45072688bbf44c4f18c7db,rank1,,,,,,,,,,,,,,,,,,
simple,eurlex,http://data.europa.eu/eli/dir/2010/42/art_2/oj,32010L0042,fact_pattern,False,no_candidates,0,0,0,0,,,0,0,,no_candidates,,,,,,,,,,,,,,,,,,
simple,eurlex,http://data.europa.eu/eli/dir/2010/42/art_2/oj,32010L0042,lookup,False,no_candidates,0,0,0,0,,,0,0,,no_candidates,,,,,,,,,,,,,,,,,,
simple,eurlex,http://data.europa.eu/eli/reg/2014/910/art_41/oj,32014R0910,fact_pattern,False,completed,3,3,0,0,33.0,,2,2,q_fdbe9b0ca5a2dcc803ee4ff1,rank1,,,,23.0,q_f14049f0e485ac37db802103,5.0,5.0,4.0,4.0,5.0,23.0,q_f14049f0e485ac37db802103,5.0,5.0,4.0,4.0,5.0,
simple,eurlex,http://data.europa.eu/eli/reg/2014/910/art_41/oj,32014R0910,lookup,False,completed,3,3,0,0,38.0,,0,0,q_d89845f4d581f02fec01820c,rank1,,,,,,,,,,,,,,,,,,
simple,eurlex,http://data.europa.eu/eli/reg/2011/1043/art_1/oj,32011R1043,fact_pattern,False,completed,3,3,3,0,34.0,34.0,3,3,q_27ea24ba01ea34a87c136d69,rank1,23.0,23.0,False,25.0,q_c734902f6d0d714c563e093d,5.0,5.0,5.0,5.0,5.0,25.0,q_c734902f6d0d714c563e093d,5.0,5.0,5.0,5.0,5.0,2.0
simple,eurlex,http://data.europa.eu/eli/reg/2011/1043/art_1/oj,32011R1043,lookup,False,completed,3,3,0,0,36.0,,3,2,q_c29d080e8109974a2a8bc21c,rank1,21.0,21.0,False,22.0,q_0fcee405abdb63d481ab1a9a,5.0,5.0,4.0,4.0,4.0,22.0,q_0fcee405abdb63d481ab1a9a,5.0,5.0,4.0,4.0,4.0,1.0
simple,eurlex,http://data.europa.eu/eli/dir/2011/81/art_2/oj,32011L0081,fact_pattern,False,no_candidates,0,0,0,0,,,0,0,,no_candidates,,,,,,,,,,,,,,,,,,
simple,eurlex,http://data.europa.eu/eli/dir/2011/81/art_2/oj,32011L0081,lookup,False,completed,1,1,1,0,33.0,33.0,1,1,q_70b4d06ee00324dd52b0278a,rank1,22.0,22.0,False,22.0,q_70b4d06ee00324dd52b0278a,5.0,5.0,4.0,4.0,4.0,22.0,q_70b4d06ee00324dd52b0278a,5.0,5.0,4.0,4.0,4.0,0.0
simple,eurlex,http://data.europa.eu/eli/dir/2006/28/art_3/oj,32006L0028,fact_pattern,False,no_candidates,0,0,0,0,,,0,0,,no_candidates,,,,,,,,,,,,,,,,,,
simple,eurlex,http://data.europa.eu/eli/dir/2006/28/art_3/oj,32006L0028,lookup,False,no_candidates,0,0,0,0,,,0,0,,no_candidates,,,,,,,,,,,,,,,,,,
simple,eurlex,http://data.europa.eu/eli/reg/2011/1077/art_14/oj,32011R1077,fact_pattern,False,completed,3,3,0,3,33.0,,2,2,q_724501ed93c32649314193f9,rank1,23.0,23.0,False,23.0,q_724501ed93c32649314193f9,5.0,5.0,4.0,4.0,5.0,23.0,q_724501ed93c32649314193f9,5.0,5.0,4.0,4.0,5.0,0.0
simple,eurlex,http://data.europa.eu/eli/reg/2011/1077/art_14/oj,32011R1077,lookup,False,completed,3,3,3,0,36.0,36.0,0,0,q_da31ff736ea12becc7abecf7,rank1,,,,,,,,,,,,,,,,,,
simple,eurlex,http://data.europa.eu/eli/reg/2011/1173/art_13/oj,32011R1173,fact_pattern,False,no_candidates,0,0,0,0,,,0,0,,no_candidates,,,,,,,,,,,,,,,,,,
simple,eurlex,http://data.europa.eu/eli/reg/2011/1173/art_13/oj,32011R1173,lookup,False,no_candidates,0,0,0,0,,,0,0,,no_candidates,,,,,,,,,,,,,,,,,,
simple,eurlex,http://data.europa.eu/eli/reg/2005/1651/art_4/oj,32005R1651,fact_pattern,False,completed,3,3,3,0,37.0,37.0,3,3,q_8cda83262853d03580a11a6b,rank1,23.0,23.0,False,24.0,q_62eb093d7815e0cc36cce44a,5.0,5.0,4.0,5.0,5.0,24.0,q_62eb093d7815e0cc36cce44a,5.0,5.0,4.0,5.0,5.0,1.0
simple,eurlex,http://data.europa.eu/eli/reg/2005/1651/art_4/oj,32005R1651,lookup,False,completed,3,3,3,0,39.0,39.0,3,3,q_94b59a1c4611db7fcc0c051f,rank1,25.0,25.0,False,25.0,q_94b59a1c4611db7fcc0c051f,5.0,5.0,5.0,5.0,5.0,25.0,q_94b59a1c4611db7fcc0c051f,5.0,5.0,5.0,5.0,5.0,0.0
simple,eurlex,http://data.europa.eu/eli/reg/2010/1031/art_48/oj,32010R1031,fact_pattern,False,completed,2,2,1,0,33.0,33.0,0,0,q_013b6b1ef67dca42cfe0dc51,rank1,,,,,,,,,,,,,,,,,,
simple,eurlex,http://data.europa.eu/eli/reg/2010/1031/art_48/oj,32010R1031,lookup,False,completed,2,2,0,0,37.0,,2,1,q_0877ae8a919f398ddc61aa93,rank1,25.0,25.0,False,25.0,q_0877ae8a919f398ddc61aa93,5.0,5.0,5.0,5.0,5.0,25.0,q_0877ae8a919f398ddc61aa93,5.0,5.0,5.0,5.0,5.0,0.0
simple,eurlex,http://data.europa.eu/eli/dir/2006/60/art_2/oj,32006L0060,fact_pattern,False,no_candidates,0,0,0,0,,,0,0,,no_candidates,,,,,,,,,,,,,,,,,,
simple,eurlex,http://data.europa.eu/eli/dir/2006/60/art_2/oj,32006L0060,lookup,False,no_candidates,0,0,0,0,,,0,0,,no_candidates,,,,,,,,,,,,,,,,,,
simple,eurlex,http://data.europa.eu/eli/reg/2014/312/art_16/oj,32014R0312,fact_pattern,False,completed,3,3,1,0,35.0,35.0,0,0,q_fe9e109da4be1da4a303c181,rank1,,,,,,,,,,,,,,,,,,
simple,eurlex,http://data.europa.eu/eli/reg/2014/312/art_16/oj,32014R0312,lookup,False,completed,3,3,0,0,37.0,,0,0,q_0f6f5ce4d0d2efc86ca1d6c7,rank1,,,,,,,,,,,,,,,,,,
simple,eurlex,http://data.europa.eu/eli/reg/2014/165/art_23/oj,32014R0165,fact_pattern,False,completed,3,3,2,0,37.0,37.0,1,1,q_83bd241223f5301f7ca20380,rank1,23.0,23.0,False,23.0,q_83bd241223f5301f7ca20380,5.0,5.0,4.0,4.0,5.0,23.0,q_83bd241223f5301f7ca20380,5.0,5.0,4.0,4.0,5.0,0.0
simple,eurlex,http://data.europa.eu/eli/reg/2014/165/art_23/oj,32014R0165,lookup,False,completed,3,3,3,0,35.0,35.0,1,1,q_63151926013b7b0c31814e1d,rank1,22.0,22.0,False,22.0,q_63151926013b7b0c31814e1d,5.0,5.0,4.0,4.0,4.0,22.0,q_63151926013b7b0c31814e1d,5.0,5.0,4.0,4.0,4.0,0.0
simple,eurlex,http://data.europa.eu/eli/reg/2011/492/art_17/oj,32011R0492,fact_pattern,False,completed,1,1,1,0,31.0,31.0,0,0,q_b00153045725dfc9697df83c,rank1,,,,,,,,,,,,,,,,,,
simple,eurlex,http://data.europa.eu/eli/reg/2011/492/art_17/oj,32011R0492,lookup,False,completed,1,1,1,0,39.0,39.0,0,0,q_2d19c3556824656fe95f3347,rank1,,,,,,,,,,,,,,,,,,
simple,eurlex,http://data.europa.eu/eli/dir/2005/86/art_2/oj,32005L0086,fact_pattern,False,no_candidates,0,0,0,0,,,0,0,,no_candidates,,,,,,,,,,,,,,,,,,
simple,eurlex,http://data.europa.eu/eli/dir/2005/86/art_2/oj,32005L0086,lookup,False,no_candidates,0,0,0,0,,,0,0,,no_candidates,,,,,,,,,,,,,,,,,,
simple,eurlex,http://data.europa.eu/eli/reg/2012/966/art_56/oj,32012R0966,fact_pattern,False,completed,3,3,0,0,34.0,,3,3,q_31f71272712d952d4b0ae080,rank1,25.0,25.0,False,25.0,q_31f71272712d952d4b0ae080,5.0,5.0,5.0,5.0,5.0,25.0,q_31f71272712d952d4b0ae080,5.0,5.0,5.0,5.0,5.0,0.0
simple,eurlex,http://data.europa.eu/eli/reg/2012/966/art_56/oj,32012R0966,lookup,False,completed,3,3,3,0,33.0,33.0,1,1,q_f17ec915a8538c1b2aa8e648,rank1,23.0,23.0,False,23.0,q_f17ec915a8538c1b2aa8e648,5.0,5.0,5.0,4.0,4.0,23.0,q_f17ec915a8538c1b2aa8e648,5.0,5.0,5.0,4.0,4.0,0.0
simple,eurlex,http://data.europa.eu/eli/dir/2007/68/art_2/oj,32007L0068,fact_pattern,False,no_candidates,0,0,0,0,,,0,0,,no_candidates,,,,,,,,,,,,,,,,,,
simple,eurlex,http://data.europa.eu/eli/dir/2007/68/art_2/oj,32007L0068,lookup,False,no_candidates,0,0,0,0,,,0,0,,no_candidates,,,,,,,,,,,,,,,,,,
simple,eurlex,http://data.europa.eu/eli/dir_impl/2011/54/art_3/oj,32011L0054,fact_pattern,False,no_candidates,0,0,0,0,,,0,0,,no_candidates,,,,,,,,,,,,,,,,,,
simple,eurlex,http://data.europa.eu/eli/dir_impl/2011/54/art_3/oj,32011L0054,lookup,False,no_candidates,0,0,0,0,,,0,0,,no_candidates,,,,,,,,,,,,,,,,,,
simple,eurlex,http://data.europa.eu/eli/dir/2004/66/art_2/oj,32004L0066,fact_pattern,False,no_candidates,0,0,0,0,,,0,0,,no_candidates,,,,,,,,,,,,,,,,,,
simple,eurlex,http://data.europa.eu/eli/dir/2004/66/art_2/oj,32004L0066,lookup,False,no_candidates,0,0,0,0,,,0,0,,no_candidates,,,,,,,,,,,,,,,,,,
simple,eurlex,http://data.europa.eu/eli/reg/2008/1165/art_16/oj,32008R1165,fact_pattern,False,completed,3,3,2,0,38.0,38.0,3,2,q_25736a3bb193344f277375dc,rank1,23.0,23.0,False,24.0,q_6775353f2b49366ace8cddf4,5.0,5.0,5.0,4.0,5.0,24.0,q_6775353f2b49366ace8cddf4,5.0,5.0,5.0,4.0,5.0,1.0
simple,eurlex,http://data.europa.eu/eli/reg/2008/1165/art_16/oj,32008R1165,lookup,False,completed,3,3,0,0,36.0,,3,2,q_9df4e9e98337eefcf88884ee,rank1,24.0,24.0,False,24.0,q_9df4e9e98337eefcf88884ee,5.0,5.0,5.0,5.0,4.0,24.0,q_9df4e9e98337eefcf88884ee,5.0,5.0,5.0,5.0,4.0,0.0
simple,eurlex,http://data.europa.eu/eli/reg_impl/2011/1008/art_1/oj,32011R1008,fact_pattern,False,completed,3,3,1,0,36.0,36.0,0,0,q_691c71901c450f6dd89ec258,rank1,,,,,,,,,,,,,,,,,,
simple,eurlex,http://data.europa.eu/eli/reg_impl/2011/1008/art_1/oj,32011R1008,lookup,False,completed,3,3,3,0,37.0,37.0,0,0,q_024843470fad6bdc636e1109,rank1,,,,,,,,,,,,,,,,,,
simple,eurlex,http://data.europa.eu/eli/dir/2015/566/art_9/oj,32015L0566,fact_pattern,False,no_candidates,0,0,0,0,,,0,0,,no_candidates,,,,,,,,,,,,,,,,,,
simple,eurlex,http://data.europa.eu/eli/dir/2015/566/art_9/oj,32015L0566,lookup,False,no_candidates,0,0,0,0,,,0,0,,no_candidates,,,,,,,,,,,,,,,,,,
simple,eurlex,http://data.europa.eu/eli/reg/2009/193/art_1/oj,32009R0193,fact_pattern,False,completed,3,3,1,0,33.0,27.0,3,2,q_9c801df28d2b21665c49e072,rank1,19.0,,True,21.0,q_12417bea15555ed1db280d4e,5.0,5.0,3.0,4.0,4.0,21.0,q_12417bea15555ed1db280d4e,5.0,5.0,3.0,4.0,4.0,2.0
simple,eurlex,http://data.europa.eu/eli/reg/2009/193/art_1/oj,32009R0193,lookup,False,completed,3,3,0,0,38.0,,3,2,q_76b246caeebe29e602915652,rank1,24.0,24.0,False,24.0,q_76b246caeebe29e602915652,5.0,5.0,5.0,4.0,5.0,24.0,q_76b246caeebe29e602915652,5.0,5.0,5.0,4.0,5.0,0.0
simple,eurlex,http://data.europa.eu/eli/reg_impl/2011/452/art_1/oj,32011R0452,fact_pattern,False,completed,3,3,2,0,32.0,32.0,0,0,q_aa7dfbb6bd18e06529531c37,rank1,,,,,,,,,,,,,,,,,,
simple,eurlex,http://data.europa.eu/eli/reg_impl/2011/452/art_1/oj,32011R0452,lookup,False,completed,3,3,3,0,40.0,40.0,0,0,q_78614d20ec75cf836884750c,rank1,,,,,,,,,,,,,,,,,,
simple,eurlex,http://data.europa.eu/eli/reg/2014/912/art_8/oj,32014R0912,fact_pattern,False,completed,2,2,2,0,35.0,35.0,1,1,q_12e36f61edb7642106299898,rank1,23.0,23.0,False,23.0,q_12e36f61edb7642106299898,5.0,5.0,4.0,4.0,5.0,23.0,q_12e36f61edb7642106299898,5.0,5.0,4.0,4.0,5.0,0.0
simple,eurlex,http://data.europa.eu/eli/reg/2014/912/art_8/oj,32014R0912,lookup,False,completed,3,3,3,0,38.0,38.0,3,3,q_f3aad58b0f48f7a4ecf19b63,rank1,23.0,23.0,False,24.0,q_5f28013b015dece8297b2345,5.0,5.0,4.0,5.0,5.0,24.0,q_5f28013b015dece8297b2345,5.0,5.0,4.0,5.0,5.0,1.0
simple,eurlex,http://data.europa.eu/eli/dir/2014/50/art_5/oj,32014L0050,fact_pattern,False,completed,3,3,2,0,34.0,33.0,3,3,q_e8340099057e78169c061957,rank1,24.0,24.0,False,24.0,q_e8340099057e78169c061957,5.0,5.0,4.0,5.0,5.0,24.0,q_e8340099057e78169c061957,5.0,5.0,4.0,5.0,5.0,0.0
simple,eurlex,http://data.europa.eu/eli/dir/2014/50/art_5/oj,32014L0050,lookup,False,completed,3,3,2,0,37.0,36.0,3,2,q_c8ada11922a11a17ec6b38ee,rank1,24.0,24.0,False,24.0,q_c8ada11922a11a17ec6b38ee,5.0,5.0,4.0,5.0,5.0,24.0,q_c8ada11922a11a17ec6b38ee,5.0,5.0,4.0,5.0,5.0,0.0
simple,eurlex,http://data.europa.eu/eli/dir/2014/59/art_77/oj,32014L0059,fact_pattern,False,completed,3,3,3,0,35.0,35.0,3,3,q_95a1ea5e090ddce3189d34ce,rank1,23.0,23.0,False,23.0,q_95a1ea5e090ddce3189d34ce,5.0,5.0,4.0,4.0,5.0,23.0,q_95a1ea5e090ddce3189d34ce,5.0,5.0,4.0,4.0,5.0,0.0
simple,eurlex,http://data.europa.eu/eli/dir/2014/59/art_77/oj,32014L0059,lookup,False,completed,3,3,3,0,36.0,36.0,3,3,q_d1997a23909bcfef1fa52f62,rank1,23.0,23.0,False,24.0,q_1fdc49ff422fd26303cc1a4d,5.0,5.0,5.0,4.0,5.0,24.0,q_1fdc49ff422fd26303cc1a4d,5.0,5.0,5.0,4.0,5.0,1.0
simple,eurlex,http://data.europa.eu/eli/reg_impl/2011/1333/art_11/oj,32011R1333,fact_pattern,False,completed,3,3,1,0,34.0,30.0,3,3,q_eb931ab06a245915ba9bb188,rank1,23.0,23.0,False,23.0,q_eb931ab06a245915ba9bb188,5.0,4.0,4.0,5.0,5.0,23.0,q_eb931ab06a245915ba9bb188,5.0,4.0,4.0,5.0,5.0,0.0
simple,eurlex,http://data.europa.eu/eli/reg_impl/2011/1333/art_11/oj,32011R1333,lookup,False,completed,3,3,3,0,37.0,37.0,0,0,q_3badca55ba7d6486f9546483,rank1,,,,,,,,,,,,,,,,,,
simple,eurlex,http://data.europa.eu/eli/reg_impl/2012/282/art_1/oj,32012R0282,fact_pattern,False,completed,2,2,1,0,36.0,25.0,0,0,q_9383ad421744796b8c353def,rank1,,,,,,,,,,,,,,,,,,
simple,eurlex,http://data.europa.eu/eli/reg_impl/2012/282/art_1/oj,32012R0282,lookup,False,completed,3,3,3,0,36.0,36.0,0,0,q_4139993fbff6a27f3f9ef7d4,rank1,,,,,,,,,,,,,,,,,,
simple,eurlex,http://data.europa.eu/eli/reg_impl/2012/1081/art_10/oj,32012R1081,fact_pattern,False,completed,3,3,0,3,35.0,,0,0,q_0a07df0256f88b4131e4aefb,rank1,,,,,,,,,,,,,,,,,,
simple,eurlex,http://data.europa.eu/eli/reg_impl/2012/1081/art_10/oj,32012R1081,lookup,False,completed,3,3,3,0,40.0,40.0,0,0,q_ee87f72b95eb1873b8d30a8b,rank1,,,,,,,,,,,,,,,,,,
simple,eurlex,http://data.europa.eu/eli/reg/2006/1906/art_50/oj,32006R1906,fact_pattern,False,completed,3,3,3,0,34.0,34.0,3,3,q_1dcea34624490e6805795770,rank1,22.0,22.0,False,23.0,q_8b1cc33d277fac26a13bcdb9,5.0,5.0,4.0,5.0,4.0,23.0,q_8b1cc33d277fac26a13bcdb9,5.0,5.0,4.0,5.0,4.0,1.0
simple,eurlex,http://data.europa.eu/eli/reg/2006/1906/art_50/oj,32006R1906,lookup,False,completed,3,3,3,0,35.0,35.0,3,3,q_4f4158ef92ca296328c8566e,rank1,24.0,24.0,False,24.0,q_4f4158ef92ca296328c8566e,5.0,5.0,5.0,4.0,5.0,24.0,q_4f4158ef92ca296328c8566e,5.0,5.0,5.0,4.0,5.0,0.0
simple,eurlex,http://data.europa.eu/eli/reg/2007/520/art_24/oj,32007R0520,fact_pattern,False,completed,3,3,2,0,33.0,33.0,3,3,q_aabf997240a4bd1d2f7e751e,rank1,21.0,21.0,False,23.0,q_db4e267a6ef5ee0ec20d8240,5.0,5.0,4.0,4.0,5.0,23.0,q_db4e267a6ef5ee0ec20d8240,5.0,5.0,4.0,4.0,5.0,2.0
simple,eurlex,http://data.europa.eu/eli/reg/2007/520/art_24/oj,32007R0520,lookup,False,completed,3,3,3,0,32.0,32.0,3,3,q_729fb5e33dcaf258894c4b96,rank1,20.0,20.0,False,21.0,q_63ff784deb8fb0f49d542a3a,5.0,5.0,3.0,4.0,4.0,21.0,q_63ff784deb8fb0f49d542a3a,5.0,5.0,3.0,4.0,4.0,1.0
simple,eurlex,http://data.europa.eu/eli/dir/2005/9/art_2/oj,32005L0009,fact_pattern,False,no_candidates,0,0,0,0,,,0,0,,no_candidates,,,,,,,,,,,,,,,,,,
simple,eurlex,http://data.europa.eu/eli/dir/2005/9/art_2/oj,32005L0009,lookup,False,no_candidates,0,0,0,0,,,0,0,,no_candidates,,,,,,,,,,,,,,,,,,
simple,eurlex,http://data.europa.eu/eli/reg/2014/788/art_20/oj,32014R0788,fact_pattern,False,completed,3,3,1,0,34.0,34.0,0,0,q_78117c463808c4598811a7ef,rank1,,,,,,,,,,,,,,,,,,
simple,eurlex,http://data.europa.eu/eli/reg/2014/788/art_20/oj,32014R0788,lookup,False,completed,3,3,0,0,33.0,,0,0,q_496f50596616dd012cef3128,rank1,,,,,,,,,,,,,,,,,,
simple,eurlex,http://data.europa.eu/eli/reg/2011/333/art_2/oj,32011R0333,fact_pattern,False,completed,3,3,3,0,34.0,34.0,1,1,q_426840b07114630f427cc877,rank1,,,,20.0,q_cda996748edae11bed56ef63,5.0,4.0,4.0,3.0,4.0,20.0,q_cda996748edae11bed56ef63,5.0,4.0,4.0,3.0,4.0,
simple,eurlex,http://data.europa.eu/eli/reg/2011/333/art_2/oj,32011R0333,lookup,False,completed,3,3,3,0,39.0,39.0,1,1,q_7b7ed98a382733ea032478d9,rank1,23.0,23.0,False,23.0,q_7b7ed98a382733ea032478d9,5.0,5.0,4.0,4.0,5.0,23.0,q_7b7ed98a382733ea032478d9,5.0,5.0,4.0,4.0,5.0,0.0
simple,eurlex,http://data.europa.eu/eli/dir/2014/65/art_36/oj,32014L0065,fact_pattern,False,completed,2,2,2,0,34.0,34.0,2,2,q_fc39650ba526f4c14118de91,rank1,21.0,21.0,False,21.0,q_fc39650ba526f4c14118de91,5.0,5.0,4.0,4.0,3.0,21.0,q_fc39650ba526f4c14118de91,5.0,5.0,4.0,4.0,3.0,0.0
simple,eurlex,http://data.europa.eu/eli/dir/2014/65/art_36/oj,32014L0065,lookup,False,completed,3,3,3,0,36.0,36.0,3,3,q_df431353dcee135af2335207,rank1,23.0,23.0,False,23.0,q_df431353dcee135af2335207,5.0,5.0,4.0,4.0,5.0,23.0,q_df431353dcee135af2335207,5.0,5.0,4.0,4.0,5.0,0.0
simple,eurlex,http://data.europa.eu/eli/reg_del/2013/811/art_1/oj,32013R0811,fact_pattern,False,completed,3,3,2,0,35.0,35.0,0,0,q_c438e0842856e971a671bc25,rank1,,,,,,,,,,,,,,,,,,
simple,eurlex,http://data.europa.eu/eli/reg_del/2013/811/art_1/oj,32013R0811,lookup,False,completed,3,3,3,0,35.0,35.0,2,2,q_b2abc0d6b0c28b1b100dd1c1,rank1,23.0,23.0,False,23.0,q_b2abc0d6b0c28b1b100dd1c1,5.0,5.0,4.0,4.0,5.0,23.0,q_b2abc0d6b0c28b1b100dd1c1,5.0,5.0,4.0,4.0,5.0,0.0
simple,eurlex,http://data.europa.eu/eli/reg/2009/1072/art_1/oj,32009R1072,fact_pattern,False,completed,3,3,0,0,34.0,,3,2,q_3ebce8f18aa0c285a66c0773,rank1,24.0,24.0,False,24.0,q_d220d540e416866b83de227f,5.0,5.0,4.0,5.0,5.0,24.0,q_d220d540e416866b83de227f,5.0,5.0,4.0,5.0,5.0,0.0
simple,eurlex,http://data.europa.eu/eli/reg/2009/1072/art_1/oj,32009R1072,lookup,False,completed,3,3,3,0,37.0,37.0,3,3,q_8f55ac44b8d7100655abb496,rank1,22.0,22.0,False,22.0,q_8f55ac44b8d7100655abb496,5.0,5.0,4.0,4.0,4.0,22.0,q_8f55ac44b8d7100655abb496,5.0,5.0,4.0,4.0,4.0,0.0
simple,eurlex,http://data.europa.eu/eli/reg/2005/1572/art_4/oj,32005R1572,fact_pattern,False,completed,3,3,3,0,37.0,37.0,3,2,q_abbe3ec391c3b7204aeb7988,rank1,20.0,,True,24.0,q_c7c1435300d1bb301d9fa2f6,5.0,5.0,4.0,5.0,5.0,24.0,q_c7c1435300d1bb301d9fa2f6,5.0,5.0,4.0,5.0,5.0,4.0
simple,eurlex,http://data.europa.eu/eli/reg/2005/1572/art_4/oj,32005R1572,lookup,False,completed,2,2,2,0,38.0,38.0,2,2,q_e551c9f70afc899b1409fe80,rank1,25.0,25.0,False,25.0,q_e551c9f70afc899b1409fe80,5.0,5.0,5.0,5.0,5.0,25.0,q_e551c9f70afc899b1409fe80,5.0,5.0,5.0,5.0,5.0,0.0
simple,eurlex,http://data.europa.eu/eli/reg/2013/1290/art_57/oj,32013R1290,fact_pattern,False,completed,2,2,1,0,29.0,29.0,0,0,q_99da2e23b9c6106d9239ce73,rank1,,,,,,,,,,,,,,,,,,
simple,eurlex,http://data.europa.eu/eli/reg/2013/1290/art_57/oj,32013R1290,lookup,False,completed,3,3,3,0,36.0,36.0,0,0,q_c7507ce0819e35765f32464f,rank1,,,,,,,,,,,,,,,,,,
simple,eurlex,http://data.europa.eu/eli/reg/2013/1381/art_5/oj,32013R1381,fact_pattern,False,completed,3,3,3,0,36.0,36.0,1,0,q_3eaf749a0053485739d35f74,rank1,,,,19.0,q_c0b52c21dfd3f598679be80c,5.0,5.0,4.0,2.0,3.0,,,,,,,,
simple,eurlex,http://data.europa.eu/eli/reg/2013/1381/art_5/oj,32013R1381,lookup,False,completed,3,3,3,0,38.0,38.0,2,2,q_dcfe7a5259bb4464fd9f3cc5,rank1,,,,24.0,q_b4676dab4c9bb591affc93d2,5.0,5.0,5.0,4.0,5.0,24.0,q_b4676dab4c9bb591affc93d2,5.0,5.0,5.0,4.0,5.0,
simple,eurlex,http://data.europa.eu/eli/reg/2007/1386/art_55/oj,32007R1386,fact_pattern,False,completed,2,2,1,0,31.0,31.0,2,2,q_a56663b889f30017311392b1,rank1,22.0,22.0,False,22.0,q_a56663b889f30017311392b1,5.0,5.0,4.0,4.0,4.0,22.0,q_a56663b889f30017311392b1,5.0,5.0,4.0,4.0,4.0,0.0
simple,eurlex,http://data.europa.eu/eli/reg/2007/1386/art_55/oj,32007R1386,lookup,False,completed,2,2,2,0,35.0,35.0,2,2,q_7c45dd03521c962047424eed,rank1,23.0,23.0,False,23.0,q_7c45dd03521c962047424eed,5.0,5.0,4.0,4.0,5.0,23.0,q_7c45dd03521c962047424eed,5.0,5.0,4.0,4.0,5.0,0.0
simple,eurlex,http://data.europa.eu/eli/reg/2009/436/art_36/oj,32009R0436,fact_pattern,False,completed,3,3,2,0,37.0,37.0,3,3,q_7558dac98fc6bb6d1e626243,rank1,22.0,22.0,False,23.0,q_a37754f9095ab5e8e75a56e8,5.0,5.0,4.0,4.0,5.0,23.0,q_a37754f9095ab5e8e75a56e8,5.0,5.0,4.0,4.0,5.0,1.0
simple,eurlex,http://data.europa.eu/eli/reg/2009/436/art_36/oj,32009R0436,lookup,False,completed,3,3,3,0,39.0,39.0,3,3,q_a34319f3c4ed379726d6bbbd,rank1,23.0,23.0,False,24.0,q_dafe590d84736494003e2589,5.0,5.0,5.0,4.0,5.0,24.0,q_dafe590d84736494003e2589,5.0,5.0,5.0,4.0,5.0,1.0
simple,eurlex,http://data.europa.eu/eli/dir/2006/112/art_111/oj,32006L0112,fact_pattern,False,completed,3,3,1,0,29.0,29.0,3,2,q_c2500292e4c54a224b53a0d4,rank1,15.0,,True,23.0,q_e12cd3f22742721fc41e67da,4.0,5.0,4.0,5.0,5.0,23.0,q_e12cd3f22742721fc41e67da,4.0,5.0,4.0,5.0,5.0,8.0
simple,eurlex,http://data.europa.eu/eli/dir/2006/112/art_111/oj,32006L0112,lookup,False,completed,3,3,2,0,35.0,35.0,3,2,q_294c3a4b08fcfa2d78816b46,rank1,21.0,21.0,False,24.0,q_4f4af233edf61d98f0decf80,5.0,5.0,5.0,5.0,4.0,24.0,q_4f4af233edf61d98f0decf80,5.0,5.0,5.0,5.0,4.0,3.0
simple,eurlex,http://data.europa.eu/eli/reg_del/2013/231/art_43/oj,32013R0231,fact_pattern,False,completed,3,3,0,0,34.0,,2,2,q_6babefd0dbb8a01b4b0e2490,rank1,24.0,24.0,False,24.0,q_6babefd0dbb8a01b4b0e2490,5.0,5.0,4.0,5.0,5.0,24.0,q_6babefd0dbb8a01b4b0e2490,5.0,5.0,4.0,5.0,5.0,0.0
simple,eurlex,http://data.europa.eu/eli/reg_del/2013/231/art_43/oj,32013R0231,lookup,False,completed,3,3,0,0,36.0,,3,3,q_df6ab766074fe694fe18893d,rank1,24.0,24.0,False,24.0,q_df6ab766074fe694fe18893d,5.0,5.0,4.0,5.0,5.0,24.0,q_df6ab766074fe694fe18893d,5.0,5.0,4.0,5.0,5.0,0.0
simple,eurlex,http://data.europa.eu/eli/reg/2006/1083/art_47/oj,32006R1083,fact_pattern,False,completed,3,3,0,0,33.0,,3,3,q_bd45048c5063b0b0c3bde027,rank1,22.0,22.0,False,22.0,q_de84affd9108b966b70237ff,5.0,5.0,3.0,4.0,5.0,22.0,q_de84affd9108b966b70237ff,5.0,5.0,3.0,4.0,5.0,0.0
simple,eurlex,http://data.europa.eu/eli/reg/2006/1083/art_47/oj,32006R1083,lookup,False,completed,3,3,2,0,34.0,33.0,3,3,q_6baa4b6945ded92974a58481,rank1,22.0,22.0,False,24.0,q_2ec8c00424b7d72e7c555417,5.0,5.0,4.0,5.0,5.0,24.0,q_2ec8c00424b7d72e7c555417,5.0,5.0,4.0,5.0,5.0,2.0
simple,eurlex,http://data.europa.eu/eli/reg_impl/2014/181/art_5/oj,32014R0181,fact_pattern,False,completed,3,3,3,0,33.0,33.0,3,3,q_5d3bf49c4dedce58cfe212f0,rank1,23.0,23.0,False,23.0,q_89ef3ddf2f820cbb51d09265,5.0,5.0,4.0,5.0,4.0,23.0,q_89ef3ddf2f820cbb51d09265,5.0,5.0,4.0,5.0,4.0,0.0
simple,eurlex,http://data.europa.eu/eli/reg_impl/2014/181/art_5/oj,32014R0181,lookup,False,completed,3,3,0,0,37.0,,2,2,q_005b7d28758611c45b9aaf87,rank1,24.0,24.0,False,24.0,q_7dcedbca2dbd4542f1b5e002,5.0,5.0,4.0,5.0,5.0,24.0,q_7dcedbca2dbd4542f1b5e002,5.0,5.0,4.0,5.0,5.0,0.0
simple,eurlex,http://data.europa.eu/eli/reg/2009/1130/art_22/oj,32009R1130,fact_pattern,False,completed,3,3,2,0,32.0,32.0,3,3,q_6ab92e434c5206ff80c5966c,rank1,19.0,19.0,False,23.0,q_8538ec961afda66689477d23,5.0,5.0,4.0,4.0,5.0,23.0,q_8538ec961afda66689477d23,5.0,5.0,4.0,4.0,5.0,4.0
simple,eurlex,http://data.europa.eu/eli/reg/2009/1130/art_22/oj,32009R1130,lookup,False,completed,3,3,3,0,32.0,32.0,3,3,q_89bc358542127e8c038610a5,rank1,19.0,19.0,False,22.0,q_ece4df3b4a74a47140e9e57f,5.0,5.0,4.0,4.0,4.0,22.0,q_ece4df3b4a74a47140e9e57f,5.0,5.0,4.0,4.0,4.0,3.0
simple,eurlex,http://data.europa.eu/eli/dir/2014/26/art_2/oj,32014L0026,fact_pattern,False,completed,3,3,3,0,30.0,30.0,3,2,q_e5776a5b0543494162f7906b,rank1,18.0,,True,23.0,q_c31e36efd7d722b29a10a602,5.0,5.0,4.0,4.0,5.0,23.0,q_c31e36efd7d722b29a10a602,5.0,5.0,4.0,4.0,5.0,5.0
simple,eurlex,http://data.europa.eu/eli/dir/2014/26/art_2/oj,32014L0026,lookup,False,completed,3,3,3,0,37.0,37.0,3,1,q_48a4daaa296bf34516895658,rank1,19.0,,True,21.0,q_adc1c7b2953c146925d32b9a,5.0,5.0,3.0,4.0,4.0,21.0,q_adc1c7b2953c146925d32b9a,5.0,5.0,3.0,4.0,4.0,2.0
simple,eurlex,http://data.europa.eu/eli/reg/2012/493/art_3/oj,32012R0493,fact_pattern,False,completed,3,3,3,0,36.0,36.0,0,0,q_dd5d5e70954926d35d612062,rank1,,,,,,,,,,,,,,,,,,
simple,eurlex,http://data.europa.eu/eli/reg/2012/493/art_3/oj,32012R0493,lookup,False,completed,3,3,3,0,40.0,40.0,0,0,q_075b0f302f7006329411d365,rank1,,,,,,,,,,,,,,,,,,
simple,eurlex,http://data.europa.eu/eli/reg/2014/1141/art_16/oj,32014R1141,fact_pattern,False,completed,3,3,1,0,34.0,33.0,2,2,q_92a6771fd462fea2100c9cd1,rank1,22.0,22.0,False,22.0,q_92a6771fd462fea2100c9cd1,5.0,5.0,4.0,4.0,4.0,22.0,q_92a6771fd462fea2100c9cd1,5.0,5.0,4.0,4.0,4.0,0.0
simple,eurlex,http://data.europa.eu/eli/reg/2014/1141/art_16/oj,32014R1141,lookup,False,completed,3,3,3,0,37.0,37.0,2,2,q_1fd17f863f789ddc16a7b24d,rank1,22.0,22.0,False,22.0,q_1fd17f863f789ddc16a7b24d,5.0,5.0,4.0,4.0,4.0,22.0,q_1fd17f863f789ddc16a7b24d,5.0,5.0,4.0,4.0,4.0,0.0
