router_variant,router_parent_bundle,router_instructions_from,router_criteria_from,router_prompt_sha256,candidate_bank,candidate_bank_label,corpus,router_backend,target_id,symbol,source_payload_sha256,selected_mode,native_rank1_status,common_native_rank1,common_native_rank1_usable,common_best_any,common_best_usable,native_rank1_candidate_id,common_best_any_candidate_id,common_best_usable_candidate_id,generated_candidates,common_evaluated_candidates,common_usable_candidates
B,B,B,B,afb32a59f0aad7606d2742b0aa51b01f29d3316652c72b2fcffdd655e14c82d5,debiased,B,un,typesafe/jev-1.13-20260917,2011/a/res/65/212#13,A/RES/65/212,55d014e394a6216caf0fe7ffe96da838b21c13968a962a1ef449aca7bdc9f87b,practitioner,rank1,,,,,q_be453b8f1ae4893675acb2c1,,,3,0,0
B,B,B,B,afb32a59f0aad7606d2742b0aa51b01f29d3316652c72b2fcffdd655e14c82d5,debiased,B,un,typesafe/jev-1.13-20260917,2006/a/res/61/183#3,A/RES/61/183,3eec92b7108f459fb4bf3eed77ff26bdb26245d730c1dcaa97a63c74465ad2df,practitioner,rank1,,,,,q_504d79cb28e1dcdd01690b07,,,3,0,0
B,B,B,B,afb32a59f0aad7606d2742b0aa51b01f29d3316652c72b2fcffdd655e14c82d5,debiased,B,un,typesafe/jev-1.13-20260917,2013/a/res/67/199#12,A/RES/67/199,c4a52105e7bd2b9b8e0121c2fa6f68520bfe6c7fc0144c8f803951618e0ed9b0,semantic,rank1,,,,,q_fa89f15ebd637b6f184d3b29,,,3,0,0
B,B,B,B,afb32a59f0aad7606d2742b0aa51b01f29d3316652c72b2fcffdd655e14c82d5,debiased,B,un,typesafe/jev-1.13-20260917,2011/a/res/65/263#2,A/RES/65/263,48540c5b2d8a49113c6c78d96b2b4da946a3bd5c5a7e8900044a2153a12736c6,practitioner,rank1,,,,,q_2fbfdd645fdb8de1f80cf956,,,3,0,0
B,B,B,B,afb32a59f0aad7606d2742b0aa51b01f29d3316652c72b2fcffdd655e14c82d5,debiased,B,un,typesafe/jev-1.13-20260917,2013/a/res/68/143#7,A/RES/68/143,e95e51f0ab23ef43dad3c0522dec1656e7a299026ee57307e74f59935e20b01e,practitioner,rank1,,,,,q_f1d7268655bba69ca81520fe,,,3,0,0
B,B,B,B,afb32a59f0aad7606d2742b0aa51b01f29d3316652c72b2fcffdd655e14c82d5,debiased,B,un,typesafe/jev-1.13-20260917,2014/a/res/68/254#2,A/RES/68/254,f84654eed8e64ac726761ed19e9e3a34cf8b1d7a5c1288f301f5c6fe4cda65f3,practitioner,rank1,,,,,q_35f6eedb186e20b5e9aa2307,,,3,0,0
B,B,B,B,afb32a59f0aad7606d2742b0aa51b01f29d3316652c72b2fcffdd655e14c82d5,debiased,B,un,typesafe/jev-1.13-20260917,2001/a/res/55/114#5,A/RES/55/114,f29e3275a3d860c0ce8651bb1380e53ac09f5c961254067315a5b150ca0c8c87,practitioner,rank1,,,,,q_7bbd179d9294803fe5b89657,,,3,0,0
B,B,B,B,afb32a59f0aad7606d2742b0aa51b01f29d3316652c72b2fcffdd655e14c82d5,debiased,B,un,typesafe/jev-1.13-20260917,2007/a/res/62/137#12,A/RES/62/137,8ce90168fe54792e2e468bc86d9a8d7268870cf742b1e07750ac8719336ab2fd,practitioner,rank1,,,,,q_a393585afd4aaf7245746f35,,,2,0,0
B,B,B,B,afb32a59f0aad7606d2742b0aa51b01f29d3316652c72b2fcffdd655e14c82d5,debiased,B,un,typesafe/jev-1.13-20260917,2005/a/res/60/226#3,A/RES/60/226,e91680c46739761b17bb39e561f554d3ab182b327faa2cb08de741b9ed69131b,practitioner,rank1,,,,,q_43b53aa4d27bd71cc4c34568,,,3,0,0
B,B,B,B,afb32a59f0aad7606d2742b0aa51b01f29d3316652c72b2fcffdd655e14c82d5,debiased,B,un,typesafe/jev-1.13-20260917,2013/a/res/68/18#1,A/RES/68/18,94ba73211a06d8db83be6688375d2be2270bc22262faa50a126629e1fe2b0115,practitioner,rank1,,,,,q_c123efcc9c03303cfdeb94b2,,,3,0,0
B,B,B,B,afb32a59f0aad7606d2742b0aa51b01f29d3316652c72b2fcffdd655e14c82d5,debiased,B,un,typesafe/jev-1.13-20260917,2001/s/res/1376_2001_#2,S/RES/1376(2001),8b7b118cedf3d6896d89ebcf75a3d7acd85db08583f210ccfe5a9bd4d0cba8d2,practitioner,rank1,,,,,q_2084410b4b7355d763a80445,,,3,0,0
B,B,B,B,afb32a59f0aad7606d2742b0aa51b01f29d3316652c72b2fcffdd655e14c82d5,debiased,B,un,typesafe/jev-1.13-20260917,2008/s/res/1806_2008_#8,S/RES/1806(2008),cb61ad03e5e2833e914d2d1d657053c1c69f9248931f3f0304216d5217be40ee,practitioner,rank1,,,,,q_308b06dbb7eee142247cf239,,,3,0,0
B,B,B,B,afb32a59f0aad7606d2742b0aa51b01f29d3316652c72b2fcffdd655e14c82d5,debiased,B,un,typesafe/jev-1.13-20260917,2003/s/res/1466_2003_#3,S/RES/1466(2003),e215c0e1173d72ef1a3bd2a6d375310cd5a5016727123d27d9e37444125e1f86,practitioner,rank1,,,,,q_3cdb3e9dc95e79381408a7dc,,,3,0,0
B,B,B,B,afb32a59f0aad7606d2742b0aa51b01f29d3316652c72b2fcffdd655e14c82d5,debiased,B,un,typesafe/jev-1.13-20260917,2008/s/res/1845_2008_#3,S/RES/1845(2008),6183ad789f8cdb14c5cc5443c7d2a3283f65e12480b319fe819fbbeda7cf2bd2,practitioner,rank1,,,,,q_f16e15c6dd962efe2ad65535,,,3,0,0
B,B,B,B,afb32a59f0aad7606d2742b0aa51b01f29d3316652c72b2fcffdd655e14c82d5,debiased,B,un,typesafe/jev-1.13-20260917,2004/s/res/1565_2004_#11,S/RES/1565(2004),0895d91f8ccd0398edc3e91bccb2553a00033aea16c1ccdf165f7900099f7a72,practitioner,rank1,,,,,q_62f6c0aae080fea2dad95b4f,,,2,0,0
B,B,B,B,afb32a59f0aad7606d2742b0aa51b01f29d3316652c72b2fcffdd655e14c82d5,debiased,B,un,typesafe/jev-1.13-20260917,2002/a/res/56/188#8,A/RES/56/188,3ccb208eb0c57fdc6ea2cb46e10a498f23c92e435268bdefea85ee0ddc390175,practitioner,rank1,,,,,q_a03d5b6388fd217ddeb7012c,,,2,0,0
B,B,B,B,afb32a59f0aad7606d2742b0aa51b01f29d3316652c72b2fcffdd655e14c82d5,debiased,B,un,typesafe/jev-1.13-20260917,2005/a/res/60/47#0,A/RES/60/47,d3d676e9daa5131639fa0da09aa43ae7244af073c4c32634c8101470813a322e,practitioner,rank1,,,,,q_7fbef1a6930c44bc65efade8,,,3,0,0
B,B,B,B,afb32a59f0aad7606d2742b0aa51b01f29d3316652c72b2fcffdd655e14c82d5,debiased,B,un,typesafe/jev-1.13-20260917,2011/s/res/1988_2011_#19,S/RES/1988(2011),18cc1f25afc7be6f08d77b02a3df98f124e690782c5d25961042a47e31bb2d2d,practitioner,rank1,,,,,q_e9718b01e28ed18a75fcb507,,,3,0,0
B,B,B,B,afb32a59f0aad7606d2742b0aa51b01f29d3316652c72b2fcffdd655e14c82d5,debiased,B,un,typesafe/jev-1.13-20260917,2004/a/res/59/61#0,A/RES/59/61,6ede3e91686b85a25ed7d1b2b6a288eeac14e3a08a5644ccaeb9378e733e8bee,practitioner,rank1,,,,,q_24d13d2343ceaff547647c0d,,,3,0,0
B,B,B,B,afb32a59f0aad7606d2742b0aa51b01f29d3316652c72b2fcffdd655e14c82d5,debiased,B,un,typesafe/jev-1.13-20260917,2013/a/res/67/145#7,A/RES/67/145,3f954c9e900a4f0a652567d5cecbd51f3269b92ab60c830c99e01c468ad7d768,semantic,rank1,,,,,q_ac4c4215963944812559c9e1,,,3,0,0
B,B,B,B,afb32a59f0aad7606d2742b0aa51b01f29d3316652c72b2fcffdd655e14c82d5,debiased,B,un,typesafe/jev-1.13-20260917,2003/a/res/58/298#4,A/RES/58/298,09912ac03ddf6efeb25bae8600ea59e512437dc3093cc23f9a94c49239253aaf,practitioner,rank1,,,,,q_dd8659831246f1fe718bf642,,,3,0,0
B,B,B,B,afb32a59f0aad7606d2742b0aa51b01f29d3316652c72b2fcffdd655e14c82d5,debiased,B,un,typesafe/jev-1.13-20260917,2003/a/res/57/300#10,A/RES/57/300,9093550b694913cd695d7cae6dc6fdb04c0011addc0d488be785f6c164927438,practitioner,rank1,,,22.0,22.0,q_cbb2d0feccda0f8ace318a53,q_e1fe042b18b171e266b81061,q_e1fe042b18b171e266b81061,3,1,1
B,B,B,B,afb32a59f0aad7606d2742b0aa51b01f29d3316652c72b2fcffdd655e14c82d5,debiased,B,un,typesafe/jev-1.13-20260917,2013/a/res/67/222#6,A/RES/67/222,5109eb94ffc92aaf885dda2a598e3bc3b92ab2c7863bd002791f93ca9ca2f85c,practitioner,rank1,,,,,q_b9ecf8f7c2197a0b04d31326,,,2,0,0
B,B,B,B,afb32a59f0aad7606d2742b0aa51b01f29d3316652c72b2fcffdd655e14c82d5,debiased,B,un,typesafe/jev-1.13-20260917,2003/a/res/57/137#1,A/RES/57/137,d1b1101a37a3da340ce0c8e72724806159997d4f874285789e2b2669ab64071d,practitioner,rank1,,,,,q_a4b8cda1d8386c7d48c52895,,,3,0,0
B,B,B,B,afb32a59f0aad7606d2742b0aa51b01f29d3316652c72b2fcffdd655e14c82d5,debiased,B,un,typesafe/jev-1.13-20260917,2014/s/res/2140__2014_#13,S/RES/2140(2014),ed9553c1c522dc7e88b5a1125bc4259d7d6cd653d483694d61856dc3b9cda2a7,practitioner,rank1,,,,,q_b1f0c944dfdff3b9e750d012,,,3,0,0
B,B,B,B,afb32a59f0aad7606d2742b0aa51b01f29d3316652c72b2fcffdd655e14c82d5,debiased,B,un,typesafe/jev-1.13-20260917,2004/a/c_2/58/sr_24#18,A/C.2/58/SR.24,5142fa1607abb1d0f15595512d438386b89941d974c43a7a1a28f5fd6d9b66e0,practitioner,rank1,,,,,q_7035b41808c20cc6b9eca772,,,3,0,0
B,B,B,B,afb32a59f0aad7606d2742b0aa51b01f29d3316652c72b2fcffdd655e14c82d5,debiased,B,un,typesafe/jev-1.13-20260917,2008/cd/pv_1097#14,CD/PV.1097,b76bcf9ba5692263a2eb3561d45bd2e377dcde7a278f1935a2406d89f36dd7f9,practitioner,rank1,,,,,q_b5f8d7fd24b4d0dd8e6c11f3,,,3,0,0
B,B,B,B,afb32a59f0aad7606d2742b0aa51b01f29d3316652c72b2fcffdd655e14c82d5,debiased,B,un,typesafe/jev-1.13-20260917,2006/a/c_5/60/sr_64#14,A/C.5/60/SR.64,69a7f38e9bb9c1452c9deae93e75585f0fdd88771c9914230e32294984917caa,practitioner,rank1,,,,,q_ab240f70eefd73b14aed0516,,,3,0,0
B,B,B,B,afb32a59f0aad7606d2742b0aa51b01f29d3316652c72b2fcffdd655e14c82d5,debiased,B,un,typesafe/jev-1.13-20260917,2001/cedaw/c/sr_451#4,CEDAW/C/SR.451,33bba429870c569e226251c2388144b266680aded505985721de929bb58ad8fb,practitioner,rank1,,,,,q_f1e71ed4ec080ef4fb299357,,,3,0,0
B,B,B,B,afb32a59f0aad7606d2742b0aa51b01f29d3316652c72b2fcffdd655e14c82d5,debiased,B,un,typesafe/jev-1.13-20260917,2008/a/ac_109/2008/sr_2#1,A/AC.109/2008/SR.2,ab5728540b5a7ec5a02bbcfa94eb0ee60fb775148c803d1d49135729b9562b83,practitioner,rank1,,,,,q_60f74bd3b9a64ca75f7baf27,,,3,0,0
B,B,B,B,afb32a59f0aad7606d2742b0aa51b01f29d3316652c72b2fcffdd655e14c82d5,debiased,B,un,typesafe/jev-1.13-20260917,2010/ccpr/c/sr_2695#25,CCPR/C/SR.2695,73abd0def08bb5a62a30413187526cef791b4446e75c68a55a026eca7239e1dc,practitioner,rank1,,,,,q_2c58cbf432f8c1a05c9dc70d,,,2,0,0
B,B,B,B,afb32a59f0aad7606d2742b0aa51b01f29d3316652c72b2fcffdd655e14c82d5,debiased,B,un,typesafe/jev-1.13-20260917,2007/gc_12/c_1/sr_1#10,GC.12/C.1/SR.1,255d7d67e96370d7d7c2a9ed9aa55f17c6556a3b9524203ac6eb4ab2cf5aaee6,practitioner,rank1,,,,,q_19f6ec6c722f12f861da8c5c,,,3,0,0
B,B,B,B,afb32a59f0aad7606d2742b0aa51b01f29d3316652c72b2fcffdd655e14c82d5,debiased,B,un,typesafe/jev-1.13-20260917,2006/cedaw/c/sr_724#18,CEDAW/C/SR.724,5452b755ea946a9b51f7e2f14a1dffbcba8c57971cb734ef4059531f9719aa1c,practitioner,rank1,,,,,q_9f7ee36ea0a9318fcf44813c,,,3,0,0
B,B,B,B,afb32a59f0aad7606d2742b0aa51b01f29d3316652c72b2fcffdd655e14c82d5,debiased,B,un,typesafe/jev-1.13-20260917,2005/cd/pv_983#13,CD/PV.983,ac466c6dfcf6436c84657250ddcb057f36f5e253bd1155f5fe68a3710ede6440,practitioner,rank1,,,,,q_ac72d55db799111292bd9ceb,,,2,0,0
B,B,B,B,afb32a59f0aad7606d2742b0aa51b01f29d3316652c72b2fcffdd655e14c82d5,debiased,B,un,typesafe/jev-1.13-20260917,1998/gc_7/c_1/sr_5#16,GC.7/C.1/SR.5,b8cd40f9e87a4945d10038524a382023fcd6c42216c58c5e9626edd0bdccee68,practitioner,rank1,,,,,q_b576953f96b7ec0e58af84fb,,,3,0,0
B,B,B,B,afb32a59f0aad7606d2742b0aa51b01f29d3316652c72b2fcffdd655e14c82d5,debiased,B,un,typesafe/jev-1.13-20260917,2006/ccw/conf_iii/sr_2#8,CCW/CONF.III/SR.2,235d92a6fdd3bb9caf7ac8efb09e72f0bda82052260cc58ea88d02d8b55ea8dc,practitioner,rank1,,,,,q_fba72c0b50ca3933bb48d339,,,3,0,0
B,B,B,B,afb32a59f0aad7606d2742b0aa51b01f29d3316652c72b2fcffdd655e14c82d5,debiased,B,un,typesafe/jev-1.13-20260917,2001/cd/pv_880#1,CD/PV.880,f56ee04337e591adb2787424197886ffcd2215efde016afb0107f5d584bb1474,practitioner,rank1,,,,,q_c5b93bb9a701bee88047c9f9,,,3,0,0
B,B,B,B,afb32a59f0aad7606d2742b0aa51b01f29d3316652c72b2fcffdd655e14c82d5,debiased,B,un,typesafe/jev-1.13-20260917,2010/a/cn_9/sr_917#10,A/CN.9/SR.917,e03ba968fccb5a4994453e701f213f70737eb684fbddb2406d9871a92e9979ce,semantic,rank1,,,,,q_61835a137099da2e2a8b6e7a,,,2,0,0
B,B,B,B,afb32a59f0aad7606d2742b0aa51b01f29d3316652c72b2fcffdd655e14c82d5,debiased,B,un,typesafe/jev-1.13-20260917,2003/a/58/pv_1#15,A/58/PV.1,c6c86ad26e178923ab0ffb131735b49780887d57d5ad34ed0e4519721c8bcbc8,semantic,rank1,,,,,q_212715fc9c2a754e601ae1df,,,3,0,0
B,B,B,B,afb32a59f0aad7606d2742b0aa51b01f29d3316652c72b2fcffdd655e14c82d5,debiased,B,un,typesafe/jev-1.13-20260917,2007/cedaw/c/sr_770_b_#18,CEDAW/C/SR(770.B),0594c6ad9bb710bc2f07ddbcb8311219bb919ea31a02e2d2dc8b6ac0c97f1727,practitioner,rank1,,,,,q_54306ae191ccb16c9a82ecd1,,,3,0,0
B,B,B,B,afb32a59f0aad7606d2742b0aa51b01f29d3316652c72b2fcffdd655e14c82d5,debiased,B,un,typesafe/jev-1.13-20260917,2002/a/c_4/57/sr_18#15,A/C.4/57/SR.18,2327166b13e0b7c5333fd51cdcefc8b3420345e4702079d0de92380dd96defff,semantic,rank1,,,,,q_9090cd924f5962d40e29217b,,,3,0,0
B,B,B,B,afb32a59f0aad7606d2742b0aa51b01f29d3316652c72b2fcffdd655e14c82d5,debiased,B,un,typesafe/jev-1.13-20260917,2007/cedaw/c/sr_778#5,CEDAW/C/SR.778,32ae72b2039daecf37fffa40736579bf742db7cbb7a9ae62d9016f96334c210a,semantic,rank1,,,,,q_f3ba1c5dca5877abc55df630,,,3,0,0
B,B,B,B,afb32a59f0aad7606d2742b0aa51b01f29d3316652c72b2fcffdd655e14c82d5,debiased,B,un,typesafe/jev-1.13-20260917,2000/cd/pv_841#11,CD/PV.841,422435bb86510249107b343c7475c53003f897022f9d84c2d633139fe4672a5f,practitioner,rank1,,,17.0,17.0,q_cf34fcd3b4fa68677bb8011b,q_37afe707d30e90ede7316250,q_37afe707d30e90ede7316250,3,1,1
B,B,B,B,afb32a59f0aad7606d2742b0aa51b01f29d3316652c72b2fcffdd655e14c82d5,debiased,B,un,typesafe/jev-1.13-20260917,1999/cedaw/c/sr_434#16,CEDAW/C/SR.434,785e41a3cc50a84ecf6589dbaf190cea61cbbf5237effd421a191c483a7180a1,practitioner,rank1,,,,,q_8872f79fa6d20b73a018c942,,,3,0,0
B,B,B,B,afb32a59f0aad7606d2742b0aa51b01f29d3316652c72b2fcffdd655e14c82d5,debiased,B,un,typesafe/jev-1.13-20260917,2009/a/ac_109/2009/sr_7#4,A/AC.109/2009/SR.7,b5b88d06464cea1dd4f7239aadb46cec2a1a0ffb1231b0a5cb0bf346e4c4d13b,practitioner,rank1,,,,,q_f3531b1b8fe1f6186f33f922,,,3,0,0
B,B,B,B,afb32a59f0aad7606d2742b0aa51b01f29d3316652c72b2fcffdd655e14c82d5,debiased,B,un,typesafe/jev-1.13-20260917,2008/s/2008/774#11,S/2008/774,f9f99a0f9a013f1cf41edbc6d1112f60bd2536ba1a03709ba7deaea5eec134de,practitioner,rank1,,,,,q_a6413b7515a40445a47e639f,,,3,0,0
B,B,B,B,afb32a59f0aad7606d2742b0aa51b01f29d3316652c72b2fcffdd655e14c82d5,debiased,B,un,typesafe/jev-1.13-20260917,2012/s/2012/718#7,S/2012/718,48e89b194844b33d11bf60085b6e32d956eb84da12ace06f14dfa129a89b220a,practitioner,rank1,,,,,q_631509afc7e771294e3ab73b,,,3,0,0
B,B,B,B,afb32a59f0aad7606d2742b0aa51b01f29d3316652c72b2fcffdd655e14c82d5,debiased,B,un,typesafe/jev-1.13-20260917,1998/s/1998/458#1,S/1998/458,43365dfcbfa025d97a704b902d887dd5d157eef62a29a9eca303e168786a2d0b,practitioner,rank1,,,,,q_694de40b7478bb50658cd191,,,3,0,0
B,B,B,B,afb32a59f0aad7606d2742b0aa51b01f29d3316652c72b2fcffdd655e14c82d5,debiased,B,un,typesafe/jev-1.13-20260917,2004/s/2004/505#15,S/2004/505,a783b8a0f747a2cdeeae4dda34ba474edc0501ccabfac76a99ee91826f7ff824,practitioner,rank1,,,,,q_bf2e606ff1b64368aa01ab97,,,3,0,0
B,B,B,B,afb32a59f0aad7606d2742b0aa51b01f29d3316652c72b2fcffdd655e14c82d5,debiased,B,un,typesafe/jev-1.13-20260917,2004/s/2004/674#6,S/2004/674,42b50a3535dd82590ea4a8da31e5e3206770fd998819e6b2a96fa768d1b49d1f,practitioner,rank1,,,,,q_cb1e0d0614fa551d7542e3e1,,,3,0,0
C,C,C,C,dbd7eebf35da7ec529e86c57eaedaad4804862bc23fbd7118f350fe934a3093a,debiased,B,un,typesafe/jev-1.13-20260917,2011/a/res/65/212#13,A/RES/65/212,55d014e394a6216caf0fe7ffe96da838b21c13968a962a1ef449aca7bdc9f87b,semantic,rank1,,,,,q_81bed106a52cda34432c2d8e,,,2,0,0
C,C,C,C,dbd7eebf35da7ec529e86c57eaedaad4804862bc23fbd7118f350fe934a3093a,debiased,B,un,typesafe/jev-1.13-20260917,2006/a/res/61/183#3,A/RES/61/183,3eec92b7108f459fb4bf3eed77ff26bdb26245d730c1dcaa97a63c74465ad2df,semantic,rank1,,,,,q_ae0575b96727b4b4798ad8ce,,,3,0,0
C,C,C,C,dbd7eebf35da7ec529e86c57eaedaad4804862bc23fbd7118f350fe934a3093a,debiased,B,un,typesafe/jev-1.13-20260917,2013/a/res/67/199#12,A/RES/67/199,c4a52105e7bd2b9b8e0121c2fa6f68520bfe6c7fc0144c8f803951618e0ed9b0,semantic,rank1,,,,,q_fa89f15ebd637b6f184d3b29,,,3,0,0
C,C,C,C,dbd7eebf35da7ec529e86c57eaedaad4804862bc23fbd7118f350fe934a3093a,debiased,B,un,typesafe/jev-1.13-20260917,2011/a/res/65/263#2,A/RES/65/263,48540c5b2d8a49113c6c78d96b2b4da946a3bd5c5a7e8900044a2153a12736c6,lookup,rank1,,,,,q_36976d633c66e901472626dc,,,3,0,0
C,C,C,C,dbd7eebf35da7ec529e86c57eaedaad4804862bc23fbd7118f350fe934a3093a,debiased,B,un,typesafe/jev-1.13-20260917,2013/a/res/68/143#7,A/RES/68/143,e95e51f0ab23ef43dad3c0522dec1656e7a299026ee57307e74f59935e20b01e,semantic,rank1,,,,,q_4b928e31f448ce0a6ed341f0,,,2,0,0
C,C,C,C,dbd7eebf35da7ec529e86c57eaedaad4804862bc23fbd7118f350fe934a3093a,debiased,B,un,typesafe/jev-1.13-20260917,2014/a/res/68/254#2,A/RES/68/254,f84654eed8e64ac726761ed19e9e3a34cf8b1d7a5c1288f301f5c6fe4cda65f3,lookup,rank1,,,,,q_3cfc190751a1f7465dca6930,,,3,0,0
C,C,C,C,dbd7eebf35da7ec529e86c57eaedaad4804862bc23fbd7118f350fe934a3093a,debiased,B,un,typesafe/jev-1.13-20260917,2001/a/res/55/114#5,A/RES/55/114,f29e3275a3d860c0ce8651bb1380e53ac09f5c961254067315a5b150ca0c8c87,semantic,rank1,,,,,q_7ae0cf515124f0a1992b53bb,,,3,0,0
C,C,C,C,dbd7eebf35da7ec529e86c57eaedaad4804862bc23fbd7118f350fe934a3093a,debiased,B,un,typesafe/jev-1.13-20260917,2007/a/res/62/137#12,A/RES/62/137,8ce90168fe54792e2e468bc86d9a8d7268870cf742b1e07750ac8719336ab2fd,lookup,rank1,,,,,q_a30af3aaff413326b6908797,,,2,0,0
C,C,C,C,dbd7eebf35da7ec529e86c57eaedaad4804862bc23fbd7118f350fe934a3093a,debiased,B,un,typesafe/jev-1.13-20260917,2005/a/res/60/226#3,A/RES/60/226,e91680c46739761b17bb39e561f554d3ab182b327faa2cb08de741b9ed69131b,lookup,rank1,,,,,q_c61f07357e321c3d1312c36e,,,3,0,0
C,C,C,C,dbd7eebf35da7ec529e86c57eaedaad4804862bc23fbd7118f350fe934a3093a,debiased,B,un,typesafe/jev-1.13-20260917,2013/a/res/68/18#1,A/RES/68/18,94ba73211a06d8db83be6688375d2be2270bc22262faa50a126629e1fe2b0115,lookup,rank1,,,,,q_53fce1c254f1e6be1f3f5809,,,3,0,0
C,C,C,C,dbd7eebf35da7ec529e86c57eaedaad4804862bc23fbd7118f350fe934a3093a,debiased,B,un,typesafe/jev-1.13-20260917,2001/s/res/1376_2001_#2,S/RES/1376(2001),8b7b118cedf3d6896d89ebcf75a3d7acd85db08583f210ccfe5a9bd4d0cba8d2,semantic,rank1,,,,,q_15bcc00aa1a3b6b72c7468ad,,,3,0,0
C,C,C,C,dbd7eebf35da7ec529e86c57eaedaad4804862bc23fbd7118f350fe934a3093a,debiased,B,un,typesafe/jev-1.13-20260917,2008/s/res/1806_2008_#8,S/RES/1806(2008),cb61ad03e5e2833e914d2d1d657053c1c69f9248931f3f0304216d5217be40ee,semantic,rank1,,,,,q_7cfc0ba0622b59c4af883aa3,,,3,0,0
C,C,C,C,dbd7eebf35da7ec529e86c57eaedaad4804862bc23fbd7118f350fe934a3093a,debiased,B,un,typesafe/jev-1.13-20260917,2003/s/res/1466_2003_#3,S/RES/1466(2003),e215c0e1173d72ef1a3bd2a6d375310cd5a5016727123d27d9e37444125e1f86,semantic,rank1,,,,,q_9e1a894baa2d2aa214da6f2f,,,3,0,0
C,C,C,C,dbd7eebf35da7ec529e86c57eaedaad4804862bc23fbd7118f350fe934a3093a,debiased,B,un,typesafe/jev-1.13-20260917,2008/s/res/1845_2008_#3,S/RES/1845(2008),6183ad789f8cdb14c5cc5443c7d2a3283f65e12480b319fe819fbbeda7cf2bd2,lookup,rank1,,,,,q_ed526d604dd2e70359815fe2,,,3,0,0
C,C,C,C,dbd7eebf35da7ec529e86c57eaedaad4804862bc23fbd7118f350fe934a3093a,debiased,B,un,typesafe/jev-1.13-20260917,2004/s/res/1565_2004_#11,S/RES/1565(2004),0895d91f8ccd0398edc3e91bccb2553a00033aea16c1ccdf165f7900099f7a72,lookup,rank1,,,,,q_3bc8676203bdd4a85620c7ff,,,3,0,0
C,C,C,C,dbd7eebf35da7ec529e86c57eaedaad4804862bc23fbd7118f350fe934a3093a,debiased,B,un,typesafe/jev-1.13-20260917,2002/a/res/56/188#8,A/RES/56/188,3ccb208eb0c57fdc6ea2cb46e10a498f23c92e435268bdefea85ee0ddc390175,semantic,rank1,,,,,q_d3bcadee1d9208096c60b480,,,3,0,0
C,C,C,C,dbd7eebf35da7ec529e86c57eaedaad4804862bc23fbd7118f350fe934a3093a,debiased,B,un,typesafe/jev-1.13-20260917,2005/a/res/60/47#0,A/RES/60/47,d3d676e9daa5131639fa0da09aa43ae7244af073c4c32634c8101470813a322e,lookup,rank1,,,,,q_a75625d4ef17211f8948ad9c,,,3,0,0
C,C,C,C,dbd7eebf35da7ec529e86c57eaedaad4804862bc23fbd7118f350fe934a3093a,debiased,B,un,typesafe/jev-1.13-20260917,2011/s/res/1988_2011_#19,S/RES/1988(2011),18cc1f25afc7be6f08d77b02a3df98f124e690782c5d25961042a47e31bb2d2d,lookup,rank1,,,,,q_75078202101c6179ebc61b38,,,3,0,0
C,C,C,C,dbd7eebf35da7ec529e86c57eaedaad4804862bc23fbd7118f350fe934a3093a,debiased,B,un,typesafe/jev-1.13-20260917,2004/a/res/59/61#0,A/RES/59/61,6ede3e91686b85a25ed7d1b2b6a288eeac14e3a08a5644ccaeb9378e733e8bee,lookup,rank1,,,,,q_c6dda867fa33618421451f4e,,,2,0,0
C,C,C,C,dbd7eebf35da7ec529e86c57eaedaad4804862bc23fbd7118f350fe934a3093a,debiased,B,un,typesafe/jev-1.13-20260917,2013/a/res/67/145#7,A/RES/67/145,3f954c9e900a4f0a652567d5cecbd51f3269b92ab60c830c99e01c468ad7d768,semantic,rank1,,,,,q_ac4c4215963944812559c9e1,,,3,0,0
C,C,C,C,dbd7eebf35da7ec529e86c57eaedaad4804862bc23fbd7118f350fe934a3093a,debiased,B,un,typesafe/jev-1.13-20260917,2003/a/res/58/298#4,A/RES/58/298,09912ac03ddf6efeb25bae8600ea59e512437dc3093cc23f9a94c49239253aaf,lookup,rank1,,,,,q_925416225dd38f8d2119f481,,,3,0,0
C,C,C,C,dbd7eebf35da7ec529e86c57eaedaad4804862bc23fbd7118f350fe934a3093a,debiased,B,un,typesafe/jev-1.13-20260917,2003/a/res/57/300#10,A/RES/57/300,9093550b694913cd695d7cae6dc6fdb04c0011addc0d488be785f6c164927438,lookup,rank1,,,22.0,22.0,q_56aa83fd40663d5b966d70b0,q_b96cc8ddcd04b7139ad77ef5,q_b96cc8ddcd04b7139ad77ef5,3,2,2
C,C,C,C,dbd7eebf35da7ec529e86c57eaedaad4804862bc23fbd7118f350fe934a3093a,debiased,B,un,typesafe/jev-1.13-20260917,2013/a/res/67/222#6,A/RES/67/222,5109eb94ffc92aaf885dda2a598e3bc3b92ab2c7863bd002791f93ca9ca2f85c,semantic,rank1,,,,,q_706c4623bbbd703185e1b312,,,2,0,0
C,C,C,C,dbd7eebf35da7ec529e86c57eaedaad4804862bc23fbd7118f350fe934a3093a,debiased,B,un,typesafe/jev-1.13-20260917,2003/a/res/57/137#1,A/RES/57/137,d1b1101a37a3da340ce0c8e72724806159997d4f874285789e2b2669ab64071d,semantic,rank1,,,,,q_ddfc879582bea00cda6df4ba,,,3,0,0
C,C,C,C,dbd7eebf35da7ec529e86c57eaedaad4804862bc23fbd7118f350fe934a3093a,debiased,B,un,typesafe/jev-1.13-20260917,2014/s/res/2140__2014_#13,S/RES/2140(2014),ed9553c1c522dc7e88b5a1125bc4259d7d6cd653d483694d61856dc3b9cda2a7,lookup,rank1,,,,,q_4238cba934a8d5e38297cd4b,,,3,0,0
C,C,C,C,dbd7eebf35da7ec529e86c57eaedaad4804862bc23fbd7118f350fe934a3093a,debiased,B,un,typesafe/jev-1.13-20260917,2004/a/c_2/58/sr_24#18,A/C.2/58/SR.24,5142fa1607abb1d0f15595512d438386b89941d974c43a7a1a28f5fd6d9b66e0,semantic,rank1,,,,,q_1f72ceec1973722f144f2203,,,3,0,0
C,C,C,C,dbd7eebf35da7ec529e86c57eaedaad4804862bc23fbd7118f350fe934a3093a,debiased,B,un,typesafe/jev-1.13-20260917,2008/cd/pv_1097#14,CD/PV.1097,b76bcf9ba5692263a2eb3561d45bd2e377dcde7a278f1935a2406d89f36dd7f9,semantic,rank1,,,,,q_ae19c38a8e9538d3450fe0cc,,,3,0,0
C,C,C,C,dbd7eebf35da7ec529e86c57eaedaad4804862bc23fbd7118f350fe934a3093a,debiased,B,un,typesafe/jev-1.13-20260917,2006/a/c_5/60/sr_64#14,A/C.5/60/SR.64,69a7f38e9bb9c1452c9deae93e75585f0fdd88771c9914230e32294984917caa,semantic,rank1,,,,,q_44dee6b52144b963f514672f,,,3,0,0
C,C,C,C,dbd7eebf35da7ec529e86c57eaedaad4804862bc23fbd7118f350fe934a3093a,debiased,B,un,typesafe/jev-1.13-20260917,2001/cedaw/c/sr_451#4,CEDAW/C/SR.451,33bba429870c569e226251c2388144b266680aded505985721de929bb58ad8fb,semantic,rank1,,,,,q_e19ee8281952ce63dbf89cb4,,,3,0,0
C,C,C,C,dbd7eebf35da7ec529e86c57eaedaad4804862bc23fbd7118f350fe934a3093a,debiased,B,un,typesafe/jev-1.13-20260917,2008/a/ac_109/2008/sr_2#1,A/AC.109/2008/SR.2,ab5728540b5a7ec5a02bbcfa94eb0ee60fb775148c803d1d49135729b9562b83,lookup,rank1,,,,,q_c9e364aa1a4aef40376db9a8,,,3,0,0
C,C,C,C,dbd7eebf35da7ec529e86c57eaedaad4804862bc23fbd7118f350fe934a3093a,debiased,B,un,typesafe/jev-1.13-20260917,2010/ccpr/c/sr_2695#25,CCPR/C/SR.2695,73abd0def08bb5a62a30413187526cef791b4446e75c68a55a026eca7239e1dc,semantic,rank1,,,,,q_0d94a68f4a13f93a7fe4f9bf,,,3,0,0
C,C,C,C,dbd7eebf35da7ec529e86c57eaedaad4804862bc23fbd7118f350fe934a3093a,debiased,B,un,typesafe/jev-1.13-20260917,2007/gc_12/c_1/sr_1#10,GC.12/C.1/SR.1,255d7d67e96370d7d7c2a9ed9aa55f17c6556a3b9524203ac6eb4ab2cf5aaee6,semantic,rank1,,,,,q_0d052c28a278f9b060ac1500,,,3,0,0
C,C,C,C,dbd7eebf35da7ec529e86c57eaedaad4804862bc23fbd7118f350fe934a3093a,debiased,B,un,typesafe/jev-1.13-20260917,2006/cedaw/c/sr_724#18,CEDAW/C/SR.724,5452b755ea946a9b51f7e2f14a1dffbcba8c57971cb734ef4059531f9719aa1c,semantic,rank1,,,,,q_2ffeffa1388021c9d7798473,,,3,0,0
C,C,C,C,dbd7eebf35da7ec529e86c57eaedaad4804862bc23fbd7118f350fe934a3093a,debiased,B,un,typesafe/jev-1.13-20260917,2005/cd/pv_983#13,CD/PV.983,ac466c6dfcf6436c84657250ddcb057f36f5e253bd1155f5fe68a3710ede6440,semantic,rank1,,,,,q_45d9106b23fbb7b851482b52,,,3,0,0
C,C,C,C,dbd7eebf35da7ec529e86c57eaedaad4804862bc23fbd7118f350fe934a3093a,debiased,B,un,typesafe/jev-1.13-20260917,1998/gc_7/c_1/sr_5#16,GC.7/C.1/SR.5,b8cd40f9e87a4945d10038524a382023fcd6c42216c58c5e9626edd0bdccee68,semantic,rank1,,,,,q_c651f126c1810ee3f5048268,,,3,0,0
C,C,C,C,dbd7eebf35da7ec529e86c57eaedaad4804862bc23fbd7118f350fe934a3093a,debiased,B,un,typesafe/jev-1.13-20260917,2006/ccw/conf_iii/sr_2#8,CCW/CONF.III/SR.2,235d92a6fdd3bb9caf7ac8efb09e72f0bda82052260cc58ea88d02d8b55ea8dc,semantic,rank1,,,,,q_6d8de980f6c000f5c580699e,,,3,0,0
C,C,C,C,dbd7eebf35da7ec529e86c57eaedaad4804862bc23fbd7118f350fe934a3093a,debiased,B,un,typesafe/jev-1.13-20260917,2001/cd/pv_880#1,CD/PV.880,f56ee04337e591adb2787424197886ffcd2215efde016afb0107f5d584bb1474,semantic,rank1,,,,,q_476332cd554c04586f7c9e5b,,,3,0,0
C,C,C,C,dbd7eebf35da7ec529e86c57eaedaad4804862bc23fbd7118f350fe934a3093a,debiased,B,un,typesafe/jev-1.13-20260917,2010/a/cn_9/sr_917#10,A/CN.9/SR.917,e03ba968fccb5a4994453e701f213f70737eb684fbddb2406d9871a92e9979ce,semantic,rank1,,,,,q_61835a137099da2e2a8b6e7a,,,2,0,0
C,C,C,C,dbd7eebf35da7ec529e86c57eaedaad4804862bc23fbd7118f350fe934a3093a,debiased,B,un,typesafe/jev-1.13-20260917,2003/a/58/pv_1#15,A/58/PV.1,c6c86ad26e178923ab0ffb131735b49780887d57d5ad34ed0e4519721c8bcbc8,semantic,rank1,,,,,q_212715fc9c2a754e601ae1df,,,3,0,0
C,C,C,C,dbd7eebf35da7ec529e86c57eaedaad4804862bc23fbd7118f350fe934a3093a,debiased,B,un,typesafe/jev-1.13-20260917,2007/cedaw/c/sr_770_b_#18,CEDAW/C/SR(770.B),0594c6ad9bb710bc2f07ddbcb8311219bb919ea31a02e2d2dc8b6ac0c97f1727,semantic,rank1,,,,,q_8f0dc54d15e54582b06421d3,,,3,0,0
C,C,C,C,dbd7eebf35da7ec529e86c57eaedaad4804862bc23fbd7118f350fe934a3093a,debiased,B,un,typesafe/jev-1.13-20260917,2002/a/c_4/57/sr_18#15,A/C.4/57/SR.18,2327166b13e0b7c5333fd51cdcefc8b3420345e4702079d0de92380dd96defff,semantic,rank1,,,,,q_9090cd924f5962d40e29217b,,,3,0,0
C,C,C,C,dbd7eebf35da7ec529e86c57eaedaad4804862bc23fbd7118f350fe934a3093a,debiased,B,un,typesafe/jev-1.13-20260917,2007/cedaw/c/sr_778#5,CEDAW/C/SR.778,32ae72b2039daecf37fffa40736579bf742db7cbb7a9ae62d9016f96334c210a,semantic,rank1,,,,,q_f3ba1c5dca5877abc55df630,,,3,0,0
C,C,C,C,dbd7eebf35da7ec529e86c57eaedaad4804862bc23fbd7118f350fe934a3093a,debiased,B,un,typesafe/jev-1.13-20260917,2000/cd/pv_841#11,CD/PV.841,422435bb86510249107b343c7475c53003f897022f9d84c2d633139fe4672a5f,semantic,rank1,23.0,23.0,23.0,23.0,q_4ee83b46623b37d25a8aa8ab,q_4ee83b46623b37d25a8aa8ab,q_4ee83b46623b37d25a8aa8ab,3,3,3
C,C,C,C,dbd7eebf35da7ec529e86c57eaedaad4804862bc23fbd7118f350fe934a3093a,debiased,B,un,typesafe/jev-1.13-20260917,1999/cedaw/c/sr_434#16,CEDAW/C/SR.434,785e41a3cc50a84ecf6589dbaf190cea61cbbf5237effd421a191c483a7180a1,semantic,rank1,,,,,q_7c013132fc7609360ef2891a,,,3,0,0
C,C,C,C,dbd7eebf35da7ec529e86c57eaedaad4804862bc23fbd7118f350fe934a3093a,debiased,B,un,typesafe/jev-1.13-20260917,2009/a/ac_109/2009/sr_7#4,A/AC.109/2009/SR.7,b5b88d06464cea1dd4f7239aadb46cec2a1a0ffb1231b0a5cb0bf346e4c4d13b,semantic,rank1,,,,,q_5c07675be184137de169b6c0,,,3,0,0
C,C,C,C,dbd7eebf35da7ec529e86c57eaedaad4804862bc23fbd7118f350fe934a3093a,debiased,B,un,typesafe/jev-1.13-20260917,2008/s/2008/774#11,S/2008/774,f9f99a0f9a013f1cf41edbc6d1112f60bd2536ba1a03709ba7deaea5eec134de,semantic,rank1,,,,,q_1d2b37f17cdfc7a902520ef9,,,3,0,0
C,C,C,C,dbd7eebf35da7ec529e86c57eaedaad4804862bc23fbd7118f350fe934a3093a,debiased,B,un,typesafe/jev-1.13-20260917,2012/s/2012/718#7,S/2012/718,48e89b194844b33d11bf60085b6e32d956eb84da12ace06f14dfa129a89b220a,semantic,rank1,,,,,q_e4fbc613ce29cbcb458e4bcc,,,3,0,0
C,C,C,C,dbd7eebf35da7ec529e86c57eaedaad4804862bc23fbd7118f350fe934a3093a,debiased,B,un,typesafe/jev-1.13-20260917,1998/s/1998/458#1,S/1998/458,43365dfcbfa025d97a704b902d887dd5d157eef62a29a9eca303e168786a2d0b,semantic,rank1,,,,,q_f613ab8fa153f9d3fc8e86a5,,,3,0,0
C,C,C,C,dbd7eebf35da7ec529e86c57eaedaad4804862bc23fbd7118f350fe934a3093a,debiased,B,un,typesafe/jev-1.13-20260917,2004/s/2004/505#15,S/2004/505,a783b8a0f747a2cdeeae4dda34ba474edc0501ccabfac76a99ee91826f7ff824,lookup,rank1,,,,,q_da715a659bfce73c437d2737,,,3,0,0
C,C,C,C,dbd7eebf35da7ec529e86c57eaedaad4804862bc23fbd7118f350fe934a3093a,debiased,B,un,typesafe/jev-1.13-20260917,2004/s/2004/674#6,S/2004/674,42b50a3535dd82590ea4a8da31e5e3206770fd998819e6b2a96fa768d1b49d1f,semantic,rank1,,,,,q_7ec90dc2518fffe37056b4f0,,,3,0,0
b_instructions_c_criteria,B,B,C,da0f9cd99979052782aec1b4b72d7006a773150a15f721a899847e1294df8de5,debiased,B,un,typesafe/jev-1.13-20260917,2011/a/res/65/212#13,A/RES/65/212,55d014e394a6216caf0fe7ffe96da838b21c13968a962a1ef449aca7bdc9f87b,practitioner,rank1,,,,,q_be453b8f1ae4893675acb2c1,,,3,0,0
b_instructions_c_criteria,B,B,C,da0f9cd99979052782aec1b4b72d7006a773150a15f721a899847e1294df8de5,debiased,B,un,typesafe/jev-1.13-20260917,2006/a/res/61/183#3,A/RES/61/183,3eec92b7108f459fb4bf3eed77ff26bdb26245d730c1dcaa97a63c74465ad2df,practitioner,rank1,,,,,q_504d79cb28e1dcdd01690b07,,,3,0,0
b_instructions_c_criteria,B,B,C,da0f9cd99979052782aec1b4b72d7006a773150a15f721a899847e1294df8de5,debiased,B,un,typesafe/jev-1.13-20260917,2013/a/res/67/199#12,A/RES/67/199,c4a52105e7bd2b9b8e0121c2fa6f68520bfe6c7fc0144c8f803951618e0ed9b0,semantic,rank1,,,,,q_fa89f15ebd637b6f184d3b29,,,3,0,0
b_instructions_c_criteria,B,B,C,da0f9cd99979052782aec1b4b72d7006a773150a15f721a899847e1294df8de5,debiased,B,un,typesafe/jev-1.13-20260917,2011/a/res/65/263#2,A/RES/65/263,48540c5b2d8a49113c6c78d96b2b4da946a3bd5c5a7e8900044a2153a12736c6,lookup,rank1,,,,,q_36976d633c66e901472626dc,,,3,0,0
b_instructions_c_criteria,B,B,C,da0f9cd99979052782aec1b4b72d7006a773150a15f721a899847e1294df8de5,debiased,B,un,typesafe/jev-1.13-20260917,2013/a/res/68/143#7,A/RES/68/143,e95e51f0ab23ef43dad3c0522dec1656e7a299026ee57307e74f59935e20b01e,practitioner,rank1,,,,,q_f1d7268655bba69ca81520fe,,,3,0,0
b_instructions_c_criteria,B,B,C,da0f9cd99979052782aec1b4b72d7006a773150a15f721a899847e1294df8de5,debiased,B,un,typesafe/jev-1.13-20260917,2014/a/res/68/254#2,A/RES/68/254,f84654eed8e64ac726761ed19e9e3a34cf8b1d7a5c1288f301f5c6fe4cda65f3,practitioner,rank1,,,,,q_35f6eedb186e20b5e9aa2307,,,3,0,0
b_instructions_c_criteria,B,B,C,da0f9cd99979052782aec1b4b72d7006a773150a15f721a899847e1294df8de5,debiased,B,un,typesafe/jev-1.13-20260917,2001/a/res/55/114#5,A/RES/55/114,f29e3275a3d860c0ce8651bb1380e53ac09f5c961254067315a5b150ca0c8c87,practitioner,rank1,,,,,q_7bbd179d9294803fe5b89657,,,3,0,0
b_instructions_c_criteria,B,B,C,da0f9cd99979052782aec1b4b72d7006a773150a15f721a899847e1294df8de5,debiased,B,un,typesafe/jev-1.13-20260917,2007/a/res/62/137#12,A/RES/62/137,8ce90168fe54792e2e468bc86d9a8d7268870cf742b1e07750ac8719336ab2fd,practitioner,rank1,,,,,q_a393585afd4aaf7245746f35,,,2,0,0
b_instructions_c_criteria,B,B,C,da0f9cd99979052782aec1b4b72d7006a773150a15f721a899847e1294df8de5,debiased,B,un,typesafe/jev-1.13-20260917,2005/a/res/60/226#3,A/RES/60/226,e91680c46739761b17bb39e561f554d3ab182b327faa2cb08de741b9ed69131b,practitioner,rank1,,,,,q_43b53aa4d27bd71cc4c34568,,,3,0,0
b_instructions_c_criteria,B,B,C,da0f9cd99979052782aec1b4b72d7006a773150a15f721a899847e1294df8de5,debiased,B,un,typesafe/jev-1.13-20260917,2013/a/res/68/18#1,A/RES/68/18,94ba73211a06d8db83be6688375d2be2270bc22262faa50a126629e1fe2b0115,practitioner,rank1,,,,,q_c123efcc9c03303cfdeb94b2,,,3,0,0
b_instructions_c_criteria,B,B,C,da0f9cd99979052782aec1b4b72d7006a773150a15f721a899847e1294df8de5,debiased,B,un,typesafe/jev-1.13-20260917,2001/s/res/1376_2001_#2,S/RES/1376(2001),8b7b118cedf3d6896d89ebcf75a3d7acd85db08583f210ccfe5a9bd4d0cba8d2,practitioner,rank1,,,,,q_2084410b4b7355d763a80445,,,3,0,0
b_instructions_c_criteria,B,B,C,da0f9cd99979052782aec1b4b72d7006a773150a15f721a899847e1294df8de5,debiased,B,un,typesafe/jev-1.13-20260917,2008/s/res/1806_2008_#8,S/RES/1806(2008),cb61ad03e5e2833e914d2d1d657053c1c69f9248931f3f0304216d5217be40ee,practitioner,rank1,,,,,q_308b06dbb7eee142247cf239,,,3,0,0
b_instructions_c_criteria,B,B,C,da0f9cd99979052782aec1b4b72d7006a773150a15f721a899847e1294df8de5,debiased,B,un,typesafe/jev-1.13-20260917,2003/s/res/1466_2003_#3,S/RES/1466(2003),e215c0e1173d72ef1a3bd2a6d375310cd5a5016727123d27d9e37444125e1f86,practitioner,rank1,,,,,q_3cdb3e9dc95e79381408a7dc,,,3,0,0
b_instructions_c_criteria,B,B,C,da0f9cd99979052782aec1b4b72d7006a773150a15f721a899847e1294df8de5,debiased,B,un,typesafe/jev-1.13-20260917,2008/s/res/1845_2008_#3,S/RES/1845(2008),6183ad789f8cdb14c5cc5443c7d2a3283f65e12480b319fe819fbbeda7cf2bd2,practitioner,rank1,,,,,q_f16e15c6dd962efe2ad65535,,,3,0,0
b_instructions_c_criteria,B,B,C,da0f9cd99979052782aec1b4b72d7006a773150a15f721a899847e1294df8de5,debiased,B,un,typesafe/jev-1.13-20260917,2004/s/res/1565_2004_#11,S/RES/1565(2004),0895d91f8ccd0398edc3e91bccb2553a00033aea16c1ccdf165f7900099f7a72,practitioner,rank1,,,,,q_62f6c0aae080fea2dad95b4f,,,2,0,0
b_instructions_c_criteria,B,B,C,da0f9cd99979052782aec1b4b72d7006a773150a15f721a899847e1294df8de5,debiased,B,un,typesafe/jev-1.13-20260917,2002/a/res/56/188#8,A/RES/56/188,3ccb208eb0c57fdc6ea2cb46e10a498f23c92e435268bdefea85ee0ddc390175,practitioner,rank1,,,,,q_a03d5b6388fd217ddeb7012c,,,2,0,0
b_instructions_c_criteria,B,B,C,da0f9cd99979052782aec1b4b72d7006a773150a15f721a899847e1294df8de5,debiased,B,un,typesafe/jev-1.13-20260917,2005/a/res/60/47#0,A/RES/60/47,d3d676e9daa5131639fa0da09aa43ae7244af073c4c32634c8101470813a322e,practitioner,rank1,,,,,q_7fbef1a6930c44bc65efade8,,,3,0,0
b_instructions_c_criteria,B,B,C,da0f9cd99979052782aec1b4b72d7006a773150a15f721a899847e1294df8de5,debiased,B,un,typesafe/jev-1.13-20260917,2011/s/res/1988_2011_#19,S/RES/1988(2011),18cc1f25afc7be6f08d77b02a3df98f124e690782c5d25961042a47e31bb2d2d,practitioner,rank1,,,,,q_e9718b01e28ed18a75fcb507,,,3,0,0
b_instructions_c_criteria,B,B,C,da0f9cd99979052782aec1b4b72d7006a773150a15f721a899847e1294df8de5,debiased,B,un,typesafe/jev-1.13-20260917,2004/a/res/59/61#0,A/RES/59/61,6ede3e91686b85a25ed7d1b2b6a288eeac14e3a08a5644ccaeb9378e733e8bee,practitioner,rank1,,,,,q_24d13d2343ceaff547647c0d,,,3,0,0
b_instructions_c_criteria,B,B,C,da0f9cd99979052782aec1b4b72d7006a773150a15f721a899847e1294df8de5,debiased,B,un,typesafe/jev-1.13-20260917,2013/a/res/67/145#7,A/RES/67/145,3f954c9e900a4f0a652567d5cecbd51f3269b92ab60c830c99e01c468ad7d768,semantic,rank1,,,,,q_ac4c4215963944812559c9e1,,,3,0,0
b_instructions_c_criteria,B,B,C,da0f9cd99979052782aec1b4b72d7006a773150a15f721a899847e1294df8de5,debiased,B,un,typesafe/jev-1.13-20260917,2003/a/res/58/298#4,A/RES/58/298,09912ac03ddf6efeb25bae8600ea59e512437dc3093cc23f9a94c49239253aaf,practitioner,rank1,,,,,q_dd8659831246f1fe718bf642,,,3,0,0
b_instructions_c_criteria,B,B,C,da0f9cd99979052782aec1b4b72d7006a773150a15f721a899847e1294df8de5,debiased,B,un,typesafe/jev-1.13-20260917,2003/a/res/57/300#10,A/RES/57/300,9093550b694913cd695d7cae6dc6fdb04c0011addc0d488be785f6c164927438,practitioner,rank1,,,22.0,22.0,q_cbb2d0feccda0f8ace318a53,q_e1fe042b18b171e266b81061,q_e1fe042b18b171e266b81061,3,1,1
b_instructions_c_criteria,B,B,C,da0f9cd99979052782aec1b4b72d7006a773150a15f721a899847e1294df8de5,debiased,B,un,typesafe/jev-1.13-20260917,2013/a/res/67/222#6,A/RES/67/222,5109eb94ffc92aaf885dda2a598e3bc3b92ab2c7863bd002791f93ca9ca2f85c,practitioner,rank1,,,,,q_b9ecf8f7c2197a0b04d31326,,,2,0,0
b_instructions_c_criteria,B,B,C,da0f9cd99979052782aec1b4b72d7006a773150a15f721a899847e1294df8de5,debiased,B,un,typesafe/jev-1.13-20260917,2003/a/res/57/137#1,A/RES/57/137,d1b1101a37a3da340ce0c8e72724806159997d4f874285789e2b2669ab64071d,practitioner,rank1,,,,,q_a4b8cda1d8386c7d48c52895,,,3,0,0
b_instructions_c_criteria,B,B,C,da0f9cd99979052782aec1b4b72d7006a773150a15f721a899847e1294df8de5,debiased,B,un,typesafe/jev-1.13-20260917,2014/s/res/2140__2014_#13,S/RES/2140(2014),ed9553c1c522dc7e88b5a1125bc4259d7d6cd653d483694d61856dc3b9cda2a7,practitioner,rank1,,,,,q_b1f0c944dfdff3b9e750d012,,,3,0,0
b_instructions_c_criteria,B,B,C,da0f9cd99979052782aec1b4b72d7006a773150a15f721a899847e1294df8de5,debiased,B,un,typesafe/jev-1.13-20260917,2004/a/c_2/58/sr_24#18,A/C.2/58/SR.24,5142fa1607abb1d0f15595512d438386b89941d974c43a7a1a28f5fd6d9b66e0,practitioner,rank1,,,,,q_7035b41808c20cc6b9eca772,,,3,0,0
b_instructions_c_criteria,B,B,C,da0f9cd99979052782aec1b4b72d7006a773150a15f721a899847e1294df8de5,debiased,B,un,typesafe/jev-1.13-20260917,2008/cd/pv_1097#14,CD/PV.1097,b76bcf9ba5692263a2eb3561d45bd2e377dcde7a278f1935a2406d89f36dd7f9,practitioner,rank1,,,,,q_b5f8d7fd24b4d0dd8e6c11f3,,,3,0,0
b_instructions_c_criteria,B,B,C,da0f9cd99979052782aec1b4b72d7006a773150a15f721a899847e1294df8de5,debiased,B,un,typesafe/jev-1.13-20260917,2006/a/c_5/60/sr_64#14,A/C.5/60/SR.64,69a7f38e9bb9c1452c9deae93e75585f0fdd88771c9914230e32294984917caa,practitioner,rank1,,,,,q_ab240f70eefd73b14aed0516,,,3,0,0
b_instructions_c_criteria,B,B,C,da0f9cd99979052782aec1b4b72d7006a773150a15f721a899847e1294df8de5,debiased,B,un,typesafe/jev-1.13-20260917,2001/cedaw/c/sr_451#4,CEDAW/C/SR.451,33bba429870c569e226251c2388144b266680aded505985721de929bb58ad8fb,practitioner,rank1,,,,,q_f1e71ed4ec080ef4fb299357,,,3,0,0
b_instructions_c_criteria,B,B,C,da0f9cd99979052782aec1b4b72d7006a773150a15f721a899847e1294df8de5,debiased,B,un,typesafe/jev-1.13-20260917,2008/a/ac_109/2008/sr_2#1,A/AC.109/2008/SR.2,ab5728540b5a7ec5a02bbcfa94eb0ee60fb775148c803d1d49135729b9562b83,lookup,rank1,,,,,q_c9e364aa1a4aef40376db9a8,,,3,0,0
b_instructions_c_criteria,B,B,C,da0f9cd99979052782aec1b4b72d7006a773150a15f721a899847e1294df8de5,debiased,B,un,typesafe/jev-1.13-20260917,2010/ccpr/c/sr_2695#25,CCPR/C/SR.2695,73abd0def08bb5a62a30413187526cef791b4446e75c68a55a026eca7239e1dc,practitioner,rank1,,,,,q_2c58cbf432f8c1a05c9dc70d,,,2,0,0
b_instructions_c_criteria,B,B,C,da0f9cd99979052782aec1b4b72d7006a773150a15f721a899847e1294df8de5,debiased,B,un,typesafe/jev-1.13-20260917,2007/gc_12/c_1/sr_1#10,GC.12/C.1/SR.1,255d7d67e96370d7d7c2a9ed9aa55f17c6556a3b9524203ac6eb4ab2cf5aaee6,practitioner,rank1,,,,,q_19f6ec6c722f12f861da8c5c,,,3,0,0
b_instructions_c_criteria,B,B,C,da0f9cd99979052782aec1b4b72d7006a773150a15f721a899847e1294df8de5,debiased,B,un,typesafe/jev-1.13-20260917,2006/cedaw/c/sr_724#18,CEDAW/C/SR.724,5452b755ea946a9b51f7e2f14a1dffbcba8c57971cb734ef4059531f9719aa1c,practitioner,rank1,,,,,q_9f7ee36ea0a9318fcf44813c,,,3,0,0
b_instructions_c_criteria,B,B,C,da0f9cd99979052782aec1b4b72d7006a773150a15f721a899847e1294df8de5,debiased,B,un,typesafe/jev-1.13-20260917,2005/cd/pv_983#13,CD/PV.983,ac466c6dfcf6436c84657250ddcb057f36f5e253bd1155f5fe68a3710ede6440,practitioner,rank1,,,,,q_ac72d55db799111292bd9ceb,,,2,0,0
b_instructions_c_criteria,B,B,C,da0f9cd99979052782aec1b4b72d7006a773150a15f721a899847e1294df8de5,debiased,B,un,typesafe/jev-1.13-20260917,1998/gc_7/c_1/sr_5#16,GC.7/C.1/SR.5,b8cd40f9e87a4945d10038524a382023fcd6c42216c58c5e9626edd0bdccee68,practitioner,rank1,,,,,q_b576953f96b7ec0e58af84fb,,,3,0,0
b_instructions_c_criteria,B,B,C,da0f9cd99979052782aec1b4b72d7006a773150a15f721a899847e1294df8de5,debiased,B,un,typesafe/jev-1.13-20260917,2006/ccw/conf_iii/sr_2#8,CCW/CONF.III/SR.2,235d92a6fdd3bb9caf7ac8efb09e72f0bda82052260cc58ea88d02d8b55ea8dc,practitioner,rank1,,,,,q_fba72c0b50ca3933bb48d339,,,3,0,0
b_instructions_c_criteria,B,B,C,da0f9cd99979052782aec1b4b72d7006a773150a15f721a899847e1294df8de5,debiased,B,un,typesafe/jev-1.13-20260917,2001/cd/pv_880#1,CD/PV.880,f56ee04337e591adb2787424197886ffcd2215efde016afb0107f5d584bb1474,practitioner,rank1,,,,,q_c5b93bb9a701bee88047c9f9,,,3,0,0
b_instructions_c_criteria,B,B,C,da0f9cd99979052782aec1b4b72d7006a773150a15f721a899847e1294df8de5,debiased,B,un,typesafe/jev-1.13-20260917,2010/a/cn_9/sr_917#10,A/CN.9/SR.917,e03ba968fccb5a4994453e701f213f70737eb684fbddb2406d9871a92e9979ce,semantic,rank1,,,,,q_61835a137099da2e2a8b6e7a,,,2,0,0
b_instructions_c_criteria,B,B,C,da0f9cd99979052782aec1b4b72d7006a773150a15f721a899847e1294df8de5,debiased,B,un,typesafe/jev-1.13-20260917,2003/a/58/pv_1#15,A/58/PV.1,c6c86ad26e178923ab0ffb131735b49780887d57d5ad34ed0e4519721c8bcbc8,semantic,rank1,,,,,q_212715fc9c2a754e601ae1df,,,3,0,0
b_instructions_c_criteria,B,B,C,da0f9cd99979052782aec1b4b72d7006a773150a15f721a899847e1294df8de5,debiased,B,un,typesafe/jev-1.13-20260917,2007/cedaw/c/sr_770_b_#18,CEDAW/C/SR(770.B),0594c6ad9bb710bc2f07ddbcb8311219bb919ea31a02e2d2dc8b6ac0c97f1727,practitioner,rank1,,,,,q_54306ae191ccb16c9a82ecd1,,,3,0,0
b_instructions_c_criteria,B,B,C,da0f9cd99979052782aec1b4b72d7006a773150a15f721a899847e1294df8de5,debiased,B,un,typesafe/jev-1.13-20260917,2002/a/c_4/57/sr_18#15,A/C.4/57/SR.18,2327166b13e0b7c5333fd51cdcefc8b3420345e4702079d0de92380dd96defff,semantic,rank1,,,,,q_9090cd924f5962d40e29217b,,,3,0,0
b_instructions_c_criteria,B,B,C,da0f9cd99979052782aec1b4b72d7006a773150a15f721a899847e1294df8de5,debiased,B,un,typesafe/jev-1.13-20260917,2007/cedaw/c/sr_778#5,CEDAW/C/SR.778,32ae72b2039daecf37fffa40736579bf742db7cbb7a9ae62d9016f96334c210a,semantic,rank1,,,,,q_f3ba1c5dca5877abc55df630,,,3,0,0
b_instructions_c_criteria,B,B,C,da0f9cd99979052782aec1b4b72d7006a773150a15f721a899847e1294df8de5,debiased,B,un,typesafe/jev-1.13-20260917,2000/cd/pv_841#11,CD/PV.841,422435bb86510249107b343c7475c53003f897022f9d84c2d633139fe4672a5f,semantic,rank1,23.0,23.0,23.0,23.0,q_4ee83b46623b37d25a8aa8ab,q_4ee83b46623b37d25a8aa8ab,q_4ee83b46623b37d25a8aa8ab,3,3,3
b_instructions_c_criteria,B,B,C,da0f9cd99979052782aec1b4b72d7006a773150a15f721a899847e1294df8de5,debiased,B,un,typesafe/jev-1.13-20260917,1999/cedaw/c/sr_434#16,CEDAW/C/SR.434,785e41a3cc50a84ecf6589dbaf190cea61cbbf5237effd421a191c483a7180a1,practitioner,rank1,,,,,q_8872f79fa6d20b73a018c942,,,3,0,0
b_instructions_c_criteria,B,B,C,da0f9cd99979052782aec1b4b72d7006a773150a15f721a899847e1294df8de5,debiased,B,un,typesafe/jev-1.13-20260917,2009/a/ac_109/2009/sr_7#4,A/AC.109/2009/SR.7,b5b88d06464cea1dd4f7239aadb46cec2a1a0ffb1231b0a5cb0bf346e4c4d13b,practitioner,rank1,,,,,q_f3531b1b8fe1f6186f33f922,,,3,0,0
b_instructions_c_criteria,B,B,C,da0f9cd99979052782aec1b4b72d7006a773150a15f721a899847e1294df8de5,debiased,B,un,typesafe/jev-1.13-20260917,2008/s/2008/774#11,S/2008/774,f9f99a0f9a013f1cf41edbc6d1112f60bd2536ba1a03709ba7deaea5eec134de,semantic,rank1,,,,,q_1d2b37f17cdfc7a902520ef9,,,3,0,0
b_instructions_c_criteria,B,B,C,da0f9cd99979052782aec1b4b72d7006a773150a15f721a899847e1294df8de5,debiased,B,un,typesafe/jev-1.13-20260917,2012/s/2012/718#7,S/2012/718,48e89b194844b33d11bf60085b6e32d956eb84da12ace06f14dfa129a89b220a,practitioner,rank1,,,,,q_631509afc7e771294e3ab73b,,,3,0,0
b_instructions_c_criteria,B,B,C,da0f9cd99979052782aec1b4b72d7006a773150a15f721a899847e1294df8de5,debiased,B,un,typesafe/jev-1.13-20260917,1998/s/1998/458#1,S/1998/458,43365dfcbfa025d97a704b902d887dd5d157eef62a29a9eca303e168786a2d0b,practitioner,rank1,,,,,q_694de40b7478bb50658cd191,,,3,0,0
b_instructions_c_criteria,B,B,C,da0f9cd99979052782aec1b4b72d7006a773150a15f721a899847e1294df8de5,debiased,B,un,typesafe/jev-1.13-20260917,2004/s/2004/505#15,S/2004/505,a783b8a0f747a2cdeeae4dda34ba474edc0501ccabfac76a99ee91826f7ff824,practitioner,rank1,,,,,q_bf2e606ff1b64368aa01ab97,,,3,0,0
b_instructions_c_criteria,B,B,C,da0f9cd99979052782aec1b4b72d7006a773150a15f721a899847e1294df8de5,debiased,B,un,typesafe/jev-1.13-20260917,2004/s/2004/674#6,S/2004/674,42b50a3535dd82590ea4a8da31e5e3206770fd998819e6b2a96fa768d1b49d1f,practitioner,rank1,,,,,q_cb1e0d0614fa551d7542e3e1,,,3,0,0
c_instructions_b_criteria,C,C,B,2670f1f6da1a9bd3b737d84045db8d52b04a654289324230d25d872580d02335,debiased,B,un,typesafe/jev-1.13-20260917,2011/a/res/65/212#13,A/RES/65/212,55d014e394a6216caf0fe7ffe96da838b21c13968a962a1ef449aca7bdc9f87b,semantic,rank1,,,,,q_81bed106a52cda34432c2d8e,,,2,0,0
c_instructions_b_criteria,C,C,B,2670f1f6da1a9bd3b737d84045db8d52b04a654289324230d25d872580d02335,debiased,B,un,typesafe/jev-1.13-20260917,2006/a/res/61/183#3,A/RES/61/183,3eec92b7108f459fb4bf3eed77ff26bdb26245d730c1dcaa97a63c74465ad2df,practitioner,rank1,,,,,q_504d79cb28e1dcdd01690b07,,,3,0,0
c_instructions_b_criteria,C,C,B,2670f1f6da1a9bd3b737d84045db8d52b04a654289324230d25d872580d02335,debiased,B,un,typesafe/jev-1.13-20260917,2013/a/res/67/199#12,A/RES/67/199,c4a52105e7bd2b9b8e0121c2fa6f68520bfe6c7fc0144c8f803951618e0ed9b0,semantic,rank1,,,,,q_fa89f15ebd637b6f184d3b29,,,3,0,0
c_instructions_b_criteria,C,C,B,2670f1f6da1a9bd3b737d84045db8d52b04a654289324230d25d872580d02335,debiased,B,un,typesafe/jev-1.13-20260917,2011/a/res/65/263#2,A/RES/65/263,48540c5b2d8a49113c6c78d96b2b4da946a3bd5c5a7e8900044a2153a12736c6,lookup,rank1,,,,,q_36976d633c66e901472626dc,,,3,0,0
c_instructions_b_criteria,C,C,B,2670f1f6da1a9bd3b737d84045db8d52b04a654289324230d25d872580d02335,debiased,B,un,typesafe/jev-1.13-20260917,2013/a/res/68/143#7,A/RES/68/143,e95e51f0ab23ef43dad3c0522dec1656e7a299026ee57307e74f59935e20b01e,semantic,rank1,,,,,q_4b928e31f448ce0a6ed341f0,,,2,0,0
c_instructions_b_criteria,C,C,B,2670f1f6da1a9bd3b737d84045db8d52b04a654289324230d25d872580d02335,debiased,B,un,typesafe/jev-1.13-20260917,2014/a/res/68/254#2,A/RES/68/254,f84654eed8e64ac726761ed19e9e3a34cf8b1d7a5c1288f301f5c6fe4cda65f3,practitioner,rank1,,,,,q_35f6eedb186e20b5e9aa2307,,,3,0,0
c_instructions_b_criteria,C,C,B,2670f1f6da1a9bd3b737d84045db8d52b04a654289324230d25d872580d02335,debiased,B,un,typesafe/jev-1.13-20260917,2001/a/res/55/114#5,A/RES/55/114,f29e3275a3d860c0ce8651bb1380e53ac09f5c961254067315a5b150ca0c8c87,practitioner,rank1,,,,,q_7bbd179d9294803fe5b89657,,,3,0,0
c_instructions_b_criteria,C,C,B,2670f1f6da1a9bd3b737d84045db8d52b04a654289324230d25d872580d02335,debiased,B,un,typesafe/jev-1.13-20260917,2007/a/res/62/137#12,A/RES/62/137,8ce90168fe54792e2e468bc86d9a8d7268870cf742b1e07750ac8719336ab2fd,lookup,rank1,,,,,q_a30af3aaff413326b6908797,,,2,0,0
c_instructions_b_criteria,C,C,B,2670f1f6da1a9bd3b737d84045db8d52b04a654289324230d25d872580d02335,debiased,B,un,typesafe/jev-1.13-20260917,2005/a/res/60/226#3,A/RES/60/226,e91680c46739761b17bb39e561f554d3ab182b327faa2cb08de741b9ed69131b,practitioner,rank1,,,,,q_43b53aa4d27bd71cc4c34568,,,3,0,0
c_instructions_b_criteria,C,C,B,2670f1f6da1a9bd3b737d84045db8d52b04a654289324230d25d872580d02335,debiased,B,un,typesafe/jev-1.13-20260917,2013/a/res/68/18#1,A/RES/68/18,94ba73211a06d8db83be6688375d2be2270bc22262faa50a126629e1fe2b0115,lookup,rank1,,,,,q_53fce1c254f1e6be1f3f5809,,,3,0,0
c_instructions_b_criteria,C,C,B,2670f1f6da1a9bd3b737d84045db8d52b04a654289324230d25d872580d02335,debiased,B,un,typesafe/jev-1.13-20260917,2001/s/res/1376_2001_#2,S/RES/1376(2001),8b7b118cedf3d6896d89ebcf75a3d7acd85db08583f210ccfe5a9bd4d0cba8d2,semantic,rank1,,,,,q_15bcc00aa1a3b6b72c7468ad,,,3,0,0
c_instructions_b_criteria,C,C,B,2670f1f6da1a9bd3b737d84045db8d52b04a654289324230d25d872580d02335,debiased,B,un,typesafe/jev-1.13-20260917,2008/s/res/1806_2008_#8,S/RES/1806(2008),cb61ad03e5e2833e914d2d1d657053c1c69f9248931f3f0304216d5217be40ee,practitioner,rank1,,,,,q_308b06dbb7eee142247cf239,,,3,0,0
c_instructions_b_criteria,C,C,B,2670f1f6da1a9bd3b737d84045db8d52b04a654289324230d25d872580d02335,debiased,B,un,typesafe/jev-1.13-20260917,2003/s/res/1466_2003_#3,S/RES/1466(2003),e215c0e1173d72ef1a3bd2a6d375310cd5a5016727123d27d9e37444125e1f86,practitioner,rank1,,,,,q_3cdb3e9dc95e79381408a7dc,,,3,0,0
c_instructions_b_criteria,C,C,B,2670f1f6da1a9bd3b737d84045db8d52b04a654289324230d25d872580d02335,debiased,B,un,typesafe/jev-1.13-20260917,2008/s/res/1845_2008_#3,S/RES/1845(2008),6183ad789f8cdb14c5cc5443c7d2a3283f65e12480b319fe819fbbeda7cf2bd2,lookup,rank1,,,,,q_ed526d604dd2e70359815fe2,,,3,0,0
c_instructions_b_criteria,C,C,B,2670f1f6da1a9bd3b737d84045db8d52b04a654289324230d25d872580d02335,debiased,B,un,typesafe/jev-1.13-20260917,2004/s/res/1565_2004_#11,S/RES/1565(2004),0895d91f8ccd0398edc3e91bccb2553a00033aea16c1ccdf165f7900099f7a72,practitioner,rank1,,,,,q_62f6c0aae080fea2dad95b4f,,,2,0,0
c_instructions_b_criteria,C,C,B,2670f1f6da1a9bd3b737d84045db8d52b04a654289324230d25d872580d02335,debiased,B,un,typesafe/jev-1.13-20260917,2002/a/res/56/188#8,A/RES/56/188,3ccb208eb0c57fdc6ea2cb46e10a498f23c92e435268bdefea85ee0ddc390175,practitioner,rank1,,,,,q_a03d5b6388fd217ddeb7012c,,,2,0,0
c_instructions_b_criteria,C,C,B,2670f1f6da1a9bd3b737d84045db8d52b04a654289324230d25d872580d02335,debiased,B,un,typesafe/jev-1.13-20260917,2005/a/res/60/47#0,A/RES/60/47,d3d676e9daa5131639fa0da09aa43ae7244af073c4c32634c8101470813a322e,lookup,rank1,,,,,q_a75625d4ef17211f8948ad9c,,,3,0,0
c_instructions_b_criteria,C,C,B,2670f1f6da1a9bd3b737d84045db8d52b04a654289324230d25d872580d02335,debiased,B,un,typesafe/jev-1.13-20260917,2011/s/res/1988_2011_#19,S/RES/1988(2011),18cc1f25afc7be6f08d77b02a3df98f124e690782c5d25961042a47e31bb2d2d,practitioner,rank1,,,,,q_e9718b01e28ed18a75fcb507,,,3,0,0
c_instructions_b_criteria,C,C,B,2670f1f6da1a9bd3b737d84045db8d52b04a654289324230d25d872580d02335,debiased,B,un,typesafe/jev-1.13-20260917,2004/a/res/59/61#0,A/RES/59/61,6ede3e91686b85a25ed7d1b2b6a288eeac14e3a08a5644ccaeb9378e733e8bee,semantic,rank1,,,,,q_a8cb6118523ea36cf8d2b7bb,,,2,0,0
c_instructions_b_criteria,C,C,B,2670f1f6da1a9bd3b737d84045db8d52b04a654289324230d25d872580d02335,debiased,B,un,typesafe/jev-1.13-20260917,2013/a/res/67/145#7,A/RES/67/145,3f954c9e900a4f0a652567d5cecbd51f3269b92ab60c830c99e01c468ad7d768,semantic,rank1,,,,,q_ac4c4215963944812559c9e1,,,3,0,0
c_instructions_b_criteria,C,C,B,2670f1f6da1a9bd3b737d84045db8d52b04a654289324230d25d872580d02335,debiased,B,un,typesafe/jev-1.13-20260917,2003/a/res/58/298#4,A/RES/58/298,09912ac03ddf6efeb25bae8600ea59e512437dc3093cc23f9a94c49239253aaf,lookup,rank1,,,,,q_925416225dd38f8d2119f481,,,3,0,0
c_instructions_b_criteria,C,C,B,2670f1f6da1a9bd3b737d84045db8d52b04a654289324230d25d872580d02335,debiased,B,un,typesafe/jev-1.13-20260917,2003/a/res/57/300#10,A/RES/57/300,9093550b694913cd695d7cae6dc6fdb04c0011addc0d488be785f6c164927438,lookup,rank1,,,22.0,22.0,q_56aa83fd40663d5b966d70b0,q_b96cc8ddcd04b7139ad77ef5,q_b96cc8ddcd04b7139ad77ef5,3,2,2
c_instructions_b_criteria,C,C,B,2670f1f6da1a9bd3b737d84045db8d52b04a654289324230d25d872580d02335,debiased,B,un,typesafe/jev-1.13-20260917,2013/a/res/67/222#6,A/RES/67/222,5109eb94ffc92aaf885dda2a598e3bc3b92ab2c7863bd002791f93ca9ca2f85c,semantic,rank1,,,,,q_706c4623bbbd703185e1b312,,,2,0,0
c_instructions_b_criteria,C,C,B,2670f1f6da1a9bd3b737d84045db8d52b04a654289324230d25d872580d02335,debiased,B,un,typesafe/jev-1.13-20260917,2003/a/res/57/137#1,A/RES/57/137,d1b1101a37a3da340ce0c8e72724806159997d4f874285789e2b2669ab64071d,semantic,rank1,,,,,q_ddfc879582bea00cda6df4ba,,,3,0,0
c_instructions_b_criteria,C,C,B,2670f1f6da1a9bd3b737d84045db8d52b04a654289324230d25d872580d02335,debiased,B,un,typesafe/jev-1.13-20260917,2014/s/res/2140__2014_#13,S/RES/2140(2014),ed9553c1c522dc7e88b5a1125bc4259d7d6cd653d483694d61856dc3b9cda2a7,practitioner,rank1,,,,,q_b1f0c944dfdff3b9e750d012,,,3,0,0
c_instructions_b_criteria,C,C,B,2670f1f6da1a9bd3b737d84045db8d52b04a654289324230d25d872580d02335,debiased,B,un,typesafe/jev-1.13-20260917,2004/a/c_2/58/sr_24#18,A/C.2/58/SR.24,5142fa1607abb1d0f15595512d438386b89941d974c43a7a1a28f5fd6d9b66e0,semantic,rank1,,,,,q_1f72ceec1973722f144f2203,,,3,0,0
c_instructions_b_criteria,C,C,B,2670f1f6da1a9bd3b737d84045db8d52b04a654289324230d25d872580d02335,debiased,B,un,typesafe/jev-1.13-20260917,2008/cd/pv_1097#14,CD/PV.1097,b76bcf9ba5692263a2eb3561d45bd2e377dcde7a278f1935a2406d89f36dd7f9,semantic,rank1,,,,,q_ae19c38a8e9538d3450fe0cc,,,3,0,0
c_instructions_b_criteria,C,C,B,2670f1f6da1a9bd3b737d84045db8d52b04a654289324230d25d872580d02335,debiased,B,un,typesafe/jev-1.13-20260917,2006/a/c_5/60/sr_64#14,A/C.5/60/SR.64,69a7f38e9bb9c1452c9deae93e75585f0fdd88771c9914230e32294984917caa,semantic,rank1,,,,,q_44dee6b52144b963f514672f,,,3,0,0
c_instructions_b_criteria,C,C,B,2670f1f6da1a9bd3b737d84045db8d52b04a654289324230d25d872580d02335,debiased,B,un,typesafe/jev-1.13-20260917,2001/cedaw/c/sr_451#4,CEDAW/C/SR.451,33bba429870c569e226251c2388144b266680aded505985721de929bb58ad8fb,practitioner,rank1,,,,,q_f1e71ed4ec080ef4fb299357,,,3,0,0
c_instructions_b_criteria,C,C,B,2670f1f6da1a9bd3b737d84045db8d52b04a654289324230d25d872580d02335,debiased,B,un,typesafe/jev-1.13-20260917,2008/a/ac_109/2008/sr_2#1,A/AC.109/2008/SR.2,ab5728540b5a7ec5a02bbcfa94eb0ee60fb775148c803d1d49135729b9562b83,lookup,rank1,,,,,q_c9e364aa1a4aef40376db9a8,,,3,0,0
c_instructions_b_criteria,C,C,B,2670f1f6da1a9bd3b737d84045db8d52b04a654289324230d25d872580d02335,debiased,B,un,typesafe/jev-1.13-20260917,2010/ccpr/c/sr_2695#25,CCPR/C/SR.2695,73abd0def08bb5a62a30413187526cef791b4446e75c68a55a026eca7239e1dc,semantic,rank1,,,,,q_0d94a68f4a13f93a7fe4f9bf,,,3,0,0
c_instructions_b_criteria,C,C,B,2670f1f6da1a9bd3b737d84045db8d52b04a654289324230d25d872580d02335,debiased,B,un,typesafe/jev-1.13-20260917,2007/gc_12/c_1/sr_1#10,GC.12/C.1/SR.1,255d7d67e96370d7d7c2a9ed9aa55f17c6556a3b9524203ac6eb4ab2cf5aaee6,practitioner,rank1,,,,,q_19f6ec6c722f12f861da8c5c,,,3,0,0
c_instructions_b_criteria,C,C,B,2670f1f6da1a9bd3b737d84045db8d52b04a654289324230d25d872580d02335,debiased,B,un,typesafe/jev-1.13-20260917,2006/cedaw/c/sr_724#18,CEDAW/C/SR.724,5452b755ea946a9b51f7e2f14a1dffbcba8c57971cb734ef4059531f9719aa1c,semantic,rank1,,,,,q_2ffeffa1388021c9d7798473,,,3,0,0
c_instructions_b_criteria,C,C,B,2670f1f6da1a9bd3b737d84045db8d52b04a654289324230d25d872580d02335,debiased,B,un,typesafe/jev-1.13-20260917,2005/cd/pv_983#13,CD/PV.983,ac466c6dfcf6436c84657250ddcb057f36f5e253bd1155f5fe68a3710ede6440,semantic,rank1,,,,,q_45d9106b23fbb7b851482b52,,,3,0,0
c_instructions_b_criteria,C,C,B,2670f1f6da1a9bd3b737d84045db8d52b04a654289324230d25d872580d02335,debiased,B,un,typesafe/jev-1.13-20260917,1998/gc_7/c_1/sr_5#16,GC.7/C.1/SR.5,b8cd40f9e87a4945d10038524a382023fcd6c42216c58c5e9626edd0bdccee68,semantic,rank1,,,,,q_c651f126c1810ee3f5048268,,,3,0,0
c_instructions_b_criteria,C,C,B,2670f1f6da1a9bd3b737d84045db8d52b04a654289324230d25d872580d02335,debiased,B,un,typesafe/jev-1.13-20260917,2006/ccw/conf_iii/sr_2#8,CCW/CONF.III/SR.2,235d92a6fdd3bb9caf7ac8efb09e72f0bda82052260cc58ea88d02d8b55ea8dc,practitioner,rank1,,,,,q_fba72c0b50ca3933bb48d339,,,3,0,0
c_instructions_b_criteria,C,C,B,2670f1f6da1a9bd3b737d84045db8d52b04a654289324230d25d872580d02335,debiased,B,un,typesafe/jev-1.13-20260917,2001/cd/pv_880#1,CD/PV.880,f56ee04337e591adb2787424197886ffcd2215efde016afb0107f5d584bb1474,semantic,rank1,,,,,q_476332cd554c04586f7c9e5b,,,3,0,0
c_instructions_b_criteria,C,C,B,2670f1f6da1a9bd3b737d84045db8d52b04a654289324230d25d872580d02335,debiased,B,un,typesafe/jev-1.13-20260917,2010/a/cn_9/sr_917#10,A/CN.9/SR.917,e03ba968fccb5a4994453e701f213f70737eb684fbddb2406d9871a92e9979ce,semantic,rank1,,,,,q_61835a137099da2e2a8b6e7a,,,2,0,0
c_instructions_b_criteria,C,C,B,2670f1f6da1a9bd3b737d84045db8d52b04a654289324230d25d872580d02335,debiased,B,un,typesafe/jev-1.13-20260917,2003/a/58/pv_1#15,A/58/PV.1,c6c86ad26e178923ab0ffb131735b49780887d57d5ad34ed0e4519721c8bcbc8,semantic,rank1,,,,,q_212715fc9c2a754e601ae1df,,,3,0,0
c_instructions_b_criteria,C,C,B,2670f1f6da1a9bd3b737d84045db8d52b04a654289324230d25d872580d02335,debiased,B,un,typesafe/jev-1.13-20260917,2007/cedaw/c/sr_770_b_#18,CEDAW/C/SR(770.B),0594c6ad9bb710bc2f07ddbcb8311219bb919ea31a02e2d2dc8b6ac0c97f1727,semantic,rank1,,,,,q_8f0dc54d15e54582b06421d3,,,3,0,0
c_instructions_b_criteria,C,C,B,2670f1f6da1a9bd3b737d84045db8d52b04a654289324230d25d872580d02335,debiased,B,un,typesafe/jev-1.13-20260917,2002/a/c_4/57/sr_18#15,A/C.4/57/SR.18,2327166b13e0b7c5333fd51cdcefc8b3420345e4702079d0de92380dd96defff,semantic,rank1,,,,,q_9090cd924f5962d40e29217b,,,3,0,0
c_instructions_b_criteria,C,C,B,2670f1f6da1a9bd3b737d84045db8d52b04a654289324230d25d872580d02335,debiased,B,un,typesafe/jev-1.13-20260917,2007/cedaw/c/sr_778#5,CEDAW/C/SR.778,32ae72b2039daecf37fffa40736579bf742db7cbb7a9ae62d9016f96334c210a,semantic,rank1,,,,,q_f3ba1c5dca5877abc55df630,,,3,0,0
c_instructions_b_criteria,C,C,B,2670f1f6da1a9bd3b737d84045db8d52b04a654289324230d25d872580d02335,debiased,B,un,typesafe/jev-1.13-20260917,2000/cd/pv_841#11,CD/PV.841,422435bb86510249107b343c7475c53003f897022f9d84c2d633139fe4672a5f,semantic,rank1,23.0,23.0,23.0,23.0,q_4ee83b46623b37d25a8aa8ab,q_4ee83b46623b37d25a8aa8ab,q_4ee83b46623b37d25a8aa8ab,3,3,3
c_instructions_b_criteria,C,C,B,2670f1f6da1a9bd3b737d84045db8d52b04a654289324230d25d872580d02335,debiased,B,un,typesafe/jev-1.13-20260917,1999/cedaw/c/sr_434#16,CEDAW/C/SR.434,785e41a3cc50a84ecf6589dbaf190cea61cbbf5237effd421a191c483a7180a1,semantic,rank1,,,,,q_7c013132fc7609360ef2891a,,,3,0,0
c_instructions_b_criteria,C,C,B,2670f1f6da1a9bd3b737d84045db8d52b04a654289324230d25d872580d02335,debiased,B,un,typesafe/jev-1.13-20260917,2009/a/ac_109/2009/sr_7#4,A/AC.109/2009/SR.7,b5b88d06464cea1dd4f7239aadb46cec2a1a0ffb1231b0a5cb0bf346e4c4d13b,semantic,rank1,,,,,q_5c07675be184137de169b6c0,,,3,0,0
c_instructions_b_criteria,C,C,B,2670f1f6da1a9bd3b737d84045db8d52b04a654289324230d25d872580d02335,debiased,B,un,typesafe/jev-1.13-20260917,2008/s/2008/774#11,S/2008/774,f9f99a0f9a013f1cf41edbc6d1112f60bd2536ba1a03709ba7deaea5eec134de,semantic,rank1,,,,,q_1d2b37f17cdfc7a902520ef9,,,3,0,0
c_instructions_b_criteria,C,C,B,2670f1f6da1a9bd3b737d84045db8d52b04a654289324230d25d872580d02335,debiased,B,un,typesafe/jev-1.13-20260917,2012/s/2012/718#7,S/2012/718,48e89b194844b33d11bf60085b6e32d956eb84da12ace06f14dfa129a89b220a,practitioner,rank1,,,,,q_631509afc7e771294e3ab73b,,,3,0,0
c_instructions_b_criteria,C,C,B,2670f1f6da1a9bd3b737d84045db8d52b04a654289324230d25d872580d02335,debiased,B,un,typesafe/jev-1.13-20260917,1998/s/1998/458#1,S/1998/458,43365dfcbfa025d97a704b902d887dd5d157eef62a29a9eca303e168786a2d0b,semantic,rank1,,,,,q_f613ab8fa153f9d3fc8e86a5,,,3,0,0
c_instructions_b_criteria,C,C,B,2670f1f6da1a9bd3b737d84045db8d52b04a654289324230d25d872580d02335,debiased,B,un,typesafe/jev-1.13-20260917,2004/s/2004/505#15,S/2004/505,a783b8a0f747a2cdeeae4dda34ba474edc0501ccabfac76a99ee91826f7ff824,lookup,rank1,,,,,q_da715a659bfce73c437d2737,,,3,0,0
c_instructions_b_criteria,C,C,B,2670f1f6da1a9bd3b737d84045db8d52b04a654289324230d25d872580d02335,debiased,B,un,typesafe/jev-1.13-20260917,2004/s/2004/674#6,S/2004/674,42b50a3535dd82590ea4a8da31e5e3206770fd998819e6b2a96fa768d1b49d1f,semantic,rank1,,,,,q_7ec90dc2518fffe37056b4f0,,,3,0,0
B,B,B,B,afb32a59f0aad7606d2742b0aa51b01f29d3316652c72b2fcffdd655e14c82d5,simple,C,un,typesafe/jev-1.13-20260917,2011/a/res/65/212#13,A/RES/65/212,55d014e394a6216caf0fe7ffe96da838b21c13968a962a1ef449aca7bdc9f87b,practitioner,rank1,,,,,q_7ea73e9ed06b85106270a264,,,3,0,0
B,B,B,B,afb32a59f0aad7606d2742b0aa51b01f29d3316652c72b2fcffdd655e14c82d5,simple,C,un,typesafe/jev-1.13-20260917,2006/a/res/61/183#3,A/RES/61/183,3eec92b7108f459fb4bf3eed77ff26bdb26245d730c1dcaa97a63c74465ad2df,practitioner,rank1,,,,,q_db2c44e4ad2fdb6575136600,,,3,0,0
B,B,B,B,afb32a59f0aad7606d2742b0aa51b01f29d3316652c72b2fcffdd655e14c82d5,simple,C,un,typesafe/jev-1.13-20260917,2013/a/res/67/199#12,A/RES/67/199,c4a52105e7bd2b9b8e0121c2fa6f68520bfe6c7fc0144c8f803951618e0ed9b0,semantic,rank1,,,,,q_d754958d7b119c6cdeb26b2a,,,3,0,0
B,B,B,B,afb32a59f0aad7606d2742b0aa51b01f29d3316652c72b2fcffdd655e14c82d5,simple,C,un,typesafe/jev-1.13-20260917,2011/a/res/65/263#2,A/RES/65/263,48540c5b2d8a49113c6c78d96b2b4da946a3bd5c5a7e8900044a2153a12736c6,practitioner,rank1,,,,,q_8d08e42024612384482a0622,,,3,0,0
B,B,B,B,afb32a59f0aad7606d2742b0aa51b01f29d3316652c72b2fcffdd655e14c82d5,simple,C,un,typesafe/jev-1.13-20260917,2013/a/res/68/143#7,A/RES/68/143,e95e51f0ab23ef43dad3c0522dec1656e7a299026ee57307e74f59935e20b01e,practitioner,rank1,,,,,q_b3ea5267ea1c7e9940af65d0,,,3,0,0
B,B,B,B,afb32a59f0aad7606d2742b0aa51b01f29d3316652c72b2fcffdd655e14c82d5,simple,C,un,typesafe/jev-1.13-20260917,2014/a/res/68/254#2,A/RES/68/254,f84654eed8e64ac726761ed19e9e3a34cf8b1d7a5c1288f301f5c6fe4cda65f3,practitioner,rank1,,,,,q_157eaa77d8078b0de2fbe2a4,,,3,0,0
B,B,B,B,afb32a59f0aad7606d2742b0aa51b01f29d3316652c72b2fcffdd655e14c82d5,simple,C,un,typesafe/jev-1.13-20260917,2001/a/res/55/114#5,A/RES/55/114,f29e3275a3d860c0ce8651bb1380e53ac09f5c961254067315a5b150ca0c8c87,practitioner,rank1,,,,,q_6f1315802d88049a1a9c6e77,,,3,0,0
B,B,B,B,afb32a59f0aad7606d2742b0aa51b01f29d3316652c72b2fcffdd655e14c82d5,simple,C,un,typesafe/jev-1.13-20260917,2007/a/res/62/137#12,A/RES/62/137,8ce90168fe54792e2e468bc86d9a8d7268870cf742b1e07750ac8719336ab2fd,practitioner,rank1,,,,,q_776b4df8a7ef36b590dd377b,,,2,0,0
B,B,B,B,afb32a59f0aad7606d2742b0aa51b01f29d3316652c72b2fcffdd655e14c82d5,simple,C,un,typesafe/jev-1.13-20260917,2005/a/res/60/226#3,A/RES/60/226,e91680c46739761b17bb39e561f554d3ab182b327faa2cb08de741b9ed69131b,practitioner,rank1,,,,,q_8873839e9a9c93a7dcf3c3cc,,,2,0,0
B,B,B,B,afb32a59f0aad7606d2742b0aa51b01f29d3316652c72b2fcffdd655e14c82d5,simple,C,un,typesafe/jev-1.13-20260917,2013/a/res/68/18#1,A/RES/68/18,94ba73211a06d8db83be6688375d2be2270bc22262faa50a126629e1fe2b0115,practitioner,rank1,,,,,q_9891faf8bd7ac9bff4be206c,,,3,0,0
B,B,B,B,afb32a59f0aad7606d2742b0aa51b01f29d3316652c72b2fcffdd655e14c82d5,simple,C,un,typesafe/jev-1.13-20260917,2001/s/res/1376_2001_#2,S/RES/1376(2001),8b7b118cedf3d6896d89ebcf75a3d7acd85db08583f210ccfe5a9bd4d0cba8d2,practitioner,rank1,,,,,q_cf21b05218e56b31e2511fbe,,,3,0,0
B,B,B,B,afb32a59f0aad7606d2742b0aa51b01f29d3316652c72b2fcffdd655e14c82d5,simple,C,un,typesafe/jev-1.13-20260917,2008/s/res/1806_2008_#8,S/RES/1806(2008),cb61ad03e5e2833e914d2d1d657053c1c69f9248931f3f0304216d5217be40ee,practitioner,rank1,,,,,q_d21843fe0b2124533e0a4397,,,3,0,0
B,B,B,B,afb32a59f0aad7606d2742b0aa51b01f29d3316652c72b2fcffdd655e14c82d5,simple,C,un,typesafe/jev-1.13-20260917,2003/s/res/1466_2003_#3,S/RES/1466(2003),e215c0e1173d72ef1a3bd2a6d375310cd5a5016727123d27d9e37444125e1f86,practitioner,rank1,,,,,q_b4991f7475c031cbb9136977,,,3,0,0
B,B,B,B,afb32a59f0aad7606d2742b0aa51b01f29d3316652c72b2fcffdd655e14c82d5,simple,C,un,typesafe/jev-1.13-20260917,2008/s/res/1845_2008_#3,S/RES/1845(2008),6183ad789f8cdb14c5cc5443c7d2a3283f65e12480b319fe819fbbeda7cf2bd2,practitioner,rank1,,,,,q_03ac44286029619dbf876858,,,3,0,0
B,B,B,B,afb32a59f0aad7606d2742b0aa51b01f29d3316652c72b2fcffdd655e14c82d5,simple,C,un,typesafe/jev-1.13-20260917,2004/s/res/1565_2004_#11,S/RES/1565(2004),0895d91f8ccd0398edc3e91bccb2553a00033aea16c1ccdf165f7900099f7a72,practitioner,rank1,,,,,q_465d597e8fe9d2720448da4d,,,2,0,0
B,B,B,B,afb32a59f0aad7606d2742b0aa51b01f29d3316652c72b2fcffdd655e14c82d5,simple,C,un,typesafe/jev-1.13-20260917,2002/a/res/56/188#8,A/RES/56/188,3ccb208eb0c57fdc6ea2cb46e10a498f23c92e435268bdefea85ee0ddc390175,practitioner,rank1,,,,,q_d3ae6f13b6df81d7734eee31,,,3,0,0
B,B,B,B,afb32a59f0aad7606d2742b0aa51b01f29d3316652c72b2fcffdd655e14c82d5,simple,C,un,typesafe/jev-1.13-20260917,2005/a/res/60/47#0,A/RES/60/47,d3d676e9daa5131639fa0da09aa43ae7244af073c4c32634c8101470813a322e,practitioner,rank1,,,,,q_836adfa3ddb1f56302ab73d7,,,3,0,0
B,B,B,B,afb32a59f0aad7606d2742b0aa51b01f29d3316652c72b2fcffdd655e14c82d5,simple,C,un,typesafe/jev-1.13-20260917,2011/s/res/1988_2011_#19,S/RES/1988(2011),18cc1f25afc7be6f08d77b02a3df98f124e690782c5d25961042a47e31bb2d2d,practitioner,rank1,,,,,q_6f21157d4a392dfe4247ba0d,,,3,0,0
B,B,B,B,afb32a59f0aad7606d2742b0aa51b01f29d3316652c72b2fcffdd655e14c82d5,simple,C,un,typesafe/jev-1.13-20260917,2004/a/res/59/61#0,A/RES/59/61,6ede3e91686b85a25ed7d1b2b6a288eeac14e3a08a5644ccaeb9378e733e8bee,practitioner,rank1,,,,,q_9376bd76a353ecfba2076b46,,,3,0,0
B,B,B,B,afb32a59f0aad7606d2742b0aa51b01f29d3316652c72b2fcffdd655e14c82d5,simple,C,un,typesafe/jev-1.13-20260917,2013/a/res/67/145#7,A/RES/67/145,3f954c9e900a4f0a652567d5cecbd51f3269b92ab60c830c99e01c468ad7d768,semantic,rank1,,,,,q_8a622d1f90a933f13e41d540,,,3,0,0
B,B,B,B,afb32a59f0aad7606d2742b0aa51b01f29d3316652c72b2fcffdd655e14c82d5,simple,C,un,typesafe/jev-1.13-20260917,2003/a/res/58/298#4,A/RES/58/298,09912ac03ddf6efeb25bae8600ea59e512437dc3093cc23f9a94c49239253aaf,practitioner,rank1,,,,,q_e000b0ac0ee9360558b7c29c,,,3,0,0
B,B,B,B,afb32a59f0aad7606d2742b0aa51b01f29d3316652c72b2fcffdd655e14c82d5,simple,C,un,typesafe/jev-1.13-20260917,2003/a/res/57/300#10,A/RES/57/300,9093550b694913cd695d7cae6dc6fdb04c0011addc0d488be785f6c164927438,practitioner,rank1,,,,,q_5ae4c892b88fe745187458ec,,,3,0,0
B,B,B,B,afb32a59f0aad7606d2742b0aa51b01f29d3316652c72b2fcffdd655e14c82d5,simple,C,un,typesafe/jev-1.13-20260917,2013/a/res/67/222#6,A/RES/67/222,5109eb94ffc92aaf885dda2a598e3bc3b92ab2c7863bd002791f93ca9ca2f85c,practitioner,rank1,,,,,q_88f764c4d8652819fa67dd51,,,2,0,0
B,B,B,B,afb32a59f0aad7606d2742b0aa51b01f29d3316652c72b2fcffdd655e14c82d5,simple,C,un,typesafe/jev-1.13-20260917,2003/a/res/57/137#1,A/RES/57/137,d1b1101a37a3da340ce0c8e72724806159997d4f874285789e2b2669ab64071d,practitioner,rank1,,,,,q_b5c8bd269b7e89b42d9860eb,,,3,0,0
B,B,B,B,afb32a59f0aad7606d2742b0aa51b01f29d3316652c72b2fcffdd655e14c82d5,simple,C,un,typesafe/jev-1.13-20260917,2014/s/res/2140__2014_#13,S/RES/2140(2014),ed9553c1c522dc7e88b5a1125bc4259d7d6cd653d483694d61856dc3b9cda2a7,practitioner,rank1,,,,,q_dda4db6efd022e10ed09390e,,,3,0,0
B,B,B,B,afb32a59f0aad7606d2742b0aa51b01f29d3316652c72b2fcffdd655e14c82d5,simple,C,un,typesafe/jev-1.13-20260917,2004/a/c_2/58/sr_24#18,A/C.2/58/SR.24,5142fa1607abb1d0f15595512d438386b89941d974c43a7a1a28f5fd6d9b66e0,practitioner,rank1,,,,,q_bc9f2bdaf3e6ace10e81be83,,,3,0,0
B,B,B,B,afb32a59f0aad7606d2742b0aa51b01f29d3316652c72b2fcffdd655e14c82d5,simple,C,un,typesafe/jev-1.13-20260917,2008/cd/pv_1097#14,CD/PV.1097,b76bcf9ba5692263a2eb3561d45bd2e377dcde7a278f1935a2406d89f36dd7f9,practitioner,rank1,,,,,q_46ec9295d345eef7455d2c41,,,3,0,0
B,B,B,B,afb32a59f0aad7606d2742b0aa51b01f29d3316652c72b2fcffdd655e14c82d5,simple,C,un,typesafe/jev-1.13-20260917,2006/a/c_5/60/sr_64#14,A/C.5/60/SR.64,69a7f38e9bb9c1452c9deae93e75585f0fdd88771c9914230e32294984917caa,practitioner,rank1,,,,,q_32472690f5375a40bc7f3e98,,,3,0,0
B,B,B,B,afb32a59f0aad7606d2742b0aa51b01f29d3316652c72b2fcffdd655e14c82d5,simple,C,un,typesafe/jev-1.13-20260917,2001/cedaw/c/sr_451#4,CEDAW/C/SR.451,33bba429870c569e226251c2388144b266680aded505985721de929bb58ad8fb,practitioner,rank1,,,,,q_dfefb1c8dd24c4f5ca3e723e,,,3,0,0
B,B,B,B,afb32a59f0aad7606d2742b0aa51b01f29d3316652c72b2fcffdd655e14c82d5,simple,C,un,typesafe/jev-1.13-20260917,2008/a/ac_109/2008/sr_2#1,A/AC.109/2008/SR.2,ab5728540b5a7ec5a02bbcfa94eb0ee60fb775148c803d1d49135729b9562b83,practitioner,rank1,,,,,q_90e15c88c0a434f4697d272c,,,2,0,0
B,B,B,B,afb32a59f0aad7606d2742b0aa51b01f29d3316652c72b2fcffdd655e14c82d5,simple,C,un,typesafe/jev-1.13-20260917,2010/ccpr/c/sr_2695#25,CCPR/C/SR.2695,73abd0def08bb5a62a30413187526cef791b4446e75c68a55a026eca7239e1dc,practitioner,rank1,,,,,q_8f239ae1e75ee37c22d23ac5,,,2,0,0
B,B,B,B,afb32a59f0aad7606d2742b0aa51b01f29d3316652c72b2fcffdd655e14c82d5,simple,C,un,typesafe/jev-1.13-20260917,2007/gc_12/c_1/sr_1#10,GC.12/C.1/SR.1,255d7d67e96370d7d7c2a9ed9aa55f17c6556a3b9524203ac6eb4ab2cf5aaee6,practitioner,rank1,,,,,q_b93090a67f278d3f5550360b,,,3,0,0
B,B,B,B,afb32a59f0aad7606d2742b0aa51b01f29d3316652c72b2fcffdd655e14c82d5,simple,C,un,typesafe/jev-1.13-20260917,2006/cedaw/c/sr_724#18,CEDAW/C/SR.724,5452b755ea946a9b51f7e2f14a1dffbcba8c57971cb734ef4059531f9719aa1c,practitioner,rank1,,,,,q_66d4d4dd48adde10ddd265c2,,,3,0,0
B,B,B,B,afb32a59f0aad7606d2742b0aa51b01f29d3316652c72b2fcffdd655e14c82d5,simple,C,un,typesafe/jev-1.13-20260917,2005/cd/pv_983#13,CD/PV.983,ac466c6dfcf6436c84657250ddcb057f36f5e253bd1155f5fe68a3710ede6440,practitioner,rank1,,,,,q_29994125815c40ec26d5b36c,,,1,0,0
B,B,B,B,afb32a59f0aad7606d2742b0aa51b01f29d3316652c72b2fcffdd655e14c82d5,simple,C,un,typesafe/jev-1.13-20260917,1998/gc_7/c_1/sr_5#16,GC.7/C.1/SR.5,b8cd40f9e87a4945d10038524a382023fcd6c42216c58c5e9626edd0bdccee68,practitioner,rank1,,,,,q_76049019c4840944d782ad0f,,,3,0,0
B,B,B,B,afb32a59f0aad7606d2742b0aa51b01f29d3316652c72b2fcffdd655e14c82d5,simple,C,un,typesafe/jev-1.13-20260917,2006/ccw/conf_iii/sr_2#8,CCW/CONF.III/SR.2,235d92a6fdd3bb9caf7ac8efb09e72f0bda82052260cc58ea88d02d8b55ea8dc,practitioner,rank1,,,,,q_3d6ad41b7ee9ac40b4fef6e6,,,3,0,0
B,B,B,B,afb32a59f0aad7606d2742b0aa51b01f29d3316652c72b2fcffdd655e14c82d5,simple,C,un,typesafe/jev-1.13-20260917,2001/cd/pv_880#1,CD/PV.880,f56ee04337e591adb2787424197886ffcd2215efde016afb0107f5d584bb1474,practitioner,rank1,,,,,q_ae846030e2f2b93f6b1e2930,,,3,0,0
B,B,B,B,afb32a59f0aad7606d2742b0aa51b01f29d3316652c72b2fcffdd655e14c82d5,simple,C,un,typesafe/jev-1.13-20260917,2010/a/cn_9/sr_917#10,A/CN.9/SR.917,e03ba968fccb5a4994453e701f213f70737eb684fbddb2406d9871a92e9979ce,semantic,rank1,,,,,q_b763f488a71a70aead7f0de2,,,2,0,0
B,B,B,B,afb32a59f0aad7606d2742b0aa51b01f29d3316652c72b2fcffdd655e14c82d5,simple,C,un,typesafe/jev-1.13-20260917,2003/a/58/pv_1#15,A/58/PV.1,c6c86ad26e178923ab0ffb131735b49780887d57d5ad34ed0e4519721c8bcbc8,semantic,rank1,,,,,q_52fa3e20c3a4feebec9f72ae,,,3,0,0
B,B,B,B,afb32a59f0aad7606d2742b0aa51b01f29d3316652c72b2fcffdd655e14c82d5,simple,C,un,typesafe/jev-1.13-20260917,2007/cedaw/c/sr_770_b_#18,CEDAW/C/SR(770.B),0594c6ad9bb710bc2f07ddbcb8311219bb919ea31a02e2d2dc8b6ac0c97f1727,practitioner,rank1,,,,,q_55e358d8248e45e6457a7374,,,3,0,0
B,B,B,B,afb32a59f0aad7606d2742b0aa51b01f29d3316652c72b2fcffdd655e14c82d5,simple,C,un,typesafe/jev-1.13-20260917,2002/a/c_4/57/sr_18#15,A/C.4/57/SR.18,2327166b13e0b7c5333fd51cdcefc8b3420345e4702079d0de92380dd96defff,semantic,rank1,,,,,q_0d733bba3398f68b2353bf48,,,3,0,0
B,B,B,B,afb32a59f0aad7606d2742b0aa51b01f29d3316652c72b2fcffdd655e14c82d5,simple,C,un,typesafe/jev-1.13-20260917,2007/cedaw/c/sr_778#5,CEDAW/C/SR.778,32ae72b2039daecf37fffa40736579bf742db7cbb7a9ae62d9016f96334c210a,semantic,rank1,,,,,q_158ef89e85a3a5964c941a08,,,2,0,0
B,B,B,B,afb32a59f0aad7606d2742b0aa51b01f29d3316652c72b2fcffdd655e14c82d5,simple,C,un,typesafe/jev-1.13-20260917,2000/cd/pv_841#11,CD/PV.841,422435bb86510249107b343c7475c53003f897022f9d84c2d633139fe4672a5f,practitioner,rank1,,,,,q_23d7c724458294a138200919,,,2,0,0
B,B,B,B,afb32a59f0aad7606d2742b0aa51b01f29d3316652c72b2fcffdd655e14c82d5,simple,C,un,typesafe/jev-1.13-20260917,1999/cedaw/c/sr_434#16,CEDAW/C/SR.434,785e41a3cc50a84ecf6589dbaf190cea61cbbf5237effd421a191c483a7180a1,practitioner,rank1,,,,,q_41e143e2041fbbae687bcae7,,,3,0,0
B,B,B,B,afb32a59f0aad7606d2742b0aa51b01f29d3316652c72b2fcffdd655e14c82d5,simple,C,un,typesafe/jev-1.13-20260917,2009/a/ac_109/2009/sr_7#4,A/AC.109/2009/SR.7,b5b88d06464cea1dd4f7239aadb46cec2a1a0ffb1231b0a5cb0bf346e4c4d13b,practitioner,rank1,,,,,q_a3df809309d657abcd83ab5f,,,3,0,0
B,B,B,B,afb32a59f0aad7606d2742b0aa51b01f29d3316652c72b2fcffdd655e14c82d5,simple,C,un,typesafe/jev-1.13-20260917,2008/s/2008/774#11,S/2008/774,f9f99a0f9a013f1cf41edbc6d1112f60bd2536ba1a03709ba7deaea5eec134de,practitioner,rank1,,,,,q_c8854fde9220327ad6d5722a,,,3,0,0
B,B,B,B,afb32a59f0aad7606d2742b0aa51b01f29d3316652c72b2fcffdd655e14c82d5,simple,C,un,typesafe/jev-1.13-20260917,2012/s/2012/718#7,S/2012/718,48e89b194844b33d11bf60085b6e32d956eb84da12ace06f14dfa129a89b220a,practitioner,rank1,,,,,q_002f5dc37c2a4b084e8a6bf8,,,3,0,0
B,B,B,B,afb32a59f0aad7606d2742b0aa51b01f29d3316652c72b2fcffdd655e14c82d5,simple,C,un,typesafe/jev-1.13-20260917,1998/s/1998/458#1,S/1998/458,43365dfcbfa025d97a704b902d887dd5d157eef62a29a9eca303e168786a2d0b,practitioner,rank1,,,,,q_8c2cb74709f4af1bec59332e,,,3,0,0
B,B,B,B,afb32a59f0aad7606d2742b0aa51b01f29d3316652c72b2fcffdd655e14c82d5,simple,C,un,typesafe/jev-1.13-20260917,2004/s/2004/505#15,S/2004/505,a783b8a0f747a2cdeeae4dda34ba474edc0501ccabfac76a99ee91826f7ff824,practitioner,rank1,,,,,q_0ae236ba3864df4869d17c1d,,,3,0,0
B,B,B,B,afb32a59f0aad7606d2742b0aa51b01f29d3316652c72b2fcffdd655e14c82d5,simple,C,un,typesafe/jev-1.13-20260917,2004/s/2004/674#6,S/2004/674,42b50a3535dd82590ea4a8da31e5e3206770fd998819e6b2a96fa768d1b49d1f,practitioner,rank1,,,,,q_111a6f569c230b785cfe53cb,,,3,0,0
C,C,C,C,dbd7eebf35da7ec529e86c57eaedaad4804862bc23fbd7118f350fe934a3093a,simple,C,un,typesafe/jev-1.13-20260917,2011/a/res/65/212#13,A/RES/65/212,55d014e394a6216caf0fe7ffe96da838b21c13968a962a1ef449aca7bdc9f87b,semantic,rank1,,,,,q_e828d3aea277373c0708672f,,,2,0,0
C,C,C,C,dbd7eebf35da7ec529e86c57eaedaad4804862bc23fbd7118f350fe934a3093a,simple,C,un,typesafe/jev-1.13-20260917,2006/a/res/61/183#3,A/RES/61/183,3eec92b7108f459fb4bf3eed77ff26bdb26245d730c1dcaa97a63c74465ad2df,semantic,rank1,,,,,q_f8438bce5815b12f54af65f1,,,3,0,0
C,C,C,C,dbd7eebf35da7ec529e86c57eaedaad4804862bc23fbd7118f350fe934a3093a,simple,C,un,typesafe/jev-1.13-20260917,2013/a/res/67/199#12,A/RES/67/199,c4a52105e7bd2b9b8e0121c2fa6f68520bfe6c7fc0144c8f803951618e0ed9b0,semantic,rank1,,,,,q_d754958d7b119c6cdeb26b2a,,,3,0,0
C,C,C,C,dbd7eebf35da7ec529e86c57eaedaad4804862bc23fbd7118f350fe934a3093a,simple,C,un,typesafe/jev-1.13-20260917,2011/a/res/65/263#2,A/RES/65/263,48540c5b2d8a49113c6c78d96b2b4da946a3bd5c5a7e8900044a2153a12736c6,lookup,rank1,,,,,q_70426313c1f0213a1683f215,,,3,0,0
C,C,C,C,dbd7eebf35da7ec529e86c57eaedaad4804862bc23fbd7118f350fe934a3093a,simple,C,un,typesafe/jev-1.13-20260917,2013/a/res/68/143#7,A/RES/68/143,e95e51f0ab23ef43dad3c0522dec1656e7a299026ee57307e74f59935e20b01e,semantic,rank1,,,,,q_2133a620386d00df544987ec,,,2,0,0
C,C,C,C,dbd7eebf35da7ec529e86c57eaedaad4804862bc23fbd7118f350fe934a3093a,simple,C,un,typesafe/jev-1.13-20260917,2014/a/res/68/254#2,A/RES/68/254,f84654eed8e64ac726761ed19e9e3a34cf8b1d7a5c1288f301f5c6fe4cda65f3,lookup,rank1,,,,,q_42f60a9ac778fcf092bb5f54,,,3,0,0
C,C,C,C,dbd7eebf35da7ec529e86c57eaedaad4804862bc23fbd7118f350fe934a3093a,simple,C,un,typesafe/jev-1.13-20260917,2001/a/res/55/114#5,A/RES/55/114,f29e3275a3d860c0ce8651bb1380e53ac09f5c961254067315a5b150ca0c8c87,semantic,rank1,,,,,q_0ece1de3e850917094811e58,,,3,0,0
C,C,C,C,dbd7eebf35da7ec529e86c57eaedaad4804862bc23fbd7118f350fe934a3093a,simple,C,un,typesafe/jev-1.13-20260917,2007/a/res/62/137#12,A/RES/62/137,8ce90168fe54792e2e468bc86d9a8d7268870cf742b1e07750ac8719336ab2fd,lookup,rank1,,,,,q_4b5444ff080e334d109e8544,,,2,0,0
C,C,C,C,dbd7eebf35da7ec529e86c57eaedaad4804862bc23fbd7118f350fe934a3093a,simple,C,un,typesafe/jev-1.13-20260917,2005/a/res/60/226#3,A/RES/60/226,e91680c46739761b17bb39e561f554d3ab182b327faa2cb08de741b9ed69131b,lookup,rank1,,,,,q_fc5fcc95ef68c60c19bf3123,,,2,0,0
C,C,C,C,dbd7eebf35da7ec529e86c57eaedaad4804862bc23fbd7118f350fe934a3093a,simple,C,un,typesafe/jev-1.13-20260917,2013/a/res/68/18#1,A/RES/68/18,94ba73211a06d8db83be6688375d2be2270bc22262faa50a126629e1fe2b0115,lookup,rank1,,,,,q_808d4c05764f87707686060b,,,3,0,0
C,C,C,C,dbd7eebf35da7ec529e86c57eaedaad4804862bc23fbd7118f350fe934a3093a,simple,C,un,typesafe/jev-1.13-20260917,2001/s/res/1376_2001_#2,S/RES/1376(2001),8b7b118cedf3d6896d89ebcf75a3d7acd85db08583f210ccfe5a9bd4d0cba8d2,semantic,rank1,,,,,q_201f0c0d011ab2fd2e890fb5,,,3,0,0
C,C,C,C,dbd7eebf35da7ec529e86c57eaedaad4804862bc23fbd7118f350fe934a3093a,simple,C,un,typesafe/jev-1.13-20260917,2008/s/res/1806_2008_#8,S/RES/1806(2008),cb61ad03e5e2833e914d2d1d657053c1c69f9248931f3f0304216d5217be40ee,semantic,rank1,,,,,q_df9baa8740beb68f9c04f526,,,3,0,0
C,C,C,C,dbd7eebf35da7ec529e86c57eaedaad4804862bc23fbd7118f350fe934a3093a,simple,C,un,typesafe/jev-1.13-20260917,2003/s/res/1466_2003_#3,S/RES/1466(2003),e215c0e1173d72ef1a3bd2a6d375310cd5a5016727123d27d9e37444125e1f86,semantic,rank1,,,,,q_4392dd273c0bb80eeaa8c5c9,,,3,0,0
C,C,C,C,dbd7eebf35da7ec529e86c57eaedaad4804862bc23fbd7118f350fe934a3093a,simple,C,un,typesafe/jev-1.13-20260917,2008/s/res/1845_2008_#3,S/RES/1845(2008),6183ad789f8cdb14c5cc5443c7d2a3283f65e12480b319fe819fbbeda7cf2bd2,lookup,rank1,,,,,q_8868affcb5abdc440149cc4e,,,3,0,0
C,C,C,C,dbd7eebf35da7ec529e86c57eaedaad4804862bc23fbd7118f350fe934a3093a,simple,C,un,typesafe/jev-1.13-20260917,2004/s/res/1565_2004_#11,S/RES/1565(2004),0895d91f8ccd0398edc3e91bccb2553a00033aea16c1ccdf165f7900099f7a72,lookup,rank1,,,,,q_2726a73b9ea8b94a418a70ba,,,2,0,0
C,C,C,C,dbd7eebf35da7ec529e86c57eaedaad4804862bc23fbd7118f350fe934a3093a,simple,C,un,typesafe/jev-1.13-20260917,2002/a/res/56/188#8,A/RES/56/188,3ccb208eb0c57fdc6ea2cb46e10a498f23c92e435268bdefea85ee0ddc390175,semantic,rank1,,,,,q_c2829118b9d5695b606f9af2,,,2,0,0
C,C,C,C,dbd7eebf35da7ec529e86c57eaedaad4804862bc23fbd7118f350fe934a3093a,simple,C,un,typesafe/jev-1.13-20260917,2005/a/res/60/47#0,A/RES/60/47,d3d676e9daa5131639fa0da09aa43ae7244af073c4c32634c8101470813a322e,lookup,rank1,,,,,q_af2ce560e189d19925a4e6fd,,,3,0,0
C,C,C,C,dbd7eebf35da7ec529e86c57eaedaad4804862bc23fbd7118f350fe934a3093a,simple,C,un,typesafe/jev-1.13-20260917,2011/s/res/1988_2011_#19,S/RES/1988(2011),18cc1f25afc7be6f08d77b02a3df98f124e690782c5d25961042a47e31bb2d2d,lookup,rank1,,,,,q_432f431f3c32fc5ce42c9fa0,,,3,0,0
C,C,C,C,dbd7eebf35da7ec529e86c57eaedaad4804862bc23fbd7118f350fe934a3093a,simple,C,un,typesafe/jev-1.13-20260917,2004/a/res/59/61#0,A/RES/59/61,6ede3e91686b85a25ed7d1b2b6a288eeac14e3a08a5644ccaeb9378e733e8bee,lookup,rank1,,,,,q_db1362ed51de282011695a72,,,3,0,0
C,C,C,C,dbd7eebf35da7ec529e86c57eaedaad4804862bc23fbd7118f350fe934a3093a,simple,C,un,typesafe/jev-1.13-20260917,2013/a/res/67/145#7,A/RES/67/145,3f954c9e900a4f0a652567d5cecbd51f3269b92ab60c830c99e01c468ad7d768,semantic,rank1,,,,,q_8a622d1f90a933f13e41d540,,,3,0,0
C,C,C,C,dbd7eebf35da7ec529e86c57eaedaad4804862bc23fbd7118f350fe934a3093a,simple,C,un,typesafe/jev-1.13-20260917,2003/a/res/58/298#4,A/RES/58/298,09912ac03ddf6efeb25bae8600ea59e512437dc3093cc23f9a94c49239253aaf,lookup,rank1,,,,,q_71bbf028644cea06dd60b599,,,3,0,0
C,C,C,C,dbd7eebf35da7ec529e86c57eaedaad4804862bc23fbd7118f350fe934a3093a,simple,C,un,typesafe/jev-1.13-20260917,2003/a/res/57/300#10,A/RES/57/300,9093550b694913cd695d7cae6dc6fdb04c0011addc0d488be785f6c164927438,lookup,rank1,,,,,q_dff70732dd9603f943ded4de,,,3,0,0
C,C,C,C,dbd7eebf35da7ec529e86c57eaedaad4804862bc23fbd7118f350fe934a3093a,simple,C,un,typesafe/jev-1.13-20260917,2013/a/res/67/222#6,A/RES/67/222,5109eb94ffc92aaf885dda2a598e3bc3b92ab2c7863bd002791f93ca9ca2f85c,semantic,rank1,,,,,q_43ea068bbe7a35b7cf3e12f4,,,2,0,0
C,C,C,C,dbd7eebf35da7ec529e86c57eaedaad4804862bc23fbd7118f350fe934a3093a,simple,C,un,typesafe/jev-1.13-20260917,2003/a/res/57/137#1,A/RES/57/137,d1b1101a37a3da340ce0c8e72724806159997d4f874285789e2b2669ab64071d,semantic,rank1,,,,,q_b8f57d5f64cb0f7b4f7ba184,,,3,0,0
C,C,C,C,dbd7eebf35da7ec529e86c57eaedaad4804862bc23fbd7118f350fe934a3093a,simple,C,un,typesafe/jev-1.13-20260917,2014/s/res/2140__2014_#13,S/RES/2140(2014),ed9553c1c522dc7e88b5a1125bc4259d7d6cd653d483694d61856dc3b9cda2a7,lookup,rank1,,,,,q_b95b68d40826813f64c22412,,,3,0,0
C,C,C,C,dbd7eebf35da7ec529e86c57eaedaad4804862bc23fbd7118f350fe934a3093a,simple,C,un,typesafe/jev-1.13-20260917,2004/a/c_2/58/sr_24#18,A/C.2/58/SR.24,5142fa1607abb1d0f15595512d438386b89941d974c43a7a1a28f5fd6d9b66e0,semantic,rank1,,,,,q_1f4f919821e474b1087ee644,,,3,0,0
C,C,C,C,dbd7eebf35da7ec529e86c57eaedaad4804862bc23fbd7118f350fe934a3093a,simple,C,un,typesafe/jev-1.13-20260917,2008/cd/pv_1097#14,CD/PV.1097,b76bcf9ba5692263a2eb3561d45bd2e377dcde7a278f1935a2406d89f36dd7f9,semantic,rank1,,,,,q_934954d26640544a5829f5ba,,,3,0,0
C,C,C,C,dbd7eebf35da7ec529e86c57eaedaad4804862bc23fbd7118f350fe934a3093a,simple,C,un,typesafe/jev-1.13-20260917,2006/a/c_5/60/sr_64#14,A/C.5/60/SR.64,69a7f38e9bb9c1452c9deae93e75585f0fdd88771c9914230e32294984917caa,semantic,rank1,,,,,q_9f9961b21ac54f2ac6d72c51,,,3,0,0
C,C,C,C,dbd7eebf35da7ec529e86c57eaedaad4804862bc23fbd7118f350fe934a3093a,simple,C,un,typesafe/jev-1.13-20260917,2001/cedaw/c/sr_451#4,CEDAW/C/SR.451,33bba429870c569e226251c2388144b266680aded505985721de929bb58ad8fb,semantic,rank1,,,,,q_a15cc73ce443e171fddfe65a,,,3,0,0
C,C,C,C,dbd7eebf35da7ec529e86c57eaedaad4804862bc23fbd7118f350fe934a3093a,simple,C,un,typesafe/jev-1.13-20260917,2008/a/ac_109/2008/sr_2#1,A/AC.109/2008/SR.2,ab5728540b5a7ec5a02bbcfa94eb0ee60fb775148c803d1d49135729b9562b83,lookup,rank1,,,,,q_cbbddfe09ac22cd29eb7e6dc,,,3,0,0
C,C,C,C,dbd7eebf35da7ec529e86c57eaedaad4804862bc23fbd7118f350fe934a3093a,simple,C,un,typesafe/jev-1.13-20260917,2010/ccpr/c/sr_2695#25,CCPR/C/SR.2695,73abd0def08bb5a62a30413187526cef791b4446e75c68a55a026eca7239e1dc,semantic,rank1,,,,,q_3a17cae90c7e119fb168070c,,,3,0,0
C,C,C,C,dbd7eebf35da7ec529e86c57eaedaad4804862bc23fbd7118f350fe934a3093a,simple,C,un,typesafe/jev-1.13-20260917,2007/gc_12/c_1/sr_1#10,GC.12/C.1/SR.1,255d7d67e96370d7d7c2a9ed9aa55f17c6556a3b9524203ac6eb4ab2cf5aaee6,semantic,rank1,,,,,q_afdd3fb8480fa7c977488739,,,3,0,0
C,C,C,C,dbd7eebf35da7ec529e86c57eaedaad4804862bc23fbd7118f350fe934a3093a,simple,C,un,typesafe/jev-1.13-20260917,2006/cedaw/c/sr_724#18,CEDAW/C/SR.724,5452b755ea946a9b51f7e2f14a1dffbcba8c57971cb734ef4059531f9719aa1c,semantic,rank1,,,,,q_3a4b98d96d4a6cd0b6cbbd90,,,3,0,0
C,C,C,C,dbd7eebf35da7ec529e86c57eaedaad4804862bc23fbd7118f350fe934a3093a,simple,C,un,typesafe/jev-1.13-20260917,2005/cd/pv_983#13,CD/PV.983,ac466c6dfcf6436c84657250ddcb057f36f5e253bd1155f5fe68a3710ede6440,semantic,rank1,,,,,q_59e7b7e90c446bd157cf2f0a,,,2,0,0
C,C,C,C,dbd7eebf35da7ec529e86c57eaedaad4804862bc23fbd7118f350fe934a3093a,simple,C,un,typesafe/jev-1.13-20260917,1998/gc_7/c_1/sr_5#16,GC.7/C.1/SR.5,b8cd40f9e87a4945d10038524a382023fcd6c42216c58c5e9626edd0bdccee68,semantic,rank1,,,,,q_e9c719b3c09c4fc1354bf11e,,,3,0,0
C,C,C,C,dbd7eebf35da7ec529e86c57eaedaad4804862bc23fbd7118f350fe934a3093a,simple,C,un,typesafe/jev-1.13-20260917,2006/ccw/conf_iii/sr_2#8,CCW/CONF.III/SR.2,235d92a6fdd3bb9caf7ac8efb09e72f0bda82052260cc58ea88d02d8b55ea8dc,semantic,rank1,,,,,q_6eee1adb2db3fc7f19a4283a,,,3,0,0
C,C,C,C,dbd7eebf35da7ec529e86c57eaedaad4804862bc23fbd7118f350fe934a3093a,simple,C,un,typesafe/jev-1.13-20260917,2001/cd/pv_880#1,CD/PV.880,f56ee04337e591adb2787424197886ffcd2215efde016afb0107f5d584bb1474,semantic,rank1,,,,,q_583a28010d49b3272631175a,,,3,0,0
C,C,C,C,dbd7eebf35da7ec529e86c57eaedaad4804862bc23fbd7118f350fe934a3093a,simple,C,un,typesafe/jev-1.13-20260917,2010/a/cn_9/sr_917#10,A/CN.9/SR.917,e03ba968fccb5a4994453e701f213f70737eb684fbddb2406d9871a92e9979ce,semantic,rank1,,,,,q_b763f488a71a70aead7f0de2,,,2,0,0
C,C,C,C,dbd7eebf35da7ec529e86c57eaedaad4804862bc23fbd7118f350fe934a3093a,simple,C,un,typesafe/jev-1.13-20260917,2003/a/58/pv_1#15,A/58/PV.1,c6c86ad26e178923ab0ffb131735b49780887d57d5ad34ed0e4519721c8bcbc8,semantic,rank1,,,,,q_52fa3e20c3a4feebec9f72ae,,,3,0,0
C,C,C,C,dbd7eebf35da7ec529e86c57eaedaad4804862bc23fbd7118f350fe934a3093a,simple,C,un,typesafe/jev-1.13-20260917,2007/cedaw/c/sr_770_b_#18,CEDAW/C/SR(770.B),0594c6ad9bb710bc2f07ddbcb8311219bb919ea31a02e2d2dc8b6ac0c97f1727,semantic,rank1,,,,,q_dd8ca0fc0f47f5ded3b9e2ea,,,2,0,0
C,C,C,C,dbd7eebf35da7ec529e86c57eaedaad4804862bc23fbd7118f350fe934a3093a,simple,C,un,typesafe/jev-1.13-20260917,2002/a/c_4/57/sr_18#15,A/C.4/57/SR.18,2327166b13e0b7c5333fd51cdcefc8b3420345e4702079d0de92380dd96defff,semantic,rank1,,,,,q_0d733bba3398f68b2353bf48,,,3,0,0
C,C,C,C,dbd7eebf35da7ec529e86c57eaedaad4804862bc23fbd7118f350fe934a3093a,simple,C,un,typesafe/jev-1.13-20260917,2007/cedaw/c/sr_778#5,CEDAW/C/SR.778,32ae72b2039daecf37fffa40736579bf742db7cbb7a9ae62d9016f96334c210a,semantic,rank1,,,,,q_158ef89e85a3a5964c941a08,,,2,0,0
C,C,C,C,dbd7eebf35da7ec529e86c57eaedaad4804862bc23fbd7118f350fe934a3093a,simple,C,un,typesafe/jev-1.13-20260917,2000/cd/pv_841#11,CD/PV.841,422435bb86510249107b343c7475c53003f897022f9d84c2d633139fe4672a5f,semantic,rank1,,,,,q_63fb2a577b5a92b6ef303f3b,,,2,0,0
C,C,C,C,dbd7eebf35da7ec529e86c57eaedaad4804862bc23fbd7118f350fe934a3093a,simple,C,un,typesafe/jev-1.13-20260917,1999/cedaw/c/sr_434#16,CEDAW/C/SR.434,785e41a3cc50a84ecf6589dbaf190cea61cbbf5237effd421a191c483a7180a1,semantic,rank1,,,,,q_cd056c9319ed38482bbf2f2b,,,3,0,0
C,C,C,C,dbd7eebf35da7ec529e86c57eaedaad4804862bc23fbd7118f350fe934a3093a,simple,C,un,typesafe/jev-1.13-20260917,2009/a/ac_109/2009/sr_7#4,A/AC.109/2009/SR.7,b5b88d06464cea1dd4f7239aadb46cec2a1a0ffb1231b0a5cb0bf346e4c4d13b,semantic,rank1,,,,,q_7308d8d50a652a4e72775ceb,,,3,0,0
C,C,C,C,dbd7eebf35da7ec529e86c57eaedaad4804862bc23fbd7118f350fe934a3093a,simple,C,un,typesafe/jev-1.13-20260917,2008/s/2008/774#11,S/2008/774,f9f99a0f9a013f1cf41edbc6d1112f60bd2536ba1a03709ba7deaea5eec134de,semantic,rank1,,,,,q_720a96817fb32ed3f76c1b5e,,,3,0,0
C,C,C,C,dbd7eebf35da7ec529e86c57eaedaad4804862bc23fbd7118f350fe934a3093a,simple,C,un,typesafe/jev-1.13-20260917,2012/s/2012/718#7,S/2012/718,48e89b194844b33d11bf60085b6e32d956eb84da12ace06f14dfa129a89b220a,semantic,rank1,,,,,q_2e093038de92cc2381170fd9,,,3,0,0
C,C,C,C,dbd7eebf35da7ec529e86c57eaedaad4804862bc23fbd7118f350fe934a3093a,simple,C,un,typesafe/jev-1.13-20260917,1998/s/1998/458#1,S/1998/458,43365dfcbfa025d97a704b902d887dd5d157eef62a29a9eca303e168786a2d0b,semantic,rank1,,,,,q_bed65ea8c9694f4c70a47ff0,,,3,0,0
C,C,C,C,dbd7eebf35da7ec529e86c57eaedaad4804862bc23fbd7118f350fe934a3093a,simple,C,un,typesafe/jev-1.13-20260917,2004/s/2004/505#15,S/2004/505,a783b8a0f747a2cdeeae4dda34ba474edc0501ccabfac76a99ee91826f7ff824,lookup,rank1,,,,,q_371ab9efe4baaa62552ccfb8,,,3,0,0
C,C,C,C,dbd7eebf35da7ec529e86c57eaedaad4804862bc23fbd7118f350fe934a3093a,simple,C,un,typesafe/jev-1.13-20260917,2004/s/2004/674#6,S/2004/674,42b50a3535dd82590ea4a8da31e5e3206770fd998819e6b2a96fa768d1b49d1f,semantic,rank1,,,,,q_7a45072688bbf44c4f18c7db,,,3,0,0
b_instructions_c_criteria,B,B,C,da0f9cd99979052782aec1b4b72d7006a773150a15f721a899847e1294df8de5,simple,C,un,typesafe/jev-1.13-20260917,2011/a/res/65/212#13,A/RES/65/212,55d014e394a6216caf0fe7ffe96da838b21c13968a962a1ef449aca7bdc9f87b,practitioner,rank1,,,,,q_7ea73e9ed06b85106270a264,,,3,0,0
b_instructions_c_criteria,B,B,C,da0f9cd99979052782aec1b4b72d7006a773150a15f721a899847e1294df8de5,simple,C,un,typesafe/jev-1.13-20260917,2006/a/res/61/183#3,A/RES/61/183,3eec92b7108f459fb4bf3eed77ff26bdb26245d730c1dcaa97a63c74465ad2df,practitioner,rank1,,,,,q_db2c44e4ad2fdb6575136600,,,3,0,0
b_instructions_c_criteria,B,B,C,da0f9cd99979052782aec1b4b72d7006a773150a15f721a899847e1294df8de5,simple,C,un,typesafe/jev-1.13-20260917,2013/a/res/67/199#12,A/RES/67/199,c4a52105e7bd2b9b8e0121c2fa6f68520bfe6c7fc0144c8f803951618e0ed9b0,semantic,rank1,,,,,q_d754958d7b119c6cdeb26b2a,,,3,0,0
b_instructions_c_criteria,B,B,C,da0f9cd99979052782aec1b4b72d7006a773150a15f721a899847e1294df8de5,simple,C,un,typesafe/jev-1.13-20260917,2011/a/res/65/263#2,A/RES/65/263,48540c5b2d8a49113c6c78d96b2b4da946a3bd5c5a7e8900044a2153a12736c6,lookup,rank1,,,,,q_70426313c1f0213a1683f215,,,3,0,0
b_instructions_c_criteria,B,B,C,da0f9cd99979052782aec1b4b72d7006a773150a15f721a899847e1294df8de5,simple,C,un,typesafe/jev-1.13-20260917,2013/a/res/68/143#7,A/RES/68/143,e95e51f0ab23ef43dad3c0522dec1656e7a299026ee57307e74f59935e20b01e,practitioner,rank1,,,,,q_b3ea5267ea1c7e9940af65d0,,,3,0,0
b_instructions_c_criteria,B,B,C,da0f9cd99979052782aec1b4b72d7006a773150a15f721a899847e1294df8de5,simple,C,un,typesafe/jev-1.13-20260917,2014/a/res/68/254#2,A/RES/68/254,f84654eed8e64ac726761ed19e9e3a34cf8b1d7a5c1288f301f5c6fe4cda65f3,practitioner,rank1,,,,,q_157eaa77d8078b0de2fbe2a4,,,3,0,0
b_instructions_c_criteria,B,B,C,da0f9cd99979052782aec1b4b72d7006a773150a15f721a899847e1294df8de5,simple,C,un,typesafe/jev-1.13-20260917,2001/a/res/55/114#5,A/RES/55/114,f29e3275a3d860c0ce8651bb1380e53ac09f5c961254067315a5b150ca0c8c87,practitioner,rank1,,,,,q_6f1315802d88049a1a9c6e77,,,3,0,0
b_instructions_c_criteria,B,B,C,da0f9cd99979052782aec1b4b72d7006a773150a15f721a899847e1294df8de5,simple,C,un,typesafe/jev-1.13-20260917,2007/a/res/62/137#12,A/RES/62/137,8ce90168fe54792e2e468bc86d9a8d7268870cf742b1e07750ac8719336ab2fd,practitioner,rank1,,,,,q_776b4df8a7ef36b590dd377b,,,2,0,0
b_instructions_c_criteria,B,B,C,da0f9cd99979052782aec1b4b72d7006a773150a15f721a899847e1294df8de5,simple,C,un,typesafe/jev-1.13-20260917,2005/a/res/60/226#3,A/RES/60/226,e91680c46739761b17bb39e561f554d3ab182b327faa2cb08de741b9ed69131b,practitioner,rank1,,,,,q_8873839e9a9c93a7dcf3c3cc,,,2,0,0
b_instructions_c_criteria,B,B,C,da0f9cd99979052782aec1b4b72d7006a773150a15f721a899847e1294df8de5,simple,C,un,typesafe/jev-1.13-20260917,2013/a/res/68/18#1,A/RES/68/18,94ba73211a06d8db83be6688375d2be2270bc22262faa50a126629e1fe2b0115,practitioner,rank1,,,,,q_9891faf8bd7ac9bff4be206c,,,3,0,0
b_instructions_c_criteria,B,B,C,da0f9cd99979052782aec1b4b72d7006a773150a15f721a899847e1294df8de5,simple,C,un,typesafe/jev-1.13-20260917,2001/s/res/1376_2001_#2,S/RES/1376(2001),8b7b118cedf3d6896d89ebcf75a3d7acd85db08583f210ccfe5a9bd4d0cba8d2,practitioner,rank1,,,,,q_cf21b05218e56b31e2511fbe,,,3,0,0
b_instructions_c_criteria,B,B,C,da0f9cd99979052782aec1b4b72d7006a773150a15f721a899847e1294df8de5,simple,C,un,typesafe/jev-1.13-20260917,2008/s/res/1806_2008_#8,S/RES/1806(2008),cb61ad03e5e2833e914d2d1d657053c1c69f9248931f3f0304216d5217be40ee,practitioner,rank1,,,,,q_d21843fe0b2124533e0a4397,,,3,0,0
b_instructions_c_criteria,B,B,C,da0f9cd99979052782aec1b4b72d7006a773150a15f721a899847e1294df8de5,simple,C,un,typesafe/jev-1.13-20260917,2003/s/res/1466_2003_#3,S/RES/1466(2003),e215c0e1173d72ef1a3bd2a6d375310cd5a5016727123d27d9e37444125e1f86,practitioner,rank1,,,,,q_b4991f7475c031cbb9136977,,,3,0,0
b_instructions_c_criteria,B,B,C,da0f9cd99979052782aec1b4b72d7006a773150a15f721a899847e1294df8de5,simple,C,un,typesafe/jev-1.13-20260917,2008/s/res/1845_2008_#3,S/RES/1845(2008),6183ad789f8cdb14c5cc5443c7d2a3283f65e12480b319fe819fbbeda7cf2bd2,practitioner,rank1,,,,,q_03ac44286029619dbf876858,,,3,0,0
b_instructions_c_criteria,B,B,C,da0f9cd99979052782aec1b4b72d7006a773150a15f721a899847e1294df8de5,simple,C,un,typesafe/jev-1.13-20260917,2004/s/res/1565_2004_#11,S/RES/1565(2004),0895d91f8ccd0398edc3e91bccb2553a00033aea16c1ccdf165f7900099f7a72,practitioner,rank1,,,,,q_465d597e8fe9d2720448da4d,,,2,0,0
b_instructions_c_criteria,B,B,C,da0f9cd99979052782aec1b4b72d7006a773150a15f721a899847e1294df8de5,simple,C,un,typesafe/jev-1.13-20260917,2002/a/res/56/188#8,A/RES/56/188,3ccb208eb0c57fdc6ea2cb46e10a498f23c92e435268bdefea85ee0ddc390175,practitioner,rank1,,,,,q_d3ae6f13b6df81d7734eee31,,,3,0,0
b_instructions_c_criteria,B,B,C,da0f9cd99979052782aec1b4b72d7006a773150a15f721a899847e1294df8de5,simple,C,un,typesafe/jev-1.13-20260917,2005/a/res/60/47#0,A/RES/60/47,d3d676e9daa5131639fa0da09aa43ae7244af073c4c32634c8101470813a322e,practitioner,rank1,,,,,q_836adfa3ddb1f56302ab73d7,,,3,0,0
b_instructions_c_criteria,B,B,C,da0f9cd99979052782aec1b4b72d7006a773150a15f721a899847e1294df8de5,simple,C,un,typesafe/jev-1.13-20260917,2011/s/res/1988_2011_#19,S/RES/1988(2011),18cc1f25afc7be6f08d77b02a3df98f124e690782c5d25961042a47e31bb2d2d,practitioner,rank1,,,,,q_6f21157d4a392dfe4247ba0d,,,3,0,0
b_instructions_c_criteria,B,B,C,da0f9cd99979052782aec1b4b72d7006a773150a15f721a899847e1294df8de5,simple,C,un,typesafe/jev-1.13-20260917,2004/a/res/59/61#0,A/RES/59/61,6ede3e91686b85a25ed7d1b2b6a288eeac14e3a08a5644ccaeb9378e733e8bee,practitioner,rank1,,,,,q_9376bd76a353ecfba2076b46,,,3,0,0
b_instructions_c_criteria,B,B,C,da0f9cd99979052782aec1b4b72d7006a773150a15f721a899847e1294df8de5,simple,C,un,typesafe/jev-1.13-20260917,2013/a/res/67/145#7,A/RES/67/145,3f954c9e900a4f0a652567d5cecbd51f3269b92ab60c830c99e01c468ad7d768,semantic,rank1,,,,,q_8a622d1f90a933f13e41d540,,,3,0,0
b_instructions_c_criteria,B,B,C,da0f9cd99979052782aec1b4b72d7006a773150a15f721a899847e1294df8de5,simple,C,un,typesafe/jev-1.13-20260917,2003/a/res/58/298#4,A/RES/58/298,09912ac03ddf6efeb25bae8600ea59e512437dc3093cc23f9a94c49239253aaf,practitioner,rank1,,,,,q_e000b0ac0ee9360558b7c29c,,,3,0,0
b_instructions_c_criteria,B,B,C,da0f9cd99979052782aec1b4b72d7006a773150a15f721a899847e1294df8de5,simple,C,un,typesafe/jev-1.13-20260917,2003/a/res/57/300#10,A/RES/57/300,9093550b694913cd695d7cae6dc6fdb04c0011addc0d488be785f6c164927438,practitioner,rank1,,,,,q_5ae4c892b88fe745187458ec,,,3,0,0
b_instructions_c_criteria,B,B,C,da0f9cd99979052782aec1b4b72d7006a773150a15f721a899847e1294df8de5,simple,C,un,typesafe/jev-1.13-20260917,2013/a/res/67/222#6,A/RES/67/222,5109eb94ffc92aaf885dda2a598e3bc3b92ab2c7863bd002791f93ca9ca2f85c,practitioner,rank1,,,,,q_88f764c4d8652819fa67dd51,,,2,0,0
b_instructions_c_criteria,B,B,C,da0f9cd99979052782aec1b4b72d7006a773150a15f721a899847e1294df8de5,simple,C,un,typesafe/jev-1.13-20260917,2003/a/res/57/137#1,A/RES/57/137,d1b1101a37a3da340ce0c8e72724806159997d4f874285789e2b2669ab64071d,practitioner,rank1,,,,,q_b5c8bd269b7e89b42d9860eb,,,3,0,0
b_instructions_c_criteria,B,B,C,da0f9cd99979052782aec1b4b72d7006a773150a15f721a899847e1294df8de5,simple,C,un,typesafe/jev-1.13-20260917,2014/s/res/2140__2014_#13,S/RES/2140(2014),ed9553c1c522dc7e88b5a1125bc4259d7d6cd653d483694d61856dc3b9cda2a7,practitioner,rank1,,,,,q_dda4db6efd022e10ed09390e,,,3,0,0
b_instructions_c_criteria,B,B,C,da0f9cd99979052782aec1b4b72d7006a773150a15f721a899847e1294df8de5,simple,C,un,typesafe/jev-1.13-20260917,2004/a/c_2/58/sr_24#18,A/C.2/58/SR.24,5142fa1607abb1d0f15595512d438386b89941d974c43a7a1a28f5fd6d9b66e0,practitioner,rank1,,,,,q_bc9f2bdaf3e6ace10e81be83,,,3,0,0
b_instructions_c_criteria,B,B,C,da0f9cd99979052782aec1b4b72d7006a773150a15f721a899847e1294df8de5,simple,C,un,typesafe/jev-1.13-20260917,2008/cd/pv_1097#14,CD/PV.1097,b76bcf9ba5692263a2eb3561d45bd2e377dcde7a278f1935a2406d89f36dd7f9,practitioner,rank1,,,,,q_46ec9295d345eef7455d2c41,,,3,0,0
b_instructions_c_criteria,B,B,C,da0f9cd99979052782aec1b4b72d7006a773150a15f721a899847e1294df8de5,simple,C,un,typesafe/jev-1.13-20260917,2006/a/c_5/60/sr_64#14,A/C.5/60/SR.64,69a7f38e9bb9c1452c9deae93e75585f0fdd88771c9914230e32294984917caa,practitioner,rank1,,,,,q_32472690f5375a40bc7f3e98,,,3,0,0
b_instructions_c_criteria,B,B,C,da0f9cd99979052782aec1b4b72d7006a773150a15f721a899847e1294df8de5,simple,C,un,typesafe/jev-1.13-20260917,2001/cedaw/c/sr_451#4,CEDAW/C/SR.451,33bba429870c569e226251c2388144b266680aded505985721de929bb58ad8fb,practitioner,rank1,,,,,q_dfefb1c8dd24c4f5ca3e723e,,,3,0,0
b_instructions_c_criteria,B,B,C,da0f9cd99979052782aec1b4b72d7006a773150a15f721a899847e1294df8de5,simple,C,un,typesafe/jev-1.13-20260917,2008/a/ac_109/2008/sr_2#1,A/AC.109/2008/SR.2,ab5728540b5a7ec5a02bbcfa94eb0ee60fb775148c803d1d49135729b9562b83,lookup,rank1,,,,,q_cbbddfe09ac22cd29eb7e6dc,,,3,0,0
b_instructions_c_criteria,B,B,C,da0f9cd99979052782aec1b4b72d7006a773150a15f721a899847e1294df8de5,simple,C,un,typesafe/jev-1.13-20260917,2010/ccpr/c/sr_2695#25,CCPR/C/SR.2695,73abd0def08bb5a62a30413187526cef791b4446e75c68a55a026eca7239e1dc,practitioner,rank1,,,,,q_8f239ae1e75ee37c22d23ac5,,,2,0,0
b_instructions_c_criteria,B,B,C,da0f9cd99979052782aec1b4b72d7006a773150a15f721a899847e1294df8de5,simple,C,un,typesafe/jev-1.13-20260917,2007/gc_12/c_1/sr_1#10,GC.12/C.1/SR.1,255d7d67e96370d7d7c2a9ed9aa55f17c6556a3b9524203ac6eb4ab2cf5aaee6,practitioner,rank1,,,,,q_b93090a67f278d3f5550360b,,,3,0,0
b_instructions_c_criteria,B,B,C,da0f9cd99979052782aec1b4b72d7006a773150a15f721a899847e1294df8de5,simple,C,un,typesafe/jev-1.13-20260917,2006/cedaw/c/sr_724#18,CEDAW/C/SR.724,5452b755ea946a9b51f7e2f14a1dffbcba8c57971cb734ef4059531f9719aa1c,practitioner,rank1,,,,,q_66d4d4dd48adde10ddd265c2,,,3,0,0
b_instructions_c_criteria,B,B,C,da0f9cd99979052782aec1b4b72d7006a773150a15f721a899847e1294df8de5,simple,C,un,typesafe/jev-1.13-20260917,2005/cd/pv_983#13,CD/PV.983,ac466c6dfcf6436c84657250ddcb057f36f5e253bd1155f5fe68a3710ede6440,practitioner,rank1,,,,,q_29994125815c40ec26d5b36c,,,1,0,0
b_instructions_c_criteria,B,B,C,da0f9cd99979052782aec1b4b72d7006a773150a15f721a899847e1294df8de5,simple,C,un,typesafe/jev-1.13-20260917,1998/gc_7/c_1/sr_5#16,GC.7/C.1/SR.5,b8cd40f9e87a4945d10038524a382023fcd6c42216c58c5e9626edd0bdccee68,practitioner,rank1,,,,,q_76049019c4840944d782ad0f,,,3,0,0
b_instructions_c_criteria,B,B,C,da0f9cd99979052782aec1b4b72d7006a773150a15f721a899847e1294df8de5,simple,C,un,typesafe/jev-1.13-20260917,2006/ccw/conf_iii/sr_2#8,CCW/CONF.III/SR.2,235d92a6fdd3bb9caf7ac8efb09e72f0bda82052260cc58ea88d02d8b55ea8dc,practitioner,rank1,,,,,q_3d6ad41b7ee9ac40b4fef6e6,,,3,0,0
b_instructions_c_criteria,B,B,C,da0f9cd99979052782aec1b4b72d7006a773150a15f721a899847e1294df8de5,simple,C,un,typesafe/jev-1.13-20260917,2001/cd/pv_880#1,CD/PV.880,f56ee04337e591adb2787424197886ffcd2215efde016afb0107f5d584bb1474,practitioner,rank1,,,,,q_ae846030e2f2b93f6b1e2930,,,3,0,0
b_instructions_c_criteria,B,B,C,da0f9cd99979052782aec1b4b72d7006a773150a15f721a899847e1294df8de5,simple,C,un,typesafe/jev-1.13-20260917,2010/a/cn_9/sr_917#10,A/CN.9/SR.917,e03ba968fccb5a4994453e701f213f70737eb684fbddb2406d9871a92e9979ce,semantic,rank1,,,,,q_b763f488a71a70aead7f0de2,,,2,0,0
b_instructions_c_criteria,B,B,C,da0f9cd99979052782aec1b4b72d7006a773150a15f721a899847e1294df8de5,simple,C,un,typesafe/jev-1.13-20260917,2003/a/58/pv_1#15,A/58/PV.1,c6c86ad26e178923ab0ffb131735b49780887d57d5ad34ed0e4519721c8bcbc8,semantic,rank1,,,,,q_52fa3e20c3a4feebec9f72ae,,,3,0,0
b_instructions_c_criteria,B,B,C,da0f9cd99979052782aec1b4b72d7006a773150a15f721a899847e1294df8de5,simple,C,un,typesafe/jev-1.13-20260917,2007/cedaw/c/sr_770_b_#18,CEDAW/C/SR(770.B),0594c6ad9bb710bc2f07ddbcb8311219bb919ea31a02e2d2dc8b6ac0c97f1727,practitioner,rank1,,,,,q_55e358d8248e45e6457a7374,,,3,0,0
b_instructions_c_criteria,B,B,C,da0f9cd99979052782aec1b4b72d7006a773150a15f721a899847e1294df8de5,simple,C,un,typesafe/jev-1.13-20260917,2002/a/c_4/57/sr_18#15,A/C.4/57/SR.18,2327166b13e0b7c5333fd51cdcefc8b3420345e4702079d0de92380dd96defff,semantic,rank1,,,,,q_0d733bba3398f68b2353bf48,,,3,0,0
b_instructions_c_criteria,B,B,C,da0f9cd99979052782aec1b4b72d7006a773150a15f721a899847e1294df8de5,simple,C,un,typesafe/jev-1.13-20260917,2007/cedaw/c/sr_778#5,CEDAW/C/SR.778,32ae72b2039daecf37fffa40736579bf742db7cbb7a9ae62d9016f96334c210a,semantic,rank1,,,,,q_158ef89e85a3a5964c941a08,,,2,0,0
b_instructions_c_criteria,B,B,C,da0f9cd99979052782aec1b4b72d7006a773150a15f721a899847e1294df8de5,simple,C,un,typesafe/jev-1.13-20260917,2000/cd/pv_841#11,CD/PV.841,422435bb86510249107b343c7475c53003f897022f9d84c2d633139fe4672a5f,semantic,rank1,,,,,q_63fb2a577b5a92b6ef303f3b,,,2,0,0
b_instructions_c_criteria,B,B,C,da0f9cd99979052782aec1b4b72d7006a773150a15f721a899847e1294df8de5,simple,C,un,typesafe/jev-1.13-20260917,1999/cedaw/c/sr_434#16,CEDAW/C/SR.434,785e41a3cc50a84ecf6589dbaf190cea61cbbf5237effd421a191c483a7180a1,practitioner,rank1,,,,,q_41e143e2041fbbae687bcae7,,,3,0,0
b_instructions_c_criteria,B,B,C,da0f9cd99979052782aec1b4b72d7006a773150a15f721a899847e1294df8de5,simple,C,un,typesafe/jev-1.13-20260917,2009/a/ac_109/2009/sr_7#4,A/AC.109/2009/SR.7,b5b88d06464cea1dd4f7239aadb46cec2a1a0ffb1231b0a5cb0bf346e4c4d13b,practitioner,rank1,,,,,q_a3df809309d657abcd83ab5f,,,3,0,0
b_instructions_c_criteria,B,B,C,da0f9cd99979052782aec1b4b72d7006a773150a15f721a899847e1294df8de5,simple,C,un,typesafe/jev-1.13-20260917,2008/s/2008/774#11,S/2008/774,f9f99a0f9a013f1cf41edbc6d1112f60bd2536ba1a03709ba7deaea5eec134de,semantic,rank1,,,,,q_720a96817fb32ed3f76c1b5e,,,3,0,0
b_instructions_c_criteria,B,B,C,da0f9cd99979052782aec1b4b72d7006a773150a15f721a899847e1294df8de5,simple,C,un,typesafe/jev-1.13-20260917,2012/s/2012/718#7,S/2012/718,48e89b194844b33d11bf60085b6e32d956eb84da12ace06f14dfa129a89b220a,practitioner,rank1,,,,,q_002f5dc37c2a4b084e8a6bf8,,,3,0,0
b_instructions_c_criteria,B,B,C,da0f9cd99979052782aec1b4b72d7006a773150a15f721a899847e1294df8de5,simple,C,un,typesafe/jev-1.13-20260917,1998/s/1998/458#1,S/1998/458,43365dfcbfa025d97a704b902d887dd5d157eef62a29a9eca303e168786a2d0b,practitioner,rank1,,,,,q_8c2cb74709f4af1bec59332e,,,3,0,0
b_instructions_c_criteria,B,B,C,da0f9cd99979052782aec1b4b72d7006a773150a15f721a899847e1294df8de5,simple,C,un,typesafe/jev-1.13-20260917,2004/s/2004/505#15,S/2004/505,a783b8a0f747a2cdeeae4dda34ba474edc0501ccabfac76a99ee91826f7ff824,practitioner,rank1,,,,,q_0ae236ba3864df4869d17c1d,,,3,0,0
b_instructions_c_criteria,B,B,C,da0f9cd99979052782aec1b4b72d7006a773150a15f721a899847e1294df8de5,simple,C,un,typesafe/jev-1.13-20260917,2004/s/2004/674#6,S/2004/674,42b50a3535dd82590ea4a8da31e5e3206770fd998819e6b2a96fa768d1b49d1f,practitioner,rank1,,,,,q_111a6f569c230b785cfe53cb,,,3,0,0
c_instructions_b_criteria,C,C,B,2670f1f6da1a9bd3b737d84045db8d52b04a654289324230d25d872580d02335,simple,C,un,typesafe/jev-1.13-20260917,2011/a/res/65/212#13,A/RES/65/212,55d014e394a6216caf0fe7ffe96da838b21c13968a962a1ef449aca7bdc9f87b,semantic,rank1,,,,,q_e828d3aea277373c0708672f,,,2,0,0
c_instructions_b_criteria,C,C,B,2670f1f6da1a9bd3b737d84045db8d52b04a654289324230d25d872580d02335,simple,C,un,typesafe/jev-1.13-20260917,2006/a/res/61/183#3,A/RES/61/183,3eec92b7108f459fb4bf3eed77ff26bdb26245d730c1dcaa97a63c74465ad2df,practitioner,rank1,,,,,q_db2c44e4ad2fdb6575136600,,,3,0,0
c_instructions_b_criteria,C,C,B,2670f1f6da1a9bd3b737d84045db8d52b04a654289324230d25d872580d02335,simple,C,un,typesafe/jev-1.13-20260917,2013/a/res/67/199#12,A/RES/67/199,c4a52105e7bd2b9b8e0121c2fa6f68520bfe6c7fc0144c8f803951618e0ed9b0,semantic,rank1,,,,,q_d754958d7b119c6cdeb26b2a,,,3,0,0
c_instructions_b_criteria,C,C,B,2670f1f6da1a9bd3b737d84045db8d52b04a654289324230d25d872580d02335,simple,C,un,typesafe/jev-1.13-20260917,2011/a/res/65/263#2,A/RES/65/263,48540c5b2d8a49113c6c78d96b2b4da946a3bd5c5a7e8900044a2153a12736c6,lookup,rank1,,,,,q_70426313c1f0213a1683f215,,,3,0,0
c_instructions_b_criteria,C,C,B,2670f1f6da1a9bd3b737d84045db8d52b04a654289324230d25d872580d02335,simple,C,un,typesafe/jev-1.13-20260917,2013/a/res/68/143#7,A/RES/68/143,e95e51f0ab23ef43dad3c0522dec1656e7a299026ee57307e74f59935e20b01e,semantic,rank1,,,,,q_2133a620386d00df544987ec,,,2,0,0
c_instructions_b_criteria,C,C,B,2670f1f6da1a9bd3b737d84045db8d52b04a654289324230d25d872580d02335,simple,C,un,typesafe/jev-1.13-20260917,2014/a/res/68/254#2,A/RES/68/254,f84654eed8e64ac726761ed19e9e3a34cf8b1d7a5c1288f301f5c6fe4cda65f3,practitioner,rank1,,,,,q_157eaa77d8078b0de2fbe2a4,,,3,0,0
c_instructions_b_criteria,C,C,B,2670f1f6da1a9bd3b737d84045db8d52b04a654289324230d25d872580d02335,simple,C,un,typesafe/jev-1.13-20260917,2001/a/res/55/114#5,A/RES/55/114,f29e3275a3d860c0ce8651bb1380e53ac09f5c961254067315a5b150ca0c8c87,practitioner,rank1,,,,,q_6f1315802d88049a1a9c6e77,,,3,0,0
c_instructions_b_criteria,C,C,B,2670f1f6da1a9bd3b737d84045db8d52b04a654289324230d25d872580d02335,simple,C,un,typesafe/jev-1.13-20260917,2007/a/res/62/137#12,A/RES/62/137,8ce90168fe54792e2e468bc86d9a8d7268870cf742b1e07750ac8719336ab2fd,lookup,rank1,,,,,q_4b5444ff080e334d109e8544,,,2,0,0
c_instructions_b_criteria,C,C,B,2670f1f6da1a9bd3b737d84045db8d52b04a654289324230d25d872580d02335,simple,C,un,typesafe/jev-1.13-20260917,2005/a/res/60/226#3,A/RES/60/226,e91680c46739761b17bb39e561f554d3ab182b327faa2cb08de741b9ed69131b,practitioner,rank1,,,,,q_8873839e9a9c93a7dcf3c3cc,,,2,0,0
c_instructions_b_criteria,C,C,B,2670f1f6da1a9bd3b737d84045db8d52b04a654289324230d25d872580d02335,simple,C,un,typesafe/jev-1.13-20260917,2013/a/res/68/18#1,A/RES/68/18,94ba73211a06d8db83be6688375d2be2270bc22262faa50a126629e1fe2b0115,lookup,rank1,,,,,q_808d4c05764f87707686060b,,,3,0,0
c_instructions_b_criteria,C,C,B,2670f1f6da1a9bd3b737d84045db8d52b04a654289324230d25d872580d02335,simple,C,un,typesafe/jev-1.13-20260917,2001/s/res/1376_2001_#2,S/RES/1376(2001),8b7b118cedf3d6896d89ebcf75a3d7acd85db08583f210ccfe5a9bd4d0cba8d2,semantic,rank1,,,,,q_201f0c0d011ab2fd2e890fb5,,,3,0,0
c_instructions_b_criteria,C,C,B,2670f1f6da1a9bd3b737d84045db8d52b04a654289324230d25d872580d02335,simple,C,un,typesafe/jev-1.13-20260917,2008/s/res/1806_2008_#8,S/RES/1806(2008),cb61ad03e5e2833e914d2d1d657053c1c69f9248931f3f0304216d5217be40ee,practitioner,rank1,,,,,q_d21843fe0b2124533e0a4397,,,3,0,0
c_instructions_b_criteria,C,C,B,2670f1f6da1a9bd3b737d84045db8d52b04a654289324230d25d872580d02335,simple,C,un,typesafe/jev-1.13-20260917,2003/s/res/1466_2003_#3,S/RES/1466(2003),e215c0e1173d72ef1a3bd2a6d375310cd5a5016727123d27d9e37444125e1f86,practitioner,rank1,,,,,q_b4991f7475c031cbb9136977,,,3,0,0
c_instructions_b_criteria,C,C,B,2670f1f6da1a9bd3b737d84045db8d52b04a654289324230d25d872580d02335,simple,C,un,typesafe/jev-1.13-20260917,2008/s/res/1845_2008_#3,S/RES/1845(2008),6183ad789f8cdb14c5cc5443c7d2a3283f65e12480b319fe819fbbeda7cf2bd2,lookup,rank1,,,,,q_8868affcb5abdc440149cc4e,,,3,0,0
c_instructions_b_criteria,C,C,B,2670f1f6da1a9bd3b737d84045db8d52b04a654289324230d25d872580d02335,simple,C,un,typesafe/jev-1.13-20260917,2004/s/res/1565_2004_#11,S/RES/1565(2004),0895d91f8ccd0398edc3e91bccb2553a00033aea16c1ccdf165f7900099f7a72,practitioner,rank1,,,,,q_465d597e8fe9d2720448da4d,,,2,0,0
c_instructions_b_criteria,C,C,B,2670f1f6da1a9bd3b737d84045db8d52b04a654289324230d25d872580d02335,simple,C,un,typesafe/jev-1.13-20260917,2002/a/res/56/188#8,A/RES/56/188,3ccb208eb0c57fdc6ea2cb46e10a498f23c92e435268bdefea85ee0ddc390175,practitioner,rank1,,,,,q_d3ae6f13b6df81d7734eee31,,,3,0,0
c_instructions_b_criteria,C,C,B,2670f1f6da1a9bd3b737d84045db8d52b04a654289324230d25d872580d02335,simple,C,un,typesafe/jev-1.13-20260917,2005/a/res/60/47#0,A/RES/60/47,d3d676e9daa5131639fa0da09aa43ae7244af073c4c32634c8101470813a322e,lookup,rank1,,,,,q_af2ce560e189d19925a4e6fd,,,3,0,0
c_instructions_b_criteria,C,C,B,2670f1f6da1a9bd3b737d84045db8d52b04a654289324230d25d872580d02335,simple,C,un,typesafe/jev-1.13-20260917,2011/s/res/1988_2011_#19,S/RES/1988(2011),18cc1f25afc7be6f08d77b02a3df98f124e690782c5d25961042a47e31bb2d2d,practitioner,rank1,,,,,q_6f21157d4a392dfe4247ba0d,,,3,0,0
c_instructions_b_criteria,C,C,B,2670f1f6da1a9bd3b737d84045db8d52b04a654289324230d25d872580d02335,simple,C,un,typesafe/jev-1.13-20260917,2004/a/res/59/61#0,A/RES/59/61,6ede3e91686b85a25ed7d1b2b6a288eeac14e3a08a5644ccaeb9378e733e8bee,semantic,rank1,,,,,q_d753c6071b49128a22c4263a,,,3,0,0
c_instructions_b_criteria,C,C,B,2670f1f6da1a9bd3b737d84045db8d52b04a654289324230d25d872580d02335,simple,C,un,typesafe/jev-1.13-20260917,2013/a/res/67/145#7,A/RES/67/145,3f954c9e900a4f0a652567d5cecbd51f3269b92ab60c830c99e01c468ad7d768,semantic,rank1,,,,,q_8a622d1f90a933f13e41d540,,,3,0,0
c_instructions_b_criteria,C,C,B,2670f1f6da1a9bd3b737d84045db8d52b04a654289324230d25d872580d02335,simple,C,un,typesafe/jev-1.13-20260917,2003/a/res/58/298#4,A/RES/58/298,09912ac03ddf6efeb25bae8600ea59e512437dc3093cc23f9a94c49239253aaf,lookup,rank1,,,,,q_71bbf028644cea06dd60b599,,,3,0,0
c_instructions_b_criteria,C,C,B,2670f1f6da1a9bd3b737d84045db8d52b04a654289324230d25d872580d02335,simple,C,un,typesafe/jev-1.13-20260917,2003/a/res/57/300#10,A/RES/57/300,9093550b694913cd695d7cae6dc6fdb04c0011addc0d488be785f6c164927438,lookup,rank1,,,,,q_dff70732dd9603f943ded4de,,,3,0,0
c_instructions_b_criteria,C,C,B,2670f1f6da1a9bd3b737d84045db8d52b04a654289324230d25d872580d02335,simple,C,un,typesafe/jev-1.13-20260917,2013/a/res/67/222#6,A/RES/67/222,5109eb94ffc92aaf885dda2a598e3bc3b92ab2c7863bd002791f93ca9ca2f85c,semantic,rank1,,,,,q_43ea068bbe7a35b7cf3e12f4,,,2,0,0
c_instructions_b_criteria,C,C,B,2670f1f6da1a9bd3b737d84045db8d52b04a654289324230d25d872580d02335,simple,C,un,typesafe/jev-1.13-20260917,2003/a/res/57/137#1,A/RES/57/137,d1b1101a37a3da340ce0c8e72724806159997d4f874285789e2b2669ab64071d,semantic,rank1,,,,,q_b8f57d5f64cb0f7b4f7ba184,,,3,0,0
c_instructions_b_criteria,C,C,B,2670f1f6da1a9bd3b737d84045db8d52b04a654289324230d25d872580d02335,simple,C,un,typesafe/jev-1.13-20260917,2014/s/res/2140__2014_#13,S/RES/2140(2014),ed9553c1c522dc7e88b5a1125bc4259d7d6cd653d483694d61856dc3b9cda2a7,practitioner,rank1,,,,,q_dda4db6efd022e10ed09390e,,,3,0,0
c_instructions_b_criteria,C,C,B,2670f1f6da1a9bd3b737d84045db8d52b04a654289324230d25d872580d02335,simple,C,un,typesafe/jev-1.13-20260917,2004/a/c_2/58/sr_24#18,A/C.2/58/SR.24,5142fa1607abb1d0f15595512d438386b89941d974c43a7a1a28f5fd6d9b66e0,semantic,rank1,,,,,q_1f4f919821e474b1087ee644,,,3,0,0
c_instructions_b_criteria,C,C,B,2670f1f6da1a9bd3b737d84045db8d52b04a654289324230d25d872580d02335,simple,C,un,typesafe/jev-1.13-20260917,2008/cd/pv_1097#14,CD/PV.1097,b76bcf9ba5692263a2eb3561d45bd2e377dcde7a278f1935a2406d89f36dd7f9,semantic,rank1,,,,,q_934954d26640544a5829f5ba,,,3,0,0
c_instructions_b_criteria,C,C,B,2670f1f6da1a9bd3b737d84045db8d52b04a654289324230d25d872580d02335,simple,C,un,typesafe/jev-1.13-20260917,2006/a/c_5/60/sr_64#14,A/C.5/60/SR.64,69a7f38e9bb9c1452c9deae93e75585f0fdd88771c9914230e32294984917caa,semantic,rank1,,,,,q_9f9961b21ac54f2ac6d72c51,,,3,0,0
c_instructions_b_criteria,C,C,B,2670f1f6da1a9bd3b737d84045db8d52b04a654289324230d25d872580d02335,simple,C,un,typesafe/jev-1.13-20260917,2001/cedaw/c/sr_451#4,CEDAW/C/SR.451,33bba429870c569e226251c2388144b266680aded505985721de929bb58ad8fb,practitioner,rank1,,,,,q_dfefb1c8dd24c4f5ca3e723e,,,3,0,0
c_instructions_b_criteria,C,C,B,2670f1f6da1a9bd3b737d84045db8d52b04a654289324230d25d872580d02335,simple,C,un,typesafe/jev-1.13-20260917,2008/a/ac_109/2008/sr_2#1,A/AC.109/2008/SR.2,ab5728540b5a7ec5a02bbcfa94eb0ee60fb775148c803d1d49135729b9562b83,lookup,rank1,,,,,q_cbbddfe09ac22cd29eb7e6dc,,,3,0,0
c_instructions_b_criteria,C,C,B,2670f1f6da1a9bd3b737d84045db8d52b04a654289324230d25d872580d02335,simple,C,un,typesafe/jev-1.13-20260917,2010/ccpr/c/sr_2695#25,CCPR/C/SR.2695,73abd0def08bb5a62a30413187526cef791b4446e75c68a55a026eca7239e1dc,semantic,rank1,,,,,q_3a17cae90c7e119fb168070c,,,3,0,0
c_instructions_b_criteria,C,C,B,2670f1f6da1a9bd3b737d84045db8d52b04a654289324230d25d872580d02335,simple,C,un,typesafe/jev-1.13-20260917,2007/gc_12/c_1/sr_1#10,GC.12/C.1/SR.1,255d7d67e96370d7d7c2a9ed9aa55f17c6556a3b9524203ac6eb4ab2cf5aaee6,practitioner,rank1,,,,,q_b93090a67f278d3f5550360b,,,3,0,0
c_instructions_b_criteria,C,C,B,2670f1f6da1a9bd3b737d84045db8d52b04a654289324230d25d872580d02335,simple,C,un,typesafe/jev-1.13-20260917,2006/cedaw/c/sr_724#18,CEDAW/C/SR.724,5452b755ea946a9b51f7e2f14a1dffbcba8c57971cb734ef4059531f9719aa1c,semantic,rank1,,,,,q_3a4b98d96d4a6cd0b6cbbd90,,,3,0,0
c_instructions_b_criteria,C,C,B,2670f1f6da1a9bd3b737d84045db8d52b04a654289324230d25d872580d02335,simple,C,un,typesafe/jev-1.13-20260917,2005/cd/pv_983#13,CD/PV.983,ac466c6dfcf6436c84657250ddcb057f36f5e253bd1155f5fe68a3710ede6440,semantic,rank1,,,,,q_59e7b7e90c446bd157cf2f0a,,,2,0,0
c_instructions_b_criteria,C,C,B,2670f1f6da1a9bd3b737d84045db8d52b04a654289324230d25d872580d02335,simple,C,un,typesafe/jev-1.13-20260917,1998/gc_7/c_1/sr_5#16,GC.7/C.1/SR.5,b8cd40f9e87a4945d10038524a382023fcd6c42216c58c5e9626edd0bdccee68,semantic,rank1,,,,,q_e9c719b3c09c4fc1354bf11e,,,3,0,0
c_instructions_b_criteria,C,C,B,2670f1f6da1a9bd3b737d84045db8d52b04a654289324230d25d872580d02335,simple,C,un,typesafe/jev-1.13-20260917,2006/ccw/conf_iii/sr_2#8,CCW/CONF.III/SR.2,235d92a6fdd3bb9caf7ac8efb09e72f0bda82052260cc58ea88d02d8b55ea8dc,practitioner,rank1,,,,,q_3d6ad41b7ee9ac40b4fef6e6,,,3,0,0
c_instructions_b_criteria,C,C,B,2670f1f6da1a9bd3b737d84045db8d52b04a654289324230d25d872580d02335,simple,C,un,typesafe/jev-1.13-20260917,2001/cd/pv_880#1,CD/PV.880,f56ee04337e591adb2787424197886ffcd2215efde016afb0107f5d584bb1474,semantic,rank1,,,,,q_583a28010d49b3272631175a,,,3,0,0
c_instructions_b_criteria,C,C,B,2670f1f6da1a9bd3b737d84045db8d52b04a654289324230d25d872580d02335,simple,C,un,typesafe/jev-1.13-20260917,2010/a/cn_9/sr_917#10,A/CN.9/SR.917,e03ba968fccb5a4994453e701f213f70737eb684fbddb2406d9871a92e9979ce,semantic,rank1,,,,,q_b763f488a71a70aead7f0de2,,,2,0,0
c_instructions_b_criteria,C,C,B,2670f1f6da1a9bd3b737d84045db8d52b04a654289324230d25d872580d02335,simple,C,un,typesafe/jev-1.13-20260917,2003/a/58/pv_1#15,A/58/PV.1,c6c86ad26e178923ab0ffb131735b49780887d57d5ad34ed0e4519721c8bcbc8,semantic,rank1,,,,,q_52fa3e20c3a4feebec9f72ae,,,3,0,0
c_instructions_b_criteria,C,C,B,2670f1f6da1a9bd3b737d84045db8d52b04a654289324230d25d872580d02335,simple,C,un,typesafe/jev-1.13-20260917,2007/cedaw/c/sr_770_b_#18,CEDAW/C/SR(770.B),0594c6ad9bb710bc2f07ddbcb8311219bb919ea31a02e2d2dc8b6ac0c97f1727,semantic,rank1,,,,,q_dd8ca0fc0f47f5ded3b9e2ea,,,2,0,0
c_instructions_b_criteria,C,C,B,2670f1f6da1a9bd3b737d84045db8d52b04a654289324230d25d872580d02335,simple,C,un,typesafe/jev-1.13-20260917,2002/a/c_4/57/sr_18#15,A/C.4/57/SR.18,2327166b13e0b7c5333fd51cdcefc8b3420345e4702079d0de92380dd96defff,semantic,rank1,,,,,q_0d733bba3398f68b2353bf48,,,3,0,0
c_instructions_b_criteria,C,C,B,2670f1f6da1a9bd3b737d84045db8d52b04a654289324230d25d872580d02335,simple,C,un,typesafe/jev-1.13-20260917,2007/cedaw/c/sr_778#5,CEDAW/C/SR.778,32ae72b2039daecf37fffa40736579bf742db7cbb7a9ae62d9016f96334c210a,semantic,rank1,,,,,q_158ef89e85a3a5964c941a08,,,2,0,0
c_instructions_b_criteria,C,C,B,2670f1f6da1a9bd3b737d84045db8d52b04a654289324230d25d872580d02335,simple,C,un,typesafe/jev-1.13-20260917,2000/cd/pv_841#11,CD/PV.841,422435bb86510249107b343c7475c53003f897022f9d84c2d633139fe4672a5f,semantic,rank1,,,,,q_63fb2a577b5a92b6ef303f3b,,,2,0,0
c_instructions_b_criteria,C,C,B,2670f1f6da1a9bd3b737d84045db8d52b04a654289324230d25d872580d02335,simple,C,un,typesafe/jev-1.13-20260917,1999/cedaw/c/sr_434#16,CEDAW/C/SR.434,785e41a3cc50a84ecf6589dbaf190cea61cbbf5237effd421a191c483a7180a1,semantic,rank1,,,,,q_cd056c9319ed38482bbf2f2b,,,3,0,0
c_instructions_b_criteria,C,C,B,2670f1f6da1a9bd3b737d84045db8d52b04a654289324230d25d872580d02335,simple,C,un,typesafe/jev-1.13-20260917,2009/a/ac_109/2009/sr_7#4,A/AC.109/2009/SR.7,b5b88d06464cea1dd4f7239aadb46cec2a1a0ffb1231b0a5cb0bf346e4c4d13b,semantic,rank1,,,,,q_7308d8d50a652a4e72775ceb,,,3,0,0
c_instructions_b_criteria,C,C,B,2670f1f6da1a9bd3b737d84045db8d52b04a654289324230d25d872580d02335,simple,C,un,typesafe/jev-1.13-20260917,2008/s/2008/774#11,S/2008/774,f9f99a0f9a013f1cf41edbc6d1112f60bd2536ba1a03709ba7deaea5eec134de,semantic,rank1,,,,,q_720a96817fb32ed3f76c1b5e,,,3,0,0
c_instructions_b_criteria,C,C,B,2670f1f6da1a9bd3b737d84045db8d52b04a654289324230d25d872580d02335,simple,C,un,typesafe/jev-1.13-20260917,2012/s/2012/718#7,S/2012/718,48e89b194844b33d11bf60085b6e32d956eb84da12ace06f14dfa129a89b220a,practitioner,rank1,,,,,q_002f5dc37c2a4b084e8a6bf8,,,3,0,0
c_instructions_b_criteria,C,C,B,2670f1f6da1a9bd3b737d84045db8d52b04a654289324230d25d872580d02335,simple,C,un,typesafe/jev-1.13-20260917,1998/s/1998/458#1,S/1998/458,43365dfcbfa025d97a704b902d887dd5d157eef62a29a9eca303e168786a2d0b,semantic,rank1,,,,,q_bed65ea8c9694f4c70a47ff0,,,3,0,0
c_instructions_b_criteria,C,C,B,2670f1f6da1a9bd3b737d84045db8d52b04a654289324230d25d872580d02335,simple,C,un,typesafe/jev-1.13-20260917,2004/s/2004/505#15,S/2004/505,a783b8a0f747a2cdeeae4dda34ba474edc0501ccabfac76a99ee91826f7ff824,lookup,rank1,,,,,q_371ab9efe4baaa62552ccfb8,,,3,0,0
c_instructions_b_criteria,C,C,B,2670f1f6da1a9bd3b737d84045db8d52b04a654289324230d25d872580d02335,simple,C,un,typesafe/jev-1.13-20260917,2004/s/2004/674#6,S/2004/674,42b50a3535dd82590ea4a8da31e5e3206770fd998819e6b2a96fa768d1b49d1f,semantic,rank1,,,,,q_7a45072688bbf44c4f18c7db,,,3,0,0
