corpus,target_id,document_id,symbol,title,is_meeting,stratum,document_text,all_eligible_modes_completed,oracle_best_score,oracle_modes,oracle_audit_clear_score,fact_pattern_score,fact_pattern_audit_clear_score,fact_pattern_status,lookup_score,lookup_audit_clear_score,lookup_status,generator_mode,generator_reason,generator_confidence,generator_decision_status,generator_selected_score,generator_matches_best,generator_score_regret,generator_utility,generator_audit_clear_utility,generator_selected_mode_unproductive,generator_missed_opportunity,jev_mode,jev_reason,jev_confidence,jev_decision_status,jev_selected_score,jev_matches_best,jev_score_regret,jev_utility,jev_audit_clear_utility,jev_selected_mode_unproductive,jev_missed_opportunity,deciders_agree,practitioner_score,practitioner_audit_clear_score,practitioner_status,semantic_score,semantic_audit_clear_score,semantic_status
eurlex,http://data.europa.eu/eli/reg/2009/663/art_11/oj,32009R0663,32009R0663,Regulation (EC) No 663/2009 of the European Parliament and of the Council of 13 July 2009 establishing a programme to aid economic recovery by granting Community financial assistance to projects in the field of energy,False,no_refs,"Member States’ financial responsibilities

1. Member States shall undertake the technical monitoring and financial control of projects in close cooperation with the Commission and shall certify the amount and the conformity with this Regulation of the expenditure incurred in respect of projects or parts of projects. Member States may request the participation of the Commission during on-the-spot checks.

2. Member States shall inform the Commission of the measures taken under paragraph 1 and, in particular, shall supply a description of the control, management and monitoring systems established to ensure that projects are successfully completed.",True,35,lookup,35,33,33,completed,35,35,completed,fact_pattern,"The article governs concrete Member State monitoring, financial control, certification, and reporting duties for energy infrastructure projects, which fit a case-specific compliance scenario.",,completed,33,False,2,33,33,False,False,lookup,,0.92,completed,35,True,0,35,35,False,False,False,,,,,,
eurlex,http://data.europa.eu/eli/reg/2012/1219/art_13/oj,32012R1219,32012R1219,Regulation (EU) No 1219/2012 of the European Parliament and of the Council of 12 December 2012 establishing transitional arrangements for bilateral investment agreements between Member States and third countries,False,no_refs,"Conduct of Member States with regard to a bilateral investment agreement with a third country

Where a bilateral investment agreement falls within the scope of this Regulation, the Member State concerned shall:

(a)
inform the Commission without undue delay of all meetings which will take place under the provisions of the agreement. The Commission shall be provided with the agenda and all relevant information permitting an understanding of the topics to be discussed at those meetings. The Commission may request further information from the Member State concerned. Where an issue to be discussed might affect the implementation of the Union’s policies relating to investment, including in particular the common commercial policy, the Commission may require the Member State concerned to take a particular position;

(b)
inform the Commission without undue delay of any representations made to it that a particular measure is inconsistent with the agreement. The Member State shall also immediately inform the Commission of any request for dispute settlement lodged under the auspices of the bilateral investment agreement as soon as the Member State becomes aware of such a request. The Member State and the Commission shall fully cooperate and take all necessary measures to ensure an effective defence which may include, where appropriate, the participation in the procedure by the Commission;

(c)
seek the agreement of the Commission before activating any relevant mechanisms for dispute settlement against a third country included in the bilateral investment agreement and shall, where requested by the Commission, activate such mechanisms. Those mechanisms shall include consultations with the other party to a bilateral investment agreement and dispute settlement where provided for in the agreement. The Member State and the Commission shall fully cooperate in the conduct of procedures within the relevant mechanisms, which may include, where appropriate, the participation in the relevant procedures by the Commission.",True,35,lookup,35,33,33,completed,35,35,completed,fact_pattern,"The article sets out concrete notification, cooperation, and Commission-agreement duties triggered by specific events involving a Member State’s bilateral investment agreement.",,completed,33,False,2,33,33,False,False,lookup,,0.77,completed,35,True,0,35,35,False,False,False,,,,,,
eurlex,http://data.europa.eu/eli/reg/2013/1305/art_1/oj,32013R1305,32013R1305,Regulation (EU) No 1305/2013 of the European Parliament and of the Council of 17 December 2013 on support for rural development by the European Agricultural Fund for Rural Development (EAFRD) and repealing Council Regulation (EC) No 1698/2005,False,no_refs,"Subject matter

1. This Regulation lays down general rules governing Union support for rural development, financed by the European Agricultural Fund for Rural Development (""the EAFRD"") and established by Regulation (EU) No 1306/2013. It sets out the objectives to which rural development policy is to contribute and the relevant Union priorities for rural development. It outlines the strategic context for rural development policy and defines the measures to be adopted in order to implement rural development policy. In addition, it lays down rules on programming, networking, management, monitoring and evaluation on the basis of responsibilities shared between the Member States and the Commission and rules to ensure coordination of the EAFRD with other Union instruments.

2. This Regulation complements the provisions of Part Two of Regulation (EU) No 1303/2013 of the European Parliament and the Council.",True,29,fact_pattern,,29,,completed,,,no_candidates,lookup,"The article sets out the Regulation’s scope, objectives, policy framework, implementation measures, and coordination rules, making a direct legal lookup more natural than a case-based question.",,completed,,False,,0,0,True,False,lookup,,0.77,completed,,False,,0,0,True,False,True,,,,,,
eurlex,http://data.europa.eu/eli/reg/2009/470/art_5/oj,32009R0470,32009R0470,"Regulation (EC) No 470/2009 of the European Parliament and of the Council of 6 May 2009 laying down Community procedures for the establishment of residue limits of pharmacologically active substances in foodstuffs of animal origin, repealing Council Regulation (EEC) No 2377/90 and amending Directive 2001/82/EC of the European Parliament and of the Council and Regulation (EC) No 726/2004 of the European Parliament and of the Council (Text with EEA relevance)",False,no_refs,"Extrapolation
With a view to ensuring the availability of authorised veterinary medicinal products for conditions affecting food-producing animals, the Agency, while ensuring a high level of protection of human health, shall, when carrying out scientific risk assessments and when drawing up risk management recommendations, consider using maximum residue limits established for a pharmacologically active substance in a particular foodstuff for another foodstuff derived from the same species, or maximum residue limits established for a pharmacologically active substance in one or more species for other species.",True,34,lookup,34,31,31,completed,34,34,completed,fact_pattern,The article addresses a concrete risk-assessment situation involving an established residue limit in one foodstuff or species and its possible use for another.,,completed,31,False,3,31,31,False,False,lookup,,0.77,completed,34,True,0,34,34,False,False,False,,,,,,
eurlex,http://data.europa.eu/eli/dir/2014/25/art_28/oj,32014L0025,32014L0025,"Directive 2014/25/EU of the European Parliament and of the Council of 26 February 2014 on procurement by entities operating in the water, energy, transport and postal services sectors and repealing Directive 2004/17/EC (Text with EEA relevance)",False,no_refs,"Contracts between contracting authorities

1. A contract awarded by a contracting authority to a legal person governed by private or public law shall fall outside the scope of this Directive where all of the following conditions are fulfilled:

(a)
the contracting authority exercises over the legal person concerned a control which is similar to that which it exercises over its own departments;

(b)
more than 80 % of the activities of the controlled legal person are carried out in the performance of tasks entrusted to it by the controlling contracting authority or by other legal persons controlled by that contracting authority;

(c)
there is no direct private capital participation in the controlled legal person with the exception of non-controlling and non-blocking forms of private capital participation required by national legislative provisions, in conformity with the Treaties, which do not exert a decisive influence on the controlled legal person.

A contracting authority shall be deemed to exercise over a legal person a control similar to that which it exercises over its own departments within the meaning of point (a) of the first subparagraph where it exercises a decisive influence over both strategic objectives and significant decisions of the controlled legal person. Such control may also be exercised by another legal person, which is itself controlled in the same way by the contracting authority.
2. Paragraph 1 also applies where a controlled person which is a contracting authority awards a contract to its controlling contracting authority, or to another legal person controlled by the same contracting authority, provided that there is no direct private capital participation in the legal person being awarded the public contract with the exception of non-controlling and non-blocking forms of private capital participation required by national legislative provisions, in conformity with the Treaties, which do not exert a decisive influence on the controlled legal person.

3. A contracting authority, which does not exercise over a legal person governed by private or public law control within the meaning of paragraph 1, may nevertheless award a contract to that legal person without applying this Directive, where all of the following conditions are fulfilled:

(a)
the contracting authority exercises jointly with other contracting authorities a control over that legal person which is similar to that which they exercise over their own departments;

(b)
more than 80 % of the activities of that legal person are carried out in the performance of tasks entrusted to it by the controlling contracting authorities or by other legal persons controlled by the same contracting authorities; and

(c)
there is no direct private capital participation in the controlled legal person with the exception of non-controlling and non-blocking forms of private capital participation required by national legislative provisions, in conformity with the Treaties, which do not exert a decisive influence on the controlled legal person.

For the purposes of point (a) of the first subparagraph, contracting authorities shall be deemed to exercise joint control over a legal person where all of the following conditions are fulfilled:

(i)
the decision-making bodies of the controlled legal person are composed of representatives of all participating contracting authorities. Individual representatives may represent several or all of the participating contracting authorities;

(ii)
those contracting authorities are able to jointly exert decisive influence over the strategic objectives and significant decisions of the controlled legal person; and

(iii)
the controlled legal person does not pursue any interests which are contrary to those of the controlling contracting authorities.

4. A contract concluded exclusively between two or more contracting authorities shall fall outside the scope of this Directive, where all of the following conditions are met:

(a)
the contract establishes or implements a cooperation between the participating contracting authorities with the aim of ensuring that public services they have to perform are provided with a view to achieving objectives they have in common;

(b)
the implementation of that cooperation is governed solely by considerations relating to the public interest; and

(c)
the participating contracting authorities perform on the open market less than 20 % of the activities concerned by the cooperation.

5. For the determination of the percentage of activities referred to in point (b) of the first subparagraph of paragraph 1, point (b) of the first subparagraph of paragraph 3 and point (c) of paragraph 4, the average total turnover, or an appropriate alternative activity based measure such as costs incurred by the relevant legal person with respect to services, supplies and works for the three years preceding the contract award shall be taken into consideration.Where, because of the date on which the relevant legal person was created or commenced activities or because of a reorganisation of its activities, the turnover, or alternative activity based measure such as costs, are either not available for the preceding three years or no longer relevant, it shall be sufficient to show that the measurement of activity is credible, particularly by means of business projections.",True,33,fact_pattern,33,33,33,completed,32,32,completed,fact_pattern,"The article sets out multi-factor exemptions for contracts between contracting authorities, which are naturally assessed through concrete cases involving control, activity percentages, private capital, and public-interest cooperation.",,completed,33,True,0,33,33,False,False,fact_pattern,,0.36,completed,33,True,0,33,33,False,False,True,,,,,,
eurlex,http://data.europa.eu/eli/reg_del/2013/153/art_18/oj,32013R0153,32013R0153,Commission Delegated Regulation (EU) No 153/2013 of 19 December 2012 supplementing Regulation (EU) No 648/2012 of the European Parliament and of the Council with regard to regulatory technical standards on requirements for central counterparties (Text with EEA relevance),False,no_refs,"Business impact analysis

1. A CCP shall conduct a business impact analysis which is designed to identify the business functions which are critical to ensure the services of the CCP. The criticality of these functions to other institutions and functions in the financial infrastructure shall be part of the analysis.

2. A CCP shall use scenario based risk analysis which is designed to identify how various scenarios affect the risks to its critical business functions.

3. In assessing risks, a CCP shall take into account dependencies on external providers, including utilities services. A CCP shall take action to manage such dependencies through appropriate contractual and organisational arrangements.

4. Business impact analysis and scenario analysis shall be kept up to date, shall be reviewed at least on an annual basis and following an incident or significant organisational changes. The analyses shall take into account all relevant developments, including market and technology developments.",True,38,lookup,38,34,34,completed,38,38,completed,fact_pattern,"The article sets concrete business-continuity duties for a CCP based on its critical functions, risk scenarios, external dependencies, and review-triggering events.",,completed,34,False,4,34,34,False,False,lookup,,0.9,completed,38,True,0,38,38,False,False,False,,,,,,
eurlex,http://data.europa.eu/eli/reg/2010/407/art_9/oj,32010R0407,32010R0407,Council Regulation (EU) No 407/2010 of 11 May 2010 establishing a European financial stabilisation mechanism,False,no_refs,"Review and adaptation

1. The Commission shall forward to the Economic and Financial Committee and to the Council, within six months following the entry into force of this Regulation and where appropriate every six months thereafter, a report on the implementation of this Regulation and on the continuation of the exceptional occurrences that justify the adoption of this Regulation.

2. Where appropriate, the report shall be accompanied by a proposal for amendments to this Regulation with a view to adapting the possibility of granting financial assistance without affecting the validity of decisions already adopted.",True,,,,,,no_candidates,,,no_candidates,lookup,"The article sets out a specific Commission reporting obligation, recipients, timing, and possible amendment procedure, making a direct legal lookup the natural fit.",,completed,,,,0,0,False,False,lookup,,0.5,completed,,,,0,0,False,False,True,,,,,,
eurlex,http://data.europa.eu/eli/reg/2013/1303/art_123/oj,32013R1303,32013R1303,"Regulation (EU) No 1303/2013 of the European Parliament and of the Council of 17 December 2013 laying down common provisions on the European Regional Development Fund, the European Social Fund, the Cohesion Fund, the European Agricultural Fund for Rural Development and the European Maritime and Fisheries Fund and laying down general provisions on the European Regional Development Fund, the European Social Fund, the Cohesion Fund and the European Maritime and Fisheries Fund and repealing Council Regulation (EC) No 1083/2006",False,no_refs,"Designation of authorities

1. Each Member State shall designate, for each operational programme, a national, regional or local public authority or body or a private body as managing authority. The same managing authority may be designated for more than one operational programme.

2. The Member State shall designate, for each operational programme, a national, regional or local public authority or body as a certifying authority, without prejudice to paragraph 3. The same certifying authority may be designated for more than one operational programme.

3. The Member State may designate for an operational programme a managing authority, which is a public authority or body, to carry out, in addition, the functions of the certifying authority.

4. The Member State shall designate, for each operational programme, a national, regional or local public authority or body, functionally independent from the managing authority and the certifying authority, as audit authority. The same audit authority may be designated for more than one operational programme.

5. In the case of the Funds relating to the Investment for growth and jobs goal and in the case of the EMFF, provided that the principle of separation of functions is respected, the managing authority, the certifying authority, where applicable, and the audit authority may be part of the same public authority or body.Where the total amount of support from the Funds to an operational programme exceeds EUR 250000000 or from the EMFF exceeds EUR 100000000, the audit authority may be part of the same public authority or body as the managing authority either if, pursuant to the applicable provisions for the previous programming period, the Commission has informed the Member State prior to the date of adoption of the operational programme concerned of its conclusion that it can rely principally on its audit opinion, or if the Commission is satisfied on the basis of the experience of the previous programming period that the institutional organisation and accountability of the audit authority provide adequate guarantees of its functional independence and reliability.

6. The Member State may designate one or more intermediate bodies to carry out certain tasks of the managing or the certifying authority under the responsibility of that authority. The relevant arrangements between the managing authority or certifying authority and the intermediate bodies shall be formally recorded in writing.

7. The Member State or the managing authority may entrust the management of part of an operational programme to an intermediate body by way of an agreement in writing between the intermediate body and the Member State or managing authority (a 'global grant'). The intermediate body shall provide guarantees of its solvency and competence in the domain concerned, as well as of its administrative and financial management capacity.

8. The Member State may, at its own initiative, designate a coordinating body whose responsibility shall be to liaise with and provide information to the Commission, to coordinate activities of the other relevant designated bodies and to promote the harmonised application of applicable law.

9. The Member State shall lay down in writing rules governing its relationship with the managing authorities, certifying authorities and audit authorities, the relations between such authorities, and the relationship of such authorities with the Commission.",True,37,lookup,37,32,32,completed,37,37,completed,fact_pattern,"The article sets concrete designation, independence, delegation, and threshold conditions that naturally apply to operational-programme scenarios involving Member States and authorities.",,completed,32,False,5,32,32,False,False,lookup,,0.86,completed,37,True,0,37,37,False,False,False,,,,,,
eurlex,http://data.europa.eu/eli/reg/2012/1151/art_9/oj,32012R1151,32012R1151,Regulation (EU) No 1151/2012 of the European Parliament and of the Council of 21 November 2012 on quality schemes for agricultural products and foodstuffs,False,no_refs,"Transitional national protection
A Member State may, on a transitional basis only, grant protection to a name under this Regulation at national level, with effect from the date on which an application is lodged with the Commission.Such national protection shall cease on the date on which either a decision on registration under this Regulation is taken or the application is withdrawn.Where a name is not registered under this Regulation, the consequences of such national protection shall be the sole responsibility of the Member State concerned.The measures taken by Member States under the first paragraph shall produce effects at national level only, and they shall have no effect on intra-Union or international trade.",True,38,lookup,38,34,34,completed,38,38,completed,fact_pattern,"The article governs a concrete national authority’s temporary protection of a product name after an EU registration application, including its duration, responsibility, and territorial effects.",,completed,34,False,4,34,34,False,False,lookup,,0.75,completed,38,True,0,38,38,False,False,False,,,,,,
eurlex,http://data.europa.eu/eli/reg/2009/1071/art_2/oj,32009R1071,32009R1071,Regulation (EC) No 1071/2009 of the European Parliament and of the Council of 21 October 2009 establishing common rules concerning the conditions to be complied with to pursue the occupation of road transport operator and repealing Council Directive 96/26/EC (Text with EEA relevance),False,no_refs,"Definitions

For the purposes of this Regulation:

1.
‘the occupation of road haulage operator’ means the activity of any undertaking transporting goods for hire or reward by means either of motor vehicles or combinations of vehicles;

2.
‘the occupation of road passenger transport operator’ means the activity of any undertaking operating, by means of motor vehicles so constructed and equipped as to be suitable for carrying more than nine persons, including the driver, and intended for that purpose, passenger transport services for the public or for specific categories of users in return for payment by the person transported or by the transport organiser;

3.
‘the occupation of road transport operator’ means the occupation of road passenger transport operator or the occupation of road haulage operator;

4.
‘undertaking’ means any natural person, any legal person, whether profit-making or not, any association or group of persons without legal personality, whether profit-making or not, or any official body, whether having its own legal personality or being dependent upon an authority having such personality, engaged in the transport of passengers, or any natural or legal person engaged in the transport of freight with a commercial purpose;

5.
‘transport manager’ means a natural person employed by an undertaking or, if that undertaking is a natural person, that person or, where provided for, another natural person designated by that undertaking by means of a contract, who effectively and continuously manages the transport activities of that undertaking;

6.
‘authorisation to pursue the occupation of road transport operator’ means an administrative decision which authorises an undertaking which satisfies the conditions laid down in this Regulation to pursue the occupation of road transport operator;

7.
‘competent authority’ means a national, regional or local authority in a Member State which, for the purpose of authorising the pursuit of the occupation of road transport operator, verifies whether an undertaking satisfies the conditions laid down in this Regulation, and which is empowered to grant, suspend or withdraw an authorisation to pursue the occupation of road transport operator;

8.
‘Member State of establishment’ means the Member State in which an undertaking is established, regardless of whether its transport manager originates from another country.",True,34,lookup,34,29,29,completed,34,34,completed,lookup,"The article establishes multiple defined legal terms, making direct requests for their meanings and scope more natural than case-based questions.",,completed,34,True,0,34,34,False,False,lookup,,0.95,completed,34,True,0,34,34,False,False,True,,,,,,
eurlex,http://data.europa.eu/eli/dir/2013/59/art_56/oj,32013L0059,32013L0059,"Council Directive 2013/59/ Euratom of 5 December 2013 laying down basic safety standards for protection against the dangers arising from exposure to ionising radiation, and repealing Directives 89/618/Euratom, 90/641/Euratom, 96/29/Euratom, 97/43/Euratom and 2003/122/Euratom",False,no_refs,"Optimisation

1. Member States shall ensure that all doses due to medical exposure for radiodiagnostic, interventional radiology, planning, guiding and verification purposes are kept as low as reasonably achievable consistent with obtaining the required medical information, taking into account economic and societal factors.For all medical exposure of patients for radiotherapeutic purposes, exposures of target volumes shall be individually planned and their delivery appropriately verified taking into account that doses to non-target volumes and tissues shall be as low as reasonably achievable and consistent with the intended radiotherapeutic purpose of the exposure.

2. Member States shall ensure the establishment, regular review and use of diagnostic reference levels for radiodiagnostic examinations, having regard to the recommended European diagnostic reference levels where available, and where appropriate, for interventional radiology procedures, and the availability of guidance for this purpose.

3. Member States shall ensure that for each medical or biomedical research project involving medical exposure:

(a)
the individuals concerned participate voluntarily;

(b)
these individuals are informed about the risks of exposure;

(c)
a dose constraint is established for individuals for whom no direct medical benefit is expected from exposure;

(d)
in the case of patients who voluntarily accept to undergo an experimental medical practice and who are expected to receive a diagnostic or therapeutic benefit from this practice, the dose levels concerned shall be considered on an individual basis by the practitioner and/or referrer prior to the exposure taking place.

4. Member States shall ensure that the optimisation includes the selection of equipment, the consistent production of adequate diagnostic information or therapeutic outcomes, the practical aspects of medical radiological procedures, quality assurance, and the assessment and evaluation of patient doses or the verification of administered activities, taking into account economic and societal factors.

5. Member States shall ensure that:

(a)
dose constraints are established for the exposure of carers and comforters, where appropriate;

(b)
appropriate guidance is established for the exposure of carers and comforters.

6. Member States shall ensure that in the case of a patient undergoing treatment or diagnosis with radionuclides, the practitioner or the undertaking, as specified by Member States, provides the patient or their representative with information on the risks of ionising radiation and appropriate instructions with a view to restricting doses to persons in contact with the patient as far as reasonably achievable. For therapeutic procedures these shall be written instructions.These instructions shall be handed out before leaving the hospital or clinic or a similar institution.",True,36,lookup,36,34,34,completed,36,36,completed,fact_pattern,"The article sets detailed optimisation, information, dose-constraint, and instruction duties that naturally apply to concrete medical exposure and research scenarios.",,completed,34,False,2,34,34,False,False,lookup,,0.62,completed,36,True,0,36,36,False,False,False,,,,,,
eurlex,http://data.europa.eu/eli/reg/2013/1315/art_46/oj,32013R1315,32013R1315,Regulation (EU) No 1315/2013 of the European Parliament and of the Council of 11 December 2013 on Union guidelines for the development of the trans-European transport network and repealing Decision No 661/2010/EU (Text with EEA relevance),False,no_refs,"Governance of core network corridors

1. For each core network corridor, the relevant European Coordinator shall be assisted in the performance of his/her tasks concerning the work plan and its implementation by a secretariat and by a consultative forum (the Corridor Forum). In agreement with the Member States concerned, the Corridor Forum shall be established and chaired by the European Coordinator. The Member States concerned shall agree on the membership of the Corridor Forum for their part of the core network corridor.

2. With the agreement of the Member States concerned, the Coordinator may set up and chair corridor working groups which focus on:

(a)
modal integration,

(b)
interoperability,

(c)
the coordinated development of infrastructure in cross-border sections.",True,34,fact_pattern|lookup,34,34,34,completed,34,34,completed,fact_pattern,"The article sets concrete governance conditions involving a European Coordinator, Member States, a corridor forum, and working groups focused on specified coordination topics.",,completed,34,True,0,34,34,False,False,lookup,,0.97,completed,34,True,0,34,34,False,False,False,,,,,,
eurlex,http://data.europa.eu/eli/dir/2007/5/art_2/oj,32007L0005,32007L0005,"Commission Directive 2007/5/EC of 7 February 2007 amending Council Directive 91/414/EEC to include captan, folpet, formetanate and methiocarb as active substances (Text with EEA relevance)",False,no_refs,"Member States shall adopt and publish by 31 March 2008 at the latest the laws, regulations and administrative provisions necessary to comply with this Directive. They shall forthwith communicate to the Commission the text of those provisions and a correlation table between those provisions and this Directive.They shall apply those provisions from 1 April 2008.When Member States adopt those provisions, they shall contain a reference to this Directive or be accompanied by such a reference on the occasion of their official publication. Member States shall determine how such reference is to be made.",True,,,,,,no_candidates,,,no_candidates,skip,"The article contains only standard transposition, notification, application, and publication-reference requirements.",,completed,,,,0,0,False,False,skip,,0.54,completed,,,,0,0,False,False,True,,,,,,
eurlex,http://data.europa.eu/eli/reg/2004/796/art_68/oj,32004R0796,32004R0796,"Commission Regulation (EC) No 796/2004 of 21 april 2004 laying down detailed rules for the implementation of cross-compliance, modulation and the integrated administration and control system provided for in of Council Regulation (EC) No 1782/2003 establishing common rules for direct support schemes under the common agricultural policy and establishing certain support schemes for farmers",False,no_refs,"Exceptions from the application of reductions and exclusions

1. The reductions and exclusions provided for in Chapter I shall not apply where the farmer submitted factually correct information or where he can show otherwise that he is not at fault.

2. The reductions and exclusions provided for in Chapter I shall not apply with regard to the parts of the aid application as to which the farmer informs the competent authority in writing that the aid application is incorrect or has become incorrect since it was lodged, provided that the farmer has not been informed of the competent authority's intention to carry out an on-the-spot check and that the authority has not already informed the farmer of any irregularity in the application.The information given by the farmer as referred to in the first subparagraph shall have the effect that the aid application is adjusted to the actual situation.",True,32,fact_pattern|lookup,32,32,,completed,32,32,completed,fact_pattern,"The article turns on concrete facts about a farmer’s application, knowledge of an error, and notice of checks or irregularities to determine whether reductions or exclusions apply.",,completed,32,True,0,32,0,False,False,fact_pattern,,0.41,completed,32,True,0,32,0,False,False,True,,,,,,
eurlex,http://data.europa.eu/eli/reg/2013/952/art_6/oj,32013R0952,32013R0952,Regulation (EU) No 952/2013 of the European Parliament and of the Council of 9 October 2013 laying down the Union Customs Code (recast),False,no_refs,"Means for the exchange and storage of information and common data requirements

1. All exchanges of information, such as declarations, applications or decisions, between customs authorities and between economic operators and customs authorities, and the storage of such information, as required under the customs legislation, shall be made using electronic data-processing techniques.

2. Common data requirements shall be drawn up for the purpose of the exchange and storage of information referred to in paragraph 1.

3. Means for the exchange and storage of information, other than the electronic data-processing techniques referred to in paragraph 1, may be used as follows:

(a)
on a permanent basis where duly justified by the type of traffic or where the use of electronic data-processing techniques is not appropriate for the customs formalities concerned;

(b)
on a temporary basis, in the event of a temporary failure of the computerised system of the customs authorities or of the economic operators.

4. By way of derogation from paragraph 1, the Commission may adopt in exceptional cases decisions allowing one or several Member States to use means for the exchange and storage of information other than electronic data-processing techniques.Such a decision on a derogation shall be justified by the specific situation of the Member State requesting it and the derogation shall be granted for a specific period of time. The derogation shall be reviewed periodically and may be extended for further specific periods of time upon further application by the Member State to which it is addressed. It shall be revoked where no longer justified.The derogation shall not affect the exchange of information between the Member State to which it is addressed and other Member States nor the exchange and storage of information in other Member States for the purpose of the application of the customs legislation.",True,35,lookup,35,33,33,completed,35,35,completed,fact_pattern,The article sets default electronic-information requirements and situation-specific exceptions that are naturally tested through concrete customs filing and system-failure scenarios.,,completed,33,False,2,33,33,False,False,lookup,,0.73,completed,35,True,0,35,35,False,False,False,,,,,,
eurlex,http://data.europa.eu/eli/dir/2010/13/art_13/oj,32010L0013,32010L0013,"Directive 2010/13/EU of the European Parliament and of the Council of 10 March 2010 on the coordination of certain provisions laid down by law, regulation or administrative action in Member States concerning the provision of audiovisual media services (Audiovisual Media Services Directive) (codified version) (Text with EEA relevance)",False,no_refs,"1. Member States shall ensure that on-demand audiovisual media services provided by media service providers under their jurisdiction promote, where practicable and by appropriate means, the production of and access to European works. Such promotion could relate, inter alia, to the financial contribution made by such services to the production and rights acquisition of European works or to the share and/or prominence of European works in the catalogue of programmes offered by the on-demand audiovisual media service.

2. Member States shall report to the Commission no later than 19 December 2011 and every 4 years thereafter on the implementation of paragraph 1.

3. The Commission shall, on the basis of the information provided by Member States and of an independent study, report to the European Parliament and to the Council on the application of paragraph 1, taking into account the market and technological developments and the objective of cultural diversity.",True,35,lookup,35,33,33,completed,35,35,completed,fact_pattern,"The article governs how Member States must address on-demand audiovisual services and their promotion of European works, which naturally lends itself to concrete provider and reporting scenarios.",,completed,33,False,2,33,33,False,False,lookup,,0.91,completed,35,True,0,35,35,False,False,False,,,,,,
eurlex,http://data.europa.eu/eli/reg/2010/113/art_6/oj,32010R0113,32010R0113,"Commission Regulation (EU) No 113/2010 of 9 February 2010 implementing Regulation (EC) No 471/2009 of the European Parliament and of the Council on Community statistics relating to external trade with non-member countries, as regards trade coverage, definition of the data, compilation of statistics on trade by business characteristics and by invoicing currency, and specific goods or movements (Text with EEA relevance)",False,no_refs,"Importing and exporting Member States

1. The data on the importing or exporting Member States shall be coded in accordance with the nomenclature of countries and territories for the external trade statistics of the European Union and statistics of trade between Member States as laid down by the Commission, hereinafter referred to as the ‘Geonomenclature’.

2. The data on the Member State where the customs declaration is lodged shall indicate the Member State with whose customs administration the customs declaration is lodged, or if a simplified procedure as defined in the Customs Code is used, to whose customs administration the supplementary declaration is submitted, including, if allowed by the customs authorities, the respective entry in the declarant’s records.

3. On import, the data on the Member State of destination shall indicate the Member State to which it is known, at the time of release into the customs procedure, that the goods will be dispatched without any commercial transactions or other operations which change the legal status of the goods taking place in any intermediate Member State.Failing that, the data shall indicate the Member State where the goods are located at the time of release into the customs procedure.Where goods are imported with a view to processing under customs supervision, the Member State of destination shall be the Member State where the first processing activity is carried out.

4. On export, the data on the Member State of actual export shall indicate the Member State from which it is known, at the time of release into the customs procedure, the goods are dispatched without any commercial transaction or other operations which change the legal status of the goods taking place in any intermediate Member State before release into the customs procedure.Where goods are exported following processing under customs supervision, the Member State where the last processing activity was carried out shall be the Member State of actual export.",True,36,lookup,36,30,30,completed,36,36,completed,fact_pattern,"The article applies detailed Member State coding and destination or export rules to concrete import, export, customs-declaration, and processing situations.",,completed,30,False,6,30,30,False,False,lookup,,0.76,completed,36,True,0,36,36,False,False,False,,,,,,
eurlex,http://data.europa.eu/eli/reg_del/2013/885/art_2/oj,32013R0885,32013R0885,Commission Delegated Regulation (EU) No 885/2013 of 15 May 2013 supplementing ITS Directive 2010/40/EU of the European Parliament and of the Council with regard to the provision of information services for safe and secure parking places for trucks and commercial vehicles (Text with EEA relevance),False,no_refs,"Definitions

For the purposes of this Regulation the following definitions shall apply:

(1)
‘safe and secure parking place’ means a parking place for commercial users allowing them to avoid unsuitable parking and contributing to safety of drivers and freight;

(2)
‘user’ means any truck or commercial vehicle driver, dispatcher, haulier, traffic management body, or any other body such as cargo owners, insurance companies, road authorities, and police forces. They should obtain the information from the service providers;

(3)
‘service provider’ means any public or private body that provides the information service to users;

(4)
‘data’ means information provided by a truck parking operator which describes the truck parking area;

(5)
‘information’ means any aggregated, processed and/or extracted data, offered by the service provider to the users through different channels;

(6)
‘information service’ means any service which provides guidance to its users, allowing them to comply with mandatory rest periods and breaks, to reduce unsuitable parking and optimise the use of parking places;

(7)
‘feedback from the users’ means information provided by users of the parking places, giving personal and anonymous advice to other future users and to truck parking area operators;

(8)
‘dynamic information’ means information indicating, at any given time, the available parking capacity available in a parking area or its current status (free/full/closed) of a parking area;

(9)
‘static information’ means information provided by the parking area operator relating to the description of the parking area;

(10)
‘reliability of information’ refers to the accuracy of the information service provided in comparison to the real situation;

(11)
‘unsuitable parking’ means stopping or parking of heavy goods vehicles outside of safe and secure parking places on motorways or corridors, on hard shoulders, or inside overcrowded parking places;

(12)
‘access point’ means a digital point of access where the information on parking places is collected, processed, and made available to be disseminated. These points of access will provide the possibility to disseminate the information services across borders;

(13)
‘priority zone’ means a section, as defined by the national authorities, where there is a shortage of spaces at one or several safe and secure parking places, which can be alleviated by providing information on other unused parking capacities in the same zone.",True,37,lookup,37,35,35,completed,37,37,completed,lookup,"The article establishes multiple legal definitions, making direct requests for the meaning and scope of specific terms the most natural fit.",,completed,37,True,0,37,37,False,False,lookup,,0.97,completed,37,True,0,37,37,False,False,True,,,,,,
eurlex,http://data.europa.eu/eli/reg_impl/2011/1034/art_8/oj,32011R1034,32011R1034,Commission Implementing Regulation (EU) No 1034/2011 of 17 October 2011 on safety oversight in air traffic management and air navigation services and amending Regulation (EU) No 691/2010 (Text with EEA relevance),False,no_refs,"Corrective actions

1. Competent authorities shall communicate the audit findings to audited organisations and shall simultaneously request corrective actions to address the non-conformities identified without prejudice to any additional action required by the applicable safety regulatory requirements.

2. Audited organisations shall determine the corrective actions deemed necessary to correct non-conformities and the time frame for their implementation.

3. Competent authorities shall assess the corrective actions as well as their implementation as determined by audited organisations and accept them if the assessment concludes that they are sufficient to address the non-conformities.

4. Audited organisations shall initiate the corrective actions accepted by competent authorities. These corrective actions and the subsequent follow-up process shall be completed within the time period accepted by competent authorities.",True,35,lookup,35,34,34,completed,35,35,completed,fact_pattern,"The article governs a concrete audit scenario involving an audited organisation, identified non-conformities, corrective actions, authority assessment, and an accepted implementation timeframe.",,completed,34,False,1,34,34,False,False,lookup,,0.8,completed,35,True,0,35,35,False,False,False,,,,,,
eurlex,http://data.europa.eu/eli/dir/2014/104/art_1/oj,32014L0104,32014L0104,Directive 2014/104/EU of the European Parliament and of the Council of 26 November 2014 on certain rules governing actions for damages under national law for infringements of the competition law provisions of the Member States and of the European Union (Text with EEA relevance),False,no_refs,"Subject matter and scope

1. This Directive sets out certain rules necessary to ensure that anyone who has suffered harm caused by an infringement of competition law by an undertaking or by an association of undertakings can effectively exercise the right to claim full compensation for that harm from that undertaking or association. It sets out rules fostering undistorted competition in the internal market and removing obstacles to its proper functioning, by ensuring equivalent protection throughout the Union for anyone who has suffered such harm.

2. This Directive sets out rules coordinating the enforcement of the competition rules by competition authorities and the enforcement of those rules in damages actions before national courts.",True,34,lookup,34,28,,completed,34,34,completed,fact_pattern,The article naturally supports concrete cases involving harm from a competition-law infringement and a claimant seeking full compensation from an undertaking or association.,,completed,28,False,6,28,0,False,False,lookup,,0.79,completed,34,True,0,34,34,False,False,False,,,,,,
eurlex,http://data.europa.eu/eli/reg/2007/1566/art_13/oj,32007R1566,32007R1566,Commission Regulation (EC) No 1566/2007 of 21 December 2007 laying down detailed rules for the implementation of Council Regulation (EC) No 1966/2006 on electronic recording and reporting of fishing activities and on means of remote sensing,False,no_refs,"Data on the functioning of the electronic reporting system

1. Member States shall maintain databases on the functioning of their electronic reporting system. They shall contain at least the following information:

(a)
the list of fishing vessels flying their flag whose electronic reporting systems have experienced technical failure or have failed to function;

(b)
the number of electronic logbook transmissions received per day and the average number of transmissions received per vessel, broken down by flag Member State;

(c)
the number of landing declaration, transhipment declaration, takeover declaration and sales note transmissions received, broken down by flag State.

2. Summaries of information on the functioning of Member States’ electronic reporting systems shall be sent to the Commission on its request in a format and at time intervals to be decided in consultation between Member States and the Commission.",True,32,fact_pattern|lookup,32,32,32,completed,32,32,completed,lookup,The article sets out specific database content and Commission-reporting requirements that are most naturally sought as direct points of law.,,completed,32,True,0,32,32,False,False,lookup,,0.98,completed,32,True,0,32,32,False,False,True,,,,,,
eurlex,http://data.europa.eu/eli/reg/2009/987/art_11/oj,32009R0987,32009R0987,Regulation (EC) No 987/2009 of the European Parliament and of the Council of 16 September 2009 laying down the procedure for implementing Regulation (EC) No 883/2004 on the coordination of social security systems (Text with relevance for the EEA and for Switzerland),False,no_refs,"Elements for determining residence

1. Where there is a difference of views between the institutions of two or more Member States about the determination of the residence of a person to whom the basic Regulation applies, these institutions shall establish by common agreement the centre of interests of the person concerned, based on an overall assessment of all available information relating to relevant facts, which may include, as appropriate:

(a)
the duration and continuity of presence on the territory of the Member States concerned;

(b)
the person’s situation, including:

(i)
the nature and the specific characteristics of any activity pursued, in particular the place where such activity is habitually pursued, the stability of the activity, and the duration of any work contract;

(ii)
his family status and family ties;

(iii)
the exercise of any non-remunerated activity;

(iv)
in the case of students, the source of their income;

(v)
his housing situation, in particular how permanent it is;

(vi)
the Member State in which the person is deemed to reside for taxation purposes.

2. Where the consideration of the various criteria based on relevant facts as set out in paragraph 1 does not lead to agreement between the institutions concerned, the person’s intention, as it appears from such facts and circumstances, especially the reasons that led the person to move, shall be considered to be decisive for establishing that person’s actual place of residence.",True,37,fact_pattern,37,37,37,completed,36,36,completed,fact_pattern,"The article is best applied to a concrete cross-border case where institutions assess a person’s residence using multiple personal, occupational, family, housing, tax, and intentional factors.",,completed,37,True,0,37,37,False,False,fact_pattern,,0.44,completed,37,True,0,37,37,False,False,True,,,,,,
eurlex,http://data.europa.eu/eli/dir/2009/71/art_4/oj,32009L0071,32009L0071,Council Directive 2009/71/ Euratom of 25 June 2009 establishing a Community framework for the nuclear safety of nuclear installations,False,no_refs,"Legislative, regulatory and organisational framework

1. Member States shall establish and maintain a national legislative, regulatory and organisational framework (hereinafter referred to as the ‘national framework’) for nuclear safety of nuclear installations that allocates responsibilities and provides for coordination between relevant state bodies. The national framework shall establish responsibilities for:

(a)
the adoption of national nuclear safety requirements. The determination on how they are adopted and through which instrument they are applied rests with the competence of the Member States;

(b)
the provision of a system of licensing and prohibition of operation of nuclear installations without a licence;

(c)
the provision of a system of nuclear safety supervision;

(d)
enforcement actions, including suspension of operation and modification or revocation of a licence.

2. Member States shall ensure that the national framework is maintained and improved when appropriate, taking into account operating experience, insights gained from safety analyses for operating nuclear installations, development of technology and results of safety research, when available and relevant.",True,33,lookup,33,32,32,completed,33,33,completed,fact_pattern,"The article sets concrete obligations for a Member State’s nuclear-safety framework, licensing, supervision, enforcement, and ongoing improvement that can be tested through a national authority’s situation.",,completed,32,False,1,32,32,False,False,lookup,,0.93,completed,33,True,0,33,33,False,False,False,,,,,,
eurlex,http://data.europa.eu/eli/dir/2006/24/art_15/oj,32006L0024,32006L0024,Directive 2006/24/EC of the European Parliament and of the Council of 15 March 2006 on the retention of data generated or processed in connection with the provision of publicly available electronic communications services or of public communications networks and amending Directive 2002/58/EC,False,no_refs,"Transposition

1. Member States shall bring into force the laws, regulations and administrative provisions necessary to comply with this Directive by no later than 15 September 2007. They shall forthwith inform the Commission thereof. When Member States adopt those measures, they shall contain a reference to this Directive or shall be accompanied by such reference on the occasion of their official publication. The methods of making such reference shall be laid down by Member States.

2. Member States shall communicate to the Commission the text of the main provisions of national law which they adopt in the field covered by this Directive.

3. Until 15 March 2009, each Member State may postpone application of this Directive to the retention of communications data relating to Internet Access, Internet telephony and Internet e-mail. Any Member State that intends to make use of this paragraph shall, upon adoption of this Directive, notify the Council and the Commission to that effect by way of a declaration. The declaration shall be published in the Official Journal of the European Union .",True,36,lookup,,,,no_candidates,36,,completed,skip,"This article contains only transposition, notification, publication, and temporary application provisions rather than substantive rules suited to case-based or legal-point questions.",,completed,,False,,0,0,False,True,skip,,0.33,completed,,False,,0,0,False,True,True,,,,,,
eurlex,http://data.europa.eu/eli/dir/2011/93/art_25/oj,32011L0093,32011L0093,"Directive 2011/92/EU of the European Parliament and of the Council of 13 December 2011 on combating the sexual abuse and sexual exploitation of children and child pornography, and replacing Council Framework Decision 2004/68/JHA",False,no_refs,"Measures against websites containing or disseminating child pornography

1. Member States shall take the necessary measures to ensure the prompt removal of web pages containing or disseminating child pornography hosted in their territory and to endeavour to obtain the removal of such pages hosted outside of their territory.

2. Member States may take measures to block access to web pages containing or disseminating child pornography towards the Internet users within their territory. These measures must be set by transparent procedures and provide adequate safeguards, in particular to ensure that the restriction is limited to what is necessary and proportionate, and that users are informed of the reason for the restriction. Those safeguards shall also include the possibility of judicial redress.",True,34,fact_pattern,34,34,34,completed,33,33,completed,fact_pattern,"The article is best applied to concrete cases involving website location, child-pornography content, and national removal or access-blocking measures with procedural safeguards.",,completed,34,True,0,34,34,False,False,lookup,,0.72,completed,33,False,1,33,33,False,False,False,,,,,,
eurlex,http://data.europa.eu/eli/dir/2004/98/art_2/oj,32004L0098,32004L0098,Commission Directive 2004/98/EC of 30 September 2004 amending Council Directive 76/769/EEC as regards restrictions on the marketing and use of pentabromodiphenyl ether in aircraft emergency evacuation systems for the purpose of adapting its Annex I to technical progress (Text with EEA relevance),False,no_refs,"1. Member States shall adopt and publish, by 1 January 2005 at the latest, the laws, regulations and administrative provisions necessary to comply with this Directive. They shall forthwith communicate to the Commission the text of those provisions and a correlation table between those provisions and this Directive.They shall apply those provisions from 1 January 2005 at the latest.When Member States adopt those provisions, these shall contain a reference to this Directive or be accompanied by such a reference on the occasion of their official publication. Member States shall determine how such reference is to be made.

2. Member States shall communicate to the Commission the text of the main provisions of national law which they adopt in the field covered by this Directive.",True,,,,,,no_candidates,,,no_candidates,skip,"The article contains only standard transposition, notification, and publication requirements rather than substantive legal rules.",,completed,,,,0,0,False,False,skip,,0.68,completed,,,,0,0,False,False,True,,,,,,
eurlex,http://data.europa.eu/eli/dir/2007/67/art_2/oj,32007L0067,32007L0067,"Commission Directive 2007/67/EC of 22 November 2007 amending Council Directive 76/768/EEC, concerning cosmetic products, for the purpose of adapting Annex III thereto to technical progress (Text with EEA relevance)",False,no_refs,"1. Member States shall adopt and publish, by 31 December 2007 at the latest, the laws, regulations and administrative provisions necessary to comply with this Directive. They shall forthwith communicate to the Commission the text of those provisions and a correlation table between those provisions and this Directive.They shall apply those provisions from 1 January 2008.When Member States adopt those provisions, they shall contain a reference to this Directive or be accompanied by such a reference on the occasion of their official publication. Member States shall determine how such reference is to be made.

2. Member States shall communicate to the Commission the text of the main provisions of national law which they adopt in the field covered by this Directive.",True,,,,,,no_candidates,,,no_candidates,skip,"The article contains only standard transposition, publication, application, and notification requirements.",,completed,,,,0,0,False,False,skip,,0.61,completed,,,,0,0,False,False,True,,,,,,
eurlex,http://data.europa.eu/eli/reg/2009/260/art_15/oj,32009R0260,32009R0260,Council Regulation (EC) No 260/2009 of 26 February 2009 on the common rules for imports (Codified version),False,no_refs,"1. Member States shall communicate to the Commission within the first 10 days of each month in the case of Community or regional surveillance:

(a)
in the case of prior surveillance, details of the sums of money (calculated on the basis of cif prices) and quantities of goods in respect of which surveillance documents were issued during the preceding period;

(b)
in every case, details of imports during the period preceding the period referred to in point (a).

The information supplied by Member States shall be broken down by product and by country.Different provisions may be laid down at the same time and by the same procedure as the surveillance arrangements.
2. Where the nature of the products or special circumstances so require, the Commission may, at the request of a Member State or on its own initiative, amend the timetables for submitting this information.

3. The Commission shall inform the Member States accordingly.",True,36,lookup,36,34,34,completed,36,36,completed,fact_pattern,"The article governs a Member State’s concrete monthly reporting of surveillance documents and imports, including product, country, timing, and possible timetable changes.",,completed,34,False,2,34,34,False,False,lookup,,0.96,completed,36,True,0,36,36,False,False,False,,,,,,
eurlex,http://data.europa.eu/eli/dir/2008/52/art_7/oj,32008L0052,32008L0052,Directive 2008/52/EC of the European Parliament and of the Council of 21 May 2008 on certain aspects of mediation in civil and commercial matters,False,no_refs,"Confidentiality of mediation

1. Given that mediation is intended to take place in a manner which respects confidentiality, Member States shall ensure that, unless the parties agree otherwise, neither mediators nor those involved in the administration of the mediation process shall be compelled to give evidence in civil and commercial judicial proceedings or arbitration regarding information arising out of or in connection with a mediation process, except:

(a)
where this is necessary for overriding considerations of public policy of the Member State concerned, in particular when required to ensure the protection of the best interests of children or to prevent harm to the physical or psychological integrity of a person; or

(b)
where disclosure of the content of the agreement resulting from mediation is necessary in order to implement or enforce that agreement.

2. Nothing in paragraph 1 shall preclude Member States from enacting stricter measures to protect the confidentiality of mediation.",True,38,lookup,38,32,32,completed,38,38,completed,fact_pattern,"The article governs whether mediators or mediation administrators may be compelled to testify in concrete civil or commercial disputes, subject to specific public-policy and enforcement exceptions.",,completed,32,False,6,32,32,False,False,lookup,,0.6,completed,38,True,0,38,38,False,False,False,,,,,,
eurlex,http://data.europa.eu/eli/dir/2012/2/art_2/oj,32012L0002,32012L0002,"Commission Directive 2012/2/EU of 9 February 2012 amending Directive 98/8/EC of the European Parliament and of the Council to include copper (II) oxide, copper (II) hydroxide and basic copper carbonate as active substances in Annex I thereto (Text with EEA relevance)",False,no_refs,"1. Member States shall adopt and publish, by 31 January 2013 at the latest, the laws, regulations and administrative provisions necessary to comply with this Directive.They shall apply those provisions from 1 February 2014.When Member States adopt those provisions, they shall contain a reference to this Directive or be accompanied by such a reference on the occasion of their official publication. Member States shall determine how such reference is to be made.

2. Member States shall communicate to the Commission the text of the main provisions of national law which they adopt in the field covered by this Directive.",True,,,,,,no_candidates,,,no_candidates,skip,"The article contains only standard Member State transposition, application, publication-reference, and notification obligations.",,completed,,,,0,0,False,False,skip,,0.5,completed,,,,0,0,False,False,True,,,,,,
eurlex,http://data.europa.eu/eli/reg/2010/583/art_21/oj,32010R0583,32010R0583,Commission Regulation (EU) No 583/2010 of 1 July 2010 implementing Directive 2009/65/EC of the European Parliament and of the Council as regards key investor information and conditions to be met when providing key investor information or the prospectus in a durable medium other than paper or by means of a website (Text with EEA relevance),False,no_refs,"Use of cross-references to other sources of information

1. Cross-references to other sources of information, including the prospectus and annual or half-yearly reports, may be included in the key investor information document, provided that all information fundamental to the investors’ understanding of the essential elements of the investment is included in the key investor information document itself.

Cross-references shall be permitted to the website of the UCITS or the management company, including a part of any such website containing the prospectus and the periodic reports.

2. Cross-references referred to in paragraph 1 shall direct the investor to the specific section of the relevant source of information. Several different cross-references may be used within the key investor information document but they shall be kept to a minimum.",True,37,lookup,37,35,35,completed,37,37,completed,fact_pattern,"The article sets concrete conditions for when a UCITS key investor information document may use website and document cross-references, making case-specific compliance facts appropriate.",,completed,35,False,2,35,35,False,False,lookup,,0.76,completed,37,True,0,37,37,False,False,False,,,,,,
eurlex,http://data.europa.eu/eli/reg/2007/951/art_34/oj,32007R0951,32007R0951,Commission Regulation (EC) No 951/2007 of 9 August 2007 laying down implementing rules for cross-border cooperation programmes financed under Regulation (EC) No 1638/2006 of the European Parliament and of the Council laying down general provisions establishing a European Neighbourhood and Partnership Instrument,False,no_refs,"Non-eligible costs at joint operational programme level

The following costs relating to the implementation of the joint operational programme by the Joint Managing Authority shall not be considered eligible as technical assistance costs:

(a)
debts and provisions for losses or debts;

(b)
interest owed;

(c)
items already financed in another framework;

(d)
purchases of land or buildings;

(e)
exchange-rate losses;

(f)
taxes, including VAT, unless the Joint Managing Authority cannot reclaim them and the applicable regulations authorise coverage of taxes;

(g)
loans to third parties;

(h)
fines.",True,36,lookup,36,32,32,completed,36,36,completed,fact_pattern,"The article determines whether specific costs incurred by a Joint Managing Authority in implementing a joint operational programme qualify as technical assistance, making concrete expense scenarios a natural fit.",,completed,32,False,4,32,32,False,False,lookup,,0.84,completed,36,True,0,36,36,False,False,False,,,,,,
eurlex,http://data.europa.eu/eli/dir/2011/16/art_13/oj,32011L0016,32011L0016,Council Directive 2011/16/EU of 15 February 2011 on administrative cooperation in the field of taxation and repealing Directive 77/799/EEC,False,no_refs,"Request for notification

1. At the request of the competent authority of a Member State, the competent authority of another Member State shall, in accordance with the rules governing the notification of similar instruments in the requested Member State, notify the addressee of any instruments and decisions which emanate from the administrative authorities of the requesting Member State and concern the application in its territory of legislation on taxes covered by this Directive.

2. Requests for notification shall indicate the subject of the instrument or decision to be notified and shall specify the name and address of the addressee, together with any other information which may facilitate identification of the addressee.

3. The requested authority shall inform the requesting authority immediately of its response and, in particular, of the date of notification of the instrument or decision to the addressee.

4. The requesting authority shall only make a request for notification pursuant to this Article when it is unable to notify in accordance with the rules governing the notification of the instruments concerned in the requesting Member State, or where such notification would give rise to disproportionate difficulties. The competent authority of a Member State may notify any document by registered mail or electronically directly to a person within the territory of another Member State.",True,36,lookup,36,34,34,completed,36,36,completed,fact_pattern,"The article governs a concrete cross-border notification request, including when it may be made, what it must contain, and how the requested authority must respond.",,completed,34,False,2,34,34,False,False,lookup,,0.7,completed,36,True,0,36,36,False,False,False,,,,,,
eurlex,http://data.europa.eu/eli/reg/2009/250/art_3/oj,32009R0250,32009R0250,"Commission Regulation (EC) No 250/2009 of 11 March 2009 implementing Regulation (EC) No 295/2008 of the European Parliament and of the Council as regards the definitions of characteristics, the technical format for the transmission of data, the double reporting requirements for NACE Rev.1.1 and NACE Rev.2 and derogations to be granted for structural business statistics (Text with EEA relevance)",False,no_refs,"The data and metadata transmitted pursuant to this Regulation shall be sent in electronic form by Competent National Authorities (National Statistical Offices and Authorities supervising certain financial institutions) to the Commission (Eurostat). The transmission format shall conform to appropriate interchange standards specified by the Commission (Eurostat). Data shall be transmitted or uploaded by electronic means to the single entry point for data, maintained by the Commission (Eurostat).

Member States shall implement the interchange standards and guidelines supplied by the Commission (Eurostat) according to the requirements of this Regulation.",True,36,lookup,36,35,35,completed,36,36,completed,lookup,"The article sets out direct transmission, format, and implementation requirements for competent national authorities, making a focused legal lookup more natural than a case scenario.",,completed,36,True,0,36,36,False,False,lookup,,0.93,completed,36,True,0,36,36,False,False,True,,,,,,
eurlex,http://data.europa.eu/eli/reg/2013/229/art_9/oj,32013R0229,32013R0229,Regulation (EU) No 229/2013 of the European Parliament and of the Council of 13 March 2013 laying down specific measures for agriculture in favour of the smaller Aegean islands and repealing Council Regulation (EC) No 1405/2006,False,no_refs,"Operation of the specific supply arrangements

1. Aid shall be granted to supply the smaller islands with agricultural products.The amount of the aid shall be determined for each product concerned, taking account of the additional costs of marketing products in the smaller islands, calculated from the usual ports of shipment in mainland Greece, and from the ports of islands of transit or of loading for the islands of final destination. In the case of agricultural inputs and products intended for processing, such aid should take account of the additional costs associated with insularity, small size and distance from markets.

2. The specific supply arrangements shall only apply to products of sound, fair and marketable quality.",True,38,lookup,38,32,32,completed,38,38,completed,fact_pattern,"The article applies naturally to concrete supply cases involving products delivered to smaller Aegean islands, transport routes, additional costs, and product quality.",,completed,32,False,6,32,32,False,False,lookup,,0.77,completed,38,True,0,38,38,False,False,False,,,,,,
eurlex,http://data.europa.eu/eli/reg/2005/1138/art_4/oj,32005R1138,32005R1138,Commission Regulation (EC) No 1138/2005 of 15 July 2005 on a standing invitation to tender to determine levies and/or refunds on exports of white sugar for the 2005/2006 marketing year,False,no_refs,"1. The period during which tenders may be submitted in response to the first partial invitation to tender:

(a)
shall begin on 22 July 2005;

(b)
shall end on Thursday 28 July 2005 at 10.00, Brussels local time.

2. The periods during which tenders may be submitted in response to the second and subsequent partial invitations:

(a)
shall begin on the first working day following the end of the preceding period;

(b)
shall end at 10.00, Brussels local time:

11 and 25 August 2005,

8, 15, 22 and 29 September 2005,

6, 13, 20 and 27 October 2005,

10 and 24 November 2005,

8 and 22 December 2005,

5 and 19 January 2006,

2 and 16 February 2006,

2, 16 and 30 March 2006,

6 and 20 April 2006,

4 and 18 May 2006,

1, 8, 15, 22, and 29 June 2006,

13 and 27 July 2006.",True,34,fact_pattern|lookup,34,34,34,completed,34,34,completed,lookup,"The article sets specific tender-submission periods and deadlines, making a direct request for the applicable dates more natural than a concrete case scenario.",,completed,34,True,0,34,34,False,False,lookup,,0.94,completed,34,True,0,34,34,False,False,True,,,,,,
eurlex,http://data.europa.eu/eli/dir/2010/65/art_4/oj,32010L0065,32010L0065,Directive 2010/65/EU of the European Parliament and of the Council of 20 October 2010 on reporting formalities for ships arriving in and/or departing from ports of the Member States and repealing Directive 2002/6/EC (Text with EEA relevance),False,no_refs,"Notification prior to arrival into ports

Subject to specific provisions on notification provided for in the applicable legal acts of the Union or under international legal instruments applicable to maritime transport and binding on the Member States, including provisions on control of persons and goods, Member States shall ensure that the master or any other person duly authorised by the operator of the ship provides notification, prior to arriving in a port situated in a Member State, of the information required under the reporting formalities to the competent authority designated by that Member State:

(a)
at least 24 hours in advance; or

(b)
at the latest, at the time the ship leaves the previous port, if the voyage time is less than 24 hours; or

(c)
if the port of call is not known or it is changed during the voyage, as soon as this information is available.",True,35,lookup,35,34,34,completed,35,35,completed,fact_pattern,"The article sets notification deadlines that depend on concrete voyage facts, such as the time since the previous port and whether the port of call is known or changes.",,completed,34,False,1,34,34,False,False,lookup,,0.67,completed,35,True,0,35,35,False,False,False,,,,,,
eurlex,http://data.europa.eu/eli/reg/2008/994/art_68/oj,32008R0994,32008R0994,Commission Regulation (EC) No 994/2008 of 8 October 2008 for a standardised and secured system of registries pursuant to Directive 2003/87/EC of the European Parliament and of the Council and Decision No 280/2004/EC of the European Parliament and of the Council (Text with EEA relevance),False,no_refs,"Finalisation of the external transfer process for Kyoto units involving Chapter VI registries

A process involving a Chapter VI registry concerning the external transfer of a Kyoto unit shall be final if the following conditions are fulfilled:

(a)
both the ITL and the CITL inform the acquiring registry, or the Community registry if the acquiring registry is a Chapter VI registry, that they have not detected any discrepancies in the proposal sent by the initiating registry, or the Community registry if the initiating registry is a Chapter VI registry; and

(b)
the acquiring registry, or the Community registry if the acquiring registry is a Chapter VI registry, has successfully sent confirmation to both transaction logs that it has updated its records in accordance with the initiating registry's proposal.",True,31,lookup,31,28,28,completed,31,31,completed,fact_pattern,The article sets out the completion of a specific external Kyoto-unit transfer based on concrete registry actions and confirmations.,,completed,28,False,3,28,28,False,False,lookup,,0.8,completed,31,True,0,31,31,False,False,False,,,,,,
eurlex,http://data.europa.eu/eli/reg/2009/1121/art_69/oj,32009R1121,32009R1121,Commission Regulation (EC) No 1121/2009 of 29 October 2009 laying down detailed rules for the application of Council Regulation (EC) No 73/2009 as regards the support schemes for farmers provided for in Titles IV and V thereof,False,no_refs,"Transfer of rights and temporary leasing

1. Member States may lay down, on the basis of their production structures, a minimum number of premium rights which may be the subject of a partial transfer not involving the transfer of a holding. This minimum may not exceed five premium rights.

2. Transfers of premium rights and temporary leasing of such rights shall be effective only after they have been notified jointly to the competent authorities of the Member State by the farmer transferring and/or leasing the rights and by the farmer receiving the rights.

Such notification shall take place within a deadline set by the Member State and not later than the date on which the farmer receiving the rights submits his premium application, except in those cases where the transfer of rights takes effect through an inheritance. In that case, the farmer who receives the rights shall be in a position to furnish appropriate legal documents to prove that he or she is the beneficiary of the deceased farmer.",True,37,lookup,37,36,36,completed,37,37,completed,fact_pattern,"The article is best applied to concrete cases involving farmers transferring or leasing premium rights, including notification timing and inherited rights documentation.",,completed,36,False,1,36,36,False,False,lookup,,0.71,completed,37,True,0,37,37,False,False,False,,,,,,
eurlex,http://data.europa.eu/eli/reg/2014/508/art_42/oj,32014R0508,32014R0508,"Regulation (EU) No 508/2014 of the European Parliament and of the Council of 15 May 2014 on the European Maritime and Fisheries Fund and repealing Council Regulations (EC) No 2328/2003, (EC) No 861/2006, (EC) No 1198/2006 and (EC) No 791/2007 and Regulation (EU) No 1255/2011 of the European Parliament and of the Council",False,no_refs,"Added value, product quality and use of unwanted catches

1. In order to improve the added value or quality of the fish caught, the EMFF may support:

(a)
investments that add value to fishery products, in particular by allowing fishermen to carry out the processing, marketing and direct sale of their own catches;

(b)
innovative investments on board that improve the quality of the fishery products.

2. The support referred to in point (b) of paragraph 1 shall be conditional on the use of selective gears to minimise unwanted catches and shall only be granted to owners of Union fishing vessels that have carried out a fishing activity at sea for at least 60 days during the two calendar years preceding the date of submission of the application for support.",True,36,fact_pattern|lookup,36,36,36,completed,36,36,completed,fact_pattern,"The article sets concrete eligibility conditions for support based on the vessel owner, use of selective gears, and fishing activity during a specified two-year period.",,completed,36,True,0,36,36,False,False,lookup,,0.58,completed,36,True,0,36,36,False,False,False,,,,,,
eurlex,http://data.europa.eu/eli/reg/2008/215/art_27/oj,32008R0215,32008R0215,Council Regulation (EC) No 215/2008 of 18 February 2008 on the Financial Regulation applicable to the 10th European Development Fund,False,one_ref,"1. The Commission shall ensure supervision, evaluation and control of the implementation of the tasks entrusted. It shall take the equivalence of control systems into account when it carries out controls using its own control systems.

2. The European Anti-Fraud Office (OLAF) shall enjoy the same powers with regard to bodies to which tasks are delegated as it does with regard to Commission departments. The bodies in question shall adopt the necessary measures to help OLAF carry out internal investigations. Any act undertaken by such bodies for the implementation of EDF resources, and in particular any decision or any contract concluded by them, must specifically provide for the same controls as those provided for in Article 70(4).",True,37,fact_pattern,34,37,,completed,34,34,completed,fact_pattern,"The article governs concrete oversight and anti-fraud controls when delegated bodies implement EDF resources, making a specific case involving such a body, an implementation act, and an OLAF investigation appropriate.",,completed,37,True,0,37,0,False,False,lookup,,0.91,completed,34,False,3,34,34,False,False,False,,,,,,
eurlex,http://data.europa.eu/eli/dir/2014/53/art_3/oj,32014L0053,32014L0053,Directive 2014/53/EU of the European Parliament and of the Council of 16 April 2014 on the harmonisation of the laws of the Member States relating to the making available on the market of radio equipment and repealing Directive 1999/5/EC (Text with EEA relevance),False,one_ref,"Essential requirements

1. Radio equipment shall be constructed so as to ensure:

(a)
the protection of health and safety of persons and of domestic animals and the protection of property, including the objectives with respect to safety requirements set out in Directive 2014/35/EU, but with no voltage limit applying;

(b)
an adequate level of electromagnetic compatibility as set out in Directive 2014/30/EU.

2. Radio equipment shall be so constructed that it both effectively uses and supports the efficient use of radio spectrum in order to avoid harmful interference.

3. Radio equipment within certain categories or classes shall be so constructed that it complies with the following essential requirements:

(a)
radio equipment interworks with accessories, in particular with common chargers;

(b)
radio equipment interworks via networks with other radio equipment;

(c)
radio equipment can be connected to interfaces of the appropriate type throughout the Union;

(d)
radio equipment does not harm the network or its functioning nor misuse network resources, thereby causing an unacceptable degradation of service;

(e)
radio equipment incorporates safeguards to ensure that the personal data and privacy of the user and of the subscriber are protected;

(f)
radio equipment supports certain features ensuring protection from fraud;

(g)
radio equipment supports certain features ensuring access to emergency services;

(h)
radio equipment supports certain features in order to facilitate its use by users with a disability;

(i)
radio equipment supports certain features in order to ensure that software can only be loaded into the radio equipment where the compliance of the combination of the radio equipment and software has been demonstrated.

The Commission shall be empowered to adopt delegated acts in accordance with Article 44 specifying which categories or classes of radio equipment are concerned by each of the requirements set out in points (a) to (i) of the first subparagraph of this paragraph.",True,36,fact_pattern,36,36,36,completed,30,29,completed,fact_pattern,"The article sets concrete construction and functionality requirements for radio equipment, which naturally support case-specific questions about a product’s features, safety, interoperability, spectrum use, and network effects.",,completed,36,True,0,36,36,False,False,lookup,,0.81,completed,30,False,6,30,29,False,False,False,,,,,,
eurlex,http://data.europa.eu/eli/reg/2009/715/art_2/oj,32009R0715,32009R0715,Regulation (EC) No 715/2009 of the European Parliament and of the Council of 13 July 2009 on conditions for access to the natural gas transmission networks and repealing Regulation (EC) No 1775/2005 (Text with EEA relevance),False,one_ref,"Definitions

1. For the purpose of this Regulation, the following definitions apply:

1)
‘transmission’ means the transport of natural gas through a network, which mainly contains high-pressure pipelines, other than an upstream pipeline network and other than the part of high-pressure pipelines primarily used in the context of local distribution of natural gas, with a view to its delivery to customers, but not including supply;

2)
‘transport contract’ means a contract which the transmission system operator has concluded with a network user with a view to carrying out transmission;

3)
‘capacity’ means the maximum flow, expressed in normal cubic meters per time unit or in energy unit per time unit, to which the network user is entitled in accordance with the provisions of the transport contract;

4)
‘unused capacity’ means firm capacity which a network user has acquired under a transport contract but which that user has not nominated by the deadline specified in the contract;

5)
‘congestion management’ means management of the capacity portfolio of the transmission system operator with a view to optimal and maximum use of the technical capacity and the timely detection of future congestion and saturation points;

6)
‘secondary market’ means the market of the capacity traded otherwise than on the primary market;

7)
‘nomination’ means the prior reporting by the network user to the transmission system operator of the actual flow that the network user wishes to inject into or withdraw from the system;

8)
‘re-nomination’ means the subsequent reporting of a corrected nomination;

9)
‘system integrity’ means any situation in respect of a transmission network including necessary transmission facilities in which the pressure and the quality of the natural gas remain within the minimum and maximum limits laid down by the transmission system operator, so that the transmission of natural gas is guaranteed from a technical standpoint;

10)
‘balancing period’ means the period within which the off-take of an amount of natural gas, expressed in units of energy, must be offset by every network user by means of the injection of the same amount of natural gas into the transmission network in accordance with the transport contract or the network code;

11)
‘network user’ means a customer or a potential customer of a transmission system operator, and transmission system operators themselves in so far as it is necessary for them to carry out their functions in relation to transmission;

12)
‘interruptible services’ means services offered by the transmission system operator in relation to interruptible capacity;

13)
‘interruptible capacity’ means gas transmission capacity that may be interrupted by the transmission system operator in accordance with the conditions stipulated in the transport contract;

14)
‘long-term services’ means services offered by the transmission system operator with a duration of one year or more;

15)
‘short-term services’ means services offered by the transmission system operator with a duration of less than one year;

16)
‘firm capacity’ means gas transmission capacity contractually guaranteed as uninterruptible by the transmission system operator;

17)
‘firm services’ mean services offered by the transmission system operator in relation to firm capacity;

18)
‘technical capacity’ means the maximum firm capacity that the transmission system operator can offer to the network users, taking account of system integrity and the operational requirements of the transmission network;

19)
‘contracted capacity’ means capacity that the transmission system operator has allocated to a network user by means of a transport contract;

20)
‘available capacity’ means the part of the technical capacity that is not allocated and is still available to the system at that moment;

21)
‘contractual congestion’ means a situation where the level of firm capacity demand exceeds the technical capacity;

22)
‘primary market’ means the market of the capacity traded directly by the transmission system operator;

23)
‘physical congestion’ means a situation where the level of demand for actual deliveries exceeds the technical capacity at some point in time;

24)
‘LNG facility capacity’ means capacity at an LNG terminal for the liquefaction of natural gas or the importation, offloading, ancillary services, temporary storage and re-gasification of LNG;

25)
‘space’ means the volume of gas which a user of a storage facility is entitled to use for the storage of gas;

26)
‘deliverability’ means the rate at which the storage facility user is entitled to withdraw gas from the storage facility;

27)
‘injectability’ means the rate at which the storage facility user is entitled to inject gas into the storage facility;

28)
‘storage capacity’ means any combination of space, injectability and deliverability.

2. Without prejudice to the definitions in paragraph 1 of this Article, the definitions contained in Article 2 of Directive 2009/73/EC, which are relevant for the application of this Regulation, also apply, with the exception of the definition of transmission in point 3 of that Article.

The definitions in points 3 to 23 of paragraph 1 of this Article in relation to transmission apply by analogy in relation to storage and LNG facilities.",True,36,lookup,36,31,31,completed,36,36,completed,lookup,"The article is a comprehensive definitions provision, so direct requests for the meaning and scope of its legal terms are more natural than concrete case scenarios.",,completed,36,True,0,36,36,False,False,lookup,,0.97,completed,36,True,0,36,36,False,False,True,,,,,,
eurlex,http://data.europa.eu/eli/reg_impl/2013/131/art_4/oj,32013R0131,32013R0131,Commission Implementing Regulation (EU) No 131/2013 of 15 February 2013 laying down exceptional measures as regards the release of out-of-quota sugar and isoglucose on the Union market at reduced surplus levy during the 2012/2013 marketing year,False,one_ref,"Transmission of applications by the Member States

1. The competent authorities of the Member States shall decide on the admissibility of applications on the basis of the conditions set out in Article 2. Where the competent authorities decide that an application is inadmissible, they shall inform the applicant without delay.

2. The competent authority shall notify the Commission on Friday at the latest, by fax or electronic mail, of the admissible applications submitted during the preceding application period. That notification shall not contain the data referred to in Article 2(5)(a)(i). Member States that received no applications but have sugar or isoglucose quota allocated to them in the 2012/2013 marketing year, shall also send their nil returns notifications to the Commission within the same time limit.

3. The form and content of the notifications shall be defined on the basis of models made available by the Commission to the Member States.",True,36,lookup,36,33,33,completed,36,36,completed,fact_pattern,The article sets concrete duties and a Friday deadline for Member State authorities handling admissible applications or submitting nil returns.,,completed,33,False,3,33,33,False,False,lookup,,0.92,completed,36,True,0,36,36,False,False,False,,,,,,
eurlex,http://data.europa.eu/eli/dir/2008/56/art_4/oj,32008L0056,32008L0056,Directive 2008/56/EC of the European Parliament and of the Council of 17 June 2008 establishing a framework for community action in the field of marine environmental policy (Marine Strategy Framework Directive) (Text with EEA relevance),False,few_refs,"Marine regions or subregions

1. Member States shall, when implementing their obligations under this Directive, take due account of the fact that marine waters covered by their sovereignty or jurisdiction form an integral part of the following marine regions:

(a)
the Baltic Sea;

(b)
the North-east Atlantic Ocean;

(c)
the Mediterranean Sea;

(d)
the Black Sea.

2. Member States may, in order to take into account the specificities of a particular area, implement this Directive by reference to subdivisions at the appropriate level of the marine waters referred to in paragraph 1, provided that such subdivisions are delimited in a manner compatible with the following marine subregions:

(a)
in the North-east Atlantic Ocean:

(i)
the Greater North Sea, including the Kattegat, and the English Channel;

(ii)
the Celtic Seas;

(iii)
the Bay of Biscay and the Iberian Coast;

(iv)
in the Atlantic Ocean, the Macaronesian biogeographic region, being the waters surrounding the Azores, Madeira and the Canary Islands;

(b)
in the Mediterranean Sea:

(i)
the Western Mediterranean Sea;

(ii)
the Adriatic Sea;

(iii)
the Ionian Sea and the Central Mediterranean Sea;

(iv)
the Aegean-Levantine Sea.

Member States shall inform the Commission of any subdivisions by the date specified in the first subparagraph of Article 26(1) but may revise these upon completion of the initial assessment referred in Article 5(2), point (a)(i).",True,34,lookup,31,31,31,completed,34,31,completed,fact_pattern,"The article applies naturally to concrete cases involving a Member State’s marine waters, regional subdivision, and notification to the Commission.",,completed,31,False,3,31,31,False,False,lookup,,0.96,completed,34,True,0,34,31,False,False,False,,,,,,
eurlex,http://data.europa.eu/eli/dir/2008/98/art_5/oj,32008L0098,32008L0098,Directive 2008/98/EC of the European Parliament and of the Council of 19 November 2008 on waste and repealing certain Directives (Text with EEA relevance),False,few_refs,"By-products

1. A substance or object, resulting from a production process, the primary aim of which is not the production of that item, may be regarded as not being waste referred to in point (1) of Article 3 but as being a by-product only if the following conditions are met:

(a)
further use of the substance or object is certain;

(b)
the substance or object can be used directly without any further processing other than normal industrial practice;

(c)
the substance or object is produced as an integral part of a production process; and

(d)
further use is lawful, i.e. the substance or object fulfils all relevant product, environmental and health protection requirements for the specific use and will not lead to overall adverse environmental or human health impacts.

2. On the basis of the conditions laid down in paragraph 1, measures may be adopted to determine the criteria to be met for specific substances or objects to be regarded as a by-product and not as waste referred to in point (1) of Article 3. Those measures, designed to amend non-essential elements of this Directive by supplementing it, shall be adopted in accordance with the regulatory procedure with scrutiny referred to in Article 39(2).",True,33,lookup,33,29,,completed,33,33,completed,fact_pattern,"The article sets out cumulative conditions that are naturally applied to concrete production situations involving a substance’s intended use, processing, production role, and legal or environmental compliance.",,completed,29,False,4,29,0,False,False,lookup,,0.45,completed,33,True,0,33,33,False,False,False,,,,,,
eurlex,http://data.europa.eu/eli/reg_impl/2011/543/art_17/oj,32011R0543,32011R0543,Commission Implementing Regulation (EU) No 543/2011 of 7 June 2011 laying down detailed rules for the application of Council Regulation (EC) No 1234/2007 in respect of the fruit and vegetables and processed fruit and vegetables sectors,False,few_refs,"Methods of inspection

1. The conformity checks provided for in this Chapter, with the exception of those at the point of retail sale to the end consumer, shall be carried out in accordance with the methods of inspection laid down in Annex V, save as otherwise provided in this Regulation.Member States shall lay down specific arrangements for checking conformity at the point of retail sale to the end consumer.

2. Where inspectors find that the goods conform with the marketing standards, the inspection body may issue a certificate of conformity as set out in Annex III.

3. Where the goods do not conform with the standards, the inspection body shall issue a finding of non-conformity for the attention of the trader or their representatives. Goods for which a finding of non-conformity has been issued may not be moved without the authorisation of the inspection body which issued that finding. That authorisation can be subject to the respect of conditions laid down by the inspection body.Traders may decide to bring all or some of the goods into conformity. Goods brought into conformity may not be marketed before the competent inspection body has ensured by all appropriate means that the goods have actually been brought into conformity. The competent inspection body shall issue, where applicable, a certificate of conformity as set out in Annex III for the lot or part thereof only after the goods have been brought into conformity.If an inspection body accepts a trader’s wish to bring the goods into conformity in a Member State other than that where the check leading to a finding of non-conformity has been carried out, the trader shall notify the competent inspection body of the destination Member State of the non-conforming lot. The Member State issuing the finding of non-conformity shall send a copy of that finding to the other Member States concerned including the Member State of destination of the non-conforming lot.Where the goods can neither be brought into conformity nor sent to animal feed, industrial processing or any other non-food use, the inspection body may, if necessary, request traders to take adequate measures in order to ensure that the products concerned are not marketed.Traders shall supply all information deemed necessary by Member States for the application of this paragraph.",True,36,fact_pattern,36,36,36,completed,35,35,completed,fact_pattern,"The article sets out concrete inspection outcomes and trader obligations for non-conforming fruit and vegetable lots, including movement, remediation, notification, and marketing restrictions.",,completed,36,True,0,36,36,False,False,lookup,,0.58,completed,35,False,1,35,35,False,False,False,,,,,,
eurlex,http://data.europa.eu/eli/reg/2008/303/art_12/oj,32008R0303,32008R0303,"Commission Regulation (EC) No 303/2008 of 2 April 2008 establishing, pursuant to Regulation (EC) No 842/2006 of the European Parliament and of the Council, minimum requirements and the conditions for mutual recognition for the certification of companies and personnel as regards stationary refrigeration, air conditioning and heat pump equipment containing certain fluorinated greenhouse gases (Text with EEA relevance)",False,many_refs,"Notification

1. By 4 July 2008, Member States shall notify the Commission of their intention to apply an interim certification system according to Articles 6 or 9, or both.

2. By 4 January 2009, Member States shall notify the Commission, where applicable, of designated entities entitled to issue interim certificates and of enacted national provisions according to which documents issued by existing certification systems are deemed as interim certificates.

3. By 4 January 2009, Member States shall notify the Commission of the names and contact details of certification bodies for personnel and companies covered by Article 10 and of the titles of certificates for personnel complying with the requirements of Article 5 and companies complying with the requirements of Article 8, using the format established by Regulation (EC) No 308/2008.

4. Member States shall update the notification submitted pursuant to paragraph 3, with relevant new information, and submit it to the Commission without delay.",True,36,lookup,36,,,no_candidates,36,36,completed,lookup,"The article sets out specific Member State notification deadlines, required information, format, and updating obligations, making a direct legal lookup the natural fit.",,completed,36,True,0,36,36,False,False,lookup,,0.89,completed,36,True,0,36,36,False,False,True,,,,,,
eurlex,http://data.europa.eu/eli/dir/2010/44/art_30/oj,32010L0044,32010L0044,"Commission Directive 2010/42/EU of 1 July 2010 implementing Directive 2009/65/EC of the European Parliament and of the Council as regards certain provisions concerning fund mergers, master-feeder structures and notification procedure (Text with EEA relevance)",False,many_refs,"Scope of the information to be made accessible by Member States in accordance with Article 91(3) of Directive 2009/65/EC

1. Member States shall ensure that the following categories of information on the relevant laws, regulations and administrative provisions are made accessible in accordance with Article 91(3) of Directive 2009/65/EC:

(a)
the definition of the term ‘marketing of units of UCITS’ or the equivalent legal term either as stated in national legislation or as developed in practice;

(b)
requirements for the contents, format and manner of presentation of marketing communications, including all compulsory warnings and restrictions on the use of certain words or phrases;

(c)
without prejudice to Chapter IX of Directive 2009/65/EC, details of any additional information required to be disclosed to investors;

(d)
details of any exemptions from rules or requirements governing arrangements made for marketing applicable in that Member State for certain UCITS, certain share classes of UCITS or certain categories of investors;

(e)
requirements for any reporting or transmission of information to the competent authorities of that Member State, and the procedure for lodging updated versions of required documents;

(f)
requirements for any fees or other sums to be paid to the competent authorities or any other statutory body in that Member State, either when marketing commences or periodically thereafter;

(g)
requirements in relation to the facilities to be made available to unit-holders as required by Article 92 of Directive 2009/65/EC;

(h)
conditions for the termination of marketing of units of UCITS in that Member State by a UCITS situated in another Member State;

(i)
detailed contents of the information required by a Member State to be included in Part B of the notification letter as referred to in Article 1 of Commission Regulation (EU) No 584/2010 of 1 July 2010 implementing Directive 2009/65/EC of the European Parliament and of the Council as regards the form and content of standard notification letter and UCITS attestation, the use of electronic communication between competent authorities for the purpose of notification, and procedures for on-the-spot verifications and investigations and the exchange of information between competent authorities;

(j)
the e-mail address designated for the purpose of Article 32.

2. Member States shall give the information listed in paragraph 1 in the form of a narrative description, or a combination of a narrative description and a series of references or links to source documents.",True,35,lookup,35,34,34,completed,35,35,completed,lookup,"The article sets out a detailed list of information Member States must make accessible and the required presentation format, making a direct legal lookup most natural.",,completed,35,True,0,35,35,False,False,lookup,,0.95,completed,35,True,0,35,35,False,False,True,,,,,,
eurlex,http://data.europa.eu/eli/reg_impl/2014/809/art_12/oj,32014R0809,32014R0809,"Commission Implementing Regulation (EU) No 809/2014 of 17 July 2014 laying down rules for the application of Regulation (EU) No 1306/2013 of the European Parliament and of the Council with regard to the integrated administration and control system, rural development measures and cross compliance",False,many_refs,"General provisions pertaining to the single application and to the submission of applications for support under rural development measures

1. If Member States decide pursuant to Article 72(4) of Regulation (EU) No 1306/2013 that the aid applications for direct payments and payment claims for rural development measures are to be covered by the single application, Articles 20, 21 and 22 of this Regulation shall apply mutatis mutandis in respect of the particular requirements established in view of the aid application and/or payment claim under those schemes or measures.

2. A beneficiary applying for aid and/or support under any of the area-related direct payments or rural development measures may submit only one single application per year.

3. Member States shall provide for appropriate procedures for the submission of applications for support under rural development measures.",True,35,lookup,35,33,33,completed,35,35,completed,fact_pattern,"The article governs concrete beneficiary submissions and Member State procedures, making case-specific application scenarios natural.",,completed,33,False,2,33,33,False,False,lookup,,0.84,completed,35,True,0,35,35,False,False,False,,,,,,
un,2012/e/res/2012/31#3,2012/e/res/2012/31,E/RES/2012/31,Resolution adopted by the Economic and Social Council,False,resolution,"Deeply concerned about the ongoing adverse impacts of the global financial and economic crisis on development, including on the capacity of developing countries to mobilize resources for development, recognizing that, while global growth is returning, there is a need to sustain the recovery, which is fragile and uneven, and acknowledging that an effective response to the impacts of the crisis requires timely implementation of all development commitments, including existing aid commitments,
1. Reaffirms the importance of staying fully engaged, nationally, regionally and internationally, in ensuring proper and effective follow-up to the implementation of the Monterrey Consensus of the International Conference on Financing for Development, as reaffirmed in the Doha Declaration on Financing for Development, adopted by the Follow-up International Conference on Financing for Development to Review the Implementation of the Monterrey Consensus, and of continuing unremitting efforts to build bridges between all relevant stakeholders within the holistic agenda of the financing for development process;",True,28,semantic,,,,,,,no_candidates,semantic,"The block presents a dated, conceptual policy response to the financial crisis, reaffirming sustained follow-up and stakeholder coordination for financing-for-development commitments.",,completed,28,True,0,28,0,False,False,semantic,,0.68,completed,28,True,0,28,0,False,False,True,,,no_candidates,28,,completed
un,2005/a/res/60/163#4,2005/a/res/60/163,A/RES/60/163,Resolution adopted by the General Assembly on 16 December 2005,False,resolution,"Convinced further that international cooperation in the field of human rights contributes to creating an international environment of peace and stability,
1. Stresses that peace is a vital requirement for the promotion and protection of all human rights for all;
2. Also stresses that the deep fault line that divides human society between the rich and the poor and the ever-increasing gap between the developed and developing worlds pose a major threat to global prosperity, peace and security and stability;
3. Solemnly declares that the peoples of our planet have a sacred right to peace and that the preservation and promotion of peace constitutes a fundamental obligation of each State;
4. Emphasizes that the preservation and promotion of peace demands that the policies of States be directed towards the elimination of the threat of war, particularly nuclear war, the renunciation of the use or threat of use of force in international relations and the settlement of international disputes by peaceful means on the basis of the Charter of the United Nations;",True,31,semantic,31,,,,27,,completed,semantic,"The block presents a dated conceptual account of the right to peace and the State policies needed to preserve it, rather than a precise locator fact from another instrument.",,completed,31,True,0,31,31,False,False,semantic,,0.4,completed,31,True,0,31,31,False,False,True,25,,completed,31,31,completed
un,2001/s/res/1353_2001_#8,2001/s/res/1353_2001_,S/RES/1353(2001),Resolution 1353 (2001),False,resolution,"2. Such meetings may be held, in particular, when the Secretary-General has identified potential troop-contributing countries for a new or ongoing peacekeeping operation, when considering a change in, or renewal or completion of a peacekeeping mandate, or when there is a rapid deterioration in the situation on the ground, including when it threatens the safety and security of United Nations peacekeepers;
Consultation meetings with the troop-contributing countries
1. Consultation meetings with troop-contributing countries will continue as the principal means of consultation, and will continue to be convened and chaired by the President of the Security Council;
2. Such consultation meetings may be convened, including at the request of troop-contributing countries, as appropriate at different stages of peacekeeping operations, including:
(a) Mission planning, including the development of the concept of operations and the elaboration of the mandate of a new operation;
(b) Any change in the mandate, in particular the broadening or narrowing of the scope of the mission, the introduction of new or additional functions or components, or a change in the authorization to use force;",True,32,lookup|practitioner,32,,,,32,32,completed,lookup,"The block sets out precise meeting triggers, stages, and convening arrangements from an identified Security Council resolution.",,completed,32,True,0,32,32,False,False,lookup,,0.31,completed,32,True,0,32,32,False,False,True,32,32,completed,29,,completed
un,2002/a/res/56/160#6,2002/a/res/56/160,A/RES/56/160,Resolution adopted by the General Assembly,False,resolution,"8. Calls upon States to take appropriate measures, in conformity with relevant provisions of national and international law, including international human rights standards, before granting refugee status, for the purpose of ensuring that an asylum-seeker has not planned, facilitated or participated in the commission of terrorist acts, including assassinations, and in this context urges those States that have granted refugee status or asylum to persons involved in or claiming to have committed acts of terrorism to review these situations;
9. Condemns the incitement to ethnic hatred, violence and terrorism;
10. Commends those Governments that have communicated their views on the implications of terrorism in response to the notes verbales by the Secretary-General dated 16 August 1999 and 4 September 2000;
11. Welcomes the report of the Secretary-General, and requests him to continue to seek the views of Member States on the implications of terrorism in all its forms and manifestations for the full enjoyment of all human rights and fundamental freedoms and on the possible establishment of a voluntary fund for the victims of terrorism, as well as on ways and means to rehabilitate the victims of terrorism and to reintegrate them into society, with a view to incorporating his findings in his report to the General Assembly;",True,31,semantic,31,,,,,,no_candidates,lookup,The block sets out precise measures and reporting requests in a specifically identified General Assembly resolution.,,completed,,False,,0,0,True,False,practitioner,,0.17,completed,28,False,3,28,0,False,False,False,28,,completed,31,31,completed
un,1997/a/res/52/56#10,1997/a/res/52/56,A/RES/52/56,RESOLUTION ADOPTED BY THE GENERAL ASSEMBLY,False,resolution,"28. Recommends that more attention be paid to all aspects related to the protection and the preservation of the outer space environment, especially those potentially affecting the Earth's environment;
30. Urges all States, in particular those with major space capabilities, to contribute actively to the goal of preventing an arms race in outer space as an essential condition for the promotion of international cooperation in the exploration and use of outer space for peaceful purposes;
31. Emphasizes the need to increase the benefits of space technology and its applications and to contribute to an orderly growth of space activities favourable to sustained economic growth and sustainable development in all countries, particularly in the developing countries;
32. Requests the Committee to continue to consider, as a matter of priority, ways and means of maintaining outer space for peaceful purposes, taking into account the views expressed at its fortieth session and at the fifty-second session of the General Assembly, and to report thereon to the Assembly at its fifty-third session;",True,32,lookup|semantic,32,,,,32,32,completed,lookup,The block contains precise operative recommendations and a reporting request that are best retrieved from the identified General Assembly resolution.,,completed,32,True,0,32,32,False,False,lookup,,0.51,completed,32,True,0,32,32,False,False,True,27,27,completed,32,32,completed
un,2001/a/res/55/201#6,2001/a/res/55/201,A/RES/55/201,Resolution adopted by the General Assembly,False,resolution,"11. Recognizes the importance of the rapid development and implementation of the Strategic Plan for the Convention, and encourages States parties to provide to the Executive Secretary, in accordance with decision V/20 adopted by the Conference of the Parties,6 their detailed views on the matter as soon as possible;
12. Welcomes the collaborative work between the Convention and related conventions, in particular the Convention on Wetlands of International Importance especially as Waterfowl Habitat, adopted at Ramsar, Islamic Republic of Iran, on 2 February 1971;
13. Also welcomes the decision of the Conference of the Parties regarding its programme of work for forest biological diversity, and encourages the parties to cooperate with the United Nations Forum on Forests, in particular with regard to respecting, preserving and maintaining the knowledge, innovations and practices of indigenous and local communities embodying traditional lifestyles, in accordance with article 8 (j) and related provisions of the Convention;",True,,,,,,,,,no_candidates,lookup,"The block contains precise measures and cooperation requests adopted in a known General Assembly resolution, making it suitable for source-based fact retrieval.",,completed,,,,0,0,False,False,lookup,,0.39,completed,,,,0,0,False,False,True,,,no_candidates,,,no_candidates
un,2014/a/res/68/188#7,2014/a/res/68/188,A/RES/68/188,"68/188. The rule of law, crime prevention and criminal justice in the United Nations development agenda beyond 2015",False,resolution,"Stressing the importance of the rule of law, both nationally and internationally, as an essential element in addressing and preventing organized crime and corruption, and noting that the rule of law requires strong and efficient justice sector coordination, as well as coordination with other United Nations offices and activities,
Convinced that the rule of law and development are strongly interrelated and mutually reinforcing and that crime prevention and criminal justice elements that support the rule of law should therefore be considered in implementing the post2015 international development agenda,
1. Recognizes the cross-cutting nature of the rule of law, crime prevention and criminal justice and development, and recommends that such linkages and interrelationships be properly addressed and further elaborated;
2. Notes with appreciation the decision to hold a special event at the sixty-eighth session of the General Assembly to follow up on efforts made towards achieving the Millennium Development Goals and to deliberate on the post2015 development agenda;",True,30,semantic,,,,,,,no_candidates,semantic,"The block presents a conceptual assessment of how the rule of law, crime prevention, criminal justice, and development should be linked in the post-2015 agenda.",,completed,30,True,0,30,0,False,False,semantic,,0.42,completed,30,True,0,30,0,False,False,True,,,no_candidates,30,,completed
un,2013/a/hrc/dec/24/117#0,2013/a/hrc/dec/24/117,A/HRC/DEC/24/117,Decision adopted by the Human Rights Council**,False,resolution,"Decision adopted by the Human Rights Council**
At its 35th meeting, on 27 September 2013, the Human Rights Council decided to adopt the following text:
The Human Rights Council,
Reaffirming the purposes and principles of the Charter of the United Nations,
Recalling the Universal Declaration of Human Rights, the International Covenant on Civil and Political Rights, the Convention on the Elimination of All Forms of Discrimination against Women and the Convention on the Rights of the Child,
Recalling the Protocol to the African Charter on Human and Peoples' Rights on the Rights of Women in Africa,
Recalling also General Assembly resolution 67/146 of 20 December 2012 on intensifying global efforts for the elimination of female genital mutilation, further to the decision of the African Union, taken in Malabo on 1 July 2011, to support the adoption by the General Assembly at its sixty-sixth session of a resolution banning female genital mutilation,",True,,,,,,,,,no_candidates,semantic,"The block provides a dated substantive rationale about recalled international efforts to eliminate female genital mutilation, supporting a situation-focused conceptual question.",,completed,,,,0,0,False,False,lookup,,0.3,completed,,,,0,0,False,False,False,,,no_candidates,,,no_candidates
un,2002/a/res/57/326#1,2002/a/res/57/326,A/RES/57/326,Resolution adopted by the General Assembly,False,resolution,"1. Takes note of the status of contributions to the United Nations Interim Administration Mission in Kosovo as at 31 March 2003, including the contributions outstanding in the amount of 105.2 million United States dollars, representing some 7 per cent of the total assessed contributions, notes with concern that only thirty-three Member States have paid their assessed contributions in full, and urges all other Member States, in particular those in arrears, to ensure payment of their outstanding assessed contributions;
2. Expresses its appreciation to those Member States which have paid their assessed contributions in full, and urges all other Member States to make every possible effort to ensure payment of their assessed contributions to the Mission in full;
3. Expresses concern at the financial situation with regard to peacekeeping activities, in particular as regards the reimbursements to troop contributors that bear additional burdens owing to overdue payments by Member States of their assessments;",True,34,practitioner,34,,,,31,31,completed,lookup,"The block reports precise, source-specific financial facts about outstanding contributions and fully paying Member States as of 31 March 2003.",,completed,31,False,3,31,31,False,False,lookup,,0.48,completed,31,False,3,31,31,False,False,True,34,34,completed,30,30,completed
un,2003/a/res/57/97#3,2003/a/res/57/97,A/RES/57/97,Resolution adopted by the General Assembly,False,resolution,"Noting that one hundred and sixty-six States have signed the Comprehensive Nuclear-Test-Ban Treaty, including a number of States in the region,
1. Welcomes the conclusions on the Middle East of the 2000 Review Conference of the Parties to the Treaty on the Non-Proliferation of Nuclear Weapons;
2. Reaffirms the importance of Israel's accession to the Treaty on the Non-Proliferation of Nuclear Weapons5 and placement of all its nuclear facilities under comprehensive International Atomic Energy Agency safeguards, in realizing the goal of universal adherence to the Treaty in the Middle East;
3. Calls upon that State to accede to the Treaty on the Non-Proliferation of Nuclear Weapons without further delay and not to develop, produce, test or otherwise acquire nuclear weapons, and to renounce possession of nuclear weapons, and to place all its unsafeguarded nuclear facilities under full-scope International Atomic Energy Agency safeguards as an important confidence-building measure among all States of the region and as a step towards enhancing peace and security;
4. Requests the Secretary-General to report to the General Assembly at its fifty-eighth session on the implementation of the present resolution;
5. Decides to include in the provisional agenda of its fifty-eighth session the item entitled ""The risk of nuclear proliferation in the Middle East"". 57th plenary meeting",True,32,lookup|semantic,32,,,,32,32,completed,lookup,"The block is an identified General Assembly resolution containing precise operative measures, a reporting request, and an agenda decision suitable for source-based fact lookup.",,completed,32,True,0,32,32,False,False,lookup,,0.39,completed,32,True,0,32,32,False,False,True,29,,completed,32,32,completed
un,2010/a/res/64/251#1,2010/a/res/64/251,A/RES/64/251,Resolution adopted by the General Assembly on 22 January 2010,False,resolution,"Noting with appreciation the holding of the second session of the Global Platform for Disaster Risk Reduction, in Geneva from 16 to 19 June 2009, taking note of the ""2009 Global Assessment Report on Disaster Risk Reduction"", and looking forward to the forthcoming Hyogo Framework for Action midterm review,
Emphasizing that the affected State has the primary responsibility in the initiation, organization, coordination and implementation of humanitarian assistance within its territory and in the facilitation of the work of humanitarian organizations in mitigating the consequences of natural disasters,
Emphasizing also the responsibility of all States to undertake disaster preparedness, response and early recovery efforts in order to minimize the impact of natural disasters, while recognizing the importance of international cooperation in support of the efforts of affected countries which may have limited capacities in this regard,
Expressing its deep concern at the increasing challenges to Member States and to the United Nations humanitarian response capacity to deal with the consequences of natural disasters, given the effects of global challenges, including the impact of climate change, the global financial and economic crisis, and the humanitarian implications of the global food crisis,",True,32,semantic,,,,,,,no_candidates,semantic,"The block presents dated, conceptual assessments and responsibilities concerning natural-disaster humanitarian assistance and international cooperation rather than a precise rule from a known source.",,completed,32,True,0,32,0,False,False,semantic,,0.77,completed,32,True,0,32,0,False,False,True,,,no_candidates,32,,completed
un,2005/a/res/60/140#5,2005/a/res/60/140,A/RES/60/140,Resolution adopted by the General Assembly on 16 December 2005,False,resolution,"8. Calls upon Governments, the relevant funds and programmes, organs and specialized agencies of the United Nations system, within their respective mandates, and invites the international financial institutions and all relevant actors of civil society, including non-governmental organizations, to intensify action to achieve the full and effective implementation of the Beijing Declaration and Platform for Action and the outcome of the twenty-third special session, through:
(a) Sustained political will and commitment at the national, regional and international levels to take further action, inter alia, through the mainstreaming of gender perspectives, including through the development and use of gender equality indicators, as applicable, in all policies and programmes and the promotion of full and equal participation and empowerment of women, and enhanced international cooperation;
(b) Promotion and protection of, and respect for, the full enjoyment of all human rights and fundamental freedoms by women, including through the full implementation by States of their obligations under all human rights instruments, especially the Convention on the Elimination of All Forms of Discrimination against Women;",True,28,lookup,,,,,28,,completed,semantic,"The block presents a dated response framework for advancing women’s equality, including gender mainstreaming, participation, international cooperation, and human-rights implementation, rather than a single locatable fact or binding regime-specific rule.",,completed,,False,,0,0,True,False,lookup,,0.16,completed,28,True,0,28,0,False,False,False,,,no_candidates,,,no_candidates
un,2011/a/res/65/133#13,2011/a/res/65/133,A/RES/65/133,Resolution adopted by the General Assembly on 15 December 2010,False,resolution,"27. Calls upon all States and parties in complex humanitarian emergencies, in particular in armed conflict and in post-conflict situations, in countries in which humanitarian personnel are operating, in conformity with the relevant provisions of international law and national laws, to cooperate fully with the United Nations and other humanitarian agencies and organizations and to ensure the safe and unhindered access of humanitarian personnel, as well as delivery of supplies and equipment, in order to allow such personnel to efficiently perform their task of assisting affected civilian populations, including refugees and internally displaced persons;
28. Welcomes the progress made towards further enhancing the United Nations security management system, and supports the approach taken by the Secretary-General to focus the security management system on enabling the United Nations system to deliver on its mandates, programmes and activities by effectively managing the risks to which personnel are exposed, including in the provision of humanitarian assistance;",True,33,semantic,33,,,,32,32,completed,practitioner,The block sets out time-specific humanitarian-access expectations for States and parties and describes the United Nations security management system’s operational focus in 2010.,,completed,28,False,5,28,0,False,False,semantic,,0.14,completed,33,True,0,33,33,False,False,False,28,,completed,33,33,completed
un,2011/a/res/65/141#10,2011/a/res/65/141,A/RES/65/141,Resolution adopted by the General Assembly on 20 December 2010,False,resolution,"12. Encourages the United Nations funds and programmes and the specialized agencies, within their respective mandates, to contribute to the implementation of the outcomes of the World Summit on the Information Society, and emphasizes the need for resources in this regard;
13. Notes the organization of the World Summit on the Information Society Forum 2010 by the International Telecommunication Union, the United Nations Conference on Trade and Development, the United Nations Development Programme and the United Nations Educational, Scientific and Cultural Organization to facilitate interaction among actors implementing the Summit's action lines, and invites organizers to fully engage Governments, international organizations, civil society and the private sector in the preparations for the World Summit on the Information Society Forum 2011, to be held in Geneva from 16 to 20 May 2011;
14. Recognizes the urgent need to harness the potential of knowledge and technology, and in this regard encourages the United Nations development system to continue its effort to promote the use of information and communications technologies as a critical enabler of development and a catalyst for the achievement of the internationally agreed development goals, including the Millennium Development Goals;",True,31,semantic,31,,,,30,,completed,lookup,"The block provides precise, source-specific details about the 2010 forum’s organizers, 2011 dates, and institutional responsibilities in a known General Assembly resolution.",,completed,30,False,1,30,0,False,False,lookup,,0.69,completed,30,False,1,30,0,False,False,True,28,,completed,31,31,completed
un,2006/a/res/61/173#1,2006/a/res/61/173,A/RES/61/173,Resolution adopted by the General Assembly on 19 December 2006,False,resolution,"Acknowledging that international human rights law and international humanitarian law are complementary and not mutually exclusive,
Noting with deep concern the growing number of civilians and persons hors de combat killed in situations of armed conflict and internal strife,
Acknowledging that extrajudicial, summary or arbitrary executions may under certain circumstances amount to genocide, crimes against humanity or war crimes, as defined in international law, including in the Rome Statute of the International Criminal Court,
Affirming the obligation of States to prevent the abuse of persons deprived of their liberty and to investigate and respond to deaths in custody,
Convinced of the need for effective action to prevent, combat and eliminate the abhorrent practice of extrajudicial, summary or arbitrary executions, which represent a flagrant violation of the right to life,
1. Strongly condemns once again all the extrajudicial, summary or arbitrary executions that continue to occur throughout the world;
2. Demands that all States ensure that the practice of extrajudicial, summary or arbitrary executions is brought to an end and that they take effective action to prevent, combat and eliminate the phenomenon in all its forms;",True,29,semantic,28,,,,,,no_candidates,lookup,"The block contains a precise operative demand and condemnation from a specifically identified General Assembly resolution, making it suitable for source-based lookup.",,completed,,False,,0,0,True,False,semantic,,0.61,completed,29,True,0,29,28,False,False,False,,,no_candidates,29,28,completed
un,2008/s/res/1814_2008_#13,2008/s/res/1814_2008_,S/RES/1814(2008),Resolution 1814 (2008),False,resolution,"14. Requests the Secretary-General to establish an effective capacity within UNPOS to monitor and enhance the protection of human rights in Somalia, and to ensure coordination, as appropriate, between UNPOS, the Office of the High Commissioner for Human Rights and the Human Rights Council Independent Expert, and further requests the Secretary-General to report on progress in achieving this in the report referred to in paragraph 5 above;
15. Supports the ongoing efforts of the United Nations, the African Union and interested Member States, in close cooperation with the TFG, to develop security sector institutions in Somalia, and requests the SRSG to enhance his coordination role in this area, aligning relevant United Nations programmes and Member States' activities;
16. Condemns all and any violations of human rights and international humanitarian law, calls upon all parties in Somalia to respect fully their obligations in this regard, and calls for those responsible for such violations in Somalia to be brought to justice;",True,33,semantic,33,,,,30,30,completed,lookup,"The block contains precise mandates, coordination arrangements, reporting requirements, and concrete obligations stated in a known Security Council resolution.",,completed,30,False,3,30,30,False,False,lookup,,0.57,completed,30,False,3,30,30,False,False,True,32,32,completed,33,33,completed
un,2014/e/res/2014/23#3,2014/e/res/2014/23,E/RES/2014/23,[on the recommendation of the Commission on Crime Prevention and Criminal Justice (E/2014/30)],False,resolution,"Bearing in mind the need for a focused and consistent criminal justice approach to the smuggling of migrants and related offences,
Underlining that, although the crime of smuggling of migrants may share, in some cases, some common features with the crime of trafficking in persons, Member States need to recognize that they are distinct crimes requiring separate and complementary legal, operational and policy responses,
Welcoming the work and tools of the United Nations Office on Drugs and Crime in the framework of the Global Programme against the Smuggling of Migrants, including the Model Law against the Smuggling of Migrants, the International Framework for Action to Implement the Smuggling of Migrants Protocol and the Assessment Guide to the Criminal Justice Response to the Smuggling of Migrants,
Noting the launch by the United Nations Office on Drugs and Crime of the voluntary reporting system on migrant smuggling and related conduct as a secure solution for collecting, sharing and analysing information on the smuggling of migrants, in support of the Bali Process on People Smuggling, Trafficking in Persons and Related Transnational Crime,",True,31,semantic,,,,,,,no_candidates,lookup,"The block records precise, source-specific facts about UNODC tools and the launch of a voluntary migrant-smuggling reporting system in resolution E/RES/2014/23.",,completed,,False,,0,0,True,False,semantic,,0.69,completed,31,True,0,31,0,False,False,False,,,no_candidates,31,,completed
un,2003/a/res/57/124#2,2003/a/res/57/124,A/RES/57/124,Resolution adopted by the General Assembly,False,resolution,"4. Expresses grave concern about the situation in the Occupied Palestinian Territory, including East Jerusalem, as a result of Israeli practices and measures, and especially condemns the excessive and indiscriminate use of force since 28 September 2000, which has resulted in almost two thousand Palestinian deaths and tens of thousands of injuries;
5. Requests the Special Committee, pending complete termination of the Israeli occupation, to continue to investigate Israeli policies and practices in the Occupied Palestinian Territory, including East Jerusalem, and other Arab territories occupied by Israel since 1967, especially Israeli violations of the Geneva Convention relative to the Protection of Civilian Persons in Time of War, of 12 August 1949,1 and to consult, as appropriate, with the International Committee of the Red Cross according to its regulations in order to ensure that the welfare and human rights of the peoples of the occupied territories are safeguarded and to report to the Secretary-General as soon as possible and whenever the need arises thereafter;",True,31,semantic,31,,,,29,,completed,semantic,The block presents a concrete assessment of violence since 28 September 2000 and describes an investigative and reporting response concerning the occupied territories.,,completed,31,True,0,31,31,False,False,lookup,,0.33,completed,29,False,2,29,0,False,False,False,27,,completed,31,31,completed
un,2011/a/res/65/178#8,2011/a/res/65/178,A/RES/65/178,Resolution adopted by the General Assembly on 20 December 2010,False,resolution,"11. Also stresses the need to promote at all levels a strong enabling environment for enhancing agricultural production, productivity and sustainability in developing countries, including through enhanced market access for developing countries, and supportive economic policies and institutions at the national and international levels;
12. Recognizes the role of indigenous communities and small farmers' traditional seed supply systems in developing countries in the conservation of biodiversity and food security, and urges Member States and international organizations to pursue complementary policies and strategies to strengthen farmer-based seed supply at the community level, as an important component of a competitive commercial seed industry;
13. Also recognizes the need for substantial additional investment and better policies in support of smallholder agriculture in order for many of the poorest countries to reach the poverty and hunger targets of the Millennium Development Goals;
14. Further recognizes the importance of agricultural investment, including foreign direct investment, through, inter alia, the private sector in enhancing agriculture development and food security as well as the need to promote responsible international investment in agriculture, and therefore calls for all investors to conduct agricultural practices in accordance with national legislation, taking into account national sovereignty over natural resources, environmental sustainability and the importance of promoting the well-being and improving the livelihood of local communities and indigenous peoples, as appropriate;",True,30,semantic,,,,,,,no_candidates,semantic,"The block presents conceptual assessments and policy responses on agricultural development, seed systems, smallholder investment, and responsible investment in developing countries as of 2010.",,completed,30,True,0,30,0,False,False,semantic,,0.5,completed,30,True,0,30,0,False,False,True,28,,completed,30,,completed
un,2003/a/res/57/183#9,2003/a/res/57/183,A/RES/57/183,Resolution adopted by the General Assembly,False,resolution,"17. Deplores the deaths, injuries and other forms of violence sustained by staff members of the Office of the United Nations High Commissioner for Refugees, urges States, parties to conflict and all other relevant actors to take all necessary measures to protect activities related to humanitarian assistance, to prevent attacks on and kidnapping of national and international humanitarian workers and to ensure their safety and security, calls upon States to investigate fully any crime committed against humanitarian personnel and to bring to justice persons responsible for such crimes, and calls upon organizations and aid workers to abide by the national laws and regulations of the countries in which they operate;
18. Condemns any exploitation of refugees, especially their sexual exploitation, and calls for those responsible for such deplorable acts to be brought to justice;
19. Welcomes the decision by the Office of the High Commissioner to put into place a code of conduct for humanitarian personnel aimed at preventing the exploitation of refugees, especially in the area of sexual exploitation;",True,32,semantic,32,,,,31,31,completed,lookup,"The block contains precise protection, accountability, anti-exploitation, and humanitarian personnel conduct measures stated in a clearly identified General Assembly resolution.",,completed,31,False,1,31,31,False,False,semantic,,0.51,completed,32,True,0,32,32,False,False,False,,,no_candidates,32,32,completed
un,2014/a/hrc/res/25/6#7,2014/a/hrc/res/25/6,A/HRC/RES/25/6,Resolution adopted by the Human Rights Council,False,resolution,"5. Recognizes that certain children may face additional barriers in their access to justice and reaffirms the duty of States to respect and ensure an effective remedy and access to justice for each child within their jurisdiction without discrimination of any kind, irrespective of the child's or his or her parent's or legal guardian's race, colour, sex, language, religion, political or other opinion, national, ethnic or social origin, property, disability, birth or other status, and to this end calls upon States:
(a) To address additional barriers to access to justice that may exist for children belonging to particularly vulnerable groups, including, but not limited to, children placed in institutional settings or in alternative care, children deprived of their liberty, children with disabilities, children living in poverty, children living in the streets, children belonging to national or ethnic, religious and linguistic minorities, indigenous children, asylum-seeking, refugee and migrant children, including unaccompanied and separated migrant children, stateless children, children affected by HIV/AIDS, children involved in or affected by armed conflict or other violence, child victims of sale and sexual exploitation or child, early and forced marriage, children in the worst forms of child labour, children without parental care and children of parents alleged as, accused of or convicted of having infringed penal law;",True,29,semantic,29,,,,25,,completed,lookup,"The block states a precise measure adopted in a known Human Rights Council resolution, including the duty to address access-to-justice barriers faced by specified vulnerable groups of children.",,completed,25,False,4,25,0,False,False,practitioner,,0.17,completed,28,False,1,28,0,False,False,False,28,,completed,29,29,completed
un,2005/a/res/60/129#8,2005/a/res/60/129,A/RES/60/129,Resolution adopted by the General Assembly on 16 December 2005,False,resolution,"17. Emphasizes the obligation of all States to accept the return of their nationals, calls upon States to facilitate the return of their nationals who have been determined not to be in need of international protection, and affirms the need for the return of persons to be undertaken in a safe and humane manner and with full respect for their human rights and dignity, irrespective of the status of the persons concerned;
18. Condemns all acts that pose a threat to the personal security and well-being of refugees and asylum-seekers, such as refoulement, unlawful expulsion and physical attacks, and calls upon all States of refuge, in cooperation with international organizations where appropriate, to take all necessary measures to ensure respect for the principles of refugee protection, including the humane treatment of asylum-seekers;
19. Affirms the importance of mainstreaming the protection needs of women and children to ensure their participation in the planning and implementation of programmes of the Office of the High Commissioner and State policies and the importance of according priority to addressing the problem of sexual and genderbased violence;",True,30,semantic,,,,,,,no_candidates,semantic,"The block presents dated, substantive protection concerns and responses concerning returns, refoulement, humane treatment, and the protection needs of women and children, without relying on a cited instrument as a locator.",,completed,30,True,0,30,0,False,False,practitioner,,0.34,completed,,False,,0,0,True,False,False,,,no_candidates,30,,completed
un,2013/a/res/67/276#2,2013/a/res/67/276,A/RES/67/276,Resolution adopted by the General Assembly on 28 June 2013,False,resolution,"3. Expresses its appreciation to those Member States which have paid their assessed contributions in full, and urges all other Member States to make every possible effort to ensure payment of their assessed contributions to the Mission in full;
4. Expresses concern at the financial situation with regard to peacekeeping activities, in particular as regards the reimbursements to troop contributors that bear additional burdens owing to overdue payments by Member States of their assessments;
5. Emphasizes that all future and existing peacekeeping missions shall be given equal and non-discriminatory treatment in respect of financial and administrative arrangements;
6. Also emphasizes that all peacekeeping missions shall be provided with adequate resources for the effective and efficient discharge of their respective mandates;
7. Requests the Secretary-General to ensure that proposed peacekeeping budgets are based on the relevant legislative mandates;
8. Endorses the conclusions and recommendations contained in the report of the Advisory Committee on Administrative and Budgetary Questions, subject to the provisions of the present resolution, and requests the Secretary-General to ensure their full implementation;",True,30,semantic,30,,,,29,,completed,practitioner,"The block establishes dated, regime-specific financial and administrative requirements for UN peacekeeping missions, including equal treatment, adequate resources, mandate-based budgets, and implementation responsibilities.",,completed,,False,,0,0,True,False,semantic,,0.28,completed,30,True,0,30,30,False,False,False,,,no_candidates,30,30,completed
un,2006/s/res/1663_2006_#1,2006/s/res/1663_2006_,S/RES/1663(2006),Resolution 1663 (2006),False,resolution,"Welcoming the Communiqué of the 46th meeting of the African Union Peace and Security Council of 10 March 2006, and its decision to support in principle the transition of the African Union Mission in the Sudan (AMIS) to a United Nations operation within the framework of partnership between the African Union and the United Nations in the promotion of peace, security and stability in Africa, to pursue the conclusion of a peace agreement on Darfur by the end of April 2006, and to extend the mandate of AMIS until 30 September 2006,
Expressing its deep concern at the movement of arms and armed groups across borders such as the long running and brutal insurgency by the Lord's Resistance Army (LRA) which has caused the death, abduction and displacement of many innocent civilians in the Sudan,
Determining that the situation in the Sudan continues to constitute a threat to international peace and security,",True,32,semantic,32,,,,28,,completed,semantic,"The block presents a dated substantive assessment of cross-border arms movements and the LRA’s effects on civilians, supporting a situation-focused conceptual question.",,completed,32,True,0,32,32,False,False,semantic,,0.6,completed,32,True,0,32,32,False,False,True,,,no_candidates,32,32,completed
un,2008/s/res/1826_2008_#5,2008/s/res/1826_2008_,S/RES/1826(2008),Resolution 1826 (2008),False,resolution,"8. Invites the signatories of the Ouagadougou political Agreement to take the necessary steps to protect vulnerable civilian populations, including by guaranteeing the voluntary return, reinstallation, reintegration and security of displaced persons, with the support of the United Nations system, and to fulfil in this regard their commitments in accordance with the Ouagadougou political Agreement and their obligations under international humanitarian law;
9. Expresses its intention to review by 31 January 2009 the mandates of UNOCI and the French forces which support it, as well as the level of troops of UNOCI, in the light of the progress achieved in the implementation of the key steps of the peace process and of the progress of the electoral process, and requests the Secretary-General to provide to it a report in this regard three weeks before this date, including some benchmarks for a possible phased drawdown of the troop levels of UNOCI, taking into consideration the electoral process and the situation on the ground and in particular the security conditions;",True,34,practitioner,34,,,,33,33,completed,lookup,"The block states precise obligations, a review deadline, and a reporting arrangement in a known Security Council resolution.",,completed,33,False,1,33,33,False,False,lookup,,0.64,completed,33,False,1,33,33,False,False,True,34,34,completed,32,32,completed
un,2007/cedaw/c/sr_806_a_#12,2007/cedaw/c/sr_806_a_,CEDAW/C/SR(806.A),Committee on the Elimination of Discrimination against Women,True,meeting,"Nevertheless, the State Party should withdraw its reservations to article 16 and revise its Personal Status Act to bring it into line with the Convention.
28. Mr. Touq (Jordan) said that the Government's voter registration efforts, which had placed special emphasis on women and youth, had met with great success in 2007, when 1.9 million Jordanians had voted in municipal elections.
Were that success to be repeated in the legislative elections of November 2007, he expected voters to fundamentally alter the composition of Parliament, paving the way for the enactment of more progressive laws.
29. Withdrawal of the reservations that his country maintained to the Convention was a politically charged issue and could happen only in the right environment and with a favourable Parliament.
Until such a Parliament was elected, he asked the Committee to be patient in respect of that issue.
30. Ms. Khader (Jordan) said that, despite her country's reservation to article 15, paragraph 4, the Passports Act had been amended by an interim law issued by the Council of Ministers.
A woman could currently apply for a passport of her own, without having to obtain the permission of her parents, guardian or husband.
However, some social objections remained in that regard.",True,32,semantic,32,,,,,,no_candidates,semantic,"The meeting record contains substantive statements about Jordan’s 2007 voter participation, Convention reservations, and women’s independent access to passports, supporting a dated conceptual question.",,completed,32,True,0,32,32,False,False,semantic,,0.67,completed,32,True,0,32,32,False,False,True,,,no_candidates,32,32,completed
un,2009/cd/pv_1154#3,2009/cd/pv_1154,CD/PV.1154,The President: I declare open the 1154th plenary meeting of the Conference on Disarmament.,True,meeting,"It is an honour for me to be here as the Permanent Representative of Kazakhstan to the Disarmament Conference in Geneva. And I am especially proud to join the Conference at its 2009 session, at which it has made such significant progress.
I would also like to extend greetings to the SecretaryGeneral of the Conference on Disarmament and Personal Representative of the SecretaryGeneral of the United Nations, Mr. Sergei Ordzhonikidze.
Upon gaining its independence in 1991, Kazakhstan was in possession of the world's fourthlargest nuclear arsenal, which, by decision of our President, Nursultan Nazarbayev, was dismantled 15 years ago.
At the same time, Kazakhstan stopped all nuclear tests and closed the Semipalatinsk nuclear testing site.
Nowadays the Kazakhstan Government is in the process of realizing the rehabilitation plan for the Semipalatinsk region.
Moreover, in 2006 the Central Asian nuclear-weapon-free-zone treaty was signed in Semipalatinsk.
It is a legally binding commitment by Kazakhstan, Kyrgyzstan, Tajikistan, Turkmenistan and Uzbekistan not to manufacture, acquire, test or possess nuclear weapons.",True,33,semantic,33,,,,,,no_candidates,semantic,"The meeting record presents a substantive account of Kazakhstan’s nuclear disarmament and its 2006 regional treaty commitments, supporting a dated conceptual question about the situation and response.",,completed,33,True,0,33,33,False,False,semantic,,0.56,completed,33,True,0,33,33,False,False,True,,,no_candidates,33,33,completed
un,1999/cedaw/c/sr_438#8,1999/cedaw/c/sr_438,CEDAW/C/SR.438,Committee on the Elimination of Discrimination against Women,True,meeting,"12. Regarding the Government's support for the elimination of discrimination, it should be noted that the National Women's Commission had received a 100 per cent increase in its financing.
It also received referrals from the Ministry of Human Development, Women and Youth to funding agencies expressing an interest in working in the different areas.
The Commission was currently developing a strategic plan that it would submit shortly for funding.
As an advisory body, the Commission could not implement programmes but it could identify funding sources, and propose and support programmes.
13. Ms. Marin (Belize) said that there were six judicial districts in Belize, the largest of which was Belize City.
In the Belize City district, the Family Court, which had five magistrates, sat daily.
The Family Court, primarily because it was convened in camera, also addressed cases of sexual harassment.
14. Belizean legislation that prohibited procuring needed revision because it applied only to men and since women also profited from the prostitution of other women.
The interventionist approach described by Ms. Goonesekere was indeed interesting; Belize would be grateful for any further recommendations and suggestions in that regard.
Since legislation prohibiting prostitution made no distinction between adults and children, in the view of the Government, legislation specifically condemning child prostitution was unnecessary.",True,34,semantic,34,,,,,,no_candidates,semantic,"The meeting record contains substantive, date-specific statements about Belize’s institutions, judicial responses, and proposed legal treatment of prostitution and child prostitution.",,completed,34,True,0,34,34,False,False,semantic,,0.58,completed,34,True,0,34,34,False,False,True,,,no_candidates,34,34,completed
un,2008/cd/pv_1117#7,2008/cd/pv_1117,CD/PV.1117,"on Tuesday, 9 September 2008, at 11 a.m. President: Mr. Germán MUNDARAÍN HERNÁNDEZ (Venezuela)",True,meeting,"I also take this opportunity to thank Mr. Sergei Ordzhonikidze, Secretary-General of the CD, and Ambassador Tim Caughley, Deputy Secretary-General of the CD and Director of the Office of Disarmament Affairs, who lead an efficient Secretariat. The Secretariat has serviced the Conference most ably and creditably.
Even in the so-called lean period, we have made the Secretariat work very hard. They have kept their powder dry for the hard times.
The PRESIDENT (spoke in Spanish): I thank the Ambassador of Pakistan, Ambassador Masood Khan for his comments. Next, the representative of Viet Nam, Mr. Pham Quoc Tru, has the floor.
Mr. PHAM (Viet Nam): Mr. President, please allow me, on behalf of my delegation, to express our sincere thanks and congratulations to you upon your assumption of the presidency of the Conference.
My delegation highly appreciates your hard work and your tireless efforts made in the process of consultations with delegations in order to draft and adopt the report of our Conference to the United Nations General Assembly.",True,26,semantic,,,,,,,no_candidates,skip,"The block contains only ceremonial thanks and praise, without a substantive position, rationale, or concrete assessment suitable for semantic questions.",,completed,,False,,0,0,False,True,skip,,0.87,completed,,False,,0,0,False,True,True,,,no_candidates,26,,completed
un,2011/cd/pv_1222#13,2011/cd/pv_1222,CD/PV.1222,The President: I declare open the 1222nd plenary meeting of the Conference on Disarmament.,True,meeting,"The President: I now give the floor to the distinguished Ambassador of Algeria.
You have the floor, Ambassador.
Mr. Idriss (Algeria) (spoke in Arabic): I have asked to take the floor in Arabic, a language that we have not heard yet today, in order to join previous speakers, especially the representative of Mexico who spoke on behalf of the Group of 21, in conveying on my own behalf and on behalf of my country's delegation our deep gratitude and appreciation to Mr. Sergei Ordzhonikidze, the Secretary-General of the Conference on Disarmament, who will leave us shortly, for his admirable efforts since taking office on 19 March 2002.
His performance is not surprising, since he spent his entire professional life in the diplomatic service, accumulating valuable experience during his years as a Russian diplomat.
He was thus well prepared for his move to the area of multilateral cooperation, in which he has occupied the exalted posts of Director-General of the United Nations Office at Geneva and Secretary-General of the Conference on Disarmament.",True,26,semantic,,,,,,,no_candidates,skip,"The block contains only ceremonial appreciation and biographical remarks, without a substantive position, rationale, or concrete assessment.",,completed,,False,,0,0,False,True,skip,,0.83,completed,,False,,0,0,False,True,True,,,no_candidates,26,,completed
un,1999/a/c_3/54/sr_31#11,1999/a/c_3/54/sr_31,A/C.3/54/SR.31,(a) Implementation of human rights instruments (continued),True,meeting,"In exercise of its sovereign right, the United Republic of Tanzania had chosen to retain it because it served a useful purpose, although it was resorted to very sparingly.
If some States sought to impose on others a particular regime of laws, that would be tantamount to interference in their internal affairs and, in some cases, would ignore their religious traditions.
19. The United Republic of Tanzania respected the sovereign decision of those countries which had abolished the death penalty and proposed its elimination, but it believed that they should respect the decision of those countries which had chosen to retain it.
The real issue was not the death penalty, but whether States had the right to promulgate the kind of laws best suited to the needs of their societies.
In the view of her delegation, States had that right, which was established in the Charter of the United Nations and was one of the foundations of international law.
In order to respect the various choices countries had made, the European Union should withdraw the draft resolution on the death penalty, which only served to polarize the issue and undermine the smooth functioning of the Committee.",True,34,semantic,34,,,,,,no_candidates,semantic,"The meeting record presents Tanzania’s substantive position and rationale on retaining the death penalty, sovereignty, and opposition to the European Union draft resolution.",,completed,34,True,0,34,34,False,False,semantic,,0.79,completed,34,True,0,34,34,False,False,True,,,no_candidates,34,34,completed
un,2004/a/c_5/58/sr_45#2,2004/a/c_5/58/sr_45,A/C.5/58/SR.45,Capital master plan (continued),True,meeting,"The third was to use the host-country offer as a guarantee against private-sector borrowing, which could provide borrowing options, particularly during the construction period, that would lower the interest rate and thus the total payment.
The fourth was to offer Member States a menu of options, such as paying their total assessments up front to avoid paying interest, or paying instead over time with interest under one of the proposed formulas.
4. Discussing the matter at the Assembly's fifty-ninth session would help to keep the project on schedule and ensure that, if the Assembly decided to accept the loan offer from the United States, the proposal could be considered by the United States Congress during the fiscal year from 1 October 2004 to 30 September 2005.
5. The Secretariat had provided for each of the three components of the capital master plan to be funded differently.
The refurbishment of the Headquarters complex was the responsibility of the Member States and would be funded from assessments.
The Secretariat hoped to offer Member States an opportunity to fund the refurbishment of specific conference rooms.
The new building, UNDC5, would be financed separately from the refurbishment project, and at no additional cost to the Member States, by the sale of bonds issued by the United Nations Development Corporation (UNDC).",True,33,semantic,33,,,,,,no_candidates,semantic,"The meeting record contains substantive explanations of the capital master plan’s funding arrangements and scheduling rationale, supporting a conceptual semantic question.",,completed,33,True,0,33,33,False,False,semantic,,0.47,completed,33,True,0,33,33,False,False,True,,,no_candidates,33,33,completed
un,2009/a/ac_109/2009/sr_4#6,2009/a/ac_109/2009/sr_4,A/AC.109/2009/SR.4,Special Committee on the Situation with regard to the Implementation of the Declaration on the Granting of,True,meeting,"10. Modern democratic Spain, as Gibraltar's nearest neighbour, should respect the wishes of the people of Gibraltar and help them emerge from colonialism into a new international status and take their rightful place in the family of nations, instead of complaining because it had lost a battle in 1704 over a small piece of territory that it had captured in an earlier battle from its previous Muslim owners, who had ruled it for 750 years.
However, instead of respecting and providing support for Gibraltar, in 2009, Spain had challenged the sovereignty of Gibraltar's territorial waters.
Spain had always maintained that Gibraltar could not have territorial waters, since they were not provided for in the 1713 Treaty.
However, even during the 16-year siege imposed in 1969, it had respected those territorial waters, never attempting to apply Spanish law to vessels anchored in them, and demarcating flight paths over them that were followed by aircraft not permitted to use Spanish air space.
That had changed in 2009, when it had claimed responsibility for the environmental protection of Gibraltar's waters, which it was unable to deliver, and had made a number of incursions into its territorial jurisdiction, causing the United Kingdom, the administering Power, to take action to protect the sovereignty of the waters, as required by the Constitution of Gibraltar.",True,31,semantic,31,,,,,,no_candidates,semantic,"This meeting record contains a substantive, attributed assessment of Spain’s 2009 challenge to Gibraltar’s territorial waters and the United Kingdom’s response, supporting a situation-focused conceptual question.",,completed,31,True,0,31,31,False,False,semantic,,0.87,completed,31,True,0,31,31,False,False,True,,,no_candidates,31,31,completed
un,2012/a/c_3/66/sr_22#7,2012/a/c_3/66/sr_22,A/C.3/66/SR.22,(a) Advancement of women (continued),True,meeting,"21. The 2005 World Summit Outcome, which had formulated the principle of responsibility to protect, had also reaffirmed that the protection of human rights was essentially a matter for national Governments, with effective assistance from the international community, in a context of respect for the principles of non-interference in the internal affairs of States and respect for their sovereignty and territorial integrity.
National capacity-building was the best way of ensuring that the four crimes identified in the Outcome -- genocide, war crimes, crimes against humanity and ethnic cleansing -- would not recur.
Accordingly, increased funding for national capacity-building, notably through the Office of the High Commissioner for Human Rights, would be highly desirable.
22. Egypt's democratic transition had been under way since January 2011. Persons who had committed human rights violations during the revolution of 25 January would be tried and punished. The Government had enacted legislation aimed at strengthening political participation, thereby confirming the revolution's genuine commitment to democracy and respect for human rights.",True,34,semantic,34,,,,,,no_candidates,semantic,"This meeting record presents substantive positions and concrete assessments about national responsibility, Egypt’s democratic transition, accountability, and political-participation reforms in 2011.",,completed,34,True,0,34,34,False,False,semantic,,0.7,completed,34,True,0,34,34,False,False,True,,,no_candidates,34,34,completed
un,2000/cd/pv_844#0,2000/cd/pv_844,CD/PV.844,I have on my list of speakers for today the representative of Japan.,True,meeting,"I have on my list of speakers for today the representative of Japan.
As you are aware, our esteemed colleague and friend, Ambassador Akira Hayashi of Japan, will be leaving the Conference shortly, having been called to other important duties by his Government.
During his time here, he has presented the position of his Government with prodigious skills and talent.
His personal contribution to our collective efforts to bring about a consensus which would allow the start of substantive work of the Conference has been appreciated by all.
I am personally beholden to him for the friendship he has always shown me.
Mr. HAYASHI (Japan): Thank you very much, Mr. President, for your kind words to me and best wishes to me and to my family.
Mr. President, at the outset, I should like to congratulate you most warmly on your assumption of the presidency and wish you every success in discharging your important duties.
I am certain that your wisdom and diplomatic skills will help bring about in the CD the longawaited positive agreement on our work.
My delegation pledges its full cooperation in your endeavours.
I should also like to pay tribute to your predecessor, Ambassador Harald Kreid of Austria, for his initiative and strenuous efforts to promote the start of substantive work in the CD.",True,,,,,,,,,no_candidates,skip,"The block consists primarily of ceremonial farewells, congratulations, and generic expressions of support rather than substantive content suitable for semantic questions.",,completed,,,,0,0,False,False,skip,,0.87,completed,,,,0,0,False,False,True,,,no_candidates,,,no_candidates
un,2005/a/59/pv_84#8,2005/a/59/pv_84,A/59/PV.84,Mr. Ping,True,meeting,"Their disintegration, which presupposes the need for them to be rebuilt, can therefore more properly be attributed to their original lack of viability as States in the strict sense of the word.
It is therefore a fundamental mistake to think that the international community has the capacity, or is entitled, to determine what institutions must be put in place or created as alternatives to a failed, inoperative or inept State that cannot carry out its basic public functions.
To the contrary, we believe that -- as the Charter itself guarantees -- that power belongs solely to peoples exercising their collective and inalienable right to self-determination.
Peacekeeping operations whose goal is to rebuild a State, as appears to be the trend at the United Nations, therefore in fact curtail the right to self-determination of the people who are the object of such operations.
Moreover, by definition such operations are acts of intervention that contravene the Charter that governs the Organization.",True,27,semantic,,,,,,,no_candidates,semantic,"This meeting record presents a substantive position and rationale concerning peacekeeping operations, self-determination, and intervention, suited to a conceptual situation or stakeholder question.",,completed,27,True,0,27,0,False,False,semantic,,0.78,completed,27,True,0,27,0,False,False,True,,,no_candidates,27,,completed
un,2014/a/c_3/69/sr_43#7,2014/a/c_3/69/sr_43,A/C.3/69/SR.43,"(a) Elimination of racism, racial discrimination, xenophobia and related intolerance (continued)",True,meeting,"The report had stressed the need for an in-depth analysis of those issues, practical guidance on the principles of necessity, proportionality and legitimacy in relation to surveillance practices, and effective remedies for those whose rights had been violated.
14. In September 2014, panel discussions in Geneva among Member States, OHCHR, special procedures mandate holders, academia and civil society had established that the importance and magnitude of the issue justified the creation of a special procedures mandate.
That view had been reinforced by the most recent report of the Special Rapporteur on the promotion and protection of human rights and fundamental freedoms while countering terrorism.
15. The draft resolution brought all those elements together and recalled that States should always abide by their human rights obligations when exercising power over private parties, such as when requesting data and metadata on citizens or foreigners.
Collecting and analysing metadata might be more revealing of a person's private life than directly analysing the content of his or her communications and could, therefore, be an even greater violation of privacy.
Accordingly, some countries had opted to specifically regulate the surveillance of metadata.",True,31,semantic,31,,,,,,no_candidates,semantic,"The meeting record contains substantive 2014 assessments and rationale concerning surveillance, metadata privacy, remedies, and the proposed special procedures mandate.",,completed,31,True,0,31,31,False,False,semantic,,0.78,completed,31,True,0,31,31,False,False,True,,,no_candidates,31,31,completed
un,2007/a/cn_9/sr_845#7,2007/a/cn_9/sr_845,A/CN.9/SR.845,United Nations Commission on International Trade Law,True,meeting,"The Chairperson suggested deleting the words ""by a writing"" but retaining the reference to new recommendation 186.
Having heard no objections, she said she took it that the Committee wished to adopt recommendation 188, as amended.
Recommendation 188, as amended, was adopted.
Proposed new recommendations 189 and 190 (options A and B)
Mr. Macdonald (Canada) said that proposed new recommendation 190 under both options A and B was based on original recommendation 192.
Original recommendation 190, which referred only to consumer goods, had become redundant because its content had been addressed in proposed new recommendation 188, under which retention of title in consumer goods was effective against third parties upon conclusion of the sales contract.
Original recommendation 191 had also become redundant because its substance had been addressed in proposed new recommendation 184.
Ms. Stanivuković (Serbia), supported by Mr. Macdonald (Canada), proposed stating in subparagraph (b) of new recommendation 189 under both options that a notice relating to the retention-of-title or financial lessor's right should be registered in the general security rights registry.",True,30,semantic,,,,,,,no_candidates,semantic,"This meeting record contains a substantive proposal about registering notices for retention-of-title and financial lessor’s rights, making a situation/response question suitable for semantic mode.",,completed,30,True,0,30,0,False,False,semantic,,0.41,completed,30,True,0,30,0,False,False,True,,,no_candidates,30,,completed
un,2006/a/c_4/61/sr_13#7,2006/a/c_4/61/sr_13,A/C.4/61/SR.13,Special Political and Decolonization Committee,True,meeting,"18. The Department's second strategic priority was to run itself out of business.
Conditions for sustainable withdrawal had to be enhanced in order for the Department to meet new demands.
Reinforced political engagement from international and national actors was often the quickest route to a sustainable exit.
In order to lower its caseloads and ensure lasting stability after withdrawal, the Department needed to increase its focus on its core business and to improve the degree and quality of its support for the establishment of sustainable national security institutions and processes.
19. Security sector reform would not succeed if it were not part of an overall national security strategy encompassing early reconstruction, effective governance, human rights and sustainability.
The participation of Member States, multilateral actors and international financial institutions would be vital to holistic and sustainable security sector reform.
Still, unless the Department improved the rate and quality of its contribution to such wider reform, peacekeeping operations would either be protracted or, worse still, have to be reinstated.",True,29,semantic,29,,,,,,no_candidates,semantic,"The meeting record presents substantive strategic rationale about sustainable withdrawal and security-sector reform, supporting a dated conceptual question about the situation and response.",,completed,29,True,0,29,29,False,False,semantic,,0.66,completed,29,True,0,29,29,False,False,True,,,no_candidates,29,29,completed
un,2002/cedaw/c/sr_560#20,2002/cedaw/c/sr_560,CEDAW/C/SR.560,Committee on the Elimination of Discrimination against Women,True,meeting,"44. The Government was concerned by the high unemployment rate among women.
To some extent the figures were skewed by the fact that the long-term unemployed were not dropped from the count.
There had been a reduction in some types of female unemployment over the past two years.
Like the other European countries, Belgium had a national employment plan that aimed at employment for all but placed special emphasis on quality jobs.
Many of the measures under that plan were particularly relevant to women, because they specifically targeted the long-term, the older and the low-skilled unemployed.
45. Ms. Verzele (Belgium) said that the project of removing inequalities from the tax system was still ongoing; the Ministry of Finance was studying the matter carefully and there would undoubtedly be more information to give in the next report.
With regard to development aid, Belgium was a staunch advocate of equality of opportunity.
The communities and regions had sole responsibility for education, but it should be understood that they, as well as the Federal Government, had to approve international treaties before they could be ratified by Belgium, so that they were also committed to implementing the treaty provisions.
Although no representative of the German-speaking community was present, it had contributed to the report.",True,31,semantic,31,,,,,,no_candidates,semantic,"The meeting record contains substantive, dated information about Belgium’s employment, tax, aid and treaty-implementation policies, supporting a conceptual situation or response question.",,completed,31,True,0,31,31,False,False,semantic,,0.43,completed,31,True,0,31,31,False,False,True,,,no_candidates,31,31,completed
un,2007/a/cn_9/sr_841#21,2007/a/cn_9/sr_841,A/CN.9/SR.841,United Nations Commission on International Trade Law,True,meeting,"Mr. Burman (United States of America) expressed strong support for the wording of recommendation 204. He was unwilling to engage in any further discussion of the matter.
The Chairperson said that the Working Group had discussed the question at length and that the Commission had taken a decision.
Despite the concerns expressed by some delegations, there did not seem to be majority support for reopening the debate on the substance of recommendation 204.
Moreover, she trusted that the discussion of financial contracts would allay any remaining concerns.
Ms. McCreath (United Kingdom) said she disagreed with that conclusion.
A number of delegations had expressed valid concerns.
It was unhelpful and undermined consensus merely to state that the issue was closed.
She suggested, for example, that some form of cross-referencing should be included in recommendation 204.
At all events, the discussion should be deferred until the recommendations on financial contracts had been considered.",True,28,semantic,,,,,,,no_candidates,semantic,"This meeting-record passage presents substantive, attributed positions and proposed responses concerning whether to reopen or defer consideration of recommendation 204.",,completed,28,True,0,28,0,False,False,semantic,,0.55,completed,28,True,0,28,0,False,False,True,,,no_candidates,28,,completed
un,2007/cd/pv_1063#7,2007/cd/pv_1063,CD/PV.1063,The PRESIDENT: I declare open the 1063rd plenary meeting of the Conference on Disarmament.,True,meeting,"Dr. Goldblat, as you know, follows assiduously our formal sessions from the gallery.
Unfortunately he has not been able to be with us today, but I wish to extend to him my warmest congratulations and deep appreciation for the precious role he has played throughout the years in favour of disarmament and non-proliferation.
The granting of this distinction to Dr. Goldblat reflects Italy's strong commitment in favour of disarmament and non-proliferation at all echelons of its institutions.
Let me recall that last month Deputy Prime Minister and Minister of Foreign Affairs Massimo D'Alema made a strong appeal in favour of nuclear disarmament and for non-proliferation on the occasion of his visit to Hiroshima, a city which has become a symbol of international striving for international peace through disarmament.
A few days later, during the high-level segment of our Conference, UnderSecretary of State Vittorio Craxi pleaded for the resumption of substantive work at the Conference and supported the six Presidents' initiative.",True,28,semantic,,,,,,,no_candidates,semantic,"The meeting record contains substantive attributed positions on Italy’s support for disarmament, non-proliferation, and resuming the Conference’s work, beyond ceremonial remarks.",,completed,28,True,0,28,0,False,False,skip,,0.7,completed,,False,,0,0,False,True,False,,,no_candidates,28,,completed
un,2014/gc_15/sr_9#10,2014/gc_15/sr_9,GC.15/SR.9,General Conference,True,meeting,"He also wished to thank the members of the Conference team from the UNIDO Secretariat, as well as the UNOV Conference Services and the United Nations Safety and Security Services, who had made a valuable contribution to the success of the session.
He congratulated the new External Auditor, Mr. Engels of the German Supreme Audit Institution, on his election and said that he looked forward to his guidance.
The Conference had been a truly historic event that had brought a new spirit to UNIDO: a spirit of inclusive and sustainable industrial development; a spirit of partnership and cooperation; a spirit of aspiration to a better and more prosperous tomorrow.
Inclusive and sustainable development would be the Organization's development priority for many years, and that would entail great responsibility: a responsibility to implement the Declaration, and a responsibility to act swiftly.
The year 2014 must be a year for action. He would work hard to repay the trust placed in him and in UNIDO.
It was essential to create ""networks for prosperity"" and to implement the Lima Declaration without delay.",True,30,semantic,,,,,,,no_candidates,semantic,The meeting record contains substantive attributed assessments and forward-looking commitments about UNIDO’s 2014 priorities and implementation of the Lima Declaration.,,completed,30,True,0,30,0,False,False,skip,,0.75,completed,,False,,0,0,False,True,False,,,no_candidates,30,,completed
un,2009/a/c_2/64/sr_16#3,2009/a/c_2/64/sr_16,A/C.2/64/SR.16,"(b) Preventing and combating corrupt practices and transfer of assets of illicit origin and returning such assets, in particular to the countries of origin, consistent with the United Nations Convention against Corruption",True,meeting,"UNODC also supported the creation and strengthening of regional networks of asset recovery focal points, which could further the dialogue between requesting and requested States.
In view of the growing size and work of the Conference of the States Parties, the Global Forum would then become a public/private partnership forum bringing together political and business leaders.
9. He called on States to continue to engage in constructive dialogue with a view to arriving at consensus decisions at the Conference of the States Parties, particularly with regard to the review mechanisms supported by the Group of Twenty (G-20).
The General Assembly could support the Conference by encouraging States that had not yet done so to ratify or accede to the Convention and encouraging its implementation by Member States.
The accomplishment of such tasks would be feasible only if Member States provided UNODC with strong support so that it would have the resources needed to make the Convention's provisions operational and fully effective.",True,31,semantic,31,,,,,,no_candidates,semantic,"This meeting record contains substantive positions on strengthening anti-corruption implementation, supporting asset-recovery networks, and resourcing UNODC, suitable for a dated conceptual question.",,completed,31,True,0,31,31,False,False,semantic,,0.38,completed,31,True,0,31,31,False,False,True,,,no_candidates,31,31,completed
un,2010/a/cn_9/sr_902#16,2010/a/cn_9/sr_902,A/CN.9/SR.902,Draft revised UNCITRAL Arbitration Rules,True,meeting,"Draft article 12
54. Draft article 12 was adopted.
Draft article 13
55. Mr. Jaeger (Observer for the Comité Français de l'Arbitrage) said that the present wording of the draft article did not require reasons to be given for the decision taken by the appointing authority on a challenge to an arbitrator.
Although some institutions, like the International Chamber of Commerce, did not give reasons for their decisions on such requests, in a context where the parties had not necessarily designated the appointing authority in advance, those parties might not wish to leave such decisions to the complete discretion of that authority.
56. Mr. Moollan (Mauritius) said that there had been much debate on the desirability of reasons being given for such decisions by the appointing authority.
The present forum was not the most appropriate place to decide the matter.
The International Chamber of Commerce had chosen not to give the reasons for its decisions on such requests; some years previously, the London Court of International Arbitration had decided to do so, but in fact it still did not publish such reasons because of the problems that might ensue.",True,,,,,,,,,no_candidates,semantic,The meeting record presents substantive positions and rationale about whether an appointing authority should give reasons for decisions on arbitrator challenges.,,completed,,,,0,0,False,False,semantic,,0.66,completed,,,,0,0,False,False,True,,,no_candidates,,,no_candidates
un,2009/s/2009/658#0,2009/s/2009/658,S/2009/658,Letter dated 15 December 2009 from the Permanent Representative of Eritrea to the United Nations addressed to the President of the Security Council,False,letter,"Letter dated 15 December 2009 from the Permanent Representative of Eritrea to the United Nations addressed to the President of the Security Council
The Security Council has been discussing, in the past few weeks, a draft resolution to impose a series of sanctions against Eritrea.
The expert-level discussions appear to be almost complete and the authors of the draft resolution are pushing for its adoption on 18 December.
The ludicrous punitive measures proposed against Eritrea in the draft resolution include, among other things, the imposition of a military embargo; the inspection and seizure, in their territory, of cargo to and from Eritrea; and the imposition of a travel ban against, and the freezing of assets of, Eritrea's political and military leadership that may be blacklisted by a Security Council committee.
The draft resolution is tabled by Uganda. But in reality, the main architect of this resolution and the single country which has been campaigning frantically in the corridors of the United Nations premises in New York, as well as in various capitals of Security Council member States, for its adoption remains the United States of America.",True,31,lookup|practitioner|semantic,31,,,,31,,completed,semantic,"The block presents Eritrea’s dated account of a proposed sanctions response, including its mechanisms and alleged principal sponsor, supporting a conceptual situation or stakeholder question rather than a source lookup.",,completed,31,True,0,31,31,False,False,semantic,,0.61,completed,31,True,0,31,31,False,False,True,31,31,completed,31,31,completed
un,2002/a/c_5/56/46#12,2002/a/c_5/56/46,A/C.5/56/46,Letter dated 27 June 2002 from the Acting President of the General Assembly addressed to the Chairman of the Fifth Committee,False,letter,"Although the International Monetary Fund (IMF) had suspended its programme for Guinea-Bissau and donors were showing wariness, efforts were being made to respond to related concerns.
50. The Committee noted that Guinea-Bissau was negotiating a repayment schedule for its outstanding contributions to OAU.
It was informed, however, that, while the Government would like to consider a schedule of payments of its arrears to the United Nations, it was not in a position to do so, given its present situation.
51. The Committee concluded that the failure of Guinea-Bissau to pay the full minimum amount necessary to avoid the application of Article 19 was due to conditions beyond its control.
It therefore recommended that Guinea-Bissau be permitted to vote until 30 June 2003.
5. The Republic of Moldova
52. The Committee had before it the text of a letter dated 15 May 2002 from the President of the General Assembly addressed to the Chairman of the Committee on Contributions, transmitting a letter dated 15 May 2002 from the Permanent Representative of the Republic of Moldova to the United Nations requesting an exemption under Article 19.
It also had before it the text of a letter dated 16 May 2002 from the Permanent Representative of the Republic of Moldova to the United Nations addressed to the Chairman of the Committee on Contributions.",True,34,semantic,34,,,,31,,completed,lookup,"The block states a precise, source-specific recommendation on Guinea-Bissau’s voting eligibility under Article 19.",,completed,31,False,3,31,0,False,False,lookup,,0.16,completed,31,False,3,31,0,False,False,True,29,,completed,34,34,completed
un,2006/s/2006/724#6,2006/s/2006/724,S/2006/724,Letter dated 8 September 2006 from the Permanent Representative of France to the United Nations addressed to the President of the Security Council,False,letter,"- Request for advocacy and official visits of the SRSG for CAAC to countries of concern, including, where appropriate, engaging with parties on action plans, M&R implementation, assistance for adoption of the Optional Protocol to the CRC and other relevant instruments
- Support to transitional justice and truth-seeking mechanisms, including support in the development and implementation of child-sensitive procedures, e.g. building capacity of investigators, statement takers and other officials involved in how to address cases involving children and how to interview and take testimonies from children
Possible recommendations to the UNSC
- Letters to donors (public/private) to invite them to contribute more, including for strengthening child protection capacities of regional organizations
2. Démarches
- Advocacy for accountability for crimes against children in situations of armed conflict and calls on the United Nations and Members to provide support to programmes ensuring the protection of children involved in accountability or truth-seeking mechanisms",True,29,lookup,27,,,,29,27,completed,semantic,"The block describes proposed accountability, advocacy, transitional-justice, and donor-support responses for protecting children in armed conflict, best suited to a dated conceptual question about the mechanisms and affected stakeholders.",,completed,27,False,2,27,0,False,False,semantic,,0.24,completed,27,False,2,27,0,False,False,True,26,,completed,27,,completed
un,2004/s/2004/933#2,2004/s/2004/933,S/2004/933,Letter dated 30 November 2004 from the Permanent Representative of Rwanda to the United Nations addressed to the President of the Security Council,False,letter,"The Security Council will recall that, on 15 November, the ex-FAR/Interahamwe launched a series of Katyusha rocket attacks from the territory of the Democratic Republic of the Congo into a Rwanda village, causing civilian casualties.
A few months ago, this force together with its allies from Burundi attacked a refugee camp at Gatumba and killed 160 civilians, among them young children and women.
In April and May of this year, the same force attacked three provinces in Rwanda, stole property and terrorized civilians.
Today these forces are massed along the Congolese side of our common border, poised for an attack on Rwanda.
The lack of reaction by the international community, especially peacekeepers of the United Nations Organization Mission in the Democratic Republic of the Congo (MONUC) present in the eastern Democratic Republic of the Congo, has emboldened these groups.
Their representatives and spokespersons have made public declarations that they will never allow themselves to be disarmed, partly because, as they say, they were invited by the Government of the Democratic Republic of the Congo.
These declarations have even been made on Radio Okapi, the United Nations radio station operated by MONUC in the Democratic Republic of the Congo.",True,33,lookup,33,,,,33,33,completed,semantic,"The block presents Rwanda’s dated assessment of cross-border attacks, civilian harm, militant mobilization, and inadequate MONUC response, making it suited to a situation-focused conceptual question.",,completed,31,False,2,31,31,False,False,semantic,,0.77,completed,31,False,2,31,31,False,False,True,31,31,completed,31,31,completed
un,2011/s/2011/16#3,2011/s/2011/16,S/2011/16,Letter dated 10 January 2011 from the Permanent Representative of Bosnia and Herzegovina to the United Nations addressed to the Secretary-General,False,letter,"The specific capacities that should be given primacy will vary from country to country. Certain institutions, however, are crucial to consolidating peace regardless of the country context, and significant efforts should be invested in their development.
They include: (a) institutions carrying out political functions (such as implementing peace agreements, elections, taking and implementing decisions, and carrying out leadership functions); (b) security and rule-of-law institutions; (c) public finance institutions; and (d) institutions entrusted with economic recovery and service delivery.
Debates about post-conflict institution-building often assume that the aforementioned functions are carried out only by State institutions. However, in reality, some of those functions are carried out partly or completely by various nonState actors, such as civil society and international organizations.
In many cases, civil society also acts as an additional pillar in institution-building by helping newly formed institutions to define agendas and priorities that are of direct benefit to citizens.
Effective oversight and accountability mechanisms are central to the legitimacy and credibility of the institutions.",True,31,semantic,31,,,,25,,completed,semantic,"The block offers a conceptual account of post-conflict institution-building, including key institutions, non-State actors, civil society, and accountability mechanisms, suitable for a dated situation or response question.",,completed,31,True,0,31,31,False,False,semantic,,0.91,completed,31,True,0,31,31,False,False,True,29,,completed,31,31,completed
