corpus,target_id,document_id,symbol,is_meeting,stratum,mode,eligible,status,error,candidate_count,graded_count,grounded_count,audit_clear_count,mean_candidate_score,best_score,best_faithfulness,best_quality,best_audit_status,best_question,best_answer,audit_clear_best_score,generation_skip_reason
un,2011/a/res/65/212#13,2011/a/res/65/212,A/RES/65/212,False,resolution,lookup,True,completed,,3,3,3,3,34.666666666666664,36,15,21,clear,What concern did the General Assembly express in its 21 December 2010 resolution about impunity for traffickers and their accomplices?,"the high level of impunity enjoyed by traffickers and their accomplices as well as other members of organized crime entities and, in this context, the denial of rights and justice to migrants who have suffered from abuse",36,
un,2011/a/res/65/212#13,2011/a/res/65/212,A/RES/65/212,False,resolution,practitioner,True,completed,,3,3,3,1,31.666666666666668,33,15,18,minor_issues,Suppose an immigration ministry is considering a programme modeled on approaches recognized by the General Assembly in its 21 December 2010 consideration of migrant protection. What features did the Assembly associate with the immigration programmes it welcomed?,"Welcomes immigration programmes, adopted by some countries, that allow migrants to integrate fully into the host countries, facilitate family reunification and promote a harmonious, tolerant and respectful environment",33,
un,2011/a/res/65/212#13,2011/a/res/65/212,A/RES/65/212,False,resolution,conceptual,True,completed,,3,3,3,3,33,34,15,19,minor_issues,What justice-related problem did the 21 December 2010 resolution identify for migrants abused by organized crime?,"Also expresses its concern about the high level of impunity enjoyed by traffickers and their accomplices as well as other members of organized crime entities and, in this context, the denial of rights and justice to migrants who have suffered from abuse;",34,
un,2011/a/res/65/212#13,2011/a/res/65/212,A/RES/65/212,False,resolution,comparison,True,completed,,1,1,1,0,25,25,14,11,blocking,"How does the resolution treat transnational and national organized crime entities and immigration programmes, adopted by some countries, in relation to protecting persons in vulnerable situations?","5. Emphasizes the importance of protecting persons in vulnerable situations, and in this regard:
(a) Expresses its concern about the increase in the activities of transnational and national organized crime entities and others who profit from crimes against migrants, especially women and children, without regard for dangerous and inhumane conditions and in flagrant violation of domestic laws and international law and contrary to international standards;
(b) Also expresses its concern about the high level of impunity enjoyed by traffickers and their accomplices as well as other members of organized crime entities and, in this context, the denial of rights and justice to migrants who have suffered from abuse;
(c) Welcomes immigration programmes, adopted by some countries, that allow migrants to integrate fully into the host countries, facilitate family reunification and promote a harmonious, tolerant and respectful environment, and encourages States to consider the possibility of adopting these types of programmes;",,
un,2011/a/res/65/212#13,2011/a/res/65/212,A/RES/65/212,False,resolution,claim_verification,True,completed,,3,3,3,2,32.333333333333336,35,15,20,clear,"Is it accurate that the General Assembly's 21 December 2010 resolution expresses concern about impunity for traffickers, their accomplices and other organized-crime members, as well as the denial of rights and justice to migrants who have suffered abuse?","(b) Also expresses its concern about the high level of impunity enjoyed by traffickers and their accomplices as well as other members of organized crime entities and, in this context, the denial of rights and justice to migrants who have suffered from abuse;",35,
un,2011/a/res/65/212#13,2011/a/res/65/212,A/RES/65/212,False,resolution,source_finding,True,completed,,1,1,1,1,35,35,14,21,minor_issues,"Which General Assembly resolution adopted in December 2010 emphasizes protecting persons in vulnerable situations, expresses concern about crimes against migrants and traffickers’ impunity, and welcomes immigration programmes supporting integration and family reunification?",A/RES/65/212,35,
un,2006/a/res/61/183#3,2006/a/res/61/183,A/RES/61/183,False,resolution,lookup,True,completed,,3,3,3,3,33.666666666666664,35,14,21,clear,"Which conventions did the General Assembly invite all States, as a matter of priority, to consider signing, ratifying or acceding to in the General Assembly resolution adopted on 20 December 2006 on international cooperation against the world drug problem?",the United Nations Convention against Transnational Organized Crime and the Protocols thereto and the United Nations Convention against Corruption,35,
un,2006/a/res/61/183#3,2006/a/res/61/183,A/RES/61/183,False,resolution,practitioner,True,completed,,3,3,3,3,31.666666666666668,33,15,18,clear,Suppose a mission officer is helping design a national strategy to address the world drug problem and must determine how demand-reduction and supply-reduction measures should relate to one another. What approach does the General Assembly reaffirm?,"a balanced approach between demand reduction and supply reduction, each reinforcing the other, in an integrated approach to solving the drug problem;",33,
un,2006/a/res/61/183#3,2006/a/res/61/183,A/RES/61/183,False,resolution,conceptual,True,completed,,3,3,3,2,31.666666666666668,33,15,18,clear,What did the 20 December 2006 resolution urge States to do regarding the three international drug-control conventions?,"Urges States that have not done so to consider ratifying or acceding to, and States parties to implement all the provisions of, the Single Convention on Narcotic Drugs of 1961 as amended by the 1972 Protocol, the Convention on Psychotropic Substances of 1971 and the United Nations Convention against Illicit Traffic in Narcotic Drugs and Psychotropic Substances of 1988;",33,
un,2006/a/res/61/183#3,2006/a/res/61/183,A/RES/61/183,False,resolution,comparison,True,completed,,1,1,1,0,30,30,15,15,blocking,How are demand reduction and supply reduction related in the integrated approach to solving the drug problem?,"Also reaffirms that there shall be a balanced approach between demand reduction and supply reduction, each reinforcing the other, in an integrated approach to solving the drug problem;",,
un,2006/a/res/61/183#3,2006/a/res/61/183,A/RES/61/183,False,resolution,claim_verification,True,completed,,3,3,3,3,32.666666666666664,34,15,19,clear,Can the claim that the 20 December 2006 General Assembly resolution on international cooperation against the world drug problem reaffirms a balanced approach in which demand reduction and supply reduction reinforce each other within an integrated approach be verified?,"Also reaffirms that there shall be a balanced approach between demand reduction and supply reduction, each reinforcing the other, in an integrated approach to solving the drug problem;",34,
un,2006/a/res/61/183#3,2006/a/res/61/183,A/RES/61/183,False,resolution,source_finding,True,completed,,1,1,1,0,31,31,15,16,repair,Which General Assembly resolution reaffirms a balanced approach between drug-demand and drug-supply reduction and urges States to implement the principal international drug-control conventions?,A/RES/61/183,,
un,2013/a/res/67/199#12,2013/a/res/67/199,A/RES/67/199,False,resolution,lookup,True,completed,,3,3,3,3,29.666666666666668,32,15,17,clear,What areas did the General Assembly resolution adopted on 21 December 2012 identify as related to reforming the international financial system and architecture?,"mandate, scope, governance, responsiveness and development orientation, as appropriate",32,
un,2013/a/res/67/199#12,2013/a/res/67/199,A/RES/67/199,False,resolution,practitioner,True,completed,,3,3,3,0,29,30,15,15,blocking,Suppose a State representative is preparing to participate in international discussions on the reform of the international financial system and architecture. What kind of dialogue does the resolution encourage?,"continued open, inclusive and transparent dialogue",,
un,2013/a/res/67/199#12,2013/a/res/67/199,A/RES/67/199,False,resolution,conceptual,True,completed,,3,3,3,3,33.666666666666664,36,15,21,clear,What consequences of sovereign debt crises did the Assembly identify in its 21 December 2012 resolution?,"acknowledges that sovereign debt crises tend to be costly and disruptive, including for employment and productive investments, and tend to be followed by cuts in public spending, including on health and education, affecting, in particular, the poor and vulnerable",36,
un,2013/a/res/67/199#12,2013/a/res/67/199,A/RES/67/199,False,resolution,comparison,True,completed,,1,1,1,0,28,28,12,16,repair,How does the General Assembly's 21 December 2012 resolution describe the effects of sovereign debt crises on employment and productive investments compared with public spending on health and education?,"Also emphasizes that debt sustainability is essential for underpinning growth, underlining in this regard the importance of debt sustainability and effective debt management to the efforts to achieve national development goals, including the Millennium Development Goals, and acknowledges that sovereign debt crises tend to be costly and disruptive, including for employment and productive investments, and tend to be followed by cuts in public spending, including on health and education, affecting, in particular, the poor and vulnerable;",,
un,2013/a/res/67/199#12,2013/a/res/67/199,A/RES/67/199,False,resolution,claim_verification,True,completed,,3,3,3,1,30.666666666666668,33,14,19,repair,Is it accurate that the 21 December 2012 General Assembly resolution says the financial and economic crisis highlighted the need for reform and gave new impetus to international discussions on reforming the international financial system and architecture?,"Stresses that the financial and economic crisis has highlighted the need for reform as well as added new impetus to ongoing international discussions on the reform of the international financial system and architecture, including on issues related to mandate, scope, governance, responsiveness and development orientation, as appropriate, and in this regard encourages continued open, inclusive and transparent dialogue;",29,
un,2013/a/res/67/199#12,2013/a/res/67/199,A/RES/67/199,False,resolution,source_finding,True,completed,,1,1,1,1,29,29,14,15,minor_issues,Which UN resolution emphasizes debt sustainability and effective debt management while highlighting the need to reform the international financial system and support a return to growth with quality jobs?,A/RES/67/199,29,
un,2011/a/res/65/263#2,2011/a/res/65/263,A/RES/65/263,False,resolution,lookup,True,completed,,3,3,3,3,32.333333333333336,34,15,19,clear,What areas were covered by the International Organization of la Francophonie’s commitment to multilateral cooperation in the 14 January 2011 General Assembly resolution?,"peace, democratic governance and the rule of law, economic governance and solidarity, the environment, sustainable development, and climate change",34,
un,2011/a/res/65/263#2,2011/a/res/65/263,A/RES/65/263,False,resolution,practitioner,True,completed,,1,1,1,0,22,22,12,10,blocking,A General Assembly delegate preparing a briefing on the cooperation commitments recognized in the resolution adopted on 14 January 2011 must identify the relevant commitments and the parties’ stated intention. What did the resolution note with satisfaction?,"the commitments made at the High-level Plenary Meeting of the General Assembly on the Millennium Development Goals, held in New York from 20 to 22 September 2010, and reaffirmed by the Heads of State and Government of countries using French as a common language at the thirteenth Summit of la Francophonie, held in Montreux, Switzerland, from 22 to 24 October 2010, and their determination to work together to bring about, through targeted action, added value in these areas",,
un,2011/a/res/65/263#2,2011/a/res/65/263,A/RES/65/263,False,resolution,conceptual,True,completed,,3,3,3,0,28.333333333333332,31,15,16,blocking,What progress in United Nations cooperation with the International Organization of la Francophonie was recognized with satisfaction in January 2011?,"Noting with satisfaction the substantial progress achieved in cooperation between the United Nations, the specialized agencies and other United Nations bodies and programmes and the International Organization of la Francophonie,",,
un,2011/a/res/65/263#2,2011/a/res/65/263,A/RES/65/263,False,resolution,comparison,True,completed,,1,1,1,0,23,23,11,12,blocking,How does the resolution adopted on 14 January 2011 describe cooperation involving the United Nations and the specialized agencies with the International Organization of la Francophonie?,"Noting with satisfaction the substantial progress achieved in cooperation between the United Nations, the specialized agencies and other United Nations bodies and programmes and the International Organization of la Francophonie,",,
un,2011/a/res/65/263#2,2011/a/res/65/263,A/RES/65/263,False,resolution,claim_verification,True,completed,,3,3,3,1,31,31,15,16,clear,"Can the claim that the January 2011 General Assembly resolution noted with satisfaction the commitment of the International Organization of la Francophonie to multilateral cooperation for peace, democratic governance and the rule of law, economic governance and solidarity, the environment, sustainable development, and climate change be verified?","Noting with satisfaction the commitment of the International Organization of la Francophonie to multilateral cooperation for peace, democratic governance and the rule of law, economic governance and solidarity, the environment, sustainable development, and climate change,",31,
un,2011/a/res/65/263#2,2011/a/res/65/263,A/RES/65/263,False,resolution,source_finding,True,completed,,1,1,1,0,30,30,14,16,repair,"Which General Assembly resolution notes with satisfaction the International Organization of la Francophonie's commitment to multilateral cooperation for peace, democratic governance, the rule of law, economic governance and solidarity, the environment, sustainable development, and climate change?",A/RES/65/263,,
un,2013/a/res/68/143#7,2013/a/res/68/143,A/RES/68/143,False,resolution,lookup,True,completed,,3,3,3,3,34,36,15,21,clear,What responsibilities for registering refugees did the General Assembly recall in its 2013 resolution on assistance to refugees and displaced persons in Africa?,"the responsibility of States to register refugees on their territories and, as appropriate, the responsibility of the Office of the High Commissioner or mandated international bodies to do so",36,
un,2013/a/res/68/143#7,2013/a/res/68/143,A/RES/68/143,False,resolution,practitioner,True,completed,,2,2,2,2,33,35,15,20,clear,Suppose a State is unable to register refugees on its territory and asks the UN refugee office for assistance with the registration procedure. What action does the resolution call upon the Office to take?,to help States to conduct this procedure should they be unable to register refugees on their territory,35,
un,2013/a/res/68/143#7,2013/a/res/68/143,A/RES/68/143,False,resolution,conceptual,True,completed,,2,2,2,2,30.5,32,14,18,minor_issues,"For refugees and asylum seekers in Africa, what responsibilities and support are identified for early and effective registration and documentation?","Recalls the conclusion on registration of refugees and asylum seekers adopted by the Executive Committee of the Programme of the High Commissioner at its fifty-second session, notes the many forms of harassment faced by refugees and asylum seekers who remain without any form of documentation attesting to their status, recalls the responsibility of States to register refugees on their territories and, as appropriate, the responsibility of the Office of the High Commissioner or mandated international bodies to do so, reiterates in this context the central role that early and effective registration and documentation can play, guided by protection considerations, in enhancing protection and supporting efforts to find durable solutions, and calls upon the Office, as appropriate, to help States to conduct this procedure should they be unable to register refugees on their territory;",32,
un,2013/a/res/68/143#7,2013/a/res/68/143,A/RES/68/143,False,resolution,comparison,True,completed,,1,1,1,0,31,31,14,17,blocking,What responsibilities does the resolution assign to States and the Office of the High Commissioner regarding refugee registration?,"recalls the responsibility of States to register refugees on their territories and, as appropriate, the responsibility of the Office of the High Commissioner or mandated international bodies to do so, reiterates in this context the central role that early and effective registration and documentation can play, guided by protection considerations, in enhancing protection and supporting efforts to find durable solutions, and calls upon the Office, as appropriate, to help States to conduct this procedure should they be unable to register refugees on their territory;",,
un,2013/a/res/68/143#7,2013/a/res/68/143,A/RES/68/143,False,resolution,claim_verification,True,completed,,3,3,3,0,25.666666666666668,27,15,12,blocking,"Can the claim that the resolution calls upon the international community, including States, the Office of the High Commissioner and other relevant United Nations organizations, to take concrete action to meet the protection and assistance needs of refugees, returnees and displaced persons and to contribute generously to related projects and programmes be verified?","Calls upon the international community, including States and the Office of the High Commissioner and other relevant United Nations organizations, within their respective mandates, to take concrete action to meet the protection and assistance needs of refugees, returnees and displaced persons and to contribute generously to projects and programmes aimed at alleviating their plight, facilitating durable solutions for refugees and displaced persons and supporting vulnerable local host communities;",,
un,2013/a/res/68/143#7,2013/a/res/68/143,A/RES/68/143,False,resolution,source_finding,True,completed,,1,1,1,0,35,35,15,20,repair,"Which General Assembly resolution records the position that States are responsible for registering refugees on their territories, while the Office of the High Commissioner or other mandated international bodies may do so as appropriate, and that early, effective registration and documentation enhance protection?",A/RES/68/143,,
un,2014/a/res/68/254#2,2014/a/res/68/254,A/RES/68/254,False,resolution,lookup,True,completed,,3,3,3,3,31.666666666666668,37,15,22,clear,"In 2013, what did the General Assembly request the Secretary-General to submit concerning an interim independent assessment in its resolution on administration of justice?","to submit to the General Assembly for consideration at its sixty-ninth session a revised proposal for conducting an interim independent assessment of the system of administration of justice, to be carried out in a cost-efficient manner by independent experts, including experts familiar with internal labour dispute mechanisms",37,
un,2014/a/res/68/254#2,2014/a/res/68/254,A/RES/68/254,False,resolution,practitioner,True,completed,,3,3,3,2,31,33,15,18,minor_issues,Suppose the Secretary-General is preparing a submission for consideration by the General Assembly at its sixty-ninth session. What proposal does the resolution request concerning an assessment of the United Nations system of administration of justice?,"to submit to the General Assembly for consideration at its sixty-ninth session a revised proposal for conducting an interim independent assessment of the system of administration of justice, to be carried out in a cost-efficient manner by independent experts, including experts familiar with internal labour dispute mechanisms",33,
un,2014/a/res/68/254#2,2014/a/res/68/254,A/RES/68/254,False,resolution,conceptual,True,completed,,3,3,3,2,30.333333333333332,33,15,18,minor_issues,What features and purpose did the Assembly reaffirm for the new United Nations system of administration of justice?,"Reaffirms its decision, contained in paragraph 4 of resolution 61/261, to establish a new, independent, transparent, professionalized, adequately resourced and decentralized system of administration of justice consistent with the relevant rules of international law and the principles of the rule of law and due process to ensure respect for the rights and obligations of staff members and the accountability of managers and staff members alike;",33,
un,2014/a/res/68/254#2,2014/a/res/68/254,A/RES/68/254,False,resolution,comparison,True,completed,,1,1,1,0,26,26,15,11,blocking,How does the resolution treat the principle of judicial independence and access for all staff members to the system of administration of justice?,"7. Emphasizes the importance of the principle of judicial independence in the system of administration of justice;
8. Stresses the importance of ensuring access for all staff members to the system of administration of justice, regardless of their duty station;",,
un,2014/a/res/68/254#2,2014/a/res/68/254,A/RES/68/254,False,resolution,claim_verification,True,completed,,3,3,3,0,25.333333333333332,26,15,11,blocking,Is it accurate that the General Assembly's measure on the UN administration of justice stresses ensuring access for all staff members to the system of administration of justice regardless of their duty station?,"8. Stresses the importance of ensuring access for all staff members to the system of administration of justice, regardless of their duty station;",,
un,2014/a/res/68/254#2,2014/a/res/68/254,A/RES/68/254,False,resolution,source_finding,True,completed,,1,1,1,1,34,34,15,19,minor_issues,"Which General Assembly resolution requests the Secretary-General to submit at its sixty-ninth session a revised, cost-efficient proposal for an interim independent assessment of the system of administration of justice by independent experts?",A/RES/68/254,34,
un,2001/a/res/55/114#5,2001/a/res/55/114,A/RES/55/114,False,resolution,lookup,True,completed,,3,3,3,3,36,37,15,22,clear,What did the General Assembly call upon Iran to do about suspicious deaths and killings of intellectuals and political activists in its 2000 human rights resolution?,To accelerate the process of the investigation into the suspicious deaths and killings of intellectuals and political activists and to bring the alleged perpetrators to justice,37,
un,2001/a/res/55/114#5,2001/a/res/55/114,A/RES/55/114,False,resolution,practitioner,True,completed,,3,3,3,2,31.333333333333332,32,15,17,minor_issues,"Suppose the Government of the Islamic Republic of Iran is preparing a response on its use of capital punishment. What was it called upon to ensure, and what information was it asked to provide to the Special Representative?",To ensure that capital punishment will not be imposed for crimes other than the most serious and will not be pronounced in disregard of the provisions of the International Covenant on Civil and Political Rights2 and United Nations safeguards and to provide the Special Representative with relevant statistics on this matter,32,
un,2001/a/res/55/114#5,2001/a/res/55/114,A/RES/55/114,False,resolution,conceptual,True,completed,,3,3,3,3,32.666666666666664,34,15,19,minor_issues,What safeguards and reporting did the Assembly seek regarding capital punishment in Iran?,To ensure that capital punishment will not be imposed for crimes other than the most serious and will not be pronounced in disregard of the provisions of the International Covenant on Civil and Political Rights2 and United Nations safeguards and to provide the Special Representative with relevant statistics on this matter;,34,
un,2001/a/res/55/114#5,2001/a/res/55/114,A/RES/55/114,False,resolution,comparison,True,completed,,1,1,1,0,22,22,12,10,blocking,What action did the resolution require regarding the Baha'is and other minority religious groups in addressing religious intolerance?,To implement fully the conclusions and recommendations of the Special Representative with regard to religious intolerance relating to the Baha'is and other minority religious groups until they are completely emancipated;,,
un,2001/a/res/55/114#5,2001/a/res/55/114,A/RES/55/114,False,resolution,claim_verification,True,completed,,3,3,3,3,29.333333333333332,30,14,16,minor_issues,Is it accurate that the General Assembly called upon the Government of the Islamic Republic of Iran to accelerate investigations into the suspicious deaths and killings of intellectuals and political activists and bring the alleged perpetrators to justice?,(f) To accelerate the process of the investigation into the suspicious deaths and killings of intellectuals and political activists and to bring the alleged perpetrators to justice;,30,
un,2001/a/res/55/114#5,2001/a/res/55/114,A/RES/55/114,False,resolution,source_finding,True,completed,,1,1,1,1,32,32,13,19,minor_issues,"Which General Assembly resolution contains calls for the Islamic Republic of Iran to restrict capital punishment to the most serious crimes, investigate suspicious killings, eliminate religious discrimination, and end torture and amputation as punishment?",A/RES/55/114,32,
un,2007/a/res/62/137#12,2007/a/res/62/137,A/RES/62/137,False,resolution,lookup,True,completed,,2,2,2,2,33.5,35,14,21,clear,Which 2007 and 2008 events did the General Assembly identify for attention to gender perspectives in its 18 December 2007 resolution on follow-up to Beijing?,"including the commemorative high-level plenary meeting devoted to the follow-up to the outcome of the special session of the General Assembly on children in 2007, the thirteenth session of the Conference of the Parties to the United Nations Framework Convention on Climate Change, and the third session of the Conference of the Parties serving as the Meeting of the Parties to the Kyoto Protocol, in Bali, Indonesia, in 2007, the Follow-up International Conference on Financing for Development to Review the Implementation of the Monterey Consensus in Doha in 2008, and the Third High-level Forum on Aid Effectiveness in Accra in 2008",35,
un,2007/a/res/62/137#12,2007/a/res/62/137,A/RES/62/137,False,resolution,practitioner,True,completed,,1,1,1,1,36,36,15,21,clear,Suppose a United Nations entity is preparing for the Third High-level Forum on Aid Effectiveness in Accra in 2008 and will handle its follow-up. What does the General Assembly urge it to do regarding gender perspectives?,"to ensure the integration of gender perspectives in the implementation of and follow-up to all United Nations summits, conferences and special sessions and to give attention to gender perspectives in preparation for such events",36,
un,2007/a/res/62/137#12,2007/a/res/62/137,A/RES/62/137,False,resolution,conceptual,True,completed,,1,1,1,1,31,31,14,17,minor_issues,"What gender-mainstreaming measure did the General Assembly urge Governments, United Nations entities and civil society actors to apply to major UN events in 2007–2008?","Urges Governments and all entities of the United Nations system, including United Nations agencies, funds and programmes, and all relevant actors of civil society, to ensure the integration of gender perspectives in the implementation of and follow-up to all United Nations summits, conferences and special sessions and to give attention to gender perspectives in preparation for such events, including the commemorative high-level plenary meeting devoted to the follow-up to the outcome of the special session of the General Assembly on children in 2007, the thirteenth session of the Conference of the Parties to the United Nations Framework Convention on Climate Change, and the third session of the Conference of the Parties serving as the Meeting of the Parties to the Kyoto Protocol, in Bali, Indonesia, in 2007, the Follow-up International Conference on Financing for Development to Review the Implementation of the Monterey Consensus in Doha in 2008, and the Third High-level Forum on Aid Effectiveness in Accra in 2008;",31,
un,2007/a/res/62/137#12,2007/a/res/62/137,A/RES/62/137,False,resolution,comparison,True,completed,,1,1,1,0,26,26,14,12,blocking,How are all entities of the United Nations system and all relevant actors of civil society treated regarding gender perspectives in United Nations events?,"Urges Governments and all entities of the United Nations system, including United Nations agencies, funds and programmes, and all relevant actors of civil society, to ensure the integration of gender perspectives in the implementation of and follow-up to all United Nations summits, conferences and special sessions and to give attention to gender perspectives in preparation for such events, including the commemorative high-level plenary meeting devoted to the follow-up to the outcome of the special session of the General Assembly on children in 2007, the thirteenth session of the Conference of the Parties to the United Nations Framework Convention on Climate Change, and the third session of the Conference of the Parties serving as the Meeting of the Parties to the Kyoto Protocol, in Bali, Indonesia, in 2007, the Follow-up International Conference on Financing for Development to Review the Implementation of the Monterey Consensus in Doha in 2008, and the Third High-level Forum on Aid Effectiveness in Accra in 2008;",,
un,2007/a/res/62/137#12,2007/a/res/62/137,A/RES/62/137,False,resolution,claim_verification,True,completed,,2,2,2,2,33.5,34,15,19,minor_issues,"Can the claim that the 18 December 2007 General Assembly resolution urges attention to gender perspectives in preparation for United Nations summits, conferences and special sessions, including events in 2007 in Bali and a financing-for-development conference in Doha and an aid-effectiveness forum in Accra in 2008, be verified?","Urges Governments and all entities of the United Nations system, including United Nations agencies, funds and programmes, and all relevant actors of civil society, to ensure the integration of gender perspectives in the implementation of and follow-up to all United Nations summits, conferences and special sessions and to give attention to gender perspectives in preparation for such events, including the commemorative high-level plenary meeting devoted to the follow-up to the outcome of the special session of the General Assembly on children in 2007, the thirteenth session of the Conference of the Parties to the United Nations Framework Convention on Climate Change, and the third session of the Conference of the Parties serving as the Meeting of the Parties to the Kyoto Protocol, in Bali, Indonesia, in 2007, the Follow-up International Conference on Financing for Development to Review the Implementation of the Monterey Consensus in Doha in 2008, and the Third High-level Forum on Aid Effectiveness in Accra in 2008;",34,
un,2007/a/res/62/137#12,2007/a/res/62/137,A/RES/62/137,False,resolution,source_finding,True,completed,,1,1,1,1,34,34,15,19,minor_issues,"Which General Assembly resolution urges Governments, United Nations entities and civil society to integrate gender perspectives into the implementation and follow-up of United Nations summits, conferences and special sessions, including events in Bali, Doha and Accra?",A/RES/62/137,34,
un,2005/a/res/60/226#3,2005/a/res/60/226,A/RES/60/226,False,resolution,lookup,True,completed,,3,3,3,3,32,33,14,19,minor_issues,"What report was the Secretary-General requested to prepare, with assistance from a group of governmental experts convened in 2006, for a decision at the sixty-first session in the General Assembly resolution adopted on 23 December 2005 on transparency in armaments?","a report on the continuing operation of the Register and its further development, taking into account the work of the Conference on Disarmament, the views expressed by Member States and the reports of the Secretary-General on the continuing operation of the Register and its further development, with a view to taking a decision at its sixty-first session",33,
un,2005/a/res/60/226#3,2005/a/res/60/226,A/RES/60/226,False,resolution,practitioner,True,completed,,2,2,2,1,30,33,14,19,clear,Suppose the Secretary-General is organizing the 2006 review of the United Nations Register of Conventional Arms and preparing material for a decision at the General Assembly’s sixty-first session. What assignment and substantive inputs did the Assembly request for that review?,"Requests the Secretary-General, with the assistance of a group of governmental experts to be convened in 2006, within available resources, on the basis of equitable geographical representation, to prepare a report on the continuing operation of the Register and its further development, taking into account the work of the Conference on Disarmament, the views expressed by Member States and the reports of the Secretary-General on the continuing operation of the Register and its further development, with a view to taking a decision at its sixty-first session;",33,
un,2005/a/res/60/226#3,2005/a/res/60/226,A/RES/60/226,False,resolution,conceptual,True,completed,,2,2,2,1,30,35,15,20,minor_issues,What process was arranged in 2006 to review the Register’s operation and guide a decision at the General Assembly’s sixty-first session?,"Requests the Secretary-General, with the assistance of a group of governmental experts to be convened in 2006, within available resources, on the basis of equitable geographical representation, to prepare a report on the continuing operation of the Register and its further development, taking into account the work of the Conference on Disarmament, the views expressed by Member States and the reports of the Secretary-General on the continuing operation of the Register and its further development, with a view to taking a decision at its sixty-first session;",35,
un,2005/a/res/60/226#3,2005/a/res/60/226,A/RES/60/226,False,resolution,comparison,True,completed,,1,1,1,0,26,26,12,14,blocking,What roles did Member States and a group of governmental experts have in reviewing the continuing operation and further development of the Register?,"4. Reaffirms its decision, with a view to further development of the Register, to keep the scope of and participation in the Register under review and, to that end:
(a) Recalls its request to Member States to provide the Secretary-General with their views on the continuing operation of the Register and its further development and on transparency measures related to weapons of mass destruction;
(b) Requests the Secretary-General, with the assistance of a group of governmental experts to be convened in 2006, within available resources, on the basis of equitable geographical representation, to prepare a report on the continuing operation of the Register and its further development, taking into account the work of the Conference on Disarmament, the views expressed by Member States and the reports of the Secretary-General on the continuing operation of the Register and its further development, with a view to taking a decision at its sixty-first session;",,
un,2005/a/res/60/226#3,2005/a/res/60/226,A/RES/60/226,False,resolution,claim_verification,True,completed,,2,2,2,2,32,33,14,19,minor_issues,"Is it accurate that the General Assembly requested the Secretary-General, assisted by a group of governmental experts convened in 2006 within available resources and on the basis of equitable geographical representation, to prepare a report on the Register’s continuing operation and further development?","Requests the Secretary-General, with the assistance of a group of governmental experts to be convened in 2006, within available resources, on the basis of equitable geographical representation, to prepare a report on the continuing operation of the Register and its further development, taking into account the work of the Conference on Disarmament, the views expressed by Member States and the reports of the Secretary-General on the continuing operation of the Register and its further development, with a view to taking a decision at its sixty-first session;",33,
un,2005/a/res/60/226#3,2005/a/res/60/226,A/RES/60/226,False,resolution,source_finding,True,completed,,1,1,1,0,34,34,15,19,repair,"Which General Assembly resolution requests the Secretary-General, with assistance from a group of governmental experts convened in 2006, to prepare a report on the continuing operation and further development of the Register?",A/RES/60/226,,
un,2013/a/res/68/18#1,2013/a/res/68/18,A/RES/68/18,False,resolution,lookup,True,completed,,3,3,3,3,35,35,15,20,minor_issues,What exceptional additional preparatory period did the General Assembly decide to provide Equatorial Guinea before the three-year preparatory period in the General Assembly's 2013 resolution on graduation from the least developed country category?,an additional preparatory period of six months before the start of the three-year preparatory period leading to graduation,35,
un,2013/a/res/68/18#1,2013/a/res/68/18,A/RES/68/18,False,resolution,practitioner,True,completed,,3,3,3,3,35.333333333333336,36,15,21,clear,"Suppose Equatorial Guinea is organizing its transition during the period between the adoption of the General Assembly’s decision and its graduation from the least developed country category. What is it invited to prepare, and with whose support and cooperation?","its national smooth-transition strategy, with the support of the United Nations system and in cooperation with its bilateral and multilateral development and trading partners",36,
un,2013/a/res/68/18#1,2013/a/res/68/18,A/RES/68/18,False,resolution,conceptual,True,completed,,3,3,3,2,31,32,14,18,minor_issues,What exceptional preparation arrangement was established for Equatorial Guinea before its graduation from the least developed country category?,"Takes note of the endorsement by the Economic and Social Council of the recommendation of the Committee for Development Policy that Equatorial Guinea be graduated from the least developed country category, and decides to provide Equatorial Guinea, on an exceptional basis, with an additional preparatory period of six months before the start of the three-year preparatory period leading to graduation;",32,
un,2013/a/res/68/18#1,2013/a/res/68/18,A/RES/68/18,False,resolution,comparison,True,completed,,1,1,1,1,31,31,13,18,minor_issues,How did the additional preparatory periods for Equatorial Guinea and Vanuatu differ before the three-year preparatory period leading to graduation?,"Takes note of the endorsement by the Economic and Social Council of the recommendation of the Committee for Development Policy that Equatorial Guinea be graduated from the least developed country category, and decides to provide Equatorial Guinea, on an exceptional basis, with an additional preparatory period of six months before the start of the three-year preparatory period leading to graduation;
3. Invites Equatorial Guinea to prepare, during the three and a half year period between the adoption of the present resolution and its graduation from the least developed country category, its national smooth-transition strategy, with the support of the United Nations system and in cooperation with its bilateral and multilateral development and trading partners;
4. Takes note of the endorsement by the Council of the recommendation of the Committee that Vanuatu be graduated from the least developed country category, and decides to provide Vanuatu, on an exceptional basis, with an additional preparatory period of one year before the start of the three-year preparatory period leading to graduation;",31,
un,2013/a/res/68/18#1,2013/a/res/68/18,A/RES/68/18,False,resolution,claim_verification,True,completed,,3,3,3,0,28.333333333333332,29,14,15,blocking,"Can the claim that the resolution decides to provide Equatorial Guinea, on an exceptional basis, with an additional preparatory period of six months before the three-year preparatory period leading to graduation be verified?","Takes note of the endorsement by the Economic and Social Council of the recommendation of the Committee for Development Policy that Equatorial Guinea be graduated from the least developed country category, and decides to provide Equatorial Guinea, on an exceptional basis, with an additional preparatory period of six months before the start of the three-year preparatory period leading to graduation;",,
un,2013/a/res/68/18#1,2013/a/res/68/18,A/RES/68/18,False,resolution,source_finding,True,completed,,1,1,1,1,35,35,14,21,minor_issues,Which General Assembly resolution provided exceptional additional preparatory periods for the graduation of Equatorial Guinea and Vanuatu from the least developed country category?,A/RES/68/18,35,
un,2001/s/res/1376_2001_#2,2001/s/res/1376_2001_,S/RES/1376(2001),False,resolution,lookup,True,completed,,3,3,3,3,31.666666666666668,34,15,19,minor_issues,What did the Security Council demand regarding illegal exploitation of the DRC's natural resources in the Security Council's 2001 resolution?,that such exploitation cease,34,
un,2001/s/res/1376_2001_#2,2001/s/res/1376_2001_,S/RES/1376(2001),False,resolution,practitioner,True,completed,,3,3,3,3,33.333333333333336,37,15,22,clear,Suppose a humanitarian coordinator is preparing an international appeal concerning the humanitarian situation in the Democratic Republic of the Congo in November 2001. What action does the Security Council call on the international community to take?,"increase, without delay, its support for humanitarian activities",37,
un,2001/s/res/1376_2001_#2,2001/s/res/1376_2001_,S/RES/1376(2001),False,resolution,conceptual,True,completed,,3,3,3,2,34.333333333333336,37,15,22,clear,"How did the Council connect the DRC’s economic recovery with peace, and what assistance did it consider urgent in November 2001?","Expresses its serious concern with regard to the economic difficulties facing the Democratic Republic of the Congo, stresses that progress in the peace process and the economic recovery and development of the country are interdependent, and in this regard underlines the urgent need for increased international economic assistance in support of the peace process;",37,
un,2001/s/res/1376_2001_#2,2001/s/res/1376_2001_,S/RES/1376(2001),False,resolution,comparison,True,completed,,1,1,1,0,24,24,14,10,blocking,How did the resolution address the humanitarian situation in the DRC and the economic difficulties facing the Democratic Republic of the Congo?,"Expresses its serious concern with regard to the humanitarian situation in the DRC and calls on the international community to increase, without delay, its support for humanitarian activities;
7. Expresses its serious concern with regard to the economic difficulties facing the Democratic Republic of the Congo, stresses that progress in the peace process and the economic recovery and development of the country are interdependent, and in this regard underlines the urgent need for increased international economic assistance in support of the peace process;",,
un,2001/s/res/1376_2001_#2,2001/s/res/1376_2001_,S/RES/1376(2001),False,resolution,claim_verification,True,completed,,3,3,3,3,33.666666666666664,35,15,20,clear,"Is it accurate that the November 2001 Security Council resolution condemns all illegal exploitation of the Democratic Republic of the Congo’s natural resources, demands that such exploitation cease, and stresses that those resources should not be exploited to finance the conflict?","Reiterates its condemnation of all illegal exploitation of the natural resources of the Democratic Republic of the Congo, demands that such exploitation cease and stresses that the natural resources of the Democratic Republic of the Congo should not be exploited to finance the conflict in that country;",35,
un,2001/s/res/1376_2001_#2,2001/s/res/1376_2001_,S/RES/1376(2001),False,resolution,source_finding,True,completed,,1,1,1,1,34,34,15,19,minor_issues,"Which Security Council resolution condemned the illegal exploitation of the Democratic Republic of the Congo’s natural resources, demanded that it cease, and stressed that those resources should not finance the conflict?",S/RES/1376(2001),34,
un,2008/s/res/1806_2008_#8,2008/s/res/1806_2008_,S/RES/1806(2008),False,resolution,lookup,True,completed,,3,3,3,3,34.666666666666664,37,14,23,clear,What did the Security Council request the Secretary-General to report after the planned Paris conference in June 2008 in the 2008 Security Council resolution on Afghanistan?,"to report to the Security Council on its outcome and to include in this report, if necessary, further recommendations concerning UNAMA's mandate",37,
un,2008/s/res/1806_2008_#8,2008/s/res/1806_2008_,S/RES/1806(2008),False,resolution,practitioner,True,completed,,3,3,3,2,35.666666666666664,39,15,24,clear,"Suppose the Secretary-General's office is preparing the requested report on the outcome of the international conference to review progress on the implementation of the Afghanistan Compact, for which France offered to host in Paris in June 2008. If necessary, what further material should the report include concerning UNAMA?",further recommendations concerning UNAMA's mandate,39,
un,2008/s/res/1806_2008_#8,2008/s/res/1806_2008_,S/RES/1806(2008),False,resolution,conceptual,True,completed,,3,3,3,3,35,37,15,22,clear,How did the Council address the proposed June 2008 Paris conference on Afghanistan Compact implementation?,"Notes with interest the intention, expressed by JCMB members at the Political Directors Meeting on Afghanistan held in Tokyo on 5 February 2008, to prepare an international conference to review progress on the implementation of the Afghanistan Compact, welcomes the offer of France to host such conference in Paris in June 2008, and requests the Secretary-General to report to the Security Council on its outcome and to include in this report, if necessary, further recommendations concerning UNAMA's mandate;",37,
un,2008/s/res/1806_2008_#8,2008/s/res/1806_2008_,S/RES/1806(2008),False,resolution,comparison,True,completed,,1,1,1,0,23,23,11,12,blocking,How are the JCMB and the Afghan Government's aid coordination unit treated in relation to coordinating and reporting assistance programmes in Afghanistan?,"Reaffirms the central role played by the JCMB in coordinating, facilitating and monitoring the implementation of the Compact, stresses the need to strengthen its authority and capacity to, inter alia, measure progress towards the benchmarks outlined in the Afghanistan Compact and facilitate the coordination of international assistance in support of the ANDS, and calls upon all relevant actors to cooperate with the JCMB in this regard, including by reporting assistance programmes to the Afghan Government's aid coordination unit and to the JCMB;",,
un,2008/s/res/1806_2008_#8,2008/s/res/1806_2008_,S/RES/1806(2008),False,resolution,claim_verification,True,completed,,3,3,3,3,30,31,14,17,minor_issues,"Is it accurate that the 2008 Security Council resolution on Afghanistan requests the Secretary-General to report to the Security Council on the outcome of the international conference to review progress on implementing the Afghanistan Compact and, if necessary, include further recommendations concerning UNAMA's mandate?","Notes with interest the intention, expressed by JCMB members at the Political Directors Meeting on Afghanistan held in Tokyo on 5 February 2008, to prepare an international conference to review progress on the implementation of the Afghanistan Compact, welcomes the offer of France to host such conference in Paris in June 2008, and requests the Secretary-General to report to the Security Council on its outcome and to include in this report, if necessary, further recommendations concerning UNAMA's mandate;",31,
un,2008/s/res/1806_2008_#8,2008/s/res/1806_2008_,S/RES/1806(2008),False,resolution,source_finding,True,completed,,1,1,1,1,35,35,15,20,minor_issues,"Which Security Council resolution records the JCMB members’ intention to prepare an international conference in Paris to review progress on implementing the Afghanistan Compact, and requests a report on its outcome?",S/RES/1806(2008),35,
un,2003/s/res/1466_2003_#3,2003/s/res/1466_2003_,S/RES/1466(2003),False,resolution,lookup,True,completed,,3,3,3,3,33.333333333333336,35,15,20,clear,"After incursions across the Temporary Security Zone’s southern boundary, what did the Security Council’s 2003 resolution on Ethiopia-Eritrea peacekeeping call both parties to do?",ensure an immediate end to such incidents and to cooperate fully with UNMEE investigations in this regard,35,
un,2003/s/res/1466_2003_#3,2003/s/res/1466_2003_,S/RES/1466(2003),False,resolution,practitioner,True,completed,,3,3,3,3,34.666666666666664,35,15,20,clear,Suppose a UNMEE officer is assessing recent incursions across the southern boundary of the Temporary Security Zone between Ethiopia and Eritrea. What response does the Security Council call for from both parties?,both parties to ensure an immediate end to such incidents and to cooperate fully with UNMEE investigations in this regard,35,
un,2003/s/res/1466_2003_#3,2003/s/res/1466_2003_,S/RES/1466(2003),False,resolution,conceptual,True,completed,,3,3,3,3,32.666666666666664,35,15,20,clear,What did the Security Council require Ethiopia and Eritrea to do about restrictions on UNMEE's movement and operations in 2003?,"Demands that the parties allow UNMEE full freedom of movement and remove with immediate effect any and all restrictions on, and impediments to the work of, UNMEE and its staff in the discharge of its mandate;",35,
un,2003/s/res/1466_2003_#3,2003/s/res/1466_2003_,S/RES/1466(2003),False,resolution,comparison,True,completed,,1,1,1,0,21,21,10,11,blocking,How are both parties and UNMEE assigned responsibilities for incidents in the Temporary Security Zone and the mission’s operations?,"3. Expresses concern regarding recent incidents of incursions across the southern boundary of the Temporary Security Zone and calls on both parties to ensure an immediate end to such incidents and to cooperate fully with UNMEE investigations in this regard, and expresses further concern about the placement by unknown entities of anti-tank mines in the Temporary Security Zone;
4. Calls on the parties to cooperate fully and expeditiously with UNMEE in the implementation of its mandate to ensure the personal security of UNMEE staff when operating in territories under their control, and to facilitate their work, including by establishing a direct high-altitude flight route for UNMEE between Asmara and Addis Ababa, which would relieve the unnecessary additional cost to UNMEE;
5. Demands that the parties allow UNMEE full freedom of movement and remove with immediate effect any and all restrictions on, and impediments to the work of, UNMEE and its staff in the discharge of its mandate;",,
un,2003/s/res/1466_2003_#3,2003/s/res/1466_2003_,S/RES/1466(2003),False,resolution,claim_verification,True,completed,,3,3,3,3,33,35,15,20,clear,Is it accurate that the 2003 Security Council resolution on Ethiopia and Eritrea called for facilitating UNMEE's work by establishing a direct high-altitude flight route between Asmara and Addis Ababa to relieve unnecessary additional cost to UNMEE?,"Calls on the parties to cooperate fully and expeditiously with UNMEE in the implementation of its mandate to ensure the personal security of UNMEE staff when operating in territories under their control, and to facilitate their work, including by establishing a direct high-altitude flight route for UNMEE between Asmara and Addis Ababa, which would relieve the unnecessary additional cost to UNMEE;",35,
un,2003/s/res/1466_2003_#3,2003/s/res/1466_2003_,S/RES/1466(2003),False,resolution,source_finding,True,completed,,1,1,1,1,35,35,15,20,clear,"Which Security Council resolution called on the parties in the Ethiopia-Eritrea peace process to cooperate with UNMEE, establish a direct high-altitude flight route between Asmara and Addis Ababa, and allow UNMEE full freedom of movement?",S/RES/1466(2003),35,
un,2008/s/res/1845_2008_#3,2008/s/res/1845_2008_,S/RES/1845(2008),False,resolution,lookup,True,completed,,3,3,3,2,35,37,15,22,minor_issues,"According to the Security Council's 20 November 2008 resolution on Bosnia and Herzegovina, what did the EU ministerial conclusions of 14 May 2007 reiterate about the EU's military presence?","that the EU would retain a military presence in the country as long as necessary, in order to continue contributing to the maintenance of a safe and secure environment",37,
un,2008/s/res/1845_2008_#3,2008/s/res/1845_2008_,S/RES/1845(2008),False,resolution,practitioner,True,completed,,3,3,3,3,35,37,15,22,clear,Suppose an EU policy focal point is preparing a brief on the conclusions reached by EU Foreign Ministers and Ministers of Defence at their joint meeting on 14 May 2007 concerning the EU military presence in Bosnia and Herzegovina. What did those conclusions reiterate?,"that the EU would retain a military presence in the country as long as necessary, in order to continue contributing to the maintenance of a safe and secure environment",37,
un,2008/s/res/1845_2008_#3,2008/s/res/1845_2008_,S/RES/1845(2008),False,resolution,conceptual,True,completed,,3,3,3,3,32,35,14,21,minor_issues,What division of peace-stabilization responsibility did the 19 November 2004 EU–NATO correspondence recognize in Bosnia and Herzegovina?,"Recalling the letters between the European Union and NATO sent to the Security Council on 19 November 2004 on how those organizations will cooperate together in Bosnia and Herzegovina in which both organizations recognize that the EUFOR will have the main peace stabilization role under the military aspects of the Peace Agreement (S/2004/916; S/2004/915),",35,
un,2008/s/res/1845_2008_#3,2008/s/res/1845_2008_,S/RES/1845(2008),False,resolution,comparison,True,completed,,1,1,1,0,29,29,13,16,repair,How did the European Union and NATO treat EUFOR’s peace stabilization role in Bosnia and Herzegovina in their 19 November 2004 letters?,"Recalling the letters between the European Union and NATO sent to the Security Council on 19 November 2004 on how those organizations will cooperate together in Bosnia and Herzegovina in which both organizations recognize that the EUFOR will have the main peace stabilization role under the military aspects of the Peace Agreement (S/2004/916; S/2004/915),",,
un,2008/s/res/1845_2008_#3,2008/s/res/1845_2008_,S/RES/1845(2008),False,resolution,claim_verification,True,completed,,3,3,3,2,29,30,14,16,minor_issues,Can the claim that the conclusions of EU Foreign Ministers and Ministers of Defence at their joint meeting on 14 May 2007 reiterated that the EU would retain a military presence in Bosnia and Herzegovina as long as necessary to continue contributing to a safe and secure environment be verified?,"Taking note of the conclusions of EU Foreign Ministers and Ministers of Defence at their joint meeting on 14 May 2007, which reiterate that the EU would retain a military presence in the country as long as necessary, in order to continue contributing to the maintenance of a safe and secure environment, and the conclusions of EU Foreign Ministers and Ministers of Defence at their joint meeting on 10 November 2008,",30,
un,2008/s/res/1845_2008_#3,2008/s/res/1845_2008_,S/RES/1845(2008),False,resolution,source_finding,True,completed,,1,1,1,1,29,29,14,15,minor_issues,Which Security Council resolution welcomes and encourages United Nations efforts to sensitize peacekeeping personnel on preventing and controlling HIV/AIDS and other communicable diseases in peacekeeping operations?,S/RES/1845(2008),29,
un,2004/s/res/1565_2004_#11,2004/s/res/1565_2004_,S/RES/1565(2004),False,resolution,lookup,True,completed,,3,3,3,2,35.666666666666664,39,15,24,clear,What access did the Security Council demand that parties provide to MONUC military observers in its October 2004 DRC resolution?,"full access to MONUC military observers, including in all ports, airports, airfields, military bases and border crossings",39,
un,2004/s/res/1565_2004_#11,2004/s/res/1565_2004_,S/RES/1565(2004),False,resolution,practitioner,True,completed,,3,3,3,3,33.333333333333336,34,15,19,clear,A MONUC officer is arranging access for military observers to inspect relevant locations in the Democratic Republic of the Congo. What access does the Security Council demand that all parties provide?,"full access to MONUC military observers, including in all ports, airports, airfields, military bases and border crossings",34,
un,2004/s/res/1565_2004_#11,2004/s/res/1565_2004_,S/RES/1565(2004),False,resolution,conceptual,True,completed,,3,3,3,3,34,36,15,21,clear,How did the Security Council address violations against civilians in the Democratic Republic of the Congo in October 2004?,"Strongly condemns violence and other violations of international humanitarian law and human rights, in particular those perpetrated against civilians, in the Democratic Republic of the Congo, and demands that all parties and Governments concerned in the region, including the Government of National Unity and Transition, take without delay all necessary steps to bring to justice those responsible for these violations and to ensure respect for human rights and international humanitarian law, as appropriate with relevant international assistance, as well as to guarantee the security and well-being of the civilian population;",36,
un,2004/s/res/1565_2004_#11,2004/s/res/1565_2004_,S/RES/1565(2004),False,resolution,comparison,True,completed,,1,1,1,0,24,24,13,11,blocking,How does the resolution assign responsibilities to all parties and the Government of National Unity and Transition for addressing violations and protecting civilians in the Democratic Republic of the Congo?,"Strongly condemns violence and other violations of international humanitarian law and human rights, in particular those perpetrated against civilians, in the Democratic Republic of the Congo, and demands that all parties and Governments concerned in the region, including the Government of National Unity and Transition, take without delay all necessary steps to bring to justice those responsible for these violations and to ensure respect for human rights and international humanitarian law, as appropriate with relevant international assistance, as well as to guarantee the security and well-being of the civilian population;",,
un,2004/s/res/1565_2004_#11,2004/s/res/1565_2004_,S/RES/1565(2004),False,resolution,claim_verification,True,completed,,2,2,2,2,30.5,31,14,17,minor_issues,"Is it accurate that the 1 October 2004 Security Council resolution demands that all parties provide full access to MONUC military observers, including in ports, airports, airfields, military bases and border crossings, and requests the Secretary-General to report without delay any failure to comply?","Demands that all parties cooperate fully with the operations of MONUC and that they ensure the safety of as well as unhindered and immediate access for United Nations and associated personnel in carrying out their mandate, throughout the territory of the Democratic Republic of the Congo, demands in particular that all parties provide full access to MONUC military observers, including in all ports, airports, airfields, military bases and border crossings, and requests the Secretary-General to report without delay any failure to comply with these demands;",31,
un,2004/s/res/1565_2004_#11,2004/s/res/1565_2004_,S/RES/1565(2004),False,resolution,source_finding,True,completed,,1,1,1,1,32,32,14,18,minor_issues,"Which Security Council resolution condemned violations against civilians in the Democratic Republic of the Congo, demanded that those responsible be brought to justice, and required all parties to cooperate with MONUC and provide it unhindered access?",S/RES/1565(2004),32,
un,2002/a/res/56/188#8,2002/a/res/56/188,A/RES/56/188,False,resolution,lookup,True,completed,,3,3,3,2,32,36,15,21,minor_issues,What measures does the General Assembly's resolution on women in development from its fifty-sixth session urge States to adopt concerning women's property and economic rights?,"Urges States to design and revise laws that ensure that women are accorded full and equal rights to own land and other property, including through inheritance, and to undertake administrative reforms and other necessary measures to give women the same right as men to credit, capital and appropriate technologies and access to markets and information;",36,
un,2002/a/res/56/188#8,2002/a/res/56/188,A/RES/56/188,False,resolution,practitioner,True,completed,,3,3,2,2,27.333333333333332,36,15,21,clear,Suppose a State is revising its national laws on women's economic rights. What entitlement should those laws ensure for women concerning land and other property?,"full and equal rights to own land and other property, including through inheritance",36,
un,2002/a/res/56/188#8,2002/a/res/56/188,A/RES/56/188,False,resolution,conceptual,True,completed,,3,3,3,0,32.666666666666664,33,15,18,blocking,What legal and administrative changes were urged to secure women’s equal rights to property and economic resources?,"Urges States to design and revise laws that ensure that women are accorded full and equal rights to own land and other property, including through inheritance, and to undertake administrative reforms and other necessary measures to give women the same right as men to credit, capital and appropriate technologies and access to markets and information;",,
un,2002/a/res/56/188#8,2002/a/res/56/188,A/RES/56/188,False,resolution,comparison,True,completed,,1,1,1,0,23,23,13,10,blocking,"How does the text address women’s and men’s rights concerning land and other property, credit, capital and appropriate technologies?","Urges States to design and revise laws that ensure that women are accorded full and equal rights to own land and other property, including through inheritance, and to undertake administrative reforms and other necessary measures to give women the same right as men to credit, capital and appropriate technologies and access to markets and information;",,
un,2002/a/res/56/188#8,2002/a/res/56/188,A/RES/56/188,False,resolution,claim_verification,True,completed,,2,2,2,0,26,26,15,11,blocking,"Can the claim that the resolution urges States to design and revise laws ensuring women full and equal rights to own land and other property, including through inheritance, and to undertake measures giving women the same right as men to credit, capital, appropriate technologies, markets and information be verified?","13. Urges States to design and revise laws that ensure that women are accorded full and equal rights to own land and other property, including through inheritance, and to undertake administrative reforms and other necessary measures to give women the same right as men to credit, capital and appropriate technologies and access to markets and information;",,
un,2002/a/res/56/188#8,2002/a/res/56/188,A/RES/56/188,False,resolution,source_finding,True,completed,,1,1,1,1,33,33,15,18,minor_issues,"Which General Assembly resolution urges States to ensure women’s full and equal rights to own land and other property, while calling on Governments to mainstream a gender perspective in financial-sector policies and programmes?",A/RES/56/188,33,
un,2005/a/res/60/47#0,2005/a/res/60/47,A/RES/60/47,False,resolution,lookup,True,completed,,3,3,3,3,32.666666666666664,34,15,19,clear,What did the General Assembly reaffirm about the management and use of Antarctica in its 8 December 2005 resolution on the question of Antarctica?,that the management and use of Antarctica should be conducted in accordance with the purposes and principles of the Charter of the United Nations and in the interest of maintaining international peace and security and of promoting international cooperation for the benefit of mankind as a whole,34,
un,2005/a/res/60/47#0,2005/a/res/60/47,A/RES/60/47,False,resolution,practitioner,True,completed,,2,2,2,1,31,32,15,17,minor_issues,Suppose a policy officer is reviewing a proposed management or use activity in Antarctica. What principle does the General Assembly reaffirm for the management and use of Antarctica?,that the management and use of Antarctica should be conducted in accordance with the purposes and principles of the Charter of the United Nations and in the interest of maintaining international peace and security and of promoting international cooperation for the benefit of mankind as a whole,32,
un,2005/a/res/60/47#0,2005/a/res/60/47,A/RES/60/47,False,resolution,conceptual,True,completed,,3,3,3,3,31.666666666666668,34,15,19,minor_issues,What governing approach did the General Assembly reaffirm for the management and use of Antarctica on 8 December 2005?,"Reaffirming that the management and use of Antarctica should be conducted in accordance with the purposes and principles of the Charter of the United Nations and in the interest of maintaining international peace and security and of promoting international cooperation for the benefit of mankind as a whole,",34,
un,2005/a/res/60/47#0,2005/a/res/60/47,A/RES/60/47,False,resolution,comparison,True,completed,,1,1,1,1,33,33,14,19,clear,"In the General Assembly's 8 December 2005 resolution on Antarctica, what reporting roles were recalled for the Antarctic Treaty Consultative Parties and the Secretary-General?","Recalling its resolution 57/51 of 22 November 2002, in which it requested the Secretary-General to submit a report consisting of the information provided by the Antarctic Treaty Consultative Parties on their consultative meetings, on their activities in Antarctica and on developments in relation to Antarctica,",33,
un,2005/a/res/60/47#0,2005/a/res/60/47,A/RES/60/47,False,resolution,claim_verification,True,completed,,3,3,3,3,28.333333333333332,31,15,16,clear,"Can the claim that the General Assembly's 8 December 2005 resolution recalls a request for the Secretary-General to submit a report consisting of information provided by the Antarctic Treaty Consultative Parties about their consultative meetings, activities in Antarctica, and developments in relation to Antarctica be verified?","Recalling its resolution 57/51 of 22 November 2002, in which it requested the Secretary-General to submit a report consisting of the information provided by the Antarctic Treaty Consultative Parties on their consultative meetings, on their activities in Antarctica and on developments in relation to Antarctica,",31,
un,2005/a/res/60/47#0,2005/a/res/60/47,A/RES/60/47,False,resolution,source_finding,True,completed,,1,1,1,1,33,33,15,18,minor_issues,Which General Assembly resolution reaffirms that the management and use of Antarctica should follow the purposes and principles of the United Nations Charter and serve international peace and cooperation?,A/RES/60/47,33,
un,2011/s/res/1988_2011_#19,2011/s/res/1988_2011_,S/RES/1988(2011),False,resolution,lookup,True,completed,,3,3,3,3,35,36,15,21,clear,What periodic reports did the Security Council require its sanctions committee to make to the Council under the 2011 resolution establishing the Taliban sanctions committee?,"To make periodic reports to the Council on information submitted to the Committee regarding the implementation of the resolution, including regarding noncompliance with the measures imposed by the resolution;",36,
un,2011/s/res/1988_2011_#19,2011/s/res/1988_2011_,S/RES/1988(2011),False,resolution,practitioner,True,completed,,3,3,3,2,31,32,15,17,clear,"Suppose the Committee established by the Security Council for the Taliban-related List is compiling information from Member States on implementation of the measures, including possible non-compliance. What reporting task does it have toward the Council?","To make periodic reports to the Council on information submitted to the Committee regarding the implementation of the resolution, including regarding noncompliance with the measures imposed by the resolution;",32,
un,2011/s/res/1988_2011_#19,2011/s/res/1988_2011_,S/RES/1988(2011),False,resolution,conceptual,True,completed,,3,3,3,3,34.666666666666664,37,15,22,clear,How was the committee expected to engage regional Member States on implementing the 2011 Taliban sanctions?,"(l) To encourage a dialogue between the Committee and interested Member States, in particular those in the region, including by inviting representatives of such States to meet with the Committee to discuss implementation of the measures;",37,
un,2011/s/res/1988_2011_#19,2011/s/res/1988_2011_,S/RES/1988(2011),False,resolution,comparison,True,completed,,1,1,1,0,23,23,13,10,blocking,How are placing individuals and entities on the List and granting humanitarian exemptions addressed in the Committee's procedures?,To ensure that fair and clear procedures exist for placing individuals and entities on the List and for removing them as well as for granting humanitarian exemptions;,,
un,2011/s/res/1988_2011_#19,2011/s/res/1988_2011_,S/RES/1988(2011),False,resolution,claim_verification,True,completed,,3,3,3,1,30.666666666666668,34,14,20,clear,"Can the claim that, under the Security Council's 2011 Afghanistan sanctions regime, the Committee is tasked with regularly updating the List be verified?",(c) To update regularly the List referred to in paragraph 1;,34,
un,2011/s/res/1988_2011_#19,2011/s/res/1988_2011_,S/RES/1988(2011),False,resolution,source_finding,True,completed,,1,1,1,1,29,29,14,15,minor_issues,"Which Security Council resolution assigns its sanctions committee responsibility for regularly updating and reviewing the List, publishing narrative reasons for listing, monitoring implementation, considering exemptions, ensuring fair and clear listing and delisting procedures, and facilitating dialogue with interested Member States?",S/RES/1988(2011),29,
un,2004/a/res/59/61#0,2004/a/res/59/61,A/RES/59/61,False,resolution,lookup,True,completed,,3,3,3,3,28.333333333333332,30,15,15,minor_issues,What progress did the General Assembly note in the resolution adopted on 3 December 2004 regarding information technologies and telecommunications?,that considerable progress has been achieved in developing and applying the latest information technologies and means of telecommunication,30,
un,2004/a/res/59/61#0,2004/a/res/59/61,A/RES/59/61,False,resolution,practitioner,True,completed,,1,1,1,0,30,30,15,15,blocking,A UN disarmament officer is preparing a briefing on the General Assembly's consideration of information and telecommunications developments on 3 December 2004. What did the Assembly affirm it saw in the process of developing and applying the latest information technologies and means of telecommunication?,"that it sees in this process the broadest positive opportunities for the further development of civilization, the expansion of opportunities for cooperation for the common good of all States, the enhancement of the creative potential of humankind and additional improvements in the circulation of information in the global community",,
un,2004/a/res/59/61#0,2004/a/res/59/61,A/RES/59/61,False,resolution,conceptual,True,completed,,3,3,3,3,30.333333333333332,34,15,19,clear,What positive possibilities did the General Assembly identify on 3 December 2004 from advances in information technologies and telecommunications?,"Affirming that it sees in this process the broadest positive opportunities for the further development of civilization, the expansion of opportunities for cooperation for the common good of all States, the enhancement of the creative potential of humankind and additional improvements in the circulation of information in the global community,",34,
un,2004/a/res/59/61#0,2004/a/res/59/61,A/RES/59/61,False,resolution,comparison,True,completed,,1,1,1,0,27,27,13,14,blocking,How are civilian applications and military applications treated in the resolution's discussion of scientific and technological developments?,"Recalling also its resolutions on the role of science and technology in the context of international security, in which, inter alia, it recognized that scientific and technological developments could have both civilian and military applications and that progress in science and technology for civilian applications needed to be maintained and encouraged,",,
un,2004/a/res/59/61#0,2004/a/res/59/61,A/RES/59/61,False,resolution,claim_verification,True,completed,,3,3,3,3,29.333333333333332,31,15,16,minor_issues,"Can the claim that the General Assembly's 3 December 2004 resolution affirms broad positive opportunities from advances in information technologies and telecommunication for civilization, cooperation, human creativity and information circulation be verified?","Affirming that it sees in this process the broadest positive opportunities for the further development of civilization, the expansion of opportunities for cooperation for the common good of all States, the enhancement of the creative potential of humankind and additional improvements in the circulation of information in the global community,",31,
un,2004/a/res/59/61#0,2004/a/res/59/61,A/RES/59/61,False,resolution,source_finding,True,completed,,1,1,1,1,36,36,15,21,clear,"Which General Assembly resolution adopted on 3 December 2004 affirms that advances in information technologies and telecommunications offer broad positive opportunities for civilization, international cooperation and the circulation of information?",A/RES/59/61,36,
un,2013/a/res/67/145#7,2013/a/res/67/145,A/RES/67/145,False,resolution,lookup,True,completed,,3,3,3,3,34,37,15,22,clear,What did the General Assembly encourage the Commission on the Status of Women to consider at its fifty-seventh session in its resolution adopted on 20 December 2012 on trafficking in women and girls?,"the issue of trafficking in women and girls within the framework of the priority theme for 2013, ""Elimination and prevention of all forms of violence against women and girls""",37,
un,2013/a/res/67/145#7,2013/a/res/67/145,A/RES/67/145,False,resolution,practitioner,True,completed,,2,2,2,2,31,31,14,17,minor_issues,"Suppose a General Assembly affairs officer is briefing the Commission on the Status of Women before its fifty-seventh session in 2013. Within the priority theme for 2013, what issue is the Commission encouraged to consider?","the issue of trafficking in women and girls within the framework of the priority theme for 2013, ""Elimination and prevention of all forms of violence against women and girls""",31,
un,2013/a/res/67/145#7,2013/a/res/67/145,A/RES/67/145,False,resolution,conceptual,True,completed,,3,3,3,3,33.666666666666664,36,15,21,clear,Why did the General Assembly say special measures were needed for women and girl victims of trafficking in December 2012?,"Acknowledging that women and girl victims of trafficking, on account of their gender, are further disadvantaged and marginalized by a general lack of information on or awareness and recognition of their human rights and by the stigmatization often associated with trafficking, as well as by the obstacles they meet in gaining access to accurate information and recourse mechanisms in cases of violation of their rights, and that special measures are required for their protection and to increase their awareness,",36,
un,2013/a/res/67/145#7,2013/a/res/67/145,A/RES/67/145,False,resolution,comparison,True,completed,,1,1,1,0,17,17,10,7,blocking,How are women and girl victims of trafficking and Governments and intergovernmental and nongovernmental organizations addressed in relation to combating trafficking in persons?,"Acknowledging that women and girl victims of trafficking, on account of their gender, are further disadvantaged and marginalized by a general lack of information on or awareness and recognition of their human rights and by the stigmatization often associated with trafficking, as well as by the obstacles they meet in gaining access to accurate information and recourse mechanisms in cases of violation of their rights, and that special measures are required for their protection and to increase their awareness,
Encouraging the Commission on the Status of Women at its fiftyseventh session to consider the issue of trafficking in women and girls within the framework of the priority theme for 2013, ""Elimination and prevention of all forms of violence against women and girls"",
Reaffirming the importance of bilateral, subregional, regional and international cooperation mechanisms and initiatives, including information exchanges on best practices, of Governments and intergovernmental and nongovernmental organizations to address the problem of trafficking in persons, especially women and children,",,
un,2013/a/res/67/145#7,2013/a/res/67/145,A/RES/67/145,False,resolution,claim_verification,True,completed,,3,3,3,3,31.666666666666668,32,15,17,clear,"Is it accurate that the 2012 General Assembly resolution acknowledges that women and girl victims of trafficking face further disadvantage and marginalization because of limited information about or recognition of their human rights, stigma and obstacles to accurate information and recourse, and that special protective measures are required?","Acknowledging that women and girl victims of trafficking, on account of their gender, are further disadvantaged and marginalized by a general lack of information on or awareness and recognition of their human rights and by the stigmatization often associated with trafficking, as well as by the obstacles they meet in gaining access to accurate information and recourse mechanisms in cases of violation of their rights, and that special measures are required for their protection and to increase their awareness,",32,
un,2013/a/res/67/145#7,2013/a/res/67/145,A/RES/67/145,False,resolution,source_finding,True,completed,,1,1,1,1,35,35,14,21,clear,"Which General Assembly resolution notes that trafficking meets some demand for prostitution and forced labour, recognizes the added marginalization of women and girl victims, and encourages the Commission on the Status of Women to consider trafficking within its 2013 priority theme?",A/RES/67/145,35,
un,2003/a/res/58/298#4,2003/a/res/58/298,A/RES/58/298,False,resolution,lookup,True,completed,,2,2,2,2,36.5,37,15,22,clear,What amount did the General Assembly approve for support account requirements for 1 July 2004 to 30 June 2005 in its 18 June 2004 resolution?,"121,610,300 United States dollars",37,
un,2003/a/res/58/298#4,2003/a/res/58/298,A/RES/58/298,False,resolution,practitioner,True,completed,,1,1,1,1,37,37,15,22,clear,"Suppose a United Nations Secretariat finance officer is preparing the financing plan for the support account for peacekeeping operations for the period from 1 July 2004 to 30 June 2005. What amount of unencumbered balance and other income, including its stated components, is to be applied to the resources required for that period?","The unencumbered balance and other income in the total amount of 8,478,600 dollars, comprising 8,350,800 dollars in respect of the period ended 30 June 2003 and the adjustment of 127,800 dollars related to the period ended 30 June 2001, to be applied to the resources required for the period from 1 July 2004 to 30 June 2005.",37,
un,2003/a/res/58/298#4,2003/a/res/58/298,A/RES/58/298,False,resolution,conceptual,True,completed,,2,2,2,2,32,33,15,18,clear,What budget and staffing package did the General Assembly approve for the support account from 1 July 2004 to 30 June 2005?,"Approves the support account requirements in the amount of 121,610,300 United States dollars for the period from 1 July 2004 to 30 June 2005, including 743 continuing and 18 new temporary posts and their related post and non-post requirements;",33,
un,2003/a/res/58/298#4,2003/a/res/58/298,A/RES/58/298,False,resolution,comparison,True,completed,,1,1,1,0,27,27,13,14,blocking,How were the amounts attributed to the period ended 30 June 2003 and the period ended 30 June 2001 treated in financing the support account requirements?,"The unencumbered balance and other income in the total amount of 8,478,600 dollars, comprising 8,350,800 dollars in respect of the period ended 30 June 2003 and the adjustment of 127,800 dollars related to the period ended 30 June 2001, to be applied to the resources required for the period from 1 July 2004 to 30 June 2005;",,
un,2003/a/res/58/298#4,2003/a/res/58/298,A/RES/58/298,False,resolution,claim_verification,True,completed,,3,3,3,3,34,35,15,20,clear,"Is it accurate that, for the support account requirements for the period from 1 July 2004 to 30 June 2005, the 18 June 2004 General Assembly resolution decided to apply an unencumbered balance and other income totaling 8,478,600 dollars, including amounts related to the periods ended 30 June 2003 and 30 June 2001?","15. Decides that the requirements for the support account for peacekeeping operations for the period from 1 July 2004 to 30 June 2005 shall be financed as follows:
(a) The unencumbered balance and other income in the total amount of 8,478,600 dollars, comprising 8,350,800 dollars in respect of the period ended 30 June 2003 and the adjustment of 127,800 dollars related to the period ended 30 June 2001, to be applied to the resources required for the period from 1 July 2004 to 30 June 2005;",35,
un,2003/a/res/58/298#4,2003/a/res/58/298,A/RES/58/298,False,resolution,source_finding,True,completed,,1,1,1,1,37,37,14,23,clear,"Which General Assembly resolution approved support account requirements of 121,610,300 United States dollars for 1 July 2004 to 30 June 2005 and decided how those requirements would be financed?",A/RES/58/298,37,
un,2003/a/res/57/300#10,2003/a/res/57/300,A/RES/57/300,False,resolution,lookup,True,completed,,3,3,3,3,34,39,15,24,clear,"In the General Assembly's 2002 resolution on strengthening the United Nations, to which prior resolutions was creation of a partnership office made subject?","Decides that the creation of a partnership office as part of the effort to enhance cooperation in the work of the Organization with the private sector, taking into account the outcome of the major United Nations conferences and summits, should be subject to its resolutions 55/215 of 21 December 2000 and 56/76 of 11 December 2001",39,
un,2003/a/res/57/300#10,2003/a/res/57/300,A/RES/57/300,False,resolution,practitioner,True,completed,,3,3,3,2,32,34,15,19,blocking,"Suppose the Secretary-General is preparing to establish a panel of eminent persons with diverse views on the relationship between the United Nations and civil society. What should the panel’s terms of reference emphasize, and through what process should its recommendations be considered?","that the terms of reference of such a panel should underscore the intergovernmental character of the United Nations, and decides to consider the recommendations of the panel through the respective intergovernmental process",32,
un,2003/a/res/57/300#10,2003/a/res/57/300,A/RES/57/300,False,resolution,conceptual,True,completed,,3,3,3,3,33,35,15,20,minor_issues,How was the proposed review of the relationship between the United Nations and civil society to be structured and followed up?,"Concurs with the intention of the Secretary-General to establish a panel of eminent persons, reflecting a diversity of views, to review the relationship between the United Nations and civil society, stresses that the terms of reference of such a panel should underscore the intergovernmental character of the United Nations, and decides to consider the recommendations of the panel through the respective intergovernmental process",35,
un,2003/a/res/57/300#10,2003/a/res/57/300,A/RES/57/300,False,resolution,comparison,True,completed,,1,1,1,0,29,29,14,15,blocking,How does the resolution distinguish its treatment of the panel of eminent persons and the creation of a partnership office?,"Concurs with the intention of the Secretary-General to establish a panel of eminent persons, reflecting a diversity of views, to review the relationship between the United Nations and civil society, stresses that the terms of reference of such a panel should underscore the intergovernmental character of the United Nations, and decides to consider the recommendations of the panel through the respective intergovernmental process;
28. Decides that the creation of a partnership office as part of the effort to enhance cooperation in the work of the Organization with the private sector, taking into account the outcome of the major United Nations conferences and summits, should be subject to its resolutions 55/215 of 21 December 2000 and 56/76 of 11 December 2001;",,
un,2003/a/res/57/300#10,2003/a/res/57/300,A/RES/57/300,False,resolution,claim_verification,True,completed,,3,3,3,3,33.333333333333336,35,15,20,minor_issues,Is it accurate that the General Assembly decided to adopt sunset provisions in its reform measures?,"30. Notes the reference to sunset provisions in the report of the Secretary-General, and recalls that no decision has been taken in this regard;",35,
un,2003/a/res/57/300#10,2003/a/res/57/300,A/RES/57/300,False,resolution,source_finding,True,completed,,1,1,1,1,34,34,15,19,minor_issues,"Which General Assembly resolution concurs with establishing a diverse panel to review the relationship between the United Nations and civil society, while making a proposed partnership office subject to earlier resolutions?",A/RES/57/300,34,
un,2013/a/res/67/222#6,2013/a/res/67/222,A/RES/67/222,False,resolution,lookup,True,completed,,3,3,3,3,32.333333333333336,35,15,20,minor_issues,What did the General Assembly call upon development partners to do through Aid for Trade in the General Assembly's resolution on landlocked developing countries adopted on 21 December 2012?,"effectively implement the Aid for Trade initiative, giving adequate consideration to the special needs and requirements of landlocked developing countries, including capacity-building for the formulation of trade policies, participation in trade negotiations and implementation of trade facilitation measures, as well as the diversification of export products through private sector involvement, including the development of small and medium-sized enterprises, with a view to increasing the competitiveness of the products of landlocked developing countries in export markets",35,
un,2013/a/res/67/222#6,2013/a/res/67/222,A/RES/67/222,False,resolution,practitioner,True,completed,,2,2,2,2,31.5,32,15,17,minor_issues,Suppose an international policy team is supporting landlocked developing countries whose economies remain reliant on a few export commodities with low value addition. What does the General Assembly encourage the international community to do?,"to enhance efforts to support landlocked developing countries in diversifying their economic base, to encourage, on mutually agreed terms, the transfer of technologies related to transit transport systems, including information and communications technology, and to enhance value addition to their exports through the development of their productive capacities",32,
un,2013/a/res/67/222#6,2013/a/res/67/222,A/RES/67/222,False,resolution,conceptual,True,completed,,2,2,2,1,29.5,33,15,18,clear,How did the General Assembly address Aid for Trade for landlocked developing countries on 21 December 2012?,"Calls upon development partners to effectively implement the Aid for Trade initiative, giving adequate consideration to the special needs and requirements of landlocked developing countries, including capacity-building for the formulation of trade policies, participation in trade negotiations and implementation of trade facilitation measures, as well as the diversification of export products through private sector involvement, including the development of small and medium-sized enterprises, with a view to increasing the competitiveness of the products of landlocked developing countries in export markets;",33,
un,2013/a/res/67/222#6,2013/a/res/67/222,A/RES/67/222,False,resolution,comparison,True,completed,,1,1,1,0,26,26,14,12,blocking,How are development partners and the international community addressed regarding diversification of landlocked developing countries’ economies and exports?,"11. Calls upon development partners to effectively implement the Aid for Trade initiative, giving adequate consideration to the special needs and requirements of landlocked developing countries, including capacity-building for the formulation of trade policies, participation in trade negotiations and implementation of trade facilitation measures, as well as the diversification of export products through private sector involvement, including the development of small and medium-sized enterprises, with a view to increasing the competitiveness of the products of landlocked developing countries in export markets;
12. Recognizes that the economies of many landlocked developing countries are still reliant on a few export commodities, which often have low value addition, and encourages the international community to enhance efforts to support landlocked developing countries in diversifying their economic base, to encourage, on mutually agreed terms, the transfer of technologies related to transit transport systems, including information and communications technology, and to enhance value addition to their exports through the development of their productive capacities;",,
un,2013/a/res/67/222#6,2013/a/res/67/222,A/RES/67/222,False,resolution,claim_verification,True,completed,,2,2,2,2,28.5,30,14,16,minor_issues,Is it accurate that the General Assembly resolution adopted on 21 December 2012 recognizes that the economies of many landlocked developing countries remain reliant on a few export commodities that often have low value addition?,"Recognizes that the economies of many landlocked developing countries are still reliant on a few export commodities, which often have low value addition, and encourages the international community to enhance efforts to support landlocked developing countries in diversifying their economic base, to encourage, on mutually agreed terms, the transfer of technologies related to transit transport systems, including information and communications technology, and to enhance value addition to their exports through the development of their productive capacities;",30,
un,2013/a/res/67/222#6,2013/a/res/67/222,A/RES/67/222,False,resolution,source_finding,True,completed,,1,1,1,1,35,35,14,21,minor_issues,"Which General Assembly resolution calls on development partners to implement the Aid for Trade initiative while addressing the special needs of landlocked developing countries, and encourages support for diversifying their economic base and exports?",A/RES/67/222,35,
un,2003/a/res/57/137#1,2003/a/res/57/137,A/RES/57/137,False,resolution,lookup,True,completed,,3,3,3,3,32,34,15,19,clear,What did the 2002 General Assembly resolution on Tokelau note with appreciation about New Zealand’s cooperation and access for United Nations visiting missions?,the continuing exemplary cooperation of New Zealand as the administering Power with regard to the work of the Special Committee relating to Tokelau and its readiness to permit access by United Nations visiting missions to the Territory,34,
un,2003/a/res/57/137#1,2003/a/res/57/137,A/RES/57/137,False,resolution,practitioner,True,completed,,3,3,3,3,32,33,15,18,minor_issues,"A UN officer preparing the chronology of UN engagement with Tokelau needs to verify the 2002 mission. When was the mission dispatched, and at whose invitation?","the dispatch in August 2002 of a United Nations Mission to Tokelau, at the invitation of the Government of New Zealand and the representatives of Tokelau",33,
un,2003/a/res/57/137#1,2003/a/res/57/137,A/RES/57/137,False,resolution,conceptual,True,completed,,3,3,3,0,27.666666666666668,29,14,15,blocking,How did New Zealand facilitate United Nations visiting missions to Tokelau while serving as the administering Power?,Noting with appreciation the continuing exemplary cooperation of New Zealand as the administering Power with regard to the work of the Special Committee relating to Tokelau and its readiness to permit access by United Nations visiting missions to the Territory,,
un,2003/a/res/57/137#1,2003/a/res/57/137,A/RES/57/137,False,resolution,comparison,True,completed,,1,1,1,0,22,22,13,9,blocking,What contributions to Tokelau's development does the resolution attribute to New Zealand and the specialized agencies and other organizations of the United Nations system?,"Noting also with appreciation the collaborative contribution to the development of Tokelau by New Zealand and the specialized agencies and other organizations of the United Nations system, in particular the United Nations Development Programme and the World Health Organization,",,
un,2003/a/res/57/137#1,2003/a/res/57/137,A/RES/57/137,False,resolution,claim_verification,True,completed,,3,3,3,3,30,31,15,16,clear,Can the claim that United Nations visiting missions were dispatched to Tokelau in 1994 and again in August 2002 be verified?,"Recalling the dispatch in 1994 of a United Nations visiting mission to Tokelau,
Welcoming the dispatch in August 2002 of a United Nations Mission to Tokelau, at the invitation of the Government of New Zealand and the representatives of Tokelau,",31,
un,2003/a/res/57/137#1,2003/a/res/57/137,A/RES/57/137,False,resolution,source_finding,True,completed,,1,1,1,1,36,36,15,21,minor_issues,Which General Assembly resolution welcomes the dispatch in August 2002 of a United Nations Mission to Tokelau at the invitation of New Zealand and Tokelau representatives?,A/RES/57/137,36,
un,2014/s/res/2140__2014_#13,2014/s/res/2140__2014_,S/RES/2140(2014),False,resolution,lookup,True,completed,,3,3,3,3,35.333333333333336,36,15,21,clear,What reporting obligation did the Security Council assign to the sanctions committee in its 2014 resolution on Yemen?,To report within 60 days to the Security Council on its work and thereafter to report as deemed necessary by the Committee;,36,
un,2014/s/res/2140__2014_#13,2014/s/res/2140__2014_,S/RES/2140(2014),False,resolution,practitioner,True,completed,,3,3,3,2,33,35,15,20,clear,Suppose a Member State in the region is interested in how the Yemen-related measures are being implemented and seeks engagement with the Security Council Committee. What does the Committee's mandate provide for?,"To encourage a dialogue between the Committee and interested Member States, in particular those in the region, including by inviting representatives of such States to meet with the Committee to discuss implementation of the measures;",35,
un,2014/s/res/2140__2014_#13,2014/s/res/2140__2014_,S/RES/2140(2014),False,resolution,conceptual,True,completed,,3,3,3,2,32.666666666666664,34,15,19,minor_issues,How was the Yemen sanctions committee to identify people or entities potentially involved in prohibited conduct and place them under sanctions?,"(b) To seek and review information regarding those individuals and entities who may be engaging in the acts described in paragraph 17 and 18 above;
(c) To designate individuals and entities to be subject to the measures imposed in paragraphs 11 and 15 above;",34,
un,2014/s/res/2140__2014_#13,2014/s/res/2140__2014_,S/RES/2140(2014),False,resolution,comparison,True,completed,,1,1,1,0,20,20,13,7,blocking,How are individuals and entities treated in the Committee’s information-gathering and designation tasks?,"(b) To seek and review information regarding those individuals and entities who may be engaging in the acts described in paragraph 17 and 18 above;
(c) To designate individuals and entities to be subject to the measures imposed in paragraphs 11 and 15 above;",,
un,2014/s/res/2140__2014_#13,2014/s/res/2140__2014_,S/RES/2140(2014),False,resolution,claim_verification,True,completed,,3,3,3,1,30.333333333333332,32,14,18,clear,"Can the claim that, under the 2014 Yemen sanctions regime, the Committee is tasked with designating individuals and entities subject to the asset-freeze and travel-ban measures be verified?",To designate individuals and entities to be subject to the measures imposed in paragraphs 11 and 15 above;,32,
un,2014/s/res/2140__2014_#13,2014/s/res/2140__2014_,S/RES/2140(2014),False,resolution,source_finding,True,completed,,1,1,1,1,32,32,15,17,minor_issues,"Which Security Council resolution contains the mandate for a Yemen-related sanctions committee to seek and review information on suspected violations, designate individuals and entities for asset-freeze and travel-ban measures, establish implementation guidelines, report within 60 days, engage interested regional Member States, and examine alleged non-compliance?",S/RES/2140(2014),32,
un,2004/a/c_2/58/sr_24#18,2004/a/c_2/58/sr_24,A/C.2/58/SR.24,True,meeting,lookup,True,completed,,3,3,3,3,32.666666666666664,36,15,21,clear,What intersectoral activities did UNIDO's special programmes include in the 2003 Second Committee meeting record on science and technology for development?,"Those programmes included a series of intersectoral activities, such as developing competitive manufacturing capacities for products with a high export potential, building the capacity of technical support institutions and associations, upgrading enterprises through technology acquisition, creating an enabling environment through training and the introduction of working methods, and upgrading marketing capabilities.",36,
un,2004/a/c_2/58/sr_24#18,2004/a/c_2/58/sr_24,A/C.2/58/SR.24,True,meeting,practitioner,True,completed,,2,2,2,2,31.5,33,15,18,minor_issues,Suppose a UNIDO officer is designing regional support for smaller countries and LDCs. Which two types of regional institutions had UNIDO promoted the establishment of?,UNIDO had promoted the establishment of regional calibration centres and regional accreditation authorities.,33,
un,2004/a/c_2/58/sr_24#18,2004/a/c_2/58/sr_24,A/C.2/58/SR.24,True,meeting,conceptual,True,completed,,3,3,3,3,30.333333333333332,33,13,20,minor_issues,How did UNIDO’s special programmes build developing countries’ ability to meet market and international standards in 2003?,"UNIDO had formulated special programmes to build those countries policy-making, institutional and industrial capacities and to help them to meet market requirements and international standards. Those programmes included a series of intersectoral activities, such as developing competitive manufacturing capacities for products with a high export potential, building the capacity of technical support institutions and associations, upgrading enterprises through technology acquisition, creating an enabling environment through training and the introduction of working methods, and upgrading marketing capabilities.",33,
un,2004/a/c_2/58/sr_24#18,2004/a/c_2/58/sr_24,A/C.2/58/SR.24,True,meeting,comparison,True,completed,,1,1,1,0,24,24,13,11,blocking,How did UNIDO treat Central America and the West African Economic and Monetary Union (WAEMU) in its capacity-building strategy?,"Under that strategy, it would continue to build the capacities of the countries of Central America, the West African Economic and Monetary Union (WAEMU), the Mekong, the South Africa Development Community (SADC) and the South Asian Association for Regional Cooperation (SAARC).",,
un,2004/a/c_2/58/sr_24#18,2004/a/c_2/58/sr_24,A/C.2/58/SR.24,True,meeting,claim_verification,True,completed,,3,3,3,0,26,28,15,13,blocking,"Is it accurate that UNIDO's programmes included intersectoral activities to develop competitive manufacturing capacities, strengthen technical support institutions and associations, upgrade enterprises through technology acquisition, create an enabling environment through training and working methods, and improve marketing capabilities?","Those programmes included a series of intersectoral activities, such as developing competitive manufacturing capacities for products with a high export potential, building the capacity of technical support institutions and associations, upgrading enterprises through technology acquisition, creating an enabling environment through training and the introduction of working methods, and upgrading marketing capabilities.",,
un,2004/a/c_2/58/sr_24#18,2004/a/c_2/58/sr_24,A/C.2/58/SR.24,True,meeting,source_finding,True,completed,,1,1,1,1,32,32,14,18,minor_issues,"Which UN meeting record reports UNIDO programmes to strengthen developing countries’ policy-making, institutional and industrial capacities, including regional calibration centres and regional accreditation authorities?",A/C.2/58/SR.24,32,
un,2008/cd/pv_1097#14,2008/cd/pv_1097,CD/PV.1097,True,meeting,lookup,True,completed,,3,3,3,2,32.666666666666664,34,15,19,clear,What did Ukraine say remained a threat to international peace and security in its statement to the Conference on Disarmament on 4 March 2008?,"The proliferation of weapons of mass destruction and their means of delivery, together with international terrorism",34,
un,2008/cd/pv_1097#14,2008/cd/pv_1097,CD/PV.1097,True,meeting,practitioner,True,completed,,2,2,2,0,30.5,31,15,16,blocking,Suppose a delegate is updating a risk assessment based on Ukraine's statement. What did Ukraine say remained a threat to international peace and security?,"The proliferation of weapons of mass destruction and their means of delivery, together with international terrorism, remain a threat to international peace and security.",,
un,2008/cd/pv_1097#14,2008/cd/pv_1097,CD/PV.1097,True,meeting,conceptual,True,completed,,3,3,3,1,31.333333333333332,35,15,20,clear,How did Ukraine characterize the evolving security risks involving WMD proliferation and terrorism in 2008?,"The proliferation of weapons of mass destruction and their means of delivery, together with international terrorism, remain a threat to international peace and security. Today's risks and challenges are much more diverse and multifaceted than decades ago, since they include a real possibility to use WMD or respective materials as a weapon of terror.",35,
un,2008/cd/pv_1097#14,2008/cd/pv_1097,CD/PV.1097,True,meeting,comparison,True,completed,,1,1,1,0,25,25,15,10,blocking,How does the statement characterize the proliferation of weapons of mass destruction and their means of delivery and international terrorism in relation to international peace and security?,"The proliferation of weapons of mass destruction and their means of delivery, together with international terrorism, remain a threat to international peace and security.",,
un,2008/cd/pv_1097#14,2008/cd/pv_1097,CD/PV.1097,True,meeting,claim_verification,True,completed,,3,3,3,1,27.666666666666668,29,15,14,clear,Can the claim that Ukraine is open to a constructive dialogue aimed at breaking the current impasse and getting the CD back to effective work be verified?,Ukraine is open to a constructive dialogue aimed at breaking the current impasse and getting the CD back to effective work.,29,
un,2008/cd/pv_1097#14,2008/cd/pv_1097,CD/PV.1097,True,meeting,source_finding,True,completed,,1,1,1,0,34,34,14,20,repair,Which Conference on Disarmament plenary record contains Ukraine's statement that it seeks constructive dialogue to break the current impasse and warns that WMD proliferation and international terrorism threaten international peace and security?,CD/PV.1097,,
un,2006/a/c_5/60/sr_64#14,2006/a/c_5/60/sr_64,A/C.5/60/SR.64,True,meeting,lookup,True,completed,,3,3,3,3,33.333333333333336,34,15,19,clear,What did Argentina undertake regarding UNOTIL resources during the 2006 Fifth Committee meeting record on Timor-Leste?,would work constructively during informal consultations to ensure that UNOTIL had all the resources needed to implement its mandate effectively,34,
un,2006/a/c_5/60/sr_64#14,2006/a/c_5/60/sr_64,A/C.5/60/SR.64,True,meeting,practitioner,True,completed,,3,3,3,2,32.333333333333336,33,15,18,minor_issues,Suppose an Argentine delegate is preparing a briefing on Argentina’s position regarding the United Nations Office in Timor-Leste (UNOTIL) during the Fifth Committee discussion recorded in this meeting. What commitment did the delegation make concerning UNOTIL’s resources?,would work constructively during informal consultations to ensure that UNOTIL had all the resources needed to implement its mandate effectively,33,
un,2006/a/c_5/60/sr_64#14,2006/a/c_5/60/sr_64,A/C.5/60/SR.64,True,meeting,conceptual,True,completed,,3,3,3,3,32,33,14,19,minor_issues,What did Pakistan identify as driving Afghanistan’s continuing instability and affecting neighbouring countries?,"However, Pakistan remained concerned about recent developments and the ongoing instability in Afghanistan, which directly affected neighbouring countries such as itself.
Inadequate international support for economic rehabilitation and for extending security coverage beyond the capital had been a critical factor.
The continuing drug problem and the presence of regional warlords had kept Afghanistan in a state of perpetual instability.
Such issues were of concern for the Afghan people and for neighbouring countries.",33,
un,2006/a/c_5/60/sr_64#14,2006/a/c_5/60/sr_64,A/C.5/60/SR.64,True,meeting,comparison,True,completed,,1,1,1,0,25,25,13,12,blocking,How did Argentina and Pakistan address the support needs of UNOTIL and UNAMA while discussing conditions in Timor-Leste and Afghanistan?,"29. Mr. Torres Lépori (Argentina) said that his delegation was very concerned about recent events in Timor-Leste, which it was following closely. His delegation associated itself fully with the statement made by the representative of Brazil and would work constructively during informal consultations to ensure that UNOTIL had all the resources needed to implement its mandate effectively.
30. Mr. Hussain (Pakistan) said that UNAMA had provided critical support for the implementation of the Bonn Agreement, the convening of the constitutional Loya Jirga, the conduct of provincial and presidential elections and the demobilization and reintegration of soldiers.
His delegation agreed that the Mission needed to be strengthened.
31. However, Pakistan remained concerned about recent developments and the ongoing instability in Afghanistan, which directly affected neighbouring countries such as itself.
Inadequate international support for economic rehabilitation and for extending security coverage beyond the capital had been a critical factor.
The continuing drug problem and the presence of regional warlords had kept Afghanistan in a state of perpetual instability.
Such issues were of concern for the Afghan people and for neighbouring countries.",,
un,2006/a/c_5/60/sr_64#14,2006/a/c_5/60/sr_64,A/C.5/60/SR.64,True,meeting,claim_verification,True,completed,,3,3,3,3,31.666666666666668,33,14,19,clear,Is it accurate that Pakistan identified inadequate international support for economic rehabilitation and for extending security coverage beyond the capital as a critical factor in Afghanistan's ongoing instability?,"However, Pakistan remained concerned about recent developments and the ongoing instability in Afghanistan, which directly affected neighbouring countries such as itself.
Inadequate international support for economic rehabilitation and for extending security coverage beyond the capital had been a critical factor.",33,
un,2006/a/c_5/60/sr_64#14,2006/a/c_5/60/sr_64,A/C.5/60/SR.64,True,meeting,source_finding,True,completed,,1,1,1,1,38,38,15,23,clear,"Which UN Fifth Committee meeting record contains Pakistan's statement that UNAMA had supported the Bonn Agreement, the constitutional Loya Jirga, elections, and soldier demobilization, while Afghanistan's instability continued to affect neighbouring countries?",A/C.5/60/SR.64,38,
un,2001/cedaw/c/sr_451#4,2001/cedaw/c/sr_451,CEDAW/C/SR.451,True,meeting,lookup,True,completed,,3,3,1,0,29,35,15,20,repair,"On 21 January 2000, what border-control measures did Ms. Khan ask Myanmar to describe, including enforcement of the age-based accompaniment rule, in the Committee's summary record of its 451st meeting?","She wished to know more about any practical measures taken to control trafficking in women along Myanmar's borders with its five neighbours, and, in particular, how the authorities enforced the prohibition on women between the ages of 16 and 25 years crossing the border unless accompanied by a legal guardian, in a situation where so many families were divided.",,
un,2001/cedaw/c/sr_451#4,2001/cedaw/c/sr_451,CEDAW/C/SR.451,True,meeting,practitioner,True,completed,,1,1,1,1,30,30,14,16,minor_issues,"While reviewing Myanmar's initial report, suppose a Committee member is assessing measures to control trafficking in women along Myanmar's borders with its five neighbours, where many families are divided. What information did Ms. Khan seek about women between the ages of 16 and 25 years crossing the border?","more about any practical measures taken to control trafficking in women along Myanmar's borders with its five neighbours, and, in particular, how the authorities enforced the prohibition on women between the ages of 16 and 25 years crossing the border unless accompanied by a legal guardian, in a situation where so many families were divided.",30,
un,2001/cedaw/c/sr_451#4,2001/cedaw/c/sr_451,CEDAW/C/SR.451,True,meeting,conceptual,True,completed,,3,3,3,3,30.666666666666668,32,15,17,minor_issues,"What practical border-control measures did Ms. Khan ask Myanmar to explain for preventing trafficking, including the rule for women aged 16 to 25?","She wished to know more about any practical measures taken to control trafficking in women along Myanmar's borders with its five neighbours, and, in particular, how the authorities enforced the prohibition on women between the ages of 16 and 25 years crossing the border unless accompanied by a legal guardian, in a situation where so many families were divided.",32,
un,2001/cedaw/c/sr_451#4,2001/cedaw/c/sr_451,CEDAW/C/SR.451,True,meeting,comparison,True,completed,,1,1,1,0,20,20,13,7,blocking,How did the Committee member address the baseline study of marital violence and the course for data collection on protecting women against violence in her request for information?,The report referred to a baseline study of marital violence and a course for data collection on protecting women against violence; she requested additional information on those two activities.,,
un,2001/cedaw/c/sr_451#4,2001/cedaw/c/sr_451,CEDAW/C/SR.451,True,meeting,claim_verification,True,completed,,3,3,1,1,29.333333333333332,36,15,21,clear,"Is it accurate that during the Committee's 21 January 2000 examination of Myanmar's initial report, Ms. Khan sought information about practical measures to control trafficking in women along Myanmar's borders with its five neighbours and about how the authorities enforced the prohibition on women between the ages of 16 and 25 years crossing the border unless accompanied by a legal guardian?","She wished to know more about any practical measures taken to control trafficking in women along Myanmar's borders with its five neighbours, and, in particular, how the authorities enforced the prohibition on women between the ages of 16 and 25 years crossing the border unless accompanied by a legal guardian, in a situation where so many families were divided.",36,
un,2001/cedaw/c/sr_451#4,2001/cedaw/c/sr_451,CEDAW/C/SR.451,True,meeting,source_finding,True,completed,,1,1,1,1,33,33,14,19,minor_issues,"Which CEDAW summary record contains Committee members' questions about Myanmar's anti-trafficking task force, trafficking along its borders, and the prohibition on women aged 16 to 25 crossing the border without a legal guardian?",CEDAW/C/SR.451,33,
un,2008/a/ac_109/2008/sr_2#1,2008/a/ac_109/2008/sr_2,A/AC.109/2008/SR.2,True,meeting,lookup,True,completed,,2,2,2,2,34,35,15,20,clear,What venue and dates did the Special Committee decide on for the Pacific regional seminar in its 15 April 2008 summary record?,"in Bandung, Indonesia from 14 to 16 May 2008",35,
un,2008/a/ac_109/2008/sr_2#1,2008/a/ac_109/2008/sr_2,A/AC.109/2008/SR.2,True,meeting,practitioner,True,completed,,3,3,3,3,33.666666666666664,35,15,20,minor_issues,Suppose a United Nations finance officer is arranging travel for the members of the official delegation to the Pacific regional seminar. Who would bear the travel costs?,The United Nations would bear the costs of travel for the members of that delegation.,35,
un,2008/a/ac_109/2008/sr_2#1,2008/a/ac_109/2008/sr_2,A/AC.109/2008/SR.2,True,meeting,conceptual,True,completed,,2,2,2,2,32.5,35,15,20,minor_issues,"Which States were designated for the Pacific seminar delegation, and how were their travel costs to be handled?","Following consultations with the regional groups, the Bureau, at his recommendation, had agreed ad referendum that the Committee would be represented at the seminar by the Republic of the Congo and Ethiopia, on behalf of the Group of African States; the Syrian Arab Republic and India, on behalf of the Group of Asian States; Cuba and Dominica, on behalf of the Latin American and Caribbean Group of States; and the Russian Federation, on behalf of the Eastern European Group of States.
The United Nations would bear the costs of travel for the members of that delegation.",35,
un,2008/a/ac_109/2008/sr_2#1,2008/a/ac_109/2008/sr_2,A/AC.109/2008/SR.2,True,meeting,comparison,True,completed,,1,1,1,0,30,30,15,15,blocking,How were the Group of African States and the Group of Asian States represented in the official delegation of the Special Committee to the seminar?,"the Committee would be represented at the seminar by the Republic of the Congo and Ethiopia, on behalf of the Group of African States; the Syrian Arab Republic and India, on behalf of the Group of Asian States;",,
un,2008/a/ac_109/2008/sr_2#1,2008/a/ac_109/2008/sr_2,A/AC.109/2008/SR.2,True,meeting,claim_verification,True,completed,,3,3,3,2,29.333333333333332,34,14,20,clear,"Can the claim that the Bureau recommended holding the 2008 Pacific regional seminar in Bandung, Indonesia from 14 to 16 May 2008 be verified?","2. The Chairman said that the Bureau of the Committee had recommended holding the Pacific regional seminar in Bandung, Indonesia from 14 to 16 May 2008.",34,
un,2008/a/ac_109/2008/sr_2#1,2008/a/ac_109/2008/sr_2,A/AC.109/2008/SR.2,True,meeting,source_finding,True,completed,,1,1,1,1,36,36,15,21,clear,"Which UN meeting record documents the Committee’s decision to hold the Pacific regional seminar in Bandung, Indonesia, from 14 to 16 May 2008, while also celebrating the Week of Solidarity with the Peoples of Non-Self-Governing Territories?",A/AC.109/2008/SR.2,36,
un,2010/ccpr/c/sr_2695#25,2010/ccpr/c/sr_2695,CCPR/C/SR.2695,True,meeting,lookup,True,completed,,3,3,3,2,28.333333333333332,32,13,19,minor_issues,What did the Chair propose for paragraph 57 to guide States on article 8 issues in the Human Rights Committee's summary record (15 March 2010) on revised guidelines?,"Therefore, for the purpose of informing States how the issue was to be dealt with, perhaps paragraph 57 should contain a reference to article 18, and the present paragraph 57 should be moved to the section covering article 18.",32,
un,2010/ccpr/c/sr_2695#25,2010/ccpr/c/sr_2695,CCPR/C/SR.2695,True,meeting,practitioner,True,completed,,2,2,2,0,31,32,15,17,blocking,"Suppose a drafter is finalizing paragraph 54 of the Human Rights Committee's guidelines and wants wording understandable not only to human rights experts. What phrase did Ms. Keller say should be retained, and how did she suggest presenting it?","the phrase ""such as abduction of women and children"" should not be deleted. Perhaps it could be included in parentheses, after the word ""servitude"".",,
un,2010/ccpr/c/sr_2695#25,2010/ccpr/c/sr_2695,CCPR/C/SR.2695,True,meeting,conceptual,True,completed,,2,2,2,1,28.5,32,14,18,minor_issues,"In March 2010, what did Ms. Keller propose retaining in the article 8 guidance for readers beyond human rights experts?","However, given that the document was addressed not just to human rights experts, in her view the phrase ""such as abduction of women and children"" should not be deleted. Perhaps it could be included in parentheses, after the word ""servitude"".",32,
un,2010/ccpr/c/sr_2695#25,2010/ccpr/c/sr_2695,CCPR/C/SR.2695,True,meeting,comparison,True,completed,,1,1,1,0,26,26,12,14,blocking,How did Ms. Keller and the Chair address paragraph 57 in the discussion of the draft guidelines?,"Ms. Keller said that she endorsed the suggestion to delete paragraph 57 and add a fourth bullet in paragraph 54. However, given that the document was addressed not just to human rights experts, in her view the phrase ""such as abduction of women and children"" should not be deleted. Perhaps it could be included in parentheses, after the word ""servitude"".
The Chair said that just a few days earlier, Uzbekistan had referred to alternative military service under article 8. Therefore, for the purpose of informing States how the issue was to be dealt with, perhaps paragraph 57 should contain a reference to article 18, and the present paragraph 57 should be moved to the section covering article 18. It appeared that the members of the Committee agreed with that approach, as they did with the new version of paragraph 54.",,
un,2010/ccpr/c/sr_2695#25,2010/ccpr/c/sr_2695,CCPR/C/SR.2695,True,meeting,claim_verification,True,completed,,3,3,3,2,30,33,15,18,minor_issues,"Can the claim that Ms. Keller opposed deleting the phrase ""such as abduction of women and children"" and suggested placing it in parentheses after ""servitude"" be verified?","However, given that the document was addressed not just to human rights experts, in her view the phrase ""such as abduction of women and children"" should not be deleted.
Perhaps it could be included in parentheses, after the word ""servitude"".",33,
un,2010/ccpr/c/sr_2695#25,2010/ccpr/c/sr_2695,CCPR/C/SR.2695,True,meeting,source_finding,True,completed,,1,1,1,1,28,28,13,15,minor_issues,"Which Human Rights Committee meeting record contains the discussion about deleting paragraph 57, retaining a reference to the abduction of women and children, and moving the paragraph to the section on article 18?",CCPR/C/SR.2695,28,
un,2007/gc_12/c_1/sr_1#10,2007/gc_12/c_1/sr_1,GC.12/C.1/SR.1,True,meeting,lookup,True,completed,,3,3,3,0,33,34,13,21,review,"What funding measure did the LDC ministers’ declaration request from UNIDO and donors on 4 December 2007, according to the General Conference Main Committee summary record?","We call upon UNIDO to create a special Trust Fund for least developed countries, and urge donors to contribute generously to the Fund.",,
un,2007/gc_12/c_1/sr_1#10,2007/gc_12/c_1/sr_1,GC.12/C.1/SR.1,True,meeting,practitioner,True,completed,,2,2,2,2,31,34,15,19,minor_issues,Suppose a least developed country is engaged in the Enhanced Integrated Framework process and UNIDO is planning its support under Aid for Trade. What does the Ministerial Declaration call upon UNIDO to do?,"We call upon UNIDO to work closely with countries engaged in the Framework process and, wherever possible, to act as an implementing agency, particularly concentrating in developing industrial capacity and standards and conformity related infrastructure.",34,
un,2007/gc_12/c_1/sr_1#10,2007/gc_12/c_1/sr_1,GC.12/C.1/SR.1,True,meeting,conceptual,True,completed,,3,3,3,3,34,36,15,21,clear,What support did the 2007 LDC ministerial declaration seek from UNIDO and donors for enhancing productive capacity?,"In enhancing productive capacity, donors should also utilize the services of UNIDO.
We call upon UNIDO to create a special Trust Fund for least developed countries, and urge donors to contribute generously to the Fund.",36,
un,2007/gc_12/c_1/sr_1#10,2007/gc_12/c_1/sr_1,GC.12/C.1/SR.1,True,meeting,comparison,True,completed,,1,1,1,0,27,27,14,13,blocking,How are Aid for Trade and the Enhanced Integrated Framework characterized in supporting trade-related capacity-building for least developed countries?,"The emergence of Aid for Trade, to assist least developed countries in developing their trade-related productive capacity and for meeting other trade-related needs, is a landmark development.
The Enhanced Integrated Framework is a promising tool for analysis and identification of needs in the area of trade capacity-building, and for implementation of projects identified.",,
un,2007/gc_12/c_1/sr_1#10,2007/gc_12/c_1/sr_1,GC.12/C.1/SR.1,True,meeting,claim_verification,True,completed,,3,3,3,0,25.666666666666668,27,14,13,blocking,Can the claim that the General Conference text calls upon UNIDO to create a special Trust Fund for least developed countries and urges donors to contribute generously to it be verified?,"We call upon UNIDO to create a special Trust Fund for least developed countries, and urge donors to contribute generously to the Fund.",,
un,2007/gc_12/c_1/sr_1#10,2007/gc_12/c_1/sr_1,GC.12/C.1/SR.1,True,meeting,source_finding,True,completed,,1,1,1,1,33,33,14,19,minor_issues,"Which UNIDO General Conference meeting record contains the call for UNIDO to work closely with countries engaged in the Enhanced Integrated Framework, act as an implementing agency where possible, and create a special Trust Fund for least developed countries?",GC.12/C.1/SR.1,33,
un,2006/cedaw/c/sr_724#18,2006/cedaw/c/sr_724,CEDAW/C/SR.724,True,meeting,lookup,True,completed,,3,3,3,3,34,36,15,21,clear,"On 17 May 2006, what land-tenure information did Ms. Zou Xiaoqiao say paragraph 129 failed to provide in the Committee's summary record?",Ms. Zou Xiaoqiao said that paragraph 129 of the report indicated neither the conditions that must be satisfied in order for individuals to own or lease land nor whether women and men enjoyed equal rights as lessees.,36,
un,2006/cedaw/c/sr_724#18,2006/cedaw/c/sr_724,CEDAW/C/SR.724,True,meeting,practitioner,True,completed,,3,3,3,2,30.333333333333332,33,15,18,clear,A health-policy officer is preparing Turkmenistan's response to the Committee's questions about rural women's reproductive health. What measures did Ms. Zou Xiaoqiao ask the State to address?,"Given the importance of reproductive health services, it would be helpful to know what measures the State was taking to ensure that rural women had access to information on reproductive health.",33,
un,2006/cedaw/c/sr_724#18,2006/cedaw/c/sr_724,CEDAW/C/SR.724,True,meeting,conceptual,True,completed,,3,3,3,3,29.333333333333332,31,13,18,minor_issues,"During its 2006 review of Turkmenistan, what employment and social-protection information did the Committee seek for rural women in agricultural family enterprises and home-based work?","She asked whether rural women who worked in agricultural family enterprises were paid for their work, and whether the State extended social security and benefits and national and medical insurance to such women.
Finally, referring to paragraph 130 of the report, she requested details of the benefits provided to rural women engaged in home-based work.",31,
un,2006/cedaw/c/sr_724#18,2006/cedaw/c/sr_724,CEDAW/C/SR.724,True,meeting,comparison,True,completed,,1,1,1,0,22,22,12,10,blocking,What information was sought about social security and benefits for rural women who worked in agricultural family enterprises and rural women engaged in home-based work?,"48. She asked whether rural women who worked in agricultural family enterprises were paid for their work, and whether the State extended social security and benefits and national and medical insurance to such women.
Finally, referring to paragraph 130 of the report, she requested details of the benefits provided to rural women engaged in home-based work.",,
un,2006/cedaw/c/sr_724#18,2006/cedaw/c/sr_724,CEDAW/C/SR.724,True,meeting,claim_verification,True,completed,,3,3,3,1,29.333333333333332,30,14,16,minor_issues,"Can the claim that Ms. Zou Xiaoqiao had heard that the maternal mortality rate was 6 per 1,000 live births be verified as a statement recorded in the Committee discussion?","She had heard that the maternal mortality rate was 6 per 1,000 live births.",30,
un,2006/cedaw/c/sr_724#18,2006/cedaw/c/sr_724,CEDAW/C/SR.724,True,meeting,source_finding,True,completed,,1,1,1,1,34,34,14,20,clear,"Which CEDAW summary record of the Committee’s May 2006 examination of Turkmenistan records questions about rural women’s land rights, reproductive-health access and maternal mortality?",CEDAW/C/SR.724,34,
un,2005/cd/pv_983#13,2005/cd/pv_983,CD/PV.983,True,meeting,lookup,True,completed,,3,3,3,2,30.333333333333332,32,15,17,clear,What circumstances did Algeria identify as making the Chair's task difficult in its 2005 statement in the Conference on Disarmament plenary record?,the present international context and the outcome of the seventh Review Conference which you have described as dismal,32,
un,2005/cd/pv_983#13,2005/cd/pv_983,CD/PV.983,True,meeting,practitioner,True,completed,,2,2,2,1,28,31,15,16,minor_issues,Suppose a Conference on Disarmament officer is briefing the Chair on the conditions affecting the current disarmament work. How did Algeria characterize the present international context?,This context is very hostile to the disarmament endeavour.,31,
un,2005/cd/pv_983#13,2005/cd/pv_983,CD/PV.983,True,meeting,conceptual,True,completed,,3,3,3,1,27.666666666666668,32,13,19,clear,Why did Algeria describe the Chair’s task as especially difficult in the 2005 Conference setting?,Your task is a very difficult one given the present international context and the outcome of the seventh Review Conference which you have described as dismal. This context is very hostile to the disarmament endeavour.,32,
un,2005/cd/pv_983#13,2005/cd/pv_983,CD/PV.983,True,meeting,comparison,True,completed,,1,1,0,0,17,,,,,,,,
un,2005/cd/pv_983#13,2005/cd/pv_983,CD/PV.983,True,meeting,claim_verification,True,completed,,3,3,3,2,31.333333333333332,34,15,19,minor_issues,"Is it accurate that Algeria's representative characterized the Chair's task as very difficult because of the present international context and the outcome of the seventh Review Conference, which the Chair had described as dismal?",Your task is a very difficult one given the present international context and the outcome of the seventh Review Conference which you have described as dismal.,34,
un,2005/cd/pv_983#13,2005/cd/pv_983,CD/PV.983,True,meeting,source_finding,True,completed,,1,1,1,1,32,32,14,18,minor_issues,"Which Conference on Disarmament plenary record contains Algeria's first intervention under the new chair, including an apology for Ambassador Jazairy and an assurance of full support for the Chair despite a hostile disarmament context?",CD/PV.983,32,
un,1998/gc_7/c_1/sr_5#16,1998/gc_7/c_1/sr_5,GC.7/C.1/SR.5,True,meeting,lookup,True,completed,,3,3,3,3,34,36,15,21,clear,What did UNIDO’s Director of Personnel Services say Staff Regulation 6.8 authorized regarding tax paid on salaries in the 1997 General Conference meeting record?,it authorized the Director-General to refund to staff members an amount representing the tax paid on salary and emoluments.,36,
un,1998/gc_7/c_1/sr_5#16,1998/gc_7/c_1/sr_5,GC.7/C.1/SR.5,True,meeting,practitioner,True,completed,,2,2,2,2,33,34,14,20,clear,"Suppose a UNIDO Member State is considering a proposal to suspend payment of tax reimbursement under Staff Regulation 6.8. What procedural route would be required to amend the Staff Regulations, and what protection for staff members would apply?","Staff Regulation 13.1 specified that the Staff Regulations might “be amended by the General Conference upon recommendation of the Industrial Development Board, without prejudice to the acquired rights of the staff”. So if the Staff Regulations were to be amended, such amendment had to be recommended by the Board and must not prejudice the acquired rights of staff members.",34,
un,1998/gc_7/c_1/sr_5#16,1998/gc_7/c_1/sr_5,GC.7/C.1/SR.5,True,meeting,conceptual,True,completed,,2,2,2,0,32,33,15,18,blocking,How did UNIDO Personnel Services explain the legal basis for reimbursing staff members’ salary taxes?,"Mr. LÄSSIG (Director, Personnel Services) said that Staff Regulation 6.8 was quite clear: it authorized the Director-General to refund to staff members an amount representing the tax paid on salary and emoluments.",,
un,1998/gc_7/c_1/sr_5#16,1998/gc_7/c_1/sr_5,GC.7/C.1/SR.5,True,meeting,comparison,True,completed,,1,1,1,0,21,21,11,10,blocking,"How did Mr. KOCH (Germany) and Mr. LÄSSIG (Director, Personnel Services) address the conformity of the proposed additional paragraph with UNIDO Staff Regulations?","Mr. KOCH (Germany) asked whether the second additional paragraph proposed by the representative of the Russian Federation was in conformity with UNIDO Staff Regulations.
Mr. LÄSSIG (Director, Personnel Services) said that Staff Regulation 6.8 was quite clear: it authorized the Director-General to refund to staff members an amount representing the tax paid on salary and emoluments.
Reimbursement was made by all United Nations agencies on the principle of equality of conditions of employment and irrespective of nationality. Suspension of payment would require the amendment of Staff Regulation 6.8.
The conditions of employment of staff were the same, irrespective of their nationality.
Where a staff member had to pay tax, despite the Convention on the Privileges and Immunities of the Specialized Agencies, the agency concerned sought to restore equality among all staff members through the mechanism of tax reimbursement.
The Staff Regulations were laid down by the Member States by virtue of being adopted by the General Conference.
Staff Regulation 13.1 specified that the Staff Regulations might “be amended by the General Conference upon recommendation of the Industrial Development Board, without prejudice to the acquired rights of the staff”.
So if the Staff Regulations were to be amended, such amendment had to be recommended by the Board and must not prejudice the acquired rights of staff members.",,
un,1998/gc_7/c_1/sr_5#16,1998/gc_7/c_1/sr_5,GC.7/C.1/SR.5,True,meeting,claim_verification,True,completed,,3,3,3,2,30.333333333333332,31,15,16,repair,Can the claim that UNIDO Staff Regulation 6.8 authorizes the Director-General to refund staff members an amount representing tax paid on salary and emoluments be verified?,"Mr. LÄSSIG (Director, Personnel Services) said that Staff Regulation 6.8 was quite clear: it authorized the Director-General to refund to staff members an amount representing the tax paid on salary and emoluments.",30,
un,1998/gc_7/c_1/sr_5#16,1998/gc_7/c_1/sr_5,GC.7/C.1/SR.5,True,meeting,source_finding,True,completed,,1,1,1,1,32,32,14,18,minor_issues,"Which UNIDO committee meeting record contains the Personnel Services Director’s explanation that Staff Regulation 6.8 authorized tax refunds to staff members, that reimbursement applied irrespective of nationality, and that suspending it would require an amendment to the regulation?",GC.7/C.1/SR.5,32,
un,2006/ccw/conf_iii/sr_2#8,2006/ccw/conf_iii/sr_2,CCW/CONF.III/SR.2,True,meeting,lookup,True,completed,,2,2,2,1,28.5,34,15,19,clear,What did Japan urge all States parties to do regarding a universally applicable compliance mechanism in the 2006 Third Review Conference meeting record?,demonstrate the will to compromise and cooperate on a universally applicable mechanism to promote compliance with the Convention and its protocols,34,
un,2006/ccw/conf_iii/sr_2#8,2006/ccw/conf_iii/sr_2,CCW/CONF.III/SR.2,True,meeting,practitioner,True,completed,,1,1,1,1,33,33,15,18,minor_issues,"During the general exchange, a delegate is preparing a summary of Japan’s position on the Convention and its protocols. What did Japan urge all States parties to demonstrate?",the will to compromise and cooperate on a universally applicable mechanism to promote compliance with the Convention and its protocols,33,
un,2006/ccw/conf_iii/sr_2#8,2006/ccw/conf_iii/sr_2,CCW/CONF.III/SR.2,True,meeting,conceptual,True,completed,,3,3,3,2,34,36,15,21,minor_issues,"During the Third Review Conference, what did Japan urge States parties to do regarding a compliance mechanism?",Japan urged all States parties to demonstrate the will to compromise and cooperate on a universally applicable mechanism to promote compliance with the Convention and its protocols.,36,
un,2006/ccw/conf_iii/sr_2#8,2006/ccw/conf_iii/sr_2,CCW/CONF.III/SR.2,True,meeting,comparison,True,completed,,1,1,1,0,28,28,13,15,blocking,How did Japan and Ukraine address compliance with and the effectiveness of the Convention and its protocols?,"Japan urged all States parties to demonstrate the will to compromise and cooperate on a universally applicable mechanism to promote compliance with the Convention and its protocols.
Japan emphasized the importance of promoting the steady implementation and universalization of the Convention, whose merit lay in its ability to respond as the international community's problems evolved.
Mr. BIELASHOV (Ukraine) associated himself with the statement delivered on behalf of the European Union.
Ukraine remained committed to full compliance with the Convention and all its protocols and emphasized the need to increase their effectiveness, for the benefit of both combatants and civilians.
He hoped that the instruments would be further strengthened in the global and regional efforts towards disarmament and arms control.",,
un,2006/ccw/conf_iii/sr_2#8,2006/ccw/conf_iii/sr_2,CCW/CONF.III/SR.2,True,meeting,claim_verification,True,completed,,3,3,3,1,25.666666666666668,28,14,14,minor_issues,Is it accurate that Ukraine remained committed to full compliance with the Convention and all its protocols?,"Ukraine remained committed to full compliance with the Convention and all its protocols and emphasized the need to increase their effectiveness, for the benefit of both combatants and civilians.",28,
un,2006/ccw/conf_iii/sr_2#8,2006/ccw/conf_iii/sr_2,CCW/CONF.III/SR.2,True,meeting,source_finding,True,completed,,1,1,1,1,31,31,14,17,minor_issues,"Which conference meeting record contains Japan’s call for a universally applicable mechanism to promote compliance with the Convention and its protocols, together with Ukraine’s commitment to full compliance and stronger instruments for disarmament and arms control?",CCW/CONF.III/SR.2,31,
un,2001/cd/pv_880#1,2001/cd/pv_880,CD/PV.880,True,meeting,lookup,True,completed,,3,3,3,3,32.333333333333336,35,15,20,clear,What did the President ask delegations to do in the 2001 Conference on Disarmament plenary record concerning special coordinators' questionnaires and consultations?,I will take this opportunity to ask delegations to consider the appropriateness of replying to the questionnaires prepared by the special coordinators and I would also ask them to participate as actively as possible in the consultations which are convened in that connection so as to lay the bases necessary for making headway on these matters.,35,
un,2001/cd/pv_880#1,2001/cd/pv_880,CD/PV.880,True,meeting,practitioner,True,completed,,1,1,1,1,31,31,14,17,minor_issues,Suppose a delegation is deciding how to respond to the President's request during the final weeks of the Conference's work. What two forms of participation did the President ask delegations to undertake?,to consider the appropriateness of replying to the questionnaires prepared by the special coordinators and I would also ask them to participate as actively as possible in the consultations which are convened in that connection so as to lay the bases necessary for making headway on these matters.,31,
un,2001/cd/pv_880#1,2001/cd/pv_880,CD/PV.880,True,meeting,conceptual,True,completed,,3,3,3,1,30,32,15,17,minor_issues,What participation did the President request regarding the special coordinators' questionnaires and related consultations?,I will take this opportunity to ask delegations to consider the appropriateness of replying to the questionnaires prepared by the special coordinators and I would also ask them to participate as actively as possible in the consultations which are convened in that connection so as to lay the bases necessary for making headway on these matters.,32,
un,2001/cd/pv_880#1,2001/cd/pv_880,CD/PV.880,True,meeting,comparison,True,completed,,1,1,1,0,26,26,14,12,blocking,How did the President distinguish delegations' responses to the questionnaires prepared by the special coordinators from their participation in the consultations convened in that connection?,I will take this opportunity to ask delegations to consider the appropriateness of replying to the questionnaires prepared by the special coordinators and I would also ask them to participate as actively as possible in the consultations which are convened in that connection so as to lay the bases necessary for making headway on these matters.,,
un,2001/cd/pv_880#1,2001/cd/pv_880,CD/PV.880,True,meeting,claim_verification,True,completed,,3,3,3,1,29,30,15,15,clear,"Can the claim that, at the opening of the 880th plenary meeting, the great majority of delegations considered it very difficult to make headway on substantive issues in the Conference's final weeks be verified?",The great majority of delegations have indicated that they think it would be very difficult to make headway on substantive issues in these final weeks of the Conference's work.,30,
un,2001/cd/pv_880#1,2001/cd/pv_880,CD/PV.880,True,meeting,source_finding,True,completed,,1,1,1,1,33,33,14,19,minor_issues,Which Conference on Disarmament plenary record reports unanimous interest in preserving the Conference as the sole multilateral negotiating forum for disarmament and urges delegations to respond to coordinators’ questionnaires and join related consultations?,CD/PV.880,33,
un,2010/a/cn_9/sr_917#10,2010/a/cn_9/sr_917,A/CN.9/SR.917,True,meeting,lookup,True,completed,,3,3,3,3,34.333333333333336,35,15,20,minor_issues,What preference did the World Bank express between the United States and United Kingdom proposals in the Commission’s meeting record on directors’ liability and bank-resolution proposals?,"while the World Bank supported both the United States and United Kingdom proposals, it had a particular preference for the latter in the context of its work in developing and emerging markets",35,
un,2010/a/cn_9/sr_917#10,2010/a/cn_9/sr_917,A/CN.9/SR.917,True,meeting,practitioner,True,completed,,2,2,2,2,29.5,30,12,18,minor_issues,Suppose the World Bank is assessing the Swiss proposal on bank resolutions during the Commission’s consideration of possible future work in insolvency law. What reservations did the World Bank express?,"Regarding the Swiss proposal, it was crucial to ensure coherence and harmonization in the treatment of bank resolutions. However, the World Bank had reservations about the timing of the proposal, and the appropriateness of the Commission as a forum.",30,
un,2010/a/cn_9/sr_917#10,2010/a/cn_9/sr_917,A/CN.9/SR.917,True,meeting,conceptual,True,completed,,2,2,2,2,32.5,33,15,18,minor_issues,What reservations did the World Bank express about the Swiss proposal on harmonizing the treatment of bank resolutions?,"Regarding the Swiss proposal, it was crucial to ensure coherence and harmonization in the treatment of bank resolutions. However, the World Bank had reservations about the timing of the proposal, and the appropriateness of the Commission as a forum.",33,
un,2010/a/cn_9/sr_917#10,2010/a/cn_9/sr_917,A/CN.9/SR.917,True,meeting,comparison,True,completed,,1,1,1,0,32,32,15,17,blocking,How did the World Bank distinguish between the United States and United Kingdom proposals in the context of its work in developing and emerging markets?,"Mr. Mokal (World Bank) said that while the World Bank supported both the United States and United Kingdom proposals, it had a particular preference for the latter in the context of its work in developing and emerging markets.",,
un,2010/a/cn_9/sr_917#10,2010/a/cn_9/sr_917,A/CN.9/SR.917,True,meeting,claim_verification,True,completed,,3,3,3,3,32,34,15,19,minor_issues,Is it accurate that the World Bank had reservations about both the timing of the Swiss proposal on bank resolutions and the appropriateness of the Commission as its forum?,"However, the World Bank had reservations about the timing of the proposal, and the appropriateness of the Commission as a forum.",34,
un,2010/a/cn_9/sr_917#10,2010/a/cn_9/sr_917,A/CN.9/SR.917,True,meeting,source_finding,True,completed,,1,1,1,1,33,33,15,18,minor_issues,"Which UN meeting record contains the World Bank's position that it supported both the United States and United Kingdom proposals, preferred the latter for its work in developing and emerging markets, and saw value in Commission standards on international best practice for liability?",A/CN.9/SR.917,33,
un,2003/a/58/pv_1#15,2003/a/58/pv_1,A/58/PV.1,True,meeting,lookup,True,completed,,3,3,3,3,32.333333333333336,35,15,20,minor_issues,"According to the President of the General Assembly's 2003 opening address, what would general-debate pronouncements on Security Council reform determine?",whether the political will exists to move reform forward,35,
un,2003/a/58/pv_1#15,2003/a/58/pv_1,A/58/PV.1,True,meeting,practitioner,True,completed,,3,3,3,1,27.666666666666668,33,15,18,minor_issues,"A Saint Lucia representative is preparing a position on Security Council reform after more than a decade of deliberation with very little progress. According to the representative, what will determine whether the political will exists to move reform forward?",the pronouncements made on this issue in the general debate of the fifty-eighth session,33,
un,2003/a/58/pv_1#15,2003/a/58/pv_1,A/58/PV.1,True,meeting,conceptual,True,completed,,3,3,3,2,29,31,13,18,minor_issues,Why did Saint Lucia say Security Council reform could not be deferred during the fifty-eighth session?,"On the issue of Security Council reform, we cannot retreat from taking a decision on this matter. For more than a decade, we have deliberated on this issue and have made very little progress.",31,
un,2003/a/58/pv_1#15,2003/a/58/pv_1,A/58/PV.1,True,meeting,comparison,True,completed,,1,1,1,0,26,26,13,13,blocking,How are the roles of the General Assembly and the Security Council allocated in relation to the Security Council's report?,"The General Assembly will have the opportunity to review these important matters when the report of the Security Council comes before it. As required, I will summarize discussion of the report to inform the future deliberations of the Security Council.",,
un,2003/a/58/pv_1#15,2003/a/58/pv_1,A/58/PV.1,True,meeting,claim_verification,True,completed,,3,3,3,1,29.666666666666668,31,15,16,minor_issues,Can the claim that Saint Lucia's statement describes multilateral treaties as setting standards for promoting and protecting human rights and governing important areas of international relations be verified?,"Today, multilateral treaties set standards for the promotion and protection of human rights, including the rights of women and children, and govern important areas of international relations, such as transnational crime, the seas, disarmament and the rising challenge of terrorism.",31,
un,2003/a/58/pv_1#15,2003/a/58/pv_1,A/58/PV.1,True,meeting,source_finding,True,completed,,1,1,1,0,26,26,11,15,blocking,"Which UN meeting record contains Saint Lucia’s statement that Security Council reform should not be abandoned after more than a decade of limited progress, alongside its support for multilateral treaties setting international standards?",A/58/PV.1,,
un,2007/cedaw/c/sr_770_b_#18,2007/cedaw/c/sr_770_b_,CEDAW/C/SR(770.B),True,meeting,lookup,True,completed,,3,3,3,3,33.666666666666664,36,15,21,clear,What affirmative-action measures did the Colombian delegation report for women heads of household in the Committee’s 25 January 2007 summary record on Colombia?,"Affirmative action measures had therefore been introduced to protect such women, including access to credit and to housing subsidies.",36,
un,2007/cedaw/c/sr_770_b_#18,2007/cedaw/c/sr_770_b_,CEDAW/C/SR(770.B),True,meeting,practitioner,True,completed,,3,3,3,1,29.666666666666668,35,14,21,clear,"Suppose a Colombian policy officer is preparing assistance for women heads of household, who generally live alone and bear heavier income, childcare and household burdens. What affirmative action measures had been introduced to protect them?","Affirmative action measures had therefore been introduced to protect such women, including access to credit and to housing subsidies.",35,
un,2007/cedaw/c/sr_770_b_#18,2007/cedaw/c/sr_770_b_,CEDAW/C/SR(770.B),True,meeting,conceptual,True,completed,,3,3,3,3,32.666666666666664,33,14,19,minor_issues,How did Colombia address the heavier economic and domestic burden faced by female heads of household during the 2007 CEDAW review?,"The number of women heads of household in Colombia was growing, and they enjoyed special protection under various laws. While 80 per cent of male heads of household had a companion, most female heads of household lived alone, and therefore bore a heavier burden, both in terms of income level and in terms of childcare and household chores. Affirmative action measures had therefore been introduced to protect such women, including access to credit and to housing subsidies.",33,
un,2007/cedaw/c/sr_770_b_#18,2007/cedaw/c/sr_770_b_,CEDAW/C/SR(770.B),True,meeting,comparison,True,completed,,1,1,1,1,34,34,15,19,minor_issues,How did male heads of household and female heads of household in Colombia differ in living arrangements and household burdens?,"While 80 per cent of male heads of household had a companion, most female heads of household lived alone, and therefore bore a heavier burden, both in terms of income level and in terms of childcare and household chores.",34,
un,2007/cedaw/c/sr_770_b_#18,2007/cedaw/c/sr_770_b_,CEDAW/C/SR(770.B),True,meeting,claim_verification,True,completed,,3,3,3,0,27,27,15,12,blocking,Can the claim that the number of women heads of household in Colombia was growing and that they enjoyed special protection under various laws be verified?,"The number of women heads of household in Colombia was growing, and they enjoyed special protection under various laws.",,
un,2007/cedaw/c/sr_770_b_#18,2007/cedaw/c/sr_770_b_,CEDAW/C/SR(770.B),True,meeting,source_finding,True,completed,,1,1,1,1,33,33,14,19,minor_issues,"Which UN committee meeting record reports Colombia’s measures protecting women heads of household through credit and housing subsidies, promoting parity in private-sector decision-making, and addressing gender-based salary gaps?",CEDAW/C/SR(770.B),33,
un,2002/a/c_4/57/sr_18#15,2002/a/c_4/57/sr_18,A/C.4/57/SR.18,True,meeting,lookup,True,completed,,3,3,3,3,29,31,14,17,minor_issues,"What did the speaker say caused the United States delegation’s ire over broadcasts against Cuba at the 31 October 2002 meeting, as recorded in the Special Political and Decolonization Committee’s summary record?",The ineffectiveness of the broadcasts,31,
un,2002/a/c_4/57/sr_18#15,2002/a/c_4/57/sr_18,A/C.4/57/SR.18,True,meeting,practitioner,True,completed,,2,2,2,0,28,29,15,14,blocking,"Suppose an information officer is documenting the speaker's account of how the Cuban public learned about the Proyecto Varela. What broadcast event did the speaker identify, and what did he say Radio Martí had not carried?","He also recalled that the Cuban people had learnt of the project when Cuban radio and television had broadcast live the speech made by former United States President Carter at the University of Havana, which had not been carried by Radio Martí.",,
un,2002/a/c_4/57/sr_18#15,2002/a/c_4/57/sr_18,A/C.4/57/SR.18,True,meeting,conceptual,True,completed,,3,3,3,1,30.333333333333332,33,14,19,minor_issues,How did the October 2002 statement contrast the Proyecto Varela petition with Cuba’s constitutional ratification?,"The Proyecto Varela supposedly supported by some 11,000 Cubans, was in fact an American-inspired initiative. Moreover, 8.2 million Cubans had freely decided to ratify their Constitution shortly after the small Proyecto Varela group, sponsored by the United States interests section in Havana, had submitted its petition on constitutional reform, which was currently being reviewed by the appropriate constitutional authorities.",33,
un,2002/a/c_4/57/sr_18#15,2002/a/c_4/57/sr_18,A/C.4/57/SR.18,True,meeting,comparison,True,completed,,1,1,1,0,29,29,13,16,repair,How did Cuban radio and television and Radio Martí treat the speech made by former United States President Carter at the University of Havana?,"He also recalled that the Cuban people had learnt of the project when Cuban radio and television had broadcast live the speech made by former United States President Carter at the University of Havana, which had not been carried by Radio Martí.",,
un,2002/a/c_4/57/sr_18#15,2002/a/c_4/57/sr_18,A/C.4/57/SR.18,True,meeting,claim_verification,True,completed,,3,3,3,0,25.666666666666668,27,14,13,blocking,"Can the claim that Cuban radio and television broadcast live the speech by former United States President Carter at the University of Havana, while Radio Martí did not carry it, be verified?","He also recalled that the Cuban people had learnt of the project when Cuban radio and television had broadcast live the speech made by former United States President Carter at the University of Havana, which had not been carried by Radio Martí.",,
un,2002/a/c_4/57/sr_18#15,2002/a/c_4/57/sr_18,A/C.4/57/SR.18,True,meeting,source_finding,True,completed,,1,1,1,0,31,31,13,18,repair,Which UN committee summary record reports a delegation's denunciation of daily violations of international broadcasting norms against Cuba and its criticism of the United States' reaction to ineffective broadcasts?,A/C.4/57/SR.18,,
un,2007/cedaw/c/sr_778#5,2007/cedaw/c/sr_778,CEDAW/C/SR.778,True,meeting,lookup,True,completed,,3,3,3,2,34.666666666666664,36,15,21,repair,What workforce gap did Sierra Leone report in the Committee's 17 May 2007 summary record on education and technical training?,a vacuum in the workforce in middle-level technical jobs because such education was looked down on,36,
un,2007/cedaw/c/sr_778#5,2007/cedaw/c/sr_778,CEDAW/C/SR.778,True,meeting,practitioner,True,completed,,2,2,2,2,31,31,14,17,minor_issues,Suppose a Sierra Leone education planner is trying to expand technical studies for women and address skills shortages. What workforce gap and underlying attitude toward such education were described?,Currently there was a vacuum in the workforce in middle-level technical jobs because such education was looked down on.,31,
un,2007/cedaw/c/sr_778#5,2007/cedaw/c/sr_778,CEDAW/C/SR.778,True,meeting,conceptual,True,completed,,3,3,3,3,33.333333333333336,35,15,20,minor_issues,How did Sierra Leone’s education arrangements support teenage mothers and adults who missed schooling during the 11-year war?,"Teenage mothers were readmitted to school, where they had the opportunity to learn parenting skills along with academic and technical subjects.
More opportunities were available for adult students, especially those who had missed the chance to go to school during the 11 years of war.",35,
un,2007/cedaw/c/sr_778#5,2007/cedaw/c/sr_778,CEDAW/C/SR.778,True,meeting,comparison,True,completed,,1,1,1,0,25,25,14,11,blocking,How were teenage mothers and adult students supported through educational opportunities?,"Teenage mothers were readmitted to school, where they had the opportunity to learn parenting skills along with academic and technical subjects.
More opportunities were available for adult students, especially those who had missed the chance to go to school during the 11 years of war.",,
un,2007/cedaw/c/sr_778#5,2007/cedaw/c/sr_778,CEDAW/C/SR.778,True,meeting,claim_verification,True,completed,,3,3,3,2,32,33,15,18,clear,Is it accurate that the 17 May 2007 Sierra Leone account stated that teenage mothers were readmitted to school and had the opportunity to learn parenting skills alongside academic and technical subjects?,"Teenage mothers were readmitted to school, where they had the opportunity to learn parenting skills along with academic and technical subjects.",33,
un,2007/cedaw/c/sr_778#5,2007/cedaw/c/sr_778,CEDAW/C/SR.778,True,meeting,source_finding,True,completed,,1,1,1,1,33,33,14,19,minor_issues,Which UN meeting record reports Sierra Leone’s account of overcoming gender stereotypes in technical education and readmitting teenage mothers to school?,CEDAW/C/SR.778,33,
un,2000/cd/pv_841#11,2000/cd/pv_841,CD/PV.841,True,meeting,lookup,True,completed,,3,3,3,2,30,35,15,20,clear,"What condition did the United Kingdom say was necessary before a global nuclear-weapons ban, and what assurance would an FMCT provide in the Conference on Disarmament plenary record of 10 February 2000?","In our view, it remains the case that before there can be an effective and verifiable ban on nuclear weapons globally, there must be confidence that no new fissile material for such weapons can be produced.

An FMCT would deliver such an assurance, and in so doing, put in place a vital foundation for the achievement of global nuclear disarmament.",35,
un,2000/cd/pv_841#11,2000/cd/pv_841,CD/PV.841,True,meeting,practitioner,True,completed,,2,2,2,1,29,34,15,19,minor_issues,"Suppose a United Kingdom delegate at the Conference on Disarmament on 10 February 2000 is explaining why an FMCT remains important to global nuclear disarmament. What assurance did the delegate say was needed before an effective and verifiable global ban on nuclear weapons, and what would an FMCT do?","In our view, it remains the case that before there can be an effective and verifiable ban on nuclear weapons globally, there must be confidence that no new fissile material for such weapons can be produced. An FMCT would deliver such an assurance, and in so doing, put in place a vital foundation for the achievement of global nuclear disarmament.",34,
un,2000/cd/pv_841#11,2000/cd/pv_841,CD/PV.841,True,meeting,conceptual,True,completed,,2,2,2,0,28.5,36,13,23,repair,"What rationale did the United Kingdom give for linking an FMCT to an effective, verifiable global ban on nuclear weapons in February 2000?","In our view, it remains the case that before there can be an effective and verifiable ban on nuclear weapons globally, there must be confidence that no new fissile material for such weapons can be produced.

An FMCT would deliver such an assurance, and in so doing, put in place a vital foundation for the achievement of global nuclear disarmament.",,
un,2000/cd/pv_841#11,2000/cd/pv_841,CD/PV.841,True,meeting,comparison,True,completed,,1,1,1,0,24,24,15,9,blocking,How does the passage relate an FMCT to an effective and verifiable ban on nuclear weapons globally?,"In our view, it remains the case that before there can be an effective and verifiable ban on nuclear weapons globally, there must be confidence that no new fissile material for such weapons can be produced.

An FMCT would deliver such an assurance, and in so doing, put in place a vital foundation for the achievement of global nuclear disarmament.",,
un,2000/cd/pv_841#11,2000/cd/pv_841,CD/PV.841,True,meeting,claim_verification,True,completed,,3,3,3,0,29,32,15,17,repair,Can the claim that the 10 February 2000 Conference on Disarmament statement regarded confidence that no new fissile material for nuclear weapons could be produced as necessary before an effective and verifiable global ban on nuclear weapons be established be verified?,"In our view, it remains the case that before there can be an effective and verifiable ban on nuclear weapons globally, there must be confidence that no new fissile material for such weapons can be produced.",,
un,2000/cd/pv_841#11,2000/cd/pv_841,CD/PV.841,True,meeting,source_finding,True,completed,,1,1,1,1,35,35,15,20,clear,Which Conference on Disarmament meeting record from 10 February 2000 argues that an FMCT is necessary to ensure that no new fissile material for nuclear weapons can be produced and to support global nuclear disarmament?,CD/PV.841,35,
un,1999/cedaw/c/sr_434#16,1999/cedaw/c/sr_434,CEDAW/C/SR.434,True,meeting,lookup,True,completed,,3,3,3,2,32.666666666666664,34,15,19,clear,"In the Committee's 15 June 1999 summary record on Nepal, what did Ms. Goonesekere ask about a gender management plan and institutional coordination?","whether the Government had developed any gender management plan and, if so, how the various institutions would coordinate action under the plan",34,
un,1999/cedaw/c/sr_434#16,1999/cedaw/c/sr_434,CEDAW/C/SR.434,True,meeting,practitioner,True,completed,,3,3,3,3,30,32,15,17,clear,Suppose Nepal's gender-equality focal point is responding to the Committee's questions from June 1999 and a gender management plan has been developed. What coordination detail did the Committee member seek about implementing that plan?,how the various institutions would coordinate action under the plan,32,
un,1999/cedaw/c/sr_434#16,1999/cedaw/c/sr_434,CEDAW/C/SR.434,True,meeting,conceptual,True,completed,,3,3,3,2,32,35,15,20,minor_issues,What international legal recourse was identified for Nepalese women if the Government failed to act quickly in 1999?,"Although no Nepalese woman had yet done so, the option of appealing for international redress under the Optional Protocol to the International Covenant on Civil and Political Rights, after the exhaustion of domestic remedies -- and soon under an Optional Protocol to the Convention -- was a distinct possibility unless the Government acted quickly to remedy the situation of women in the country.",35,
un,1999/cedaw/c/sr_434#16,1999/cedaw/c/sr_434,CEDAW/C/SR.434,True,meeting,comparison,True,completed,,1,1,1,0,25,25,14,11,blocking,"For Nepalese women, how were the Optional Protocol to the International Covenant on Civil and Political Rights and an Optional Protocol to the Convention presented as avenues of international redress?","Although no Nepalese woman had yet done so, the option of appealing for international redress under the Optional Protocol to the International Covenant on Civil and Political Rights, after the exhaustion of domestic remedies -- and soon under an Optional Protocol to the Convention -- was a distinct possibility unless the Government acted quickly to remedy the situation of women in the country.",,
un,1999/cedaw/c/sr_434#16,1999/cedaw/c/sr_434,CEDAW/C/SR.434,True,meeting,claim_verification,True,completed,,3,3,3,2,28.333333333333332,29,13,16,repair,"Can the claim that, at the time of the June 1999 discussion of Nepal, no Nepalese woman had yet appealed for international redress under the Optional Protocol to the International Covenant on Civil and Political Rights after exhausting domestic remedies, while such an appeal remained a distinct possibility unless the Government acted quickly to remedy the situation of women, be verified?","Although no Nepalese woman had yet done so, the option of appealing for international redress under the Optional Protocol to the International Covenant on Civil and Political Rights, after the exhaustion of domestic remedies -- and soon under an Optional Protocol to the Convention -- was a distinct possibility unless the Government acted quickly to remedy the situation of women in the country.",28,
un,1999/cedaw/c/sr_434#16,1999/cedaw/c/sr_434,CEDAW/C/SR.434,True,meeting,source_finding,True,completed,,1,1,1,1,35,35,15,20,clear,"Which 1999 Committee meeting record on Nepal contains inquiries about why the Human Rights Commission Act was not implemented, a gender management plan, institutional coordination, and the budget for women's issues?",CEDAW/C/SR.434,35,
un,2009/a/ac_109/2009/sr_7#4,2009/a/ac_109/2009/sr_7,A/AC.109/2009/SR.7,True,meeting,lookup,True,completed,,3,3,3,3,33.666666666666664,35,15,20,clear,What human-rights characterization did Tanzania’s representative give to denial of Saharawi self-determination in the Special Committee’s June 2009 summary record on Western Sahara?,denial of that right constituted a human rights issue that should be taken up by the relevant organs of the United Nations,35,
un,2009/a/ac_109/2009/sr_7#4,2009/a/ac_109/2009/sr_7,A/AC.109/2009/SR.7,True,meeting,practitioner,True,completed,,1,1,1,1,35,35,15,20,clear,"A UN decolonization officer preparing a briefing on the question of Western Sahara for the Special Committee’s 16 June 2009 meeting needs to characterize Mr. Mahiga’s (United Republic of Tanzania) intervention accurately. What did he say denial of the Saharawi people’s right to self-determination constituted, and which United Nations organs should take it up?",denial of that right constituted a human rights issue that should be taken up by the relevant organs of the United Nations.,35,
un,2009/a/ac_109/2009/sr_7#4,2009/a/ac_109/2009/sr_7,A/AC.109/2009/SR.7,True,meeting,conceptual,True,completed,,3,3,3,3,34,35,15,20,clear,How did Cuba characterize the Committee’s role in addressing Western Sahara as a decolonization issue in June 2009?,Since the conflict in Western Sahara was a question of decolonization the Committee must play a central role in reviewing the issue.,35,
un,2009/a/ac_109/2009/sr_7#4,2009/a/ac_109/2009/sr_7,A/AC.109/2009/SR.7,True,meeting,comparison,True,completed,,1,1,1,0,29,29,14,15,blocking,How did Mr. Mahiga (United Republic of Tanzania) and Mr. Moreno Fernández (Cuba) address the exercise of Western Sahara's right to self-determination?,"10. Mr. Mahiga (United Republic of Tanzania) said that it was unacceptable that, notwithstanding the fact that both the General Assembly and the Security Council had consistently recognized the right to selfdetermination of the Saharawi people, Western Sahara remained the only unresolved case of colonialism in Africa.
Moreover, denial of that right constituted a human rights issue that should be taken up by the relevant organs of the United Nations.
11. Finally, after drawing the Committee's attention to the reports concerning illegal exploitation of the mineral resources of Western Sahara, he reaffirmed his delegation's support for the efforts of people under colonial rule to exercise their inalienable right to selfdetermination, including independence.
12. Mr. Moreno Fernández (Cuba) recalled that the people of Western Sahara had been struggling to exercise their right to self-determination, for more than 40 years.
They alone could decide their own future and they should be allowed to do so without interference.
Since the conflict in Western Sahara was a question of decolonization the Committee must play a central role in reviewing the issue.",,
un,2009/a/ac_109/2009/sr_7#4,2009/a/ac_109/2009/sr_7,A/AC.109/2009/SR.7,True,meeting,claim_verification,True,completed,,3,3,3,2,30.333333333333332,32,15,17,minor_issues,"Can the claim that, at the 16 June 2009 meeting, Mr. Mahiga said Western Sahara remained the only unresolved case of colonialism in Africa be verified?","10. Mr. Mahiga (United Republic of Tanzania) said that it was unacceptable that, notwithstanding the fact that both the General Assembly and the Security Council had consistently recognized the right to selfdetermination of the Saharawi people, Western Sahara remained the only unresolved case of colonialism in Africa.",32,
un,2009/a/ac_109/2009/sr_7#4,2009/a/ac_109/2009/sr_7,A/AC.109/2009/SR.7,True,meeting,source_finding,True,completed,,1,1,1,1,31,31,13,18,minor_issues,Which UN meeting record reports the Tanzanian delegate's position that denying the Saharawi people's self-determination was a human rights issue and his support for independence?,A/AC.109/2009/SR.7,31,
un,2008/s/2008/774#11,2008/s/2008/774,S/2008/774,False,letter,lookup,True,completed,,3,3,3,3,33,37,15,22,clear,"According to the 11 December 2008 letter from Serbia's Permanent Representative to the Security Council, what formal mechanism supported regional cooperation among the four War Crimes Prosecutor Offices?","These efforts are based on a formally established means of cooperation through Memoranda of Understanding signed between the Republic of Serbia and the Republic of Croatia, Bosnia and Herzegovina and Montenegro.",37,
un,2008/s/2008/774#11,2008/s/2008/774,S/2008/774,False,letter,practitioner,True,completed,,2,2,2,1,31.5,33,15,18,minor_issues,"Suppose a Serbian War Crimes Prosecutor's Office is arranging regional cooperation with the War Crimes Prosecutor Offices of Montenegro, Croatia and Bosnia and Herzegovina. What formally established means of cooperation underlies those efforts?","Memoranda of Understanding signed between the Republic of Serbia and the Republic of Croatia, Bosnia and Herzegovina and Montenegro",33,
un,2008/s/2008/774#11,2008/s/2008/774,S/2008/774,False,letter,conceptual,True,completed,,3,3,3,2,31.666666666666668,35,15,20,minor_issues,"What formal mechanism supported regional cooperation among the war-crimes prosecutor’s offices of Serbia, Montenegro, Croatia and Bosnia and Herzegovina?","These efforts are based on a formally established means of cooperation through Memoranda of Understanding signed between the Republic of Serbia and the Republic of Croatia, Bosnia and Herzegovina and Montenegro.",35,
un,2008/s/2008/774#11,2008/s/2008/774,S/2008/774,False,letter,comparison,True,completed,,1,1,1,0,25,25,14,11,blocking,How were the War Crimes Chamber of the Belgrade District Court and the Republic of Serbia Office of the War Crimes Prosecutor assessed regarding their professionalism and technical capability in processing the cases?,Both the War Crimes Chamber of the Belgrade District Court and the Republic of Serbia Office of the War Crimes Prosecutor have shown high level of professionalism and technical capability for processing the aforementioned cases in accordance with the international legal standards. The aforesaid was confirmed by the OTP on numerous occasions.,,
un,2008/s/2008/774#11,2008/s/2008/774,S/2008/774,False,letter,claim_verification,True,completed,,3,3,3,1,30,30,15,15,minor_issues,"Can the claim that Serbia's 11 December 2008 letter states that both the War Crimes Chamber of the Belgrade District Court and the Republic of Serbia Office of the War Crimes Prosecutor showed a high level of professionalism and technical capability for processing the cases in accordance with international legal standards, as confirmed by the OTP on numerous occasions, be verified?",Both the War Crimes Chamber of the Belgrade District Court and the Republic of Serbia Office of the War Crimes Prosecutor have shown high level of professionalism and technical capability for processing the aforementioned cases in accordance with the international legal standards. The aforesaid was confirmed by the OTP on numerous occasions.,30,
un,2008/s/2008/774#11,2008/s/2008/774,S/2008/774,False,letter,source_finding,True,completed,,1,1,1,1,35,35,14,21,clear,Which UN-circulated letter records Serbia's December 2008 account of regional cooperation among war-crimes prosecutors and the professional capacity of its national war-crimes institutions?,S/2008/774,35,
un,2012/s/2012/718#7,2012/s/2012/718,S/2012/718,False,letter,lookup,True,completed,,3,3,3,3,30.333333333333332,32,13,19,minor_issues,What tracing activities did the Sri Lankan Government plan in the Working Group’s 2012 report on children and armed conflict in Sri Lanka?,"undertake tracing activities in hospitals, children's homes and police posts through the country",32,
un,2012/s/2012/718#7,2012/s/2012/718,S/2012/718,False,letter,practitioner,True,completed,,1,1,1,1,35,35,15,20,minor_issues,Suppose a Sri Lankan child-protection coordinator is helping plan the tracing of children separated from their parents during the final stages of the conflict. In which locations was the Government developing a plan to undertake tracing activities through the country?,"in hospitals, children's homes and police posts through the country",35,
un,2012/s/2012/718#7,2012/s/2012/718,S/2012/718,False,letter,conceptual,True,completed,,3,3,3,2,28.666666666666668,31,13,18,clear,What plan was Sri Lanka developing to trace children separated from their parents in the conflict’s final stages?,"In particular, the Government was developing a plan to undertake tracing activities in hospitals, children's homes and police posts through the country;",31,
un,2012/s/2012/718#7,2012/s/2012/718,S/2012/718,False,letter,comparison,True,completed,,1,1,1,0,24,24,14,10,blocking,How were Tamil Makkal Viduthalai Pulikal (TMVP) and Liberation Tigers of Tamil Eelam (LTTE) treated regarding progress in separating children and reintegrating them into society?,"Progress had been achieved in separating children from Tamil Makkal Viduthalai Pulikal (TMVP) and Liberation Tigers of Tamil Eelam (LTTE) and reintegrating them into society, and in tracing children who had been separated from their parents in the final stages of the conflict.",,
un,2012/s/2012/718#7,2012/s/2012/718,S/2012/718,False,letter,claim_verification,True,completed,,3,3,3,0,30.666666666666668,33,14,19,repair,"Is it accurate that the September 2012 Working Group report stated that the Sri Lankan Government was developing a nationwide plan to trace children in hospitals, children's homes and police posts?","In particular, the Government was developing a plan to undertake tracing activities in hospitals, children's homes and police posts through the country;",,
un,2012/s/2012/718#7,2012/s/2012/718,S/2012/718,False,letter,source_finding,True,completed,,1,1,1,1,34,34,13,21,clear,"Which 2012 report of the Security Council Working Group on Children and Armed Conflict records progress in separating and reintegrating children associated with TMVP and LTTE in Sri Lanka, while noting continuing concerns about accountability for recruitment and use by remnants of TMVP?",S/2012/718,34,
un,1998/s/1998/458#1,1998/s/1998/458,S/1998/458,False,letter,lookup,True,completed,,3,3,3,3,33.333333333333336,36,15,21,clear,"What did the European Union urge Pakistan, along with other States in the region, to do in its 2 June 1998 statement on Pakistan's nuclear test?",to refrain from further tests and the deployment of nuclear weapons or ballistic missiles,36,
un,1998/s/1998/458#1,1998/s/1998/458,S/1998/458,False,letter,practitioner,True,completed,,2,2,2,1,31,33,15,18,minor_issues,"A regional-security officer is briefing a mission on the European Union's response to Pakistan's nuclear test after India's nuclear tests. What did the European Union urge Pakistan, together with other States in the region, to refrain from doing?","We urge Pakistan, along with other States in the region, to refrain from further tests and the deployment of nuclear weapons or ballistic missiles.",33,
un,1998/s/1998/458#1,1998/s/1998/458,S/1998/458,False,letter,conceptual,True,completed,,3,3,3,3,32.666666666666664,35,14,21,clear,What non-proliferation commitments did the European Union reaffirm amid South Asian nuclear and missile tensions in 1998?,"The European Union remains fully committed to the implementation of the Comprehensive Nuclear-Test-Ban Treaty and the Treaty on the Non-Proliferation of Nuclear Weapons, which is the cornerstone of the global nuclear non-proliferation regime and the essential foundation for the pursuit of nuclear disarmament.",35,
un,1998/s/1998/458#1,1998/s/1998/458,S/1998/458,False,letter,comparison,True,completed,,1,1,1,0,22,22,11,11,blocking,How are the Comprehensive Nuclear-Test-Ban Treaty and the Treaty on the Non-Proliferation of Nuclear Weapons treated in the European Union's stated non-proliferation position?,"The European Union remains fully committed to the implementation of the Comprehensive Nuclear-Test-Ban Treaty and the Treaty on the Non-Proliferation of Nuclear Weapons, which is the cornerstone of the global nuclear non-proliferation regime and the essential foundation for the pursuit of nuclear disarmament.",,
un,1998/s/1998/458#1,1998/s/1998/458,S/1998/458,False,letter,claim_verification,True,completed,,3,3,3,1,35.333333333333336,37,15,22,repair,"Is it accurate that the European Union's June 1998 statement urged Pakistan, along with other States in the region, to refrain from further tests and from deploying nuclear weapons or ballistic missiles?","We urge Pakistan, along with other States in the region, to refrain from further tests and the deployment of nuclear weapons or ballistic missiles.",34,
un,1998/s/1998/458#1,1998/s/1998/458,S/1998/458,False,letter,source_finding,True,completed,,1,1,1,1,31,31,12,19,minor_issues,"Which UN-circulated letter records the European Union's warning to Pakistan after India's nuclear tests, its call for maximum restraint, and its appeal to States in South Asia to refrain from further nuclear and missile tests and deployments?",S/1998/458,31,
un,2004/s/2004/505#15,2004/s/2004/505,S/2004/505,False,letter,lookup,True,completed,,3,3,3,2,31.333333333333332,37,15,22,clear,"According to the German assessment of Security Council work during the April 2004 presidency, who spoke at the 15 April meeting on business and conflict prevention?","the Secretary-General Kofi Annan, the World Bank President, the President and CEO of Siemens, Heinrich von Pierer, the President of the Economic and Social Council, Ambassador Marjatta Rasi, and the Chairman of the Advisory Groups of the Economic and Social Council for African countries emerging from conflict, Ambassador Dumisani Shadrak Kumalo",37,
un,2004/s/2004/505#15,2004/s/2004/505,S/2004/505,False,letter,practitioner,True,completed,,2,2,2,2,32,34,15,19,minor_issues,Suppose a focal point for a United Nations Member State is preparing its initial submission on steps taken or intended to implement the Security Council's April 2004 non-proliferation resolution. What reporting requirement applied to all Member States?,"Under the terms of the resolution, all Member States are to submit, within the next six months, a first report on steps they have taken or intend to take to implement it.",34,
un,2004/s/2004/505#15,2004/s/2004/505,S/2004/505,False,letter,conceptual,True,completed,,3,3,3,0,30.333333333333332,31,15,16,blocking,Who spoke at the 15 April 2004 Security Council meeting on business's role in conflict prevention and peacekeeping?,"Guests speakers in the public meeting were the Secretary-General Kofi Annan, the World Bank President, the President and CEO of Siemens, Heinrich von Pierer, the President of the Economic and Social Council, Ambassador Marjatta Rasi, and the Chairman of the Advisory Groups of the Economic and Social Council for African countries emerging from conflict, Ambassador Dumisani Shadrak Kumalo.",,
un,2004/s/2004/505#15,2004/s/2004/505,S/2004/505,False,letter,comparison,True,completed,,1,1,0,0,18,,,,,,,,
un,2004/s/2004/505#15,2004/s/2004/505,S/2004/505,False,letter,claim_verification,True,completed,,3,3,3,1,32,36,14,22,clear,"Is it accurate that the 15 April 2004 Security Council meeting on the role of business in conflict prevention, peacekeeping and post-conflict peace-building included Kofi Annan, the World Bank President, Heinrich von Pierer, Ambassador Marjatta Rasi and Ambassador Dumisani Shadrak Kumalo as guest speakers?","On 15 April, the Council met to discuss the role of business in conflict prevention, peacekeeping and post-conflict peace-building.
Guests speakers in the public meeting were the Secretary-General Kofi Annan, the World Bank President, the President and CEO of Siemens, Heinrich von Pierer, the President of the Economic and Social Council, Ambassador Marjatta Rasi, and the Chairman of the Advisory Groups of the Economic and Social Council for African countries emerging from conflict, Ambassador Dumisani Shadrak Kumalo.",36,
un,2004/s/2004/505#15,2004/s/2004/505,S/2004/505,False,letter,source_finding,True,completed,,1,1,1,1,32,32,15,17,minor_issues,"Which UN letter records the agreed assessment that a resolution did not alter existing disarmament, arms control, non-proliferation and verification treaties or arrangements and did not constitute a basis for unilateral enforcement?",S/2004/505,32,
un,2004/s/2004/674#6,2004/s/2004/674,S/2004/674,False,letter,lookup,True,completed,,3,3,3,3,34,36,15,21,clear,"What commitment regarding Sudan's sovereignty did the League of Arab States resolution transmitted in the 18 August 2004 Security Council document reaffirm, and what did it call on all States to do?","its commitment to respect, and ensure respect for, the sovereignty, territorial integrity and independence of the Sudan, and calling on all States actively to affirm that commitment",36,
un,2004/s/2004/674#6,2004/s/2004/674,S/2004/674,False,letter,practitioner,True,completed,,3,3,3,1,28.666666666666668,32,15,17,clear,"Suppose a League of Arab States delegate is briefing States on the Council's position concerning Darfur in August 2004. What position did the Council reaffirm regarding Sudan, and what did it call on all States to do?","Reaffirming its commitment to respect, and ensure respect for, the sovereignty, territorial integrity and independence of the Sudan, and calling on all States actively to affirm that commitment,",32,
un,2004/s/2004/674#6,2004/s/2004/674,S/2004/674,False,letter,conceptual,True,completed,,3,3,3,2,31.666666666666668,33,13,20,clear,What arrangements did the League of Arab States welcome for implementing Sudanese commitments in Darfur in July–August 2004?,"Welcoming the joint communiqué issued on 3 July 2004 by the Government of the Sudan and the Secretary-General of the United Nations, including the establishment of a Joint Implementation Mechanism for the undertakings and commitments contained in the communiqué, and the Darfur Plan of Action signed on 5 August 2004 by the Minister for Foreign Affairs of the Sudan and the Special Representative of the Secretary-General of the United Nations,",33,
un,2004/s/2004/674#6,2004/s/2004/674,S/2004/674,False,letter,comparison,True,completed,,1,1,0,0,20,,,,,,,,
un,2004/s/2004/674#6,2004/s/2004/674,S/2004/674,False,letter,claim_verification,True,completed,,2,2,2,0,24.5,25,12,13,blocking,"Is it accurate that the Darfur declaration referenced in the League of Arab States' 18 August 2004 communication reaffirmed its commitment to respect, and ensure respect for, the sovereignty, territorial integrity and independence of the Sudan and called on all States actively to affirm that commitment?","Reaffirming its commitment to respect, and ensure respect for, the sovereignty, territorial integrity and independence of the Sudan, and calling on all States actively to affirm that commitment,",,
un,2004/s/2004/674#6,2004/s/2004/674,S/2004/674,False,letter,source_finding,True,completed,,1,1,1,1,35,35,15,20,clear,"Which UN-circulated August 2004 letter records the League of Arab States' position on Darfur, including its welcome for Sudan-United Nations commitments and reaffirmation of respect for Sudan's sovereignty, territorial integrity and independence?",S/2004/674,35,
eurlex,http://data.europa.eu/eli/dir/2010/42/art_2/oj,32010L0042,32010L0042,False,no_refs,fact_pattern,True,no_candidates,,0,0,0,0,,,,,,,,,"The article contains only transposition, publication, communication, application-date and reference-formality clauses."
eurlex,http://data.europa.eu/eli/dir/2010/42/art_2/oj,32010L0042,32010L0042,False,no_refs,lookup,True,no_candidates,,0,0,0,0,,,,,,,,,boilerplate clause only
eurlex,http://data.europa.eu/eli/dir/2010/42/art_2/oj,32010L0042,32010L0042,False,no_refs,conceptual,True,no_candidates,,0,0,0,0,,,,,,,,,"The provision contains only Member State transposition, notification, publication-reference and application-date requirements, which are generic implementation boilerplate."
eurlex,http://data.europa.eu/eli/dir/2010/42/art_2/oj,32010L0042,32010L0042,False,no_refs,comparison,True,completed,,1,1,1,0,31,31,15,16,repair,"How do the timing requirements compare between adopting and publishing the laws, regulations and administrative provisions needed to implement FEN 560 (fenugreek seed powder) as an active substance and communicating their text and a correlation table to the Commission?","Member States shall adopt and publish by 30 April 2011 at the latest the laws, regulations and administrative provisions necessary to comply with this Directive. They shall forthwith communicate to the Commission the text of those provisions and a correlation table between those provisions and this Directive.",,
eurlex,http://data.europa.eu/eli/dir/2010/42/art_2/oj,32010L0042,32010L0042,False,no_refs,claim_verification,True,completed,,3,3,3,0,28,29,15,14,blocking,Is it accurate that Member States had to apply the provisions implementing the directive from 1 May 2011?,They shall apply those provisions from 1 May 2011.,,
eurlex,http://data.europa.eu/eli/dir/2010/42/art_2/oj,32010L0042,32010L0042,False,no_refs,source_finding,True,no_candidates,,0,0,0,0,,,,,,,,,"The target article contains only transposition, communication, publication, and commencement requirements, with no substantive regulated rule suitable for source finding."
eurlex,http://data.europa.eu/eli/reg/2014/910/art_41/oj,32014R0910,32014R0910,False,no_refs,fact_pattern,True,completed,,3,3,3,2,35.333333333333336,37,15,22,minor_issues,A qualified electronic time stamp issued by a trust service provider in France is submitted by a Polish company in proceedings before a Polish court. How must the time stamp be treated in Poland?,A qualified electronic time stamp issued in one Member State shall be recognised as a qualified electronic time stamp in all Member States.,37,
eurlex,http://data.europa.eu/eli/reg/2014/910/art_41/oj,32014R0910,32014R0910,False,no_refs,lookup,True,completed,,3,3,3,3,37,39,15,24,clear,What presumption does a qualified electronic time stamp carry regarding the indicated date and time and the data linked to them?,A qualified electronic time stamp shall enjoy the presumption of the accuracy of the date and the time it indicates and the integrity of the data to which the date and time are bound.,39,
eurlex,http://data.europa.eu/eli/reg/2014/910/art_41/oj,32014R0910,32014R0910,False,no_refs,conceptual,True,completed,,3,3,3,3,32,33,15,18,clear,How does EU law treat electronic time stamps as evidence in legal proceedings when they are in electronic form or do not meet the requirements for a qualified electronic time stamp?,An electronic time stamp shall not be denied legal effect and admissibility as evidence in legal proceedings solely on the grounds that it is in an electronic form or that it does not meet the requirements of the qualified electronic time stamp.,33,
eurlex,http://data.europa.eu/eli/reg/2014/910/art_41/oj,32014R0910,32014R0910,False,no_refs,comparison,True,completed,,1,1,1,1,32,32,14,18,clear,How does the legal effect of electronic time stamps compare with that of qualified electronic time stamps in legal proceedings?,"An electronic time stamp shall not be denied legal effect and admissibility as evidence in legal proceedings solely on the grounds that it is in an electronic form or that it does not meet the requirements of the qualified electronic time stamp.

A qualified electronic time stamp shall enjoy the presumption of the accuracy of the date and the time it indicates and the integrity of the data to which the date and time are bound.",32,
eurlex,http://data.europa.eu/eli/reg/2014/910/art_41/oj,32014R0910,32014R0910,False,no_refs,claim_verification,True,completed,,3,3,3,2,32.666666666666664,35,15,20,clear,Is it accurate that a qualified electronic time stamp carries a presumption that the date and time it indicates are accurate and that the data to which they are bound is integral?,A qualified electronic time stamp shall enjoy the presumption of the accuracy of the date and the time it indicates and the integrity of the data to which the date and time are bound.,35,
eurlex,http://data.europa.eu/eli/reg/2014/910/art_41/oj,32014R0910,32014R0910,False,no_refs,source_finding,True,completed,,1,1,1,1,38,38,15,23,clear,Which EU provision gives qualified electronic time stamps a presumption of accuracy and integrity and requires them to be recognised across all Member States?,Article 41 — Regulation (EU) No 910/2014,38,
eurlex,http://data.europa.eu/eli/reg/2011/1043/art_1/oj,32011R1043,32011R1043,False,no_refs,fact_pattern,True,completed,,3,3,3,3,37.333333333333336,38,15,23,clear,"A Union importer brings oxalic acid in dihydrate form from India, manufactured by Punjab Chemicals and Crop Protection Limited. What provisional anti-dumping duty rate applies to the product?","22,8",38,
eurlex,http://data.europa.eu/eli/reg/2011/1043/art_1/oj,32011R1043,32011R1043,False,no_refs,lookup,True,completed,,3,3,3,3,35.666666666666664,37,15,22,clear,What must be provided before oxalic acid covered by the provisional anti-dumping duty on imports of oxalic acid originating in India and the People’s Republic of China can be released for free circulation in the Union?,a security equivalent to the amount of the provisional duty,37,
eurlex,http://data.europa.eu/eli/reg/2011/1043/art_1/oj,32011R1043,32011R1043,False,no_refs,conceptual,True,completed,,1,1,1,1,34,34,15,19,clear,How is collection of the provisional anti-dumping duty on oxalic acid imports from India and the People’s Republic of China safeguarded when the product is released for free circulation in the Union?,The release for free circulation in the Union of the product referred to in paragraph 1 shall be subject to the provision of a security equivalent to the amount of the provisional duty.,34,
eurlex,http://data.europa.eu/eli/reg/2011/1043/art_1/oj,32011R1043,32011R1043,False,no_refs,comparison,True,completed,,1,1,1,1,34,34,14,20,clear,How do the provisional anti-dumping duty rates differ between India and the People’s Republic of China for the covered oxalic acid imports?,"2. The rate of the provisional anti-dumping duty applicable to the net, free-at-Union-frontier price, before duty, of the product described in paragraph 1 and manufactured by the companies below shall be as follows:
CountryCompany
Provisional duty

(%)
TARIC additional codeIndiaPunjab Chemicals and Crop Protection Limited22,8B230All other companies43,6B999PRCShandong Fengyuan Chemicals Stock Co., Ltd; Shandong Fengyuan Uranus Advanced Material Co., Ltd37,7B231Yuanping Changyuan Chemicals Co., Ltd14,6B232All other companies52,2B999",34,
eurlex,http://data.europa.eu/eli/reg/2011/1043/art_1/oj,32011R1043,32011R1043,False,no_refs,claim_verification,True,completed,,3,3,3,3,32.333333333333336,34,15,19,minor_issues,Is it accurate that the release for free circulation in the Union of the covered oxalic acid must be secured by an amount equivalent to the provisional anti-dumping duty?,3. The release for free circulation in the Union of the product referred to in paragraph 1 shall be subject to the provision of a security equivalent to the amount of the provisional duty.,34,
eurlex,http://data.europa.eu/eli/reg/2011/1043/art_1/oj,32011R1043,32011R1043,False,no_refs,source_finding,True,completed,,1,1,1,1,34,34,15,19,clear,Which EU provision imposes a provisional anti-dumping duty on imports of oxalic acid originating in India and the People’s Republic of China?,Article 1 — Commission Regulation (EU) No 1043/2011,34,
eurlex,http://data.europa.eu/eli/dir/2011/81/art_2/oj,32011L0081,32011L0081,False,no_refs,fact_pattern,True,no_candidates,,0,0,0,0,,,,,,,,,boilerplate transposition and communication provisions
eurlex,http://data.europa.eu/eli/dir/2011/81/art_2/oj,32011L0081,32011L0081,False,no_refs,lookup,True,no_candidates,,0,0,0,0,,,,,,,,,boilerplate clause only
eurlex,http://data.europa.eu/eli/dir/2011/81/art_2/oj,32011L0081,32011L0081,False,no_refs,conceptual,True,no_candidates,,0,0,0,0,,,,,,,,,"The article contains only generic transposition, application-date, publication-reference, and notification duties, without a substantive regulatory mechanism."
eurlex,http://data.europa.eu/eli/dir/2011/81/art_2/oj,32011L0081,32011L0081,False,no_refs,comparison,True,completed,,1,1,1,0,24,24,13,11,blocking,How are Member States’ duties distinguished between adopting and publishing the necessary provisions to comply with this Directive and communicating the text of the main national-law provisions adopted in the field covered by the Directive?,"1. Member States shall adopt and publish, by 30 September 2012 at the latest, the laws, regulations and administrative provisions necessary to comply with this Directive.They shall apply those provisions from 1 October 2013.When Member States adopt those provisions, they shall contain a reference to this Directive or be accompanied by such a reference on the occasion of their official publication. Member States shall determine how such reference is to be made.

2. Member States shall communicate to the Commission the text of the main provisions of national law which they adopt in the field covered by this Directive.",,
eurlex,http://data.europa.eu/eli/dir/2011/81/art_2/oj,32011L0081,32011L0081,False,no_refs,claim_verification,True,completed,,3,3,3,3,34.666666666666664,36,15,21,clear,Is it accurate that Member States must apply the national provisions implementing the deltamethrin rules from 1 October 2013?,They shall apply those provisions from 1 October 2013.,36,
eurlex,http://data.europa.eu/eli/dir/2011/81/art_2/oj,32011L0081,32011L0081,False,no_refs,source_finding,True,completed,,1,1,1,1,32,32,15,17,clear,"Which EU provision requires Member States to adopt and publish the necessary national measures by 30 September 2012, apply them from 1 October 2013, and refer to the Directive in their official publication?",Article 2 — Commission Directive 2011/81/EU,32,
eurlex,http://data.europa.eu/eli/dir/2006/28/art_3/oj,32006L0028,32006L0028,False,no_refs,fact_pattern,True,no_candidates,,0,0,0,0,,,,,,,,,transposition and communication provisions only
eurlex,http://data.europa.eu/eli/dir/2006/28/art_3/oj,32006L0028,32006L0028,False,no_refs,lookup,True,no_candidates,,0,0,0,0,,,,,,,,,boilerplate clause only
eurlex,http://data.europa.eu/eli/dir/2006/28/art_3/oj,32006L0028,32006L0028,False,no_refs,conceptual,True,no_candidates,,0,0,0,0,,,,,,,,,"The provision contains only generic transposition, publication, application-date and notification requirements without a more substantive regulatory mechanism."
eurlex,http://data.europa.eu/eli/dir/2006/28/art_3/oj,32006L0028,32006L0028,False,no_refs,comparison,True,completed,,1,1,1,0,27,27,14,13,blocking,How do the timing requirements differ between adopting and publishing the necessary national provisions and applying those provisions under the Directive?,"Member States shall adopt and publish, by 30 June 2006 at the latest, the laws, regulations and administrative provisions necessary to comply with this Directive. They shall forthwith communicate to the Commission the text of those provisions and a correlation table between those provisions and this Directive.They shall apply those provisions from 1 July 2006.",,
eurlex,http://data.europa.eu/eli/dir/2006/28/art_3/oj,32006L0028,32006L0028,False,no_refs,claim_verification,True,completed,,3,3,3,3,33,35,15,20,clear,Is it accurate that Member States must apply the implementing measures from 1 July 2006 for the EU vehicle electromagnetic-compatibility and motor-vehicle type-approval rules?,They shall apply those provisions from 1 July 2006.,35,
eurlex,http://data.europa.eu/eli/dir/2006/28/art_3/oj,32006L0028,32006L0028,False,no_refs,source_finding,True,completed,,1,1,1,1,34,34,15,19,clear,"Which EU provision requires Member States to adopt and publish measures for vehicle electromagnetic-compatibility and type-approval rules by 30 June 2006, apply them from 1 July 2006, and communicate the relevant national provisions to the Commission?",Commission Directive 2006/28/EC — Article 3,34,
eurlex,http://data.europa.eu/eli/reg/2011/1077/art_14/oj,32011R1077,32011R1077,False,no_refs,fact_pattern,True,completed,,3,3,3,0,31.666666666666668,32,15,17,blocking,"A Management Board member was elected Chairperson for a 2-year term, but that person's membership of the Board ends after 14 months. What happens to the Chairperson's term?",their term of office shall automatically expire on that date also,,
eurlex,http://data.europa.eu/eli/reg/2011/1077/art_14/oj,32011R1077,32011R1077,False,no_refs,lookup,True,completed,,3,3,3,3,36.666666666666664,39,15,24,clear,Which Management Board members may be elected Chairperson or deputy Chairperson of the European Agency for the operational management of large-scale IT systems?,"The Chairperson and the deputy Chairperson shall be elected only from among those members of the Management Board who are appointed by Member States which are fully bound under Union law by the legislative instruments governing the development, establishment, operation and use of all large-scale IT systems managed by the Agency.",39,
eurlex,http://data.europa.eu/eli/reg/2011/1077/art_14/oj,32011R1077,32011R1077,False,no_refs,conceptual,True,completed,,2,2,2,1,33,36,15,21,clear,Which Management Board members are eligible to be elected as Chairperson or deputy Chairperson for the Agency managing large-scale IT systems?,"The Chairperson and the deputy Chairperson shall be elected only from among those members of the Management Board who are appointed by Member States which are fully bound under Union law by the legislative instruments governing the development, establishment, operation and use of all large-scale IT systems managed by the Agency.",36,
eurlex,http://data.europa.eu/eli/reg/2011/1077/art_14/oj,32011R1077,32011R1077,False,no_refs,comparison,True,completed,,1,1,1,0,26,26,15,11,blocking,"How are the terms of office of the Chairperson and the deputy Chairperson treated, including renewal and what happens if their Management Board membership ends?","The term of office of the Chairperson and the deputy Chairperson shall be 2 years. Their term of office may be renewed once. If, however, their membership of the Management Board ends at any time during their term of office, their term of office shall automatically expire on that date also.",,
eurlex,http://data.europa.eu/eli/reg/2011/1077/art_14/oj,32011R1077,32011R1077,False,no_refs,claim_verification,True,completed,,3,3,3,1,28.666666666666668,30,15,15,blocking,"Is it accurate that the Chairperson and deputy Chairperson serve for two years, may be renewed once, and automatically lose their term of office if their Management Board membership ends during that term?","The term of office of the Chairperson and the deputy Chairperson shall be 2 years. Their term of office may be renewed once. If, however, their membership of the Management Board ends at any time during their term of office, their term of office shall automatically expire on that date also.",30,
eurlex,http://data.europa.eu/eli/reg/2011/1077/art_14/oj,32011R1077,32011R1077,False,no_refs,source_finding,True,completed,,1,1,1,1,36,36,15,21,clear,Which EU provision limits election as Chairperson or deputy Chairperson of the Management Board to members appointed by Member States fully bound by Union legislation governing all large-scale IT systems managed by the Agency?,Article 14 — Regulation (EU) No 1077/2011,36,
eurlex,http://data.europa.eu/eli/reg/2011/1173/art_13/oj,32011R1173,32011R1173,False,no_refs,fact_pattern,True,no_candidates,,0,0,0,0,,,,,,,,,Commission review and reporting clause
eurlex,http://data.europa.eu/eli/reg/2011/1173/art_13/oj,32011R1173,32011R1173,False,no_refs,lookup,True,no_candidates,,0,0,0,0,,,,,,,,,boilerplate clause only
eurlex,http://data.europa.eu/eli/reg/2011/1173/art_13/oj,32011R1173,32011R1173,False,no_refs,conceptual,True,completed,,3,3,3,3,33.333333333333336,35,15,20,clear,What progress must the Commission’s review of EU euro-area budgetary surveillance enforcement assess concerning economic-policy coordination and convergence among Member States?,the progress in ensuring closer coordination of economic policies and sustained convergence of economic performances of the Member States in accordance with the TFEU,35,
eurlex,http://data.europa.eu/eli/reg/2011/1173/art_13/oj,32011R1173,32011R1173,False,no_refs,comparison,True,completed,,1,1,1,0,26,26,15,11,blocking,How does the application report assess the effectiveness of the euro-area budgetary-surveillance framework and progress toward closer coordination of economic policies and sustained convergence of Member State economic performance?,"That report shall evaluate, inter alia:

(a)
the effectiveness of this Regulation, including the possibility to enable the Council and the Commission to act in order to address situations which risk jeopardising the proper functioning of the monetary union;

(b)
the progress in ensuring closer coordination of economic policies and sustained convergence of economic performances of the Member States in accordance with the TFEU.",,
eurlex,http://data.europa.eu/eli/reg/2011/1173/art_13/oj,32011R1173,32011R1173,False,no_refs,claim_verification,True,completed,,3,3,3,2,34,36,15,21,clear,"Can the claim that, before the end of 2011, the Commission must present a report to the European Parliament and the Council on the possibility of introducing euro-securities be verified?",Before the end of 2011 the Commission shall present a report to the European Parliament and to the Council on the possibility of introducing euro-securities.,36,
eurlex,http://data.europa.eu/eli/reg/2011/1173/art_13/oj,32011R1173,32011R1173,False,no_refs,source_finding,True,completed,,1,1,1,1,34,34,15,19,clear,"Which EU provision requires the Commission to publish a report by 14 December 2014 and every five years thereafter, evaluating the effectiveness of budgetary-surveillance measures and progress toward closer coordination of economic policies and sustained convergence?",Article 13 — Regulation (EU) No 1173/2011,34,
eurlex,http://data.europa.eu/eli/reg/2005/1651/art_4/oj,32005R1651,32005R1651,False,no_refs,fact_pattern,True,completed,,3,3,3,2,35,38,15,23,clear,A trader responding to the first partial invitation to tender for white sugar held by the Hungarian intervention agency wants to submit its bid on time. By what deadline must the tender be submitted?,"26 October 2005 at 15.00, Brussels time",38,
eurlex,http://data.europa.eu/eli/reg/2005/1651/art_4/oj,32005R1651,32005R1651,False,no_refs,lookup,True,completed,,3,3,3,3,35.333333333333336,36,15,21,clear,"For the resale on the Community market of white sugar held by the Hungarian intervention agency, what is the submission window for tenders under the first partial invitation?","shall begin on 20 October 2005 and shall end on 26 October 2005 at 15.00, Brussels time",36,
eurlex,http://data.europa.eu/eli/reg/2005/1651/art_4/oj,32005R1651,32005R1651,False,no_refs,conceptual,True,completed,,1,1,1,1,33,33,15,18,clear,How are tender submission periods structured for the standing invitation to resell white sugar held by the Hungarian intervention agency?,"The period during which tenders may be submitted in response to the first partial invitation to tender shall begin on 20 October 2005 and shall end on 26 October 2005 at 15.00, Brussels time.

The periods during which tenders may be submitted in response to the second and subsequent partial invitations shall begin on the first working day following the end of the preceding period. They shall end at 15.00, Brussels time:

on 9 and 23 November 2005,

on 7 and 21 December 2005.",33,
eurlex,http://data.europa.eu/eli/reg/2005/1651/art_4/oj,32005R1651,32005R1651,False,no_refs,comparison,True,completed,,1,1,1,1,34,34,15,19,clear,How are the tender-submission periods scheduled differently for the first partial invitation to tender and the second and subsequent partial invitations in the standing invitation to tender for resale of white sugar held by the Hungarian intervention agency?,"1. The period during which tenders may be submitted in response to the first partial invitation to tender shall begin on 20 October 2005 and shall end on 26 October 2005 at 15.00, Brussels time.

The periods during which tenders may be submitted in response to the second and subsequent partial invitations shall begin on the first working day following the end of the preceding period. They shall end at 15.00, Brussels time:

on 9 and 23 November 2005,

on 7 and 21 December 2005.",34,
eurlex,http://data.europa.eu/eli/reg/2005/1651/art_4/oj,32005R1651,32005R1651,False,no_refs,claim_verification,True,completed,,3,3,3,2,35,36,15,21,repair,"Is it accurate that tenders for the subsequent partial invitations to tender for the resale of white sugar held by the Hungarian intervention agency may be submitted until 15.00 Brussels time on 9 and 23 November 2005 and on 7 and 21 December 2005, with each period beginning on the first working day after the preceding period ends?","The periods during which tenders may be submitted in response to the second and subsequent partial invitations shall begin on the first working day following the end of the preceding period. They shall end at 15.00, Brussels time:

on 9 and 23 November 2005,

on 7 and 21 December 2005.",35,
eurlex,http://data.europa.eu/eli/reg/2005/1651/art_4/oj,32005R1651,32005R1651,False,no_refs,source_finding,True,completed,,1,1,1,1,35,35,15,20,clear,"Which EU provision sets the timetable for submitting tenders in the first and subsequent partial invitations to resell intervention-held white sugar, including the specified Brussels-time deadlines?",Article 4 — Commission Regulation (EC) No 1651/2005,35,
eurlex,http://data.europa.eu/eli/reg/2010/1031/art_48/oj,32010R1031,32010R1031,False,no_refs,fact_pattern,True,completed,,2,2,2,1,34,36,15,21,minor_issues,"A successful bidder transferred its rights to a successor in title, but the settlement system failed to deliver any of the auctioned allowances because of circumstances outside its control. Can the bidder or successor pursue a remedy other than the one provided for delayed delivery?","The remedy provided for in paragraph 1 shall be the sole remedy to which a successful bidder or its successors in title shall be entitled to in case of any failure to deliver auctioned allowances, due to circumstances outside the control of the clearing system or settlement system concerned.",36,
eurlex,http://data.europa.eu/eli/reg/2010/1031/art_48/oj,32010R1031,32010R1031,False,no_refs,lookup,True,completed,,2,2,2,2,35.5,37,15,22,clear,May a successful bidder seek compensation or another remedy when a clearing or settlement system fails to deliver auctioned allowances because of circumstances outside its control?,"The remedy provided for in paragraph 1 shall be the sole remedy to which a successful bidder or its successors in title shall be entitled to in case of any failure to deliver auctioned allowances, due to circumstances outside the control of the clearing system or settlement system concerned.",37,
eurlex,http://data.europa.eu/eli/reg/2010/1031/art_48/oj,32010R1031,32010R1031,False,no_refs,conceptual,True,completed,,2,2,2,2,33,35,15,20,clear,"In EU greenhouse gas allowance auctions, how is delivery handled when the clearing or settlement system cannot deliver all or some auctioned allowances for reasons outside its control?","Where the clearing system or settlement system fails to deliver the whole or part of the auctioned allowances due to circumstances outside its control, the clearing system or settlement system shall deliver the allowances at the earliest opportunity and the successful bidders or their successors in title shall accept delivery at that later date.",35,
eurlex,http://data.europa.eu/eli/reg/2010/1031/art_48/oj,32010R1031,32010R1031,False,no_refs,comparison,True,completed,,1,1,1,0,24,24,12,12,blocking,How are the clearing system and settlement system treated when auctioned allowances are delivered late because of circumstances outside their control?,"Where the clearing system or settlement system fails to deliver the whole or part of the auctioned allowances due to circumstances outside its control, the clearing system or settlement system shall deliver the allowances at the earliest opportunity and the successful bidders or their successors in title shall accept delivery at that later date.

2. The remedy provided for in paragraph 1 shall be the sole remedy to which a successful bidder or its successors in title shall be entitled to in case of any failure to deliver auctioned allowances, due to circumstances outside the control of the clearing system or settlement system concerned.",,
eurlex,http://data.europa.eu/eli/reg/2010/1031/art_48/oj,32010R1031,32010R1031,False,no_refs,claim_verification,True,completed,,2,2,2,1,30.5,35,15,20,clear,"Is it accurate that, for a failure to deliver auctioned allowances caused by circumstances outside the clearing or settlement system's control, the later-delivery remedy is the sole remedy available to a successful bidder or its successor in title?","The remedy provided for in paragraph 1 shall be the sole remedy to which a successful bidder or its successors in title shall be entitled to in case of any failure to deliver auctioned allowances, due to circumstances outside the control of the clearing system or settlement system concerned.",35,
eurlex,http://data.europa.eu/eli/reg/2010/1031/art_48/oj,32010R1031,32010R1031,False,no_refs,source_finding,True,completed,,1,1,1,1,35,35,15,20,clear,"Which EU provision governs the late delivery of auctioned emission allowances when the clearing or settlement system fails for reasons outside its control, and makes later delivery the successful bidder’s sole remedy?",Commission Regulation (EU) No 1031/2010 — Article 48,35,
eurlex,http://data.europa.eu/eli/dir/2006/60/art_2/oj,32006L0060,32006L0060,False,no_refs,fact_pattern,True,no_candidates,,0,0,0,0,,,,,,,,,Boilerplate transposition and communication provisions only
eurlex,http://data.europa.eu/eli/dir/2006/60/art_2/oj,32006L0060,32006L0060,False,no_refs,lookup,True,no_candidates,,0,0,0,0,,,,,,,,,boilerplate clause only
eurlex,http://data.europa.eu/eli/dir/2006/60/art_2/oj,32006L0060,32006L0060,False,no_refs,conceptual,True,no_candidates,,0,0,0,0,,,,,,,,,"The provision contains only transposition, publication, notification and application deadlines, without a substantive regulatory mechanism or stakeholder relationship."
eurlex,http://data.europa.eu/eli/dir/2006/60/art_2/oj,32006L0060,32006L0060,False,no_refs,comparison,True,completed,,1,1,1,1,33,33,14,19,minor_issues,How do the adoption and publication deadlines differ between the benomyl group and thiophanate-methyl and chlormequat for the national provisions needed to comply with the Directive?,"Member States shall adopt and publish, by 20 January 2007 at the latest, the laws, regulations and administrative provisions necessary to comply with this Directive, except for the benomyl group and thiophanate-methyl for which they shall adopt and publish these by fourteen September 2006 and for chlormequat by thirty one July 2006.",33,
eurlex,http://data.europa.eu/eli/dir/2006/60/art_2/oj,32006L0060,32006L0060,False,no_refs,claim_verification,True,completed,,3,3,3,0,29,29,15,14,blocking,"Can the claim that Member States must adopt and publish the necessary national measures by 20 January 2007, with earlier deadlines for the benomyl group and thiophanate-methyl and for chlormequat, be verified?","Member States shall adopt and publish, by 20 January 2007 at the latest, the laws, regulations and administrative provisions necessary to comply with this Directive, except for the benomyl group and thiophanate-methyl for which they shall adopt and publish these by fourteen September 2006 and for chlormequat by thirty one July 2006.",,
eurlex,http://data.europa.eu/eli/dir/2006/60/art_2/oj,32006L0060,32006L0060,False,no_refs,source_finding,True,completed,,1,1,1,1,37,37,15,22,clear,"Which EU provision requires Member States to adopt and publish national measures by different deadlines for the benomyl group, thiophanate-methyl and chlormequat when implementing rules on pesticide maximum residue levels?",Commission Directive 2006/60/CE — Article 2,37,
eurlex,http://data.europa.eu/eli/reg/2014/312/art_16/oj,32014R0312,32014R0312,False,no_refs,fact_pattern,True,completed,,3,3,3,2,36.333333333333336,37,15,22,repair,A transmission system operator is dealing with a cross-border gas interconnection point where daily and hourly nominations coexist and is consulting network users about harmonising nominations on both sides. Which impacts must the consultation consider?,financial impact on transmission system operators and network users; impact on cross-border trade; impact on the daily balancing regime at the interconnection point(s),37,
eurlex,http://data.europa.eu/eli/reg/2014/312/art_16/oj,32014R0312,32014R0312,False,no_refs,lookup,True,completed,,3,3,3,3,34,37,15,22,clear,Which impacts must stakeholder consultations at gas transmission interconnection points consider when daily and hourly nominations and re-nominations coexist?,(a) financial impact on transmission system operators and network users; (b) impact on cross-border trade; (c) impact on the daily balancing regime at the interconnection point(s).,37,
eurlex,http://data.europa.eu/eli/reg/2014/312/art_16/oj,32014R0312,32014R0312,False,no_refs,conceptual,True,completed,,2,2,2,2,36,37,15,22,clear,"After consultation on harmonised nominations at a gas interconnection point, how are approved changes implemented and communicated?","Following this consultation, the proposed changes, if any, shall be approved by the national regulatory authorities. Once the proposed changes are approved the transmission system operators shall amend accordingly the existing interconnection agreements and the transport contracts or other legally binding agreements and publish those changes.",37,
eurlex,http://data.europa.eu/eli/reg/2014/312/art_16/oj,32014R0312,32014R0312,False,no_refs,comparison,True,completed,,1,1,1,1,34,34,15,19,clear,How are transmission system operators and national regulatory authorities involved in approving and implementing changes to nomination arrangements at interconnection points under the gas balancing network code?,"Following this consultation, the proposed changes, if any, shall be approved by the national regulatory authorities. Once the proposed changes are approved the transmission system operators shall amend accordingly the existing interconnection agreements and the transport contracts or other legally binding agreements and publish those changes.",34,
eurlex,http://data.europa.eu/eli/reg/2014/312/art_16/oj,32014R0312,32014R0312,False,no_refs,claim_verification,True,completed,,2,2,2,2,29,30,15,15,minor_issues,"Can the claim that, following the consultation on harmonised nominations and re-nominations at an interconnection point, proposed changes, if any, must be approved by the national regulatory authorities before transmission system operators amend existing interconnection agreements and transport contracts or other legally binding agreements and publish those changes be verified?","Following this consultation, the proposed changes, if any, shall be approved by the national regulatory authorities. Once the proposed changes are approved the transmission system operators shall amend accordingly the existing interconnection agreements and the transport contracts or other legally binding agreements and publish those changes.",30,
eurlex,http://data.europa.eu/eli/reg/2014/312/art_16/oj,32014R0312,32014R0312,False,no_refs,source_finding,True,completed,,1,1,1,1,36,36,14,22,clear,"Which EU provision allows consultation on harmonising daily and hourly nominations and re-nominations at an interconnection point, taking account of financial, cross-border trade and daily balancing impacts, followed by approval and publication of the changes?",Article 16 — Commission Regulation (EU) No 312/2014,36,
eurlex,http://data.europa.eu/eli/reg/2014/165/art_23/oj,32014R0165,32014R0165,False,no_refs,fact_pattern,True,completed,,3,3,3,3,34.333333333333336,38,15,23,clear,"During a periodic inspection of a bus tachograph, an approved workshop finds and remedies irregularities in its functioning. What must the workshop prepare?",an inspection report,38,
eurlex,http://data.europa.eu/eli/reg/2014/165/art_23/oj,32014R0165,32014R0165,False,no_refs,lookup,True,completed,,3,3,3,3,36.333333333333336,37,15,22,clear,How often must tachographs in road transport undergo regular inspection by approved workshops?,at least every two years,37,
eurlex,http://data.europa.eu/eli/reg/2014/165/art_23/oj,32014R0165,32014R0165,False,no_refs,conceptual,True,completed,,3,3,3,3,33.666666666666664,35,14,21,clear,How do regular inspections of tachographs in road transport address concerns about proper operation and tampering?,"The inspections referred to in paragraph 1 shall check at least the following:

the tachograph is correctly fitted and appropriate for the vehicle;

the tachograph is working properly;

the tachograph carries the type-approval mark;

the installation plaque is affixed;

all seals are intact and effective;

there are no manipulation devices attached to the tachograph or traces of the use of such devices;

the tyre size and the actual circumference of the tyres.",35,
eurlex,http://data.europa.eu/eli/reg/2014/165/art_23/oj,32014R0165,32014R0165,False,no_refs,comparison,True,completed,,1,1,1,1,31,31,14,17,minor_issues,How are responsibilities for inspection reports allocated between workshops and Member States in the context of tachograph inspections?,"Inspection reports shall be retained for a minimum period of two years from the time the report was made. Member States shall decide whether inspection reports are to be retained or sent to the competent authority during that period. In cases where the inspection reports are kept by the workshop, upon request from the competent authority, the workshop shall make available the reports of inspections and calibrations carried out during that period.",31,
eurlex,http://data.europa.eu/eli/reg/2014/165/art_23/oj,32014R0165,32014R0165,False,no_refs,claim_verification,True,completed,,3,3,3,3,32.666666666666664,34,14,20,clear,Is it accurate that Member States decide whether tachograph inspection reports are retained or sent to the competent authority during the minimum two-year period?,Inspection reports shall be retained for a minimum period of two years from the time the report was made. Member States shall decide whether inspection reports are to be retained or sent to the competent authority during that period.,34,
eurlex,http://data.europa.eu/eli/reg/2014/165/art_23/oj,32014R0165,32014R0165,False,no_refs,source_finding,True,completed,,1,1,1,1,36,36,15,21,clear,Which EU provision requires tachographs used in road transport to undergo regular inspections by approved workshops at least every two years?,Article 23 — Regulation (EU) No 165/2014,36,
eurlex,http://data.europa.eu/eli/reg/2011/492/art_17/oj,32011R0492,32011R0492,False,no_refs,fact_pattern,True,completed,,1,1,1,0,31,31,15,16,repair,"A national employment authority is reviewing how vacancies are filled because some sectors in its country have more applications than vacancies while others have unfilled posts, and the Commission is participating in the review. What must the authority and the Commission do concerning priority for nationals of Member States?",The Member States shall examine with the Commission all the possibilities of giving priority to nationals of Member States when filling employment vacancies in order to achieve a balance between vacancies and applications for employment within the Union. They shall adopt all measures necessary for this purpose.,,
eurlex,http://data.europa.eu/eli/reg/2011/492/art_17/oj,32011R0492,32011R0492,False,no_refs,lookup,True,completed,,2,2,2,2,32,34,15,19,clear,How often must the Member States and the Commission jointly analyse the results of Union arrangements regarding vacancies and applications?,at least once a year,34,
eurlex,http://data.europa.eu/eli/reg/2011/492/art_17/oj,32011R0492,32011R0492,False,no_refs,conceptual,True,completed,,3,3,3,2,32.666666666666664,33,15,18,repair,What must Member States do to help balance vacancies and applications for employment within the Union while giving priority to nationals of Member States?,The Member States shall examine with the Commission all the possibilities of giving priority to nationals of Member States when filling employment vacancies in order to achieve a balance between vacancies and applications for employment within the Union. They shall adopt all measures necessary for this purpose.,33,
eurlex,http://data.europa.eu/eli/reg/2011/492/art_17/oj,32011R0492,32011R0492,False,no_refs,comparison,True,completed,,1,1,1,1,29,29,12,17,minor_issues,How are the responsibilities of the Member States and the Commission allocated when reviewing and addressing the balance between vacancies and applications for employment within the Union?,"On the basis of a report from the Commission drawn up from information supplied by the Member States, the latter and the Commission shall at least once a year analyse jointly the results of Union arrangements regarding vacancies and applications.

The Member States shall examine with the Commission all the possibilities of giving priority to nationals of Member States when filling employment vacancies in order to achieve a balance between vacancies and applications for employment within the Union. They shall adopt all measures necessary for this purpose.",29,
eurlex,http://data.europa.eu/eli/reg/2011/492/art_17/oj,32011R0492,32011R0492,False,no_refs,claim_verification,True,completed,,3,3,3,2,31,34,15,19,clear,"Is it accurate that Member States must examine with the Commission all possibilities of giving priority to nationals of Member States when filling employment vacancies to achieve a balance between vacancies and applications within the Union, and must adopt all measures necessary for that purpose?",The Member States shall examine with the Commission all the possibilities of giving priority to nationals of Member States when filling employment vacancies in order to achieve a balance between vacancies and applications for employment within the Union. They shall adopt all measures necessary for this purpose.,34,
eurlex,http://data.europa.eu/eli/reg/2011/492/art_17/oj,32011R0492,32011R0492,False,no_refs,source_finding,True,completed,,1,1,1,1,35,35,15,20,clear,"Which EU provision requires the Member States and the Commission to analyse jointly at least once a year the results of Union arrangements concerning vacancies and applications for employment, on the basis of a Commission report drawing on information supplied by the Member States?",Regulation (EU) No 492/2011 — Article 17,35,
eurlex,http://data.europa.eu/eli/dir/2005/86/art_2/oj,32005L0086,32005L0086,False,no_refs,fact_pattern,True,no_candidates,,0,0,0,0,,,,,,,,,boilerplate transposition and notification provisions only
eurlex,http://data.europa.eu/eli/dir/2005/86/art_2/oj,32005L0086,32005L0086,False,no_refs,lookup,True,no_candidates,,0,0,0,0,,,,,,,,,boilerplate clause only
eurlex,http://data.europa.eu/eli/dir/2005/86/art_2/oj,32005L0086,32005L0086,False,no_refs,conceptual,True,no_candidates,,0,0,0,0,,,,,,,,,"The article contains only generic transposition and notification obligations, without a substantive regulatory relationship."
eurlex,http://data.europa.eu/eli/dir/2005/86/art_2/oj,32005L0086,32005L0086,False,no_refs,comparison,True,completed,,1,1,1,0,20,20,12,8,blocking,"How are Member States’ duties distinguished between “bring into force the laws, regulations and administrative provisions necessary to comply with this Directive” and “communicate to the Commission the texts of the provisions of national law which they adopt in the field covered by this Directive”?","1. Member States shall bring into force the laws, regulations and administrative provisions necessary to comply with this Directive 12 months after the entry into force at the latest. They shall forthwith communicate to the Commission the text of those provisions and a correlation table between those provisions and this Directive.When Member States adopt those provisions, they shall contain a reference to this Directive or be accompanied by such a reference on the occasion of their official publication. Member States shall determine how such reference is to be made.

2. Member States shall communicate to the Commission the texts of the provisions of national law which they adopt in the field covered by this Directive.",,
eurlex,http://data.europa.eu/eli/dir/2005/86/art_2/oj,32005L0086,32005L0086,False,no_refs,claim_verification,True,completed,,3,3,3,3,34.666666666666664,35,15,20,clear,"Can the claim that Member States must bring the laws, regulations and administrative provisions needed to comply with the camphechlor amendment into force no later than 12 months after the amendment enters into force be verified?","Member States shall bring into force the laws, regulations and administrative provisions necessary to comply with this Directive 12 months after the entry into force at the latest.",35,
eurlex,http://data.europa.eu/eli/dir/2005/86/art_2/oj,32005L0086,32005L0086,False,no_refs,source_finding,True,completed,,1,1,1,0,33,33,15,18,repair,Which EU provision concerning undesirable substances in animal feed requires Member States to bring the necessary national measures into force within 12 months and communicate the adopted provisions and a correlation table to the Commission?,Article 2 — Commission Directive 2005/86/EC,,
eurlex,http://data.europa.eu/eli/reg/2012/966/art_56/oj,32012R0966,32012R0966,False,no_refs,fact_pattern,True,no_candidates,,0,0,0,0,,,,,,,,,"The article governs internal delegation by Union institutions and duties of their officials, leaving no eligible private-party or national-authority fact pattern."
eurlex,http://data.europa.eu/eli/reg/2012/966/art_56/oj,32012R0966,32012R0966,False,no_refs,lookup,True,completed,,3,3,3,3,36.333333333333336,38,15,23,clear,Which Commission appropriations may be delegated to Heads of Union Delegations?,the operational appropriations of its own section,38,
eurlex,http://data.europa.eu/eli/reg/2012/966/art_56/oj,32012R0966,32012R0966,False,no_refs,conceptual,True,completed,,2,2,2,2,34.5,35,14,21,clear,What safeguards and accountability rules govern the Commission’s delegation of operational appropriations to Heads of Union Delegations?,"The Commission may delegate its powers of budget implementation concerning the operational appropriations of its own section to the Heads of Union Delegations. It shall, at the same time, inform the High Representative thereof. When Heads of Union Delegations act as subdelegated authorising officers of the Commission, they shall apply the Commission rules for the implementation of the budget and shall be subject to the same duties, obligations and accountability as any other subdelegated authorising officer of the Commission. The Commission may withdraw the delegation in accordance with its own rules.",35,
eurlex,http://data.europa.eu/eli/reg/2012/966/art_56/oj,32012R0966,32012R0966,False,no_refs,comparison,True,completed,,1,1,1,0,25,25,15,10,blocking,What conditions and limits govern the delegation of budget implementation powers by the Commission and each of the other institutions within their departments?,"The Commission and each of the other institutions may, within their departments, delegate their powers of budget implementation in accordance with the conditions laid down in this Regulation and by their internal rules and within the limits which they lay down in the instrument of delegation. Those so empowered shall act within the limits of the powers expressly conferred upon them.",,
eurlex,http://data.europa.eu/eli/reg/2012/966/art_56/oj,32012R0966,32012R0966,False,no_refs,claim_verification,True,completed,,3,3,3,3,32,35,15,20,clear,Is it accurate that the Commission may delegate budget implementation powers concerning the operational appropriations of its own section to Heads of Union Delegations while informing the High Representative at the same time?,"However, the Commission may delegate its powers of budget implementation concerning the operational appropriations of its own section to the Heads of Union Delegations. It shall, at the same time, inform the High Representative thereof.",35,
eurlex,http://data.europa.eu/eli/reg/2012/966/art_56/oj,32012R0966,32012R0966,False,no_refs,source_finding,True,completed,,1,1,1,1,33,33,15,18,clear,"Which EU budgetary-financial provision allows the Commission and other institutions to delegate their powers of budget implementation within their departments, subject to internal rules and the limits set in the delegation instrument?","Article 56 — Regulation (EU, Euratom ) No 966/2012",33,
eurlex,http://data.europa.eu/eli/dir/2007/68/art_2/oj,32007L0068,32007L0068,False,no_refs,fact_pattern,True,no_candidates,,0,0,0,0,,,,,,,,,transposition and national-law communication provisions only
eurlex,http://data.europa.eu/eli/dir/2007/68/art_2/oj,32007L0068,32007L0068,False,no_refs,lookup,True,no_candidates,,0,0,0,0,,,,,,,,,boilerplate clause only
eurlex,http://data.europa.eu/eli/dir/2007/68/art_2/oj,32007L0068,32007L0068,False,no_refs,conceptual,True,no_candidates,,0,0,0,0,,,,,,,,,"The provision contains only transposition, notification, and publication-reference duties without a sufficiently substantive regulatory relationship for a conceptual retrieval question."
eurlex,http://data.europa.eu/eli/dir/2007/68/art_2/oj,32007L0068,32007L0068,False,no_refs,comparison,True,completed,,1,1,1,0,21,21,11,10,blocking,"How do the communication requirements to the Commission differ between the text of the laws, regulations and administrative provisions necessary to comply with this Directive and a correlation table between those provisions and this Directive, and the text of the main provisions of national law which they adopt in the field covered by this Directive?","They shall forthwith communicate to the Commission the text of those provisions and a correlation table between those provisions and this Directive.When Member States adopt those provisions, they shall contain a reference to this Directive or be accompanied by such a reference on the occasion of their official publication. Member States shall determine how such reference is to be made.

2. Member States shall communicate to the Commission the text of the main provisions of national law which they adopt in the field covered by this Directive.",,
eurlex,http://data.europa.eu/eli/dir/2007/68/art_2/oj,32007L0068,32007L0068,False,no_refs,claim_verification,True,completed,,3,3,3,3,30.333333333333332,31,15,16,minor_issues,"Is it accurate that, when Member States adopt the required national provisions, those provisions must refer to the food-labelling directive or be accompanied by such a reference upon official publication?","When Member States adopt those provisions, they shall contain a reference to this Directive or be accompanied by such a reference on the occasion of their official publication.",31,
eurlex,http://data.europa.eu/eli/dir/2007/68/art_2/oj,32007L0068,32007L0068,False,no_refs,source_finding,True,completed,,1,1,1,0,31,31,13,18,blocking,"Which EU provision requires Member States to adopt the necessary national measures by 31 May 2008, communicate those measures and a correlation table to the Commission, and refer to the Directive in their official publication?",Article 2 — Commission Directive 2007/68/EC,,
eurlex,http://data.europa.eu/eli/dir_impl/2011/54/art_3/oj,32011L0054,32011L0054,False,no_refs,fact_pattern,True,no_candidates,,0,0,0,0,,,,,,,,,transposition and application-date provisions only
eurlex,http://data.europa.eu/eli/dir_impl/2011/54/art_3/oj,32011L0054,32011L0054,False,no_refs,lookup,True,no_candidates,,0,0,0,0,,,,,,,,,boilerplate clause only
eurlex,http://data.europa.eu/eli/dir_impl/2011/54/art_3/oj,32011L0054,32011L0054,False,no_refs,conceptual,True,no_candidates,,0,0,0,0,,,,,,,,,"The article contains only general transposition, communication, publication-reference and application-date requirements, without a substantive regulatory mechanism."
eurlex,http://data.europa.eu/eli/dir_impl/2011/54/art_3/oj,32011L0054,32011L0054,False,no_refs,comparison,True,completed,,1,1,1,0,30,30,14,16,repair,How do the implementation deadlines differ for Member States when adopting and publishing the required provisions versus applying those provisions under the rules adding metaldehyde as an active substance?,"Member States shall adopt and publish by 30 November 2011 at the latest the laws, regulations and administrative provisions necessary to comply with this Directive. They shall forthwith communicate to the Commission the text of those provisions and a correlation table between those provisions and this Directive.They shall apply those provisions from 1 December 2011.",,
eurlex,http://data.europa.eu/eli/dir_impl/2011/54/art_3/oj,32011L0054,32011L0054,False,no_refs,claim_verification,True,completed,,3,3,3,3,35,37,15,22,clear,Is it accurate that Member States had to apply the provisions implementing the metaldehyde active-substance directive from 1 December 2011?,They shall apply those provisions from 1 December 2011.,37,
eurlex,http://data.europa.eu/eli/dir_impl/2011/54/art_3/oj,32011L0054,32011L0054,False,no_refs,source_finding,True,completed,,1,1,1,0,30,30,15,15,repair,"Which EU provision requires Member States to adopt and publish national measures by 30 November 2011, communicate those measures and a correlation table to the Commission, and apply them from 1 December 2011?",Article 3 — Commission Implementing Directive 2011/54/EU,,
eurlex,http://data.europa.eu/eli/dir/2004/66/art_2/oj,32004L0066,32004L0066,False,no_refs,fact_pattern,True,no_candidates,,0,0,0,0,,,,,,,,,transposition and notification requirements only
eurlex,http://data.europa.eu/eli/dir/2004/66/art_2/oj,32004L0066,32004L0066,False,no_refs,lookup,True,no_candidates,,0,0,0,0,,,,,,,,,boilerplate clause only
eurlex,http://data.europa.eu/eli/dir/2004/66/art_2/oj,32004L0066,32004L0066,False,no_refs,conceptual,True,no_candidates,,0,0,0,0,,,,,,,,,"The article contains only generic transposition, notification and publication-reference duties without a substantive regulatory mechanism."
eurlex,http://data.europa.eu/eli/dir/2004/66/art_2/oj,32004L0066,32004L0066,False,no_refs,comparison,True,completed,,1,1,1,0,29,29,15,14,blocking,"How are the transposition deadlines differentiated between the provisions necessary to comply with this Directive and the provisions adapting Directive 91/414/EC as amended, as well as Directives 2002/83/EC, 2003/37/EC and 2003/59/EC?","Member States shall bring into force the laws, regulations and administrative provisions necessary to comply with this Directive by the date of entry into force of the Treaty of Accession. As regards the provisions of this Directive adapting Directive 91/414/EC as amended, as well as Directives 2002/83/EC, 2003/37/EC and 2003/59/EC, the date of transposition shall be that laid down therein.",,
eurlex,http://data.europa.eu/eli/dir/2004/66/art_2/oj,32004L0066,32004L0066,False,no_refs,claim_verification,True,completed,,3,3,3,3,31.666666666666668,33,15,18,minor_issues,"Is it accurate that, for national implementation of the accession-related Directive, Member States must promptly submit the text of their transposing provisions to the Commission together with a correlation table?","Member States shall forthwith submit the text of the provisions transposing this Directive to the Commission, with a table setting out their correlation with the specific provisions of this Directive.",33,
eurlex,http://data.europa.eu/eli/dir/2004/66/art_2/oj,32004L0066,32004L0066,False,no_refs,source_finding,True,completed,,1,1,1,0,30,30,14,16,repair,"Which EU provision requires Member States to adopt the measures needed for compliance by the date the Treaty of Accession enters into force, notify the Commission of their transposing provisions, and refer to the directive when publishing them?",Article 2 — Council Directive 2004/66/EC,,
eurlex,http://data.europa.eu/eli/reg/2008/1165/art_16/oj,32008R1165,32008R1165,False,no_refs,fact_pattern,True,completed,,3,3,3,3,38,38,15,23,clear,"A national statistics office in a Member State produces bovine-animal forecasts twice a year, including a forecast covering the first semester of the current year through the end of the first semester of the following year. By what date must it transmit that forecast?",before 15 February,38,
eurlex,http://data.europa.eu/eli/reg/2008/1165/art_16/oj,32008R1165,32008R1165,False,no_refs,lookup,True,completed,,3,3,3,3,34.666666666666664,37,15,22,clear,When must Member States transmit meat production forecasts for sheep and goats covering the current year?,before 15 February,37,
eurlex,http://data.europa.eu/eli/reg/2008/1165/art_16/oj,32008R1165,32008R1165,False,no_refs,conceptual,True,completed,,2,2,2,2,35,35,14,21,minor_issues,How does the required transmission schedule for bovine meat production forecasts differ between Member States that produce forecasts twice a year and those that produce forecasts once a year?,"before 15 February for forecasts for bovine animals from the beginning of the first semester of the current year to the end of the first semester of the following year, and before 15 September for forecasts from the beginning of the second semester of the current year to the end of the second semester of the following year for Member States that produce forecasts twice a year;

before 15 February for forecasts for bovine animals from the beginning of the first semester of the current year to the end of the second semester of the following year for Member States that produce forecasts once a year;",35,
eurlex,http://data.europa.eu/eli/reg/2008/1165/art_16/oj,32008R1165,32008R1165,False,no_refs,comparison,True,completed,,1,1,1,1,34,34,15,19,clear,How do the transmission deadlines and forecast periods for bovine animals differ between Member States that produce forecasts twice a year and Member States that produce forecasts once a year?,"(a)
before 15 February for forecasts for bovine animals from the beginning of the first semester of the current year to the end of the first semester of the following year, and before 15 September for forecasts from the beginning of the second semester of the current year to the end of the second semester of the following year for Member States that produce forecasts twice a year;

(b)
before 15 February for forecasts for bovine animals from the beginning of the first semester of the current year to the end of the second semester of the following year for Member States that produce forecasts once a year;",34,
eurlex,http://data.europa.eu/eli/reg/2008/1165/art_16/oj,32008R1165,32008R1165,False,no_refs,claim_verification,True,completed,,3,3,3,3,31.333333333333332,32,15,17,minor_issues,"Is it accurate that Member States producing pig forecasts once a year must transmit forecasts before 15 February, covering the period from the beginning of the first quarter of the current year to the end of the second quarter of the following year?","(d)
before 15 February for forecasts for pigs from the beginning of the first quarter of the current year to the end of the second quarter of the following year for Member States that produce forecasts once a year;",32,
eurlex,http://data.europa.eu/eli/reg/2008/1165/art_16/oj,32008R1165,32008R1165,False,no_refs,source_finding,True,completed,,1,1,1,1,35,35,15,20,clear,"Which EU provision sets the deadlines by which Member States must transmit meat production forecasts for bovine animals, pigs, sheep and goats to the Commission?",Regulation (EC) No 1165/2008 — Article 16,35,
eurlex,http://data.europa.eu/eli/reg_impl/2011/1008/art_1/oj,32011R1008,32011R1008,False,no_refs,fact_pattern,True,completed,,3,3,3,1,33.666666666666664,39,15,24,clear,An importer brings hand pallet trucks produced by Ningbo Ruyi Joint Stock Co. Ltd from the People’s Republic of China into the Union. What definitive anti-dumping duty rate applies to the net free-at-Union-frontier price before duty?,"28,5 %",39,
eurlex,http://data.europa.eu/eli/reg_impl/2011/1008/art_1/oj,32011R1008,32011R1008,False,no_refs,lookup,True,completed,,3,3,3,3,35.333333333333336,37,15,22,minor_issues,What characteristics define the hand pallet trucks covered by the definitive anti-dumping duty on imports of hand pallet trucks and their essential parts?,"trucks with wheels supporting lifting fork arms for handling pallets, designed to be manually pushed, pulled and steered, on smooth, level, hard surfaces, by a pedestrian operator using an articulated tiller",37,
eurlex,http://data.europa.eu/eli/reg_impl/2011/1008/art_1/oj,32011R1008,32011R1008,False,no_refs,conceptual,True,completed,,2,2,2,2,33.5,35,14,21,clear,Which product features determine whether Chinese hand pallet trucks fall within the definitive anti-dumping duty rather than excluded lifting equipment?,"For the purpose of this Regulation, hand pallet trucks shall be trucks with wheels supporting lifting fork arms for handling pallets, designed to be manually pushed, pulled and steered, on smooth, level, hard surfaces, by a pedestrian operator using an articulated tiller. The hand pallet trucks are only designed to raise a load, by pumping the tiller, to a height sufficient for transporting and do not have any other additional functions or uses such as for example (i) to move and to lift the loads in order to place them higher or assist in storage of loads (highlifters); (ii) to stack one pallet above the other (stackers); (iii) to lift the load to a working level (scissorlifts); or (iv) to lift and to weigh the loads (weighing trucks).",35,
eurlex,http://data.europa.eu/eli/reg_impl/2011/1008/art_1/oj,32011R1008,32011R1008,False,no_refs,comparison,True,completed,,1,1,1,0,28,28,14,14,repair,"How do the definitive anti-dumping duty rates compare for Ningbo Liftstar Material Transport Equipment Factory, Zhouyi Village, Zhanqi Town, Yin Zhou District, Ningbo City, Zhejiang Province, 315144, PRC and Ningbo Ruyi Joint Stock Co. Ltd, 656 North Taoyuan Road, Ninghai, Zhejiang Province, 315600, PRC for the covered hand pallet trucks and their essential parts?","The rate of the definitive anti-dumping duty applicable to the net free-at-Union-frontier price, before duty, for the products described in paragraph 1 and produced by the companies listed below shall be as follows:
Company
Rate of duty

(%)
TARIC additional codeNingbo Liftstar Material Transport Equipment Factory, Zhouyi Village, Zhanqi Town, Yin Zhou District, Ningbo City, Zhejiang Province, 315144, PRC32,2A600Ningbo Ruyi Joint Stock Co. Ltd, 656 North Taoyuan Road, Ninghai, Zhejiang Province, 315600, PRC28,5A601",,
eurlex,http://data.europa.eu/eli/reg_impl/2011/1008/art_1/oj,32011R1008,32011R1008,False,no_refs,claim_verification,True,completed,,3,3,3,1,30,34,15,19,clear,"Is it accurate that the definitive anti-dumping duty for all other companies is extended to covered hand pallet trucks and their essential parts consigned from Thailand, regardless of whether they are declared as originating in Thailand?","The definitive anti-dumping duty applicable to ‘all other companies’, as set out in paragraph 2, is hereby extended to imports of hand pallet trucks and their essential parts, i.e. chassis and hydraulics, as further defined in paragraph 1, currently falling within CN codes ex84279000 and ex84312000 (TARIC codes 8427900011 and 8431200011) and consigned from Thailand, whether declared as originating in Thailand or not.",34,
eurlex,http://data.europa.eu/eli/reg_impl/2011/1008/art_1/oj,32011R1008,32011R1008,False,no_refs,source_finding,True,completed,,1,1,1,1,36,36,15,21,clear,"Which EU provision extends the definitive anti-dumping duty applicable to all other companies to imports of hand pallet trucks and their essential parts consigned from Thailand, whether declared as originating in Thailand or not?",Article 1 — Council Implementing Regulation (EU) No 1008/2011,36,
eurlex,http://data.europa.eu/eli/dir/2015/566/art_9/oj,32015L0566,32015L0566,False,no_refs,fact_pattern,True,no_candidates,,0,0,0,0,,,,,,,,,transposition provisions are excluded boilerplate
eurlex,http://data.europa.eu/eli/dir/2015/566/art_9/oj,32015L0566,32015L0566,False,no_refs,lookup,True,no_candidates,,0,0,0,0,,,,,,,,,boilerplate clause only
eurlex,http://data.europa.eu/eli/dir/2015/566/art_9/oj,32015L0566,32015L0566,False,no_refs,conceptual,True,no_candidates,,0,0,0,0,,,,,,,,,"The provision contains only standard transposition, publication, application-date and notification duties, without a substantive regulatory mechanism."
eurlex,http://data.europa.eu/eli/dir/2015/566/art_9/oj,32015L0566,32015L0566,False,no_refs,comparison,True,completed,,1,1,1,0,30,30,14,16,repair,How do the timelines differ between Member States adopting and publishing the necessary provisions for verifying the equivalent standards of quality and safety of imported tissues and cells and applying those provisions?,"Member States shall adopt and publish the laws, regulations and administrative provisions necessary to comply with this Directive by 29 October 2016 at the latest. They shall forthwith communicate to the Commission the text of those provisions.They shall apply those provisions from 29 April 2017.",,
eurlex,http://data.europa.eu/eli/dir/2015/566/art_9/oj,32015L0566,32015L0566,False,no_refs,claim_verification,True,completed,,3,3,3,3,31.333333333333332,32,15,17,clear,Is it accurate that national provisions implementing the EU rules on verifying equivalent quality and safety standards for imported tissues and cells had to apply from 29 April 2017?,They shall apply those provisions from 29 April 2017.,32,
eurlex,http://data.europa.eu/eli/dir/2015/566/art_9/oj,32015L0566,32015L0566,False,no_refs,source_finding,True,completed,,1,1,1,1,29,29,14,15,minor_issues,Which EU provision requires Member States to adopt and publish the necessary national laws by 29 October 2016 and apply them from 29 April 2017?,Commission Directive (EU) 2015/566 — Article 9,29,
eurlex,http://data.europa.eu/eli/reg/2009/193/art_1/oj,32009R0193,32009R0193,False,no_refs,fact_pattern,True,completed,,3,3,3,1,34.666666666666664,36,14,22,minor_issues,"A customs broker is handling a biodiesel blend containing 30 % by weight of fatty-acid mono-alkyl esters, classified under CN code 38249091 and originating in the United States of America. Is the product covered by the provisional anti-dumping duty?","A provisional anti-dumping duty is hereby imposed on imports of fatty-acid mono-alkyl esters and/or paraffinic gasoil obtained from synthesis and/or hydro-treatment, of non-fossil origin, commonly known as ‘biodiesel’, in pure form or in a blend containing by weight more than 20 % of fatty-acid mono-alkyl esters and/or paraffinic gasoil obtained from synthesis and/or hydro-treatment, of non-fossil origin, falling within CN codes ex15162098 (TARIC code 1516209820), ex15180091 (TARIC code 1518009120), ex15180099 (TARIC code 1518009920), ex27101941 (TARIC code 2710194120), 38249091, ex38249097 (TARIC code 3824909787), and originating in the United States of America.",36,
eurlex,http://data.europa.eu/eli/reg/2009/193/art_1/oj,32009R0193,32009R0193,False,no_refs,lookup,True,completed,,3,3,3,3,37,38,15,23,clear,What is the provisional anti-dumping duty rate for imports of biodiesel originating in the United States of America manufactured by all other companies?,"182,4 Euro per tonne net",38,
eurlex,http://data.europa.eu/eli/reg/2009/193/art_1/oj,32009R0193,32009R0193,False,no_refs,conceptual,True,completed,,2,2,2,2,33,34,15,19,clear,How is the provisional anti-dumping duty applied to covered biodiesel blends?,"The anti-dumping duty on blends shall be applicable in proportion in the blend, by weight, of the total content of fatty-acid mono-alkyl esters and of paraffinic gasoils obtained from synthesis and/or hydro-treatment, of non-fossil origin (biodiesel content).",34,
eurlex,http://data.europa.eu/eli/reg/2009/193/art_1/oj,32009R0193,32009R0193,False,no_refs,comparison,True,completed,,1,1,1,1,31,31,14,17,minor_issues,"What provisional anti-dumping duty rates apply to imports of biodiesel originating in the United States manufactured by Archer Daniels Midland Company, Decatur and Cargill Inc., Wayzata?","The rate of the provisional anti-dumping duty applicable to the products described in paragraph 1 and manufactured by the companies below shall be:
CompanyAD duty rate Euro per tonne netTARIC additional codeArcher Daniels Midland Company, Decatur23,6A933Cargill Inc., Wayzata60,5A934",31,
eurlex,http://data.europa.eu/eli/reg/2009/193/art_1/oj,32009R0193,32009R0193,False,no_refs,claim_verification,True,completed,,3,3,3,3,33.666666666666664,35,15,20,minor_issues,Is it accurate that release for free circulation of the covered biodiesel product requires a security equal to the amount of the provisional anti-dumping duty?,"The release for free circulation in the Community of the product referred to in paragraph 1 shall be subject to the provision of a security, equivalent to the amount of the provisional duty.",35,
eurlex,http://data.europa.eu/eli/reg/2009/193/art_1/oj,32009R0193,32009R0193,False,no_refs,source_finding,True,completed,,1,1,1,1,34,34,15,19,minor_issues,"Which EU provision imposes a provisional anti-dumping duty on imports of biodiesel originating in the United States of America, including specified pure products and blends?",Article 1 — Commission Regulation (EC) No 193/2009,34,
eurlex,http://data.europa.eu/eli/reg_impl/2011/452/art_1/oj,32011R0452,32011R0452,False,no_refs,fact_pattern,True,completed,,3,3,3,3,36.666666666666664,37,15,22,clear,"A Chinese producer is exporting coated fine paper in sheets to the Union. The paper is 100 g/m2, has a brightness of 85 measured according to ISO 2470-1, is not kraft paper or kraft paperboard, and is neither multi-ply nor in rolls suitable for use in web-fed presses. What definitive countervailing duty rate applies to the net, free-at-Union-frontier price before duty when the producer is Gold East Paper (Jiangsu) Co., Ltd?",12 %,37,
eurlex,http://data.europa.eu/eli/reg_impl/2011/452/art_1/oj,32011R0452,32011R0452,False,no_refs,lookup,True,completed,,3,3,3,3,37,38,15,23,clear,"For the definitive countervailing duty on coated fine paper originating in the People's Republic of China, what test results identify rolls suitable for use in web-fed presses and therefore outside the duty?","Rolls suitable for use in web-fed presses are defined as those rolls which, if tested according to the ISO test standard ISO 3783:2006 concerning the determination of resistance to picking – accelerated speed method using the IGT tester (electric model), give a result of less than 30 N/m when measuring in the cross-direction of the paper (CD) and a result of less than 50 N/m when measuring in the machine direction (MD).",38,
eurlex,http://data.europa.eu/eli/reg_impl/2011/452/art_1/oj,32011R0452,32011R0452,False,no_refs,conceptual,True,completed,,2,2,2,1,33,35,15,20,clear,"Which products are excluded from the definitive countervailing duty on coated fine paper originating in the People's Republic of China, and how are rolls suitable for web-fed presses identified?","The definitive countervailing duty does not concern rolls suitable for use in web-fed presses. Rolls suitable for use in web-fed presses are defined as those rolls which, if tested according to the ISO test standard ISO 3783:2006 concerning the determination of resistance to picking – accelerated speed method using the IGT tester (electric model), give a result of less than 30 N/m when measuring in the cross-direction of the paper (CD) and a result of less than 50 N/m when measuring in the machine direction (MD). The definitive countervailing duty does also not concern multi-ply paper and multi-ply paperboard.",35,
eurlex,http://data.europa.eu/eli/reg_impl/2011/452/art_1/oj,32011R0452,32011R0452,False,no_refs,comparison,True,completed,,1,1,1,1,32,32,14,18,clear,"For imports of coated fine paper originating in the People's Republic of China, how do the definitive countervailing duty rates differ between Gold East Paper (Jiangsu) Co., Ltd, Zhenjiang City, Jiangsu Province, PRC; Gold Huasheng Paper (Suzhou Industrial Park) Co., Ltd, Suzhou City, Jiangsu Province, PRC and Shangdong Chenming Paper Holdings Limited, Shouguang City, Shandong Province, PRC; Shouguang Chenming Art Paper Co., Ltd, Shouguang City, Shandong Province, PRC?","2. The rate of the definitive countervailing duty applicable to the net, free-at-Union-frontier price, before duty, of the products described in paragraph 1 and manufactured by the companies listed below shall be as follows:
CompanyCountervailing duty rateTARIC additional codeGold East Paper (Jiangsu) Co., Ltd, Zhenjiang City, Jiangsu Province, PRC; Gold Huasheng Paper (Suzhou Industrial Park) Co., Ltd, Suzhou City, Jiangsu Province, PRC12 %B001Shangdong Chenming Paper Holdings Limited, Shouguang City, Shandong Province, PRC; Shouguang Chenming Art Paper Co., Ltd, Shouguang City, Shandong Province, PRC4 %B013All other companies12 %B999",32,
eurlex,http://data.europa.eu/eli/reg_impl/2011/452/art_1/oj,32011R0452,32011R0452,False,no_refs,claim_verification,True,completed,,3,3,3,2,31.333333333333332,33,14,19,clear,Is it accurate that the definitive countervailing duty on coated fine paper originating in the People's Republic of China does not apply to rolls suitable for use in web-fed presses meeting the stated ISO test results or to multi-ply paper and multi-ply paperboard?,"The definitive countervailing duty does not concern rolls suitable for use in web-fed presses. Rolls suitable for use in web-fed presses are defined as those rolls which, if tested according to the ISO test standard ISO 3783:2006 concerning the determination of resistance to picking – accelerated speed method using the IGT tester (electric model), give a result of less than 30 N/m when measuring in the cross-direction of the paper (CD) and a result of less than 50 N/m when measuring in the machine direction (MD). The definitive countervailing duty does also not concern multi-ply paper and multi-ply paperboard.",33,
eurlex,http://data.europa.eu/eli/reg_impl/2011/452/art_1/oj,32011R0452,32011R0452,False,no_refs,source_finding,True,completed,,1,1,1,1,33,33,13,20,clear,"Which EU provision imposes a definitive countervailing duty on imports of coated fine paper originating in the People's Republic of China, while excluding certain web-press rolls and multi-ply paper products?",Article 1 — Council Implementing Regulation (EU) No 452/2011,33,
eurlex,http://data.europa.eu/eli/reg/2014/912/art_8/oj,32014R0912,32014R0912,False,no_refs,fact_pattern,True,completed,,2,2,2,0,31,31,15,16,blocking,A Member State receives a notice in which a claimant states its intention to initiate arbitration proceedings against that Member State under an international agreement. What must the Member State do immediately?,it shall immediately notify the Commission,,
eurlex,http://data.europa.eu/eli/reg/2014/912/art_8/oj,32014R0912,32014R0912,False,no_refs,lookup,True,completed,,3,3,3,3,35,37,15,22,clear,Within what period must the Commission inform the European Parliament and the Council after receiving a notice of intention to initiate arbitration proceedings?,within 15 working days of receiving the notice,37,
eurlex,http://data.europa.eu/eli/reg/2014/912/art_8/oj,32014R0912,32014R0912,False,no_refs,conceptual,True,completed,,3,3,3,1,32.333333333333336,35,15,20,clear,"How must the Commission inform the European Parliament and the Council about intended investor-to-state arbitration against the Union or a Member State, and what information must it provide?","When a claimant states its intention to initiate arbitration proceedings against the Union or a Member State, the Commission shall inform the European Parliament and the Council, within 15 working days of receiving the notice, of the name of the claimant, the provisions of the agreement alleged to have been breached, the economic sector involved, the treatment alleged to be in breach of the agreement and the amount of damages claimed.",35,
eurlex,http://data.europa.eu/eli/reg/2014/912/art_8/oj,32014R0912,32014R0912,False,no_refs,comparison,True,completed,,1,1,1,1,30,30,12,18,clear,How are notification responsibilities allocated between the Commission and a Member State when a claimant states its intention to initiate arbitration proceedings?,"Where the Commission receives notice by which a claimant states its intention to initiate arbitration proceedings, in accordance with an agreement, it shall immediately notify the Member State concerned. When a claimant states its intention to initiate arbitration proceedings against the Union or a Member State, the Commission shall inform the European Parliament and the Council, within 15 working days of receiving the notice, of the name of the claimant, the provisions of the agreement alleged to have been breached, the economic sector involved, the treatment alleged to be in breach of the agreement and the amount of damages claimed.

Where a Member State receives notice by which a claimant states its intention to initiate arbitration proceedings, it shall immediately notify the Commission.",30,
eurlex,http://data.europa.eu/eli/reg/2014/912/art_8/oj,32014R0912,32014R0912,False,no_refs,claim_verification,True,completed,,3,3,3,3,31.666666666666668,32,15,17,minor_issues,"Can the claim that, when the Commission receives notice of a claimant's intention to initiate arbitration proceedings under an agreement, it must immediately notify the Member State concerned be verified under the framework for managing financial responsibility in investor-to-state dispute settlement?","Where the Commission receives notice by which a claimant states its intention to initiate arbitration proceedings, in accordance with an agreement, it shall immediately notify the Member State concerned.",32,
eurlex,http://data.europa.eu/eli/reg/2014/912/art_8/oj,32014R0912,32014R0912,False,no_refs,source_finding,True,completed,,1,1,1,1,36,36,15,21,clear,"Which EU provision requires the Commission to immediately notify the Member State concerned when it receives a claimant’s notice of intention to initiate arbitration proceedings, and to report specified details to the European Parliament and the Council within 15 working days?",Regulation (EU) No 912/2014 — Article 8,36,
eurlex,http://data.europa.eu/eli/dir/2014/50/art_5/oj,32014L0050,32014L0050,False,no_refs,fact_pattern,True,completed,,3,3,3,1,31.333333333333332,33,14,19,minor_issues,An outgoing worker leaves a supplementary pension scheme with pension rights acquired as an entitlement to a nominal sum. How must the worker's dormant pension rights be treated?,by safeguarding the nominal value of the dormant pension rights,33,
eurlex,http://data.europa.eu/eli/dir/2014/50/art_5/oj,32014L0050,32014L0050,False,no_refs,lookup,True,completed,,3,3,3,3,36.333333333333336,37,14,23,clear,Under what conditions may a supplementary pension scheme pay an outgoing worker a capital sum instead of retaining the worker's vested pension rights?,"with the worker's informed consent, including as regards applicable charges, a capital sum equivalent to the value of the vested pension rights to the outgoing worker, as long as the value of the vested pension rights does not exceed a threshold established by the Member State concerned",37,
eurlex,http://data.europa.eu/eli/dir/2014/50/art_5/oj,32014L0050,32014L0050,False,no_refs,conceptual,True,completed,,3,3,3,3,34.666666666666664,35,14,21,clear,When may a supplementary pension scheme replace the retention of an outgoing worker’s vested rights with a capital payment?,"Member States may allow supplementary pension schemes not to retain the vested rights of an outgoing worker but to pay, with the worker's informed consent, including as regards applicable charges, a capital sum equivalent to the value of the vested pension rights to the outgoing worker, as long as the value of the vested pension rights does not exceed a threshold established by the Member State concerned. The Member State shall inform the Commission of the threshold applied.",35,
eurlex,http://data.europa.eu/eli/dir/2014/50/art_5/oj,32014L0050,32014L0050,False,no_refs,comparison,True,completed,,1,1,1,0,30,30,14,16,repair,How does the treatment of dormant pension rights differ where pension rights in the supplementary pension scheme are acquired as an entitlement to a nominal sum and where the value of accrued pensions rights changes over time under rules for supplementary pension schemes?,"Member States shall, having regard to the nature of the pension scheme rules and practice, adopt the measures necessary to ensure that outgoing workers' and their survivors' dormant pension rights or their values are treated in line with the value of the rights of active scheme members or the development of pension benefits currently in payment, or are treated in other ways which are considered as fair, such as:

(a)
where the pension rights in the supplementary pension scheme are acquired as an entitlement to a nominal sum, by safeguarding the nominal value of the dormant pension rights;

(b)
where the value of accrued pensions rights changes over time, by adjusting the value of the dormant pension rights by applying:

(i)
a rate of interest built into the supplementary pension scheme; or

(ii)
the return on investments derived by the supplementary pension scheme;",,
eurlex,http://data.europa.eu/eli/dir/2014/50/art_5/oj,32014L0050,32014L0050,False,no_refs,claim_verification,True,completed,,3,3,3,3,31.666666666666668,35,15,20,clear,"Is it accurate that Member States may allow supplementary pension schemes to pay outgoing workers a capital sum instead of retaining vested rights, but only with the worker's informed consent and where the value does not exceed a threshold established by the Member State?","Member States may allow supplementary pension schemes not to retain the vested rights of an outgoing worker but to pay, with the worker's informed consent, including as regards applicable charges, a capital sum equivalent to the value of the vested pension rights to the outgoing worker, as long as the value of the vested pension rights does not exceed a threshold established by the Member State concerned.",35,
eurlex,http://data.europa.eu/eli/dir/2014/50/art_5/oj,32014L0050,32014L0050,False,no_refs,source_finding,True,completed,,1,1,1,1,37,37,15,22,clear,"Which EU provision requires Member States to ensure that vested supplementary pension rights of workers leaving employment can remain in the pension scheme, with their initial value calculated when the employment relationship ends?",Article 5 — Directive 2014/50/EU,37,
eurlex,http://data.europa.eu/eli/dir/2014/59/art_77/oj,32014L0059,32014L0059,False,no_refs,fact_pattern,True,completed,,3,3,3,3,34,36,15,21,clear,"A resolution authority handling the file of a credit institution under resolution finds it necessary to ensure the availability of the institution's covered deposits. The deposits are part of a title transfer financial collateral arrangement with a corporate counterparty, and the authority is considering dealing separately with the other assets, rights or liabilities in that arrangement. What may it do to those other assets, rights or liabilities without transferring the covered deposits?","transfer, modify or terminate those assets, rights or liabilities without transferring the covered deposits",36,
eurlex,http://data.europa.eu/eli/dir/2014/59/art_77/oj,32014L0059,32014L0059,False,no_refs,lookup,True,completed,,3,3,3,2,33.666666666666664,35,15,20,clear,"Under what condition are rights and liabilities treated as protected under title transfer financial collateral arrangements, set-off arrangements or netting arrangements?",rights and liabilities are to be treated as protected under such an arrangement if the parties to the arrangement are entitled to set-off or net those rights and liabilities.,35,
eurlex,http://data.europa.eu/eli/dir/2014/59/art_77/oj,32014L0059,32014L0059,False,no_refs,conceptual,True,completed,,2,2,2,2,34,35,15,20,clear,"When necessary to ensure the availability of covered deposits, what may a resolution authority do despite the protection for financial collateral, set-off and netting arrangements?","Notwithstanding paragraph 1, where necessary in order to ensure availability of the covered deposits the resolution authority may: (a) transfer covered deposits which are part of any of the arrangements mentioned in paragraph 1 without transferring other assets, rights or liabilities that are part of the same arrangement; and (b) transfer, modify or terminate those assets, rights or liabilities without transferring the covered deposits.",35,
eurlex,http://data.europa.eu/eli/dir/2014/59/art_77/oj,32014L0059,32014L0059,False,no_refs,comparison,True,completed,,1,1,1,0,26,26,14,12,blocking,How are title transfer financial collateral arrangements and set-off and netting arrangements treated regarding protection against partial transfers or modifications in resolution?,"Member States shall ensure that there is appropriate protection for title transfer financial collateral arrangements and set-off and netting arrangements so as to prevent the transfer of some, but not all, of the rights and liabilities that are protected under a title transfer financial collateral arrangement, a set-off arrangement or a netting arrangement between the institution under resolution and another person and the modification or termination of rights and liabilities that are protected under such a title transfer financial collateral arrangement, a set-off arrangement or a netting arrangement through the use of ancillary powers. For the purposes of the first subparagraph, rights and liabilities are to be treated as protected under such an arrangement if the parties to the arrangement are entitled to set-off or net those rights and liabilities.",,
eurlex,http://data.europa.eu/eli/dir/2014/59/art_77/oj,32014L0059,32014L0059,False,no_refs,claim_verification,True,completed,,3,3,3,2,32.666666666666664,35,15,20,clear,"Is it accurate that, where necessary to ensure the availability of covered deposits, the resolution authority may transfer covered deposits forming part of a protected collateral, set-off or netting arrangement without transferring the other assets, rights or liabilities in that arrangement?","Notwithstanding paragraph 1, where necessary in order to ensure availability of the covered deposits the resolution authority may:

(a)
transfer covered deposits which are part of any of the arrangements mentioned in paragraph 1 without transferring other assets, rights or liabilities that are part of the same arrangement;",35,
eurlex,http://data.europa.eu/eli/dir/2014/59/art_77/oj,32014L0059,32014L0059,False,no_refs,source_finding,True,completed,,1,1,1,1,35,35,15,20,clear,"Which EU provision requires Member States to protect title transfer financial collateral, set-off and netting arrangements against partial transfers or modifications of protected rights and liabilities through ancillary powers?",Directive 2014/59/EU — Article 77,35,
eurlex,http://data.europa.eu/eli/reg_impl/2011/1333/art_11/oj,32011R1333,32011R1333,False,no_refs,fact_pattern,True,completed,,3,3,3,2,35.666666666666664,38,15,23,clear,A Portuguese competent authority is preparing the notification for the January to April reporting period concerning bananas produced in Madeira and marketed in the Union. By when must it submit the notification?,at the latest by the fifteenth day of the second month following the reporting period,38,
eurlex,http://data.europa.eu/eli/reg_impl/2011/1333/art_11/oj,32011R1333,32011R1333,False,no_refs,lookup,True,completed,,3,3,3,3,36.666666666666664,38,15,23,clear,By when must banana-sector notifications for each reporting period be made?,at the latest by the fifteenth day of the second month following the reporting period,38,
eurlex,http://data.europa.eu/eli/reg_impl/2011/1333/art_11/oj,32011R1333,32011R1333,False,no_refs,conceptual,True,completed,,3,3,3,3,33.666666666666664,35,15,20,clear,"What data must Member States provide to the Commission for each banana-sector reporting period, including forward-looking information?","Member States shall notify the Commission in respect of each reporting period of the following:

(a)
the quantity of bananas produced in the Union which are marketed:

(i)
in their region of production;

(ii)
outside their region of production;

(b)
the average selling prices on local markets of green bananas produced in the Union which are marketed in their region of production;

(c)
the average selling prices for green bananas at the stage of delivery at first port of unloading (goods not unloaded) in respect of bananas produced in the Union which are marketed in the Union outside their region of production;

(d)
forecasts of the data referred to in points (a), (b) and (c) for the two subsequent reporting periods.",35,
eurlex,http://data.europa.eu/eli/reg_impl/2011/1333/art_11/oj,32011R1333,32011R1333,False,no_refs,comparison,True,completed,,1,1,1,1,30,30,14,16,minor_issues,How are the notification data distinguished for bananas produced in the Union which are marketed in their region of production and bananas produced in the Union which are marketed outside their region of production?,"Member States shall notify the Commission in respect of each reporting period of the following:

(a)
the quantity of bananas produced in the Union which are marketed:

(i)
in their region of production;

(ii)
outside their region of production;

(b)
the average selling prices on local markets of green bananas produced in the Union which are marketed in their region of production;

(c)
the average selling prices for green bananas at the stage of delivery at first port of unloading (goods not unloaded) in respect of bananas produced in the Union which are marketed in the Union outside their region of production;",30,
eurlex,http://data.europa.eu/eli/reg_impl/2011/1333/art_11/oj,32011R1333,32011R1333,False,no_refs,claim_verification,True,completed,,3,3,3,3,31.666666666666668,34,14,20,clear,Is it accurate that notifications for each banana-sector reporting period must be made no later than the fifteenth day of the second month following that reporting period?,"The reporting periods for a calendar year shall be:

(a)
January to April inclusive;

(b)
May to August inclusive;

(c)
September to December inclusive.

The notifications for each reporting period shall be made at the latest by the fifteenth day of the second month following the reporting period.",34,
eurlex,http://data.europa.eu/eli/reg_impl/2011/1333/art_11/oj,32011R1333,32011R1333,False,no_refs,source_finding,True,completed,,1,1,1,1,36,36,15,21,clear,"Which EU provision requires Member States to notify the Commission, for each reporting period, of quantities of Union-produced bananas marketed in and outside their production region, together with related average selling prices and forecasts?",Article 11 — Commission Implementing Regulation (EU) No 1333/2011,36,
eurlex,http://data.europa.eu/eli/reg_impl/2012/282/art_1/oj,32012R0282,32012R0282,False,no_refs,fact_pattern,True,completed,,1,1,1,0,30,30,13,17,blocking,A Polish fishery operator has been asked to provide a security in connection with the marketing of fishery and aquaculture products under the common market arrangements. Do the common EU rules for agricultural-product securities cover that security?,"regulations laying down the common organisation of markets in certain agricultural products: Regulation (EC) No 104/2000 (fishery and aquaculture products), Regulation (EC) No 1234/2007 (Single CMO Regulation)",,
eurlex,http://data.europa.eu/eli/reg_impl/2012/282/art_1/oj,32012R0282,32012R0282,False,no_refs,lookup,True,completed,,2,2,2,1,31.5,34,14,20,clear,Which EU legal frameworks are covered by the rules governing securities for agricultural products?,"regulations laying down the common organisation of markets in certain agricultural products:

Regulation (EC) No 104/2000 (fishery and aquaculture products),

Regulation (EC) No 1234/2007 (Single CMO Regulation);

(b)
Regulation (EC) No 73/2009 (direct support schemes);

(c)
Regulation (EC) No 1216/2009 (trade arrangements applicable to certain goods resulting from the processing of agricultural products).",34,
eurlex,http://data.europa.eu/eli/reg_impl/2012/282/art_1/oj,32012R0282,32012R0282,False,no_refs,conceptual,True,completed,,1,1,1,0,30,30,15,15,blocking,"How do common EU rules on securities for agricultural products apply to securities required under the EU market-organisation, direct-support and processed-agricultural-goods trade regimes?","This Regulation lays down the rules governing securities to be provided, either under the following regulations or under any regulations adopted pursuant to those regulations, unless other rules are laid down by those regulations:

(a)
regulations laying down the common organisation of markets in certain agricultural products:

Regulation (EC) No 104/2000 (fishery and aquaculture products),

Regulation (EC) No 1234/2007 (Single CMO Regulation);

(b)
Regulation (EC) No 73/2009 (direct support schemes);

(c)
Regulation (EC) No 1216/2009 (trade arrangements applicable to certain goods resulting from the processing of agricultural products).",,
eurlex,http://data.europa.eu/eli/reg_impl/2012/282/art_1/oj,32012R0282,32012R0282,False,no_refs,comparison,True,completed,,1,1,1,0,24,24,12,12,blocking,How does the coverage of the common securities rules compare between regulations laying down the common organisation of markets in certain agricultural products and Regulation (EC) No 73/2009 (direct support schemes)?,"This Regulation lays down the rules governing securities to be provided, either under the following regulations or under any regulations adopted pursuant to those regulations, unless other rules are laid down by those regulations:

(a)
regulations laying down the common organisation of markets in certain agricultural products:

Regulation (EC) No 104/2000 (fishery and aquaculture products),

Regulation (EC) No 1234/2007 (Single CMO Regulation);

(b)
Regulation (EC) No 73/2009 (direct support schemes);",,
eurlex,http://data.europa.eu/eli/reg_impl/2012/282/art_1/oj,32012R0282,32012R0282,False,no_refs,claim_verification,True,completed,,1,1,1,1,30,30,14,16,clear,"Can the claim that the common rules govern securities provided under regulations concerning agricultural-market organisation, direct support schemes and trade arrangements for certain processed agricultural goods, unless those regulations lay down different rules, be verified?","This Regulation lays down the rules governing securities to be provided, either under the following regulations or under any regulations adopted pursuant to those regulations, unless other rules are laid down by those regulations:

(a)
regulations laying down the common organisation of markets in certain agricultural products:

Regulation (EC) No 104/2000 (fishery and aquaculture products),

Regulation (EC) No 1234/2007 (Single CMO Regulation);

(b)
Regulation (EC) No 73/2009 (direct support schemes);

(c)
Regulation (EC) No 1216/2009 (trade arrangements applicable to certain goods resulting from the processing of agricultural products).",30,
eurlex,http://data.europa.eu/eli/reg_impl/2012/282/art_1/oj,32012R0282,32012R0282,False,no_refs,source_finding,True,completed,,1,1,1,1,32,32,15,17,clear,"Which EU provision establishes the rules governing securities required under agricultural-market, direct-support and processed-agricultural-goods regimes?",Article 1 — Commission Implementing Regulation (EU) No 282/2012,32,
eurlex,http://data.europa.eu/eli/reg_impl/2012/1081/art_10/oj,32012R1081,32012R1081,False,no_refs,fact_pattern,True,completed,,3,3,3,3,34,36,15,21,minor_issues,A private museum owns a sculpture that it intends to export temporarily from the Union repeatedly for exhibitions in several third countries under a specific open licence. What is the longest period for which the licence may be valid?,five years,36,
eurlex,http://data.europa.eu/eli/reg_impl/2012/1081/art_10/oj,32012R1081,32012R1081,False,no_refs,lookup,True,completed,,3,3,3,3,35.333333333333336,37,15,22,clear,What is the maximum validity period for specific open licences?,five years,37,
eurlex,http://data.europa.eu/eli/reg_impl/2012/1081/art_10/oj,32012R1081,32012R1081,False,no_refs,conceptual,True,completed,,2,2,2,2,35,38,15,23,clear,What safeguards must authorities require before issuing a specific open licence for the regular temporary export of a cultural good to a third country?,A licence may only be issued provided the authorities are convinced that the person or organisation concerned offers all the guarantees considered necessary for the good to be returned in good condition to the Union and that the good can be so described or marked that there will be no doubt at the moment of temporary export that the good being exported is that described in the specific open licence.,38,
eurlex,http://data.europa.eu/eli/reg_impl/2012/1081/art_10/oj,32012R1081,32012R1081,False,no_refs,comparison,True,completed,,1,1,1,0,22,22,10,12,blocking,How are the conditions for specific open licences applied to a person and an organisation using or exhibiting a cultural good temporarily outside the Union?,"Specific open licences may be issued for a specific cultural good which is liable to be temporarily exported from the Union on a regular basis for use and/or exhibition in a third country. The cultural good must be owned by, or be in the legitimate possession of, the particular person or organisation that uses and/or exhibits the good.

A licence may only be issued provided the authorities are convinced that the person or organisation concerned offers all the guarantees considered necessary for the good to be returned in good condition to the Union and that the good can be so described or marked that there will be no doubt at the moment of temporary export that the good being exported is that described in the specific open licence.

A licence may not be valid for a period that exceeds five years.",,
eurlex,http://data.europa.eu/eli/reg_impl/2012/1081/art_10/oj,32012R1081,32012R1081,False,no_refs,claim_verification,True,completed,,3,3,3,3,32,35,15,20,clear,Is it accurate that a specific open licence may be issued only when the authorities are convinced that the person or organisation provides the necessary guarantees for the cultural good's return to the Union in good condition and that the good can be described or marked so its identity is certain at temporary export?,A licence may only be issued provided the authorities are convinced that the person or organisation concerned offers all the guarantees considered necessary for the good to be returned in good condition to the Union and that the good can be so described or marked that there will be no doubt at the moment of temporary export that the good being exported is that described in the specific open licence.,35,
eurlex,http://data.europa.eu/eli/reg_impl/2012/1081/art_10/oj,32012R1081,32012R1081,False,no_refs,source_finding,True,completed,,1,1,1,1,36,36,15,21,clear,"Which EU provision allows specific open licences for cultural goods regularly temporarily exported from the Union for use or exhibition in a third country, where the goods are owned or legitimately possessed by the person or organisation using or exhibiting them?",Article 10 — Commission Implementing Regulation (EU) No 1081/2012,36,
eurlex,http://data.europa.eu/eli/reg/2006/1906/art_50/oj,32006R1906,32006R1906,False,no_refs,fact_pattern,True,completed,,3,3,3,2,32.666666666666664,35,14,21,minor_issues,"A participant in an indirect action wants to request access rights after the action ended on 30 June 2026, and no different time-limit has been agreed. By when may the request be made?",up to one year after ... the end of the indirect action,35,
eurlex,http://data.europa.eu/eli/reg/2006/1906/art_50/oj,32006R1906,32006R1906,False,no_refs,lookup,True,completed,,3,3,3,3,34.666666666666664,37,15,22,clear,On what basis must RTD performers grant access to background needed to use foreground generated in the indirect action?,"RTD performers shall grant access on a royalty-free basis, or on fair and reasonable conditions to be agreed prior to the signing of the grant agreement",37,
eurlex,http://data.europa.eu/eli/reg/2006/1906/art_50/oj,32006R1906,32006R1906,False,no_refs,conceptual,True,completed,,3,3,3,3,34.333333333333336,38,15,23,clear,How may an RTD performer obtain access to foreground for pursuing further research activities in a collaborative EU research action?,"Subject to the agreement of all the owners concerned, access rights to foreground shall be granted to a RTD performer, on fair and reasonable conditions to be agreed, for the purposes of pursuing further research activities.",38,
eurlex,http://data.europa.eu/eli/reg/2006/1906/art_50/oj,32006R1906,32006R1906,False,no_refs,comparison,True,completed,,1,1,1,1,33,33,15,18,minor_issues,How are access rights to foreground and access rights to background treated for participants in the same indirect action when needed to use their own foreground?,"1. Participants in the same indirect action shall enjoy access rights to foreground, if it is needed to use their own foreground.Subject to agreement, such access rights shall be granted either under fair and reasonable conditions or be royalty-free.

2. Participants in the same indirect action shall enjoy access rights to background, if it is needed to use their own foreground provided that the participant concerned is entitled to grant them.Subject to agreement, such access rights shall be granted either under fair and reasonable conditions or be royalty-free.",33,
eurlex,http://data.europa.eu/eli/reg/2006/1906/art_50/oj,32006R1906,32006R1906,False,no_refs,claim_verification,True,completed,,3,3,3,3,33,34,14,20,minor_issues,"Is it accurate that a request for access rights may be made up to one year after the end of the indirect action or termination of participation by the owner of the relevant background or foreground, unless the participants agree on a different time-limit?","A request for access rights under paragraphs 1, 2 and 3 may be made up to one year after either of the following events:

(a)
the end of the indirect action;

(b)
termination of participation by the owner of the background or foreground concerned.
However, the participants concerned may agree on a different time-limit.",34,
eurlex,http://data.europa.eu/eli/reg/2006/1906/art_50/oj,32006R1906,32006R1906,False,no_refs,source_finding,True,completed,,1,1,1,1,36,36,15,21,clear,"Which EU provision gives participants in the same indirect action access to foreground when needed to use their own foreground, under fair and reasonable conditions or free of royalties by agreement?",Article 50 — Regulation (EC) No 1906/2006,36,
eurlex,http://data.europa.eu/eli/reg/2007/520/art_24/oj,32007R0520,32007R0520,False,no_refs,fact_pattern,True,completed,,3,3,3,3,32.333333333333336,33,15,18,minor_issues,A national fisheries authority is compiling its country's submission for a vessel flying its flag with a load capacity of 500 metric tonnes that has applied for a DML covering the entire next calendar year. By when must the authority send the relevant vessel list to the Commission?,before 15 September each year,33,
eurlex,http://data.europa.eu/eli/reg/2007/520/art_24/oj,32007R0520,32007R0520,False,no_refs,lookup,True,completed,,3,3,3,3,35.666666666666664,37,15,22,clear,What is the annual deadline for Member States to send the Commission information on requests for DMLs by vessels flying their flag?,before 15 September each year,37,
eurlex,http://data.europa.eu/eli/reg/2007/520/art_24/oj,32007R0520,32007R0520,False,no_refs,conceptual,True,completed,,1,1,1,1,34,34,15,19,clear,How must Member States document dolphin-protection readiness for vessels requesting DMLs?,"for each vessel requesting a DML, a certificate stating that the vessel has all the proper gears and equipment to protect dolphins and that its captain has completed an approved training course on rescuing and releasing dolphins;",34,
eurlex,http://data.europa.eu/eli/reg/2007/520/art_24/oj,32007R0520,32007R0520,False,no_refs,comparison,True,completed,,1,1,1,0,27,27,14,13,blocking,How do the annual reporting requirements differ for vessels flying a Member State's flag that applied for a DML for the whole of the following year and vessels flying a Member State's flag that applied for a DML for the first or second half of the following year?,"Member States shall send the Commission before 15 September each year:

(a)
a list of vessels flying their flag with a load capacity greater than 363 metric tonnes (400 net tonnes) which have applied for a DML for the whole of the following year;

(b)
a list of vessels flying their flag with a load capacity greater than 363 metric tonnes (400 net tonnes) which have applied for a DML for the first or second half of the following year;",,
eurlex,http://data.europa.eu/eli/reg/2007/520/art_24/oj,32007R0520,32007R0520,False,no_refs,claim_verification,True,completed,,3,3,3,3,31,34,15,19,minor_issues,"Is it accurate that, for each vessel requesting a DML, Member States must provide a certificate covering the vessel’s dolphin-protection equipment and the captain’s approved training in rescuing and releasing dolphins?","for each vessel requesting a DML, a certificate stating that the vessel has all the proper gears and equipment to protect dolphins and that its captain has completed an approved training course on rescuing and releasing dolphins;",34,
eurlex,http://data.europa.eu/eli/reg/2007/520/art_24/oj,32007R0520,32007R0520,False,no_refs,source_finding,True,completed,,1,1,1,1,33,33,14,19,minor_issues,"Which EU provision requires Member States to notify the Commission before 15 September each year about vessels seeking dolphin-mortality-limit documents, including their capacity, equipment, crew training and likely operations in the area?",Article 24 — Council Regulation (EC) No 520/2007,33,
eurlex,http://data.europa.eu/eli/dir/2005/9/art_2/oj,32005L0009,32005L0009,False,no_refs,fact_pattern,True,no_candidates,,0,0,0,0,,,,,,,,,Transposition and notification provisions only
eurlex,http://data.europa.eu/eli/dir/2005/9/art_2/oj,32005L0009,32005L0009,False,no_refs,lookup,True,no_candidates,,0,0,0,0,,,,,,,,,boilerplate clause only
eurlex,http://data.europa.eu/eli/dir/2005/9/art_2/oj,32005L0009,32005L0009,False,no_refs,conceptual,True,no_candidates,,0,0,0,0,,,,,,,,,"The article contains only standard transposition, publication-reference, and notification obligations without a substantive regulatory mechanism."
eurlex,http://data.europa.eu/eli/dir/2005/9/art_2/oj,32005L0009,32005L0009,False,no_refs,comparison,True,completed,,1,1,1,0,28,28,13,15,repair,"How are the communication requirements to the Commission framed for laws, regulations and administrative provisions necessary to comply with the cosmetic-products directive and the main provisions of national law adopted in the field it covers?","1. Member States shall bring into force the laws, regulations and administrative provisions necessary to comply with this Directive by 28 July 2005 at the latest. They shall forthwith communicate to the Commission the text of those provisions and a correlation table between those provisions and this Directive.When Member States adopt those provisions, they shall contain a reference to this Directive or be accompanied by such a reference on the occasion of their official publication. Member States shall determine how such reference is to be made.

2. Member States shall communicate to the Commission the text of the main provisions of the national law which they adopt in the field covered by this Directive.",,
eurlex,http://data.europa.eu/eli/dir/2005/9/art_2/oj,32005L0009,32005L0009,False,no_refs,claim_verification,True,completed,,3,3,3,1,31.666666666666668,32,15,17,clear,"Can the claim that Member States had to bring into force the necessary national laws, regulations and administrative provisions for the amending directive on cosmetic products by 28 July 2005 at the latest be verified?","Member States shall bring into force the laws, regulations and administrative provisions necessary to comply with this Directive by 28 July 2005 at the latest.",32,
eurlex,http://data.europa.eu/eli/dir/2005/9/art_2/oj,32005L0009,32005L0009,False,no_refs,source_finding,True,completed,,1,1,1,1,30,30,15,15,minor_issues,"Which EU provision requires Member States to bring the necessary national laws, regulations and administrative provisions into force by 28 July 2005 and communicate their text and a correlation table to the Commission?",Article 2 — Commission Directive 2005/9/EC,30,
eurlex,http://data.europa.eu/eli/reg/2014/788/art_20/oj,32014R0788,32014R0788,False,no_refs,fact_pattern,True,completed,,3,3,3,2,34,37,15,22,clear,A recognised organisation has been fined by a Commission decision concerning its ship inspection and survey activities. Which public bodies must also receive notification of the decision for information?,the European Maritime Safety Agency and the Member States,37,
eurlex,http://data.europa.eu/eli/reg/2014/788/art_20/oj,32014R0788,32014R0788,False,no_refs,lookup,True,completed,,3,3,3,0,31.333333333333332,33,15,18,blocking,Which bodies must the Commission notify for information of a decision concerning a recognised organisation?,The Commission shall notify its decision to the European Maritime Safety Agency and to the Member States for information.,,
eurlex,http://data.europa.eu/eli/reg/2014/788/art_20/oj,32014R0788,32014R0788,False,no_refs,conceptual,True,completed,,3,3,3,3,32.666666666666664,35,15,20,clear,"When may the Commission make a decision on a recognised ship inspection and survey organisation public, and what interests must it consider when doing so?","When justified, in particular on grounds of safety or protection of the environment, the Commission may make its decision public. When publishing details of its decision or informing the Member States, the Commission shall have regard to the legitimate interests of the recognised organisation concerned and other interested persons.",35,
eurlex,http://data.europa.eu/eli/reg/2014/788/art_20/oj,32014R0788,32014R0788,False,no_refs,comparison,True,completed,,1,1,1,0,31,31,14,17,repair,How does the Commission communicate with the recognised organisation concerned and the European Maritime Safety Agency under the rules on fines and periodic penalty payments for ship inspection and survey organisations?,The Commission shall inform the recognised organisation concerned of the judicial remedies available to it. The Commission shall notify its decision to the European Maritime Safety Agency and to the Member States for information.,,
eurlex,http://data.europa.eu/eli/reg/2014/788/art_20/oj,32014R0788,32014R0788,False,no_refs,claim_verification,True,completed,,3,3,3,0,26,26,15,11,blocking,Can the claim that the Commission must inform the recognised organisation concerned of the judicial remedies available to it be verified?,The Commission shall inform the recognised organisation concerned of the judicial remedies available to it.,,
eurlex,http://data.europa.eu/eli/reg/2014/788/art_20/oj,32014R0788,32014R0788,False,no_refs,source_finding,True,completed,,1,1,1,1,33,33,14,19,clear,"Which EU provision governs informing a recognised ship inspection and survey organisation about available judicial remedies, notifying the Commission’s decision to the European Maritime Safety Agency and Member States, and potentially making that decision public for safety or environmental reasons?",Article 20 — Commission Regulation (EU) No 788/2014,33,
eurlex,http://data.europa.eu/eli/reg/2011/333/art_2/oj,32011R0333,32011R0333,False,no_refs,fact_pattern,True,completed,,3,3,3,2,33.333333333333336,34,15,19,minor_issues,A legal entity is in possession of aluminium scrap at its recycling facility. Does it qualify as a holder of scrap metal?,the natural or legal person who is in possession of scrap metal,34,
eurlex,http://data.europa.eu/eli/reg/2011/333/art_2/oj,32011R0333,32011R0333,False,no_refs,lookup,True,completed,,3,3,3,3,35,36,15,21,clear,What does a visual inspection of scrap metal encompass?,inspection of scrap metal covering all parts of a consignment and using human senses or any non-specialised equipment,36,
eurlex,http://data.europa.eu/eli/reg/2011/333/art_2/oj,32011R0333,32011R0333,False,no_refs,conceptual,True,completed,,1,1,1,1,33,33,15,18,clear,How do EU end-of-waste rules for scrap metal distinguish the holder of scrap metal from the producer when the material is first transferred after ceasing to be waste?,"‘holder’ means the natural or legal person who is in possession of scrap metal;
‘producer’ means the holder who transfers scrap metal to another holder for the first time as scrap metal which has ceased to be waste;",33,
eurlex,http://data.europa.eu/eli/reg/2011/333/art_2/oj,32011R0333,32011R0333,False,no_refs,comparison,True,completed,,1,1,1,1,35,35,15,20,clear,How are iron and steel scrap and aluminium scrap distinguished by their main material composition under the rules for when scrap metal ceases to be waste?,"(a)
‘iron and steel scrap’ means scrap metal which consists mainly of iron and steel;

(b)
‘aluminium scrap’ means scrap metal which consists mainly of aluminium and aluminium alloy;",35,
eurlex,http://data.europa.eu/eli/reg/2011/333/art_2/oj,32011R0333,32011R0333,False,no_refs,claim_verification,True,completed,,3,3,3,3,28.666666666666668,29,15,14,minor_issues,Can the claim that a visual inspection of scrap metal covers all parts of a consignment and uses human senses or non-specialised equipment be verified under the scrap-metal definitions?,‘visual inspection’ means inspection of scrap metal covering all parts of a consignment and using human senses or any non-specialised equipment;,29,
eurlex,http://data.europa.eu/eli/reg/2011/333/art_2/oj,32011R0333,32011R0333,False,no_refs,source_finding,True,completed,,1,1,1,1,36,36,15,21,clear,"Which EU provision defines a consignment of scrap metal as a batch intended for delivery from a producer to another holder, potentially in multiple transport units?",Article 2 — Council Regulation (EU) No 333/2011,36,
eurlex,http://data.europa.eu/eli/dir/2014/65/art_36/oj,32014L0065,32014L0065,False,no_refs,fact_pattern,True,completed,,3,3,3,3,35.666666666666664,38,15,23,clear,A Dutch investment firm authorised to execute client orders is exercising its access rights on a regulated market established in Belgium. The Belgian authority is considering imposing an additional administrative requirement concerning that market access. May it do so?,"Member States shall not impose any additional regulatory or administrative requirements, in respect of matters covered by this Directive, on investment firms exercising the right conferred by paragraph 1",38,
eurlex,http://data.europa.eu/eli/dir/2014/65/art_36/oj,32014L0065,32014L0065,False,no_refs,lookup,True,completed,,3,3,3,3,36.666666666666664,38,15,23,clear,Which arrangements must Member States permit investment firms from other Member States to use when accessing regulated markets established in their territory?,"directly, by setting up branches in the host Member States; by becoming remote members of or having remote access to the regulated market without having to be established in the home Member State of the regulated market, where the trading procedures and systems of the market in question do not require a physical presence for conclusion of transactions on the market",38,
eurlex,http://data.europa.eu/eli/dir/2014/65/art_36/oj,32014L0065,32014L0065,False,no_refs,conceptual,True,completed,,2,2,2,2,31,32,14,18,clear,How must Member States enable investment firms from other Member States authorised to execute client orders or deal on own account to access regulated markets established in their territory?,"Member States shall require that investment firms from other Member States which are authorised to execute client orders or to deal on own account have the right of membership or have access to regulated markets established in their territory by means of any of the following arrangements:

(a)
directly, by setting up branches in the host Member States;

(b)
by becoming remote members of or having remote access to the regulated market without having to be established in the home Member State of the regulated market, where the trading procedures and systems of the market in question do not require a physical presence for conclusion of transactions on the market.",32,
eurlex,http://data.europa.eu/eli/dir/2014/65/art_36/oj,32014L0065,32014L0065,False,no_refs,comparison,True,completed,,1,1,1,1,29,29,14,15,minor_issues,"How are access arrangements to regulated markets structured for investment firms from other Member States authorised to execute client orders or deal on own account, comparing setting up branches in the host Member States with becoming remote members of or having remote access to the regulated market?","Member States shall require that investment firms from other Member States which are authorised to execute client orders or to deal on own account have the right of membership or have access to regulated markets established in their territory by means of any of the following arrangements:

(a)
directly, by setting up branches in the host Member States;

(b)
by becoming remote members of or having remote access to the regulated market without having to be established in the home Member State of the regulated market, where the trading procedures and systems of the market in question do not require a physical presence for conclusion of transactions on the market.",29,
eurlex,http://data.europa.eu/eli/dir/2014/65/art_36/oj,32014L0065,32014L0065,False,no_refs,claim_verification,True,completed,,3,3,3,3,30.666666666666668,33,15,18,minor_issues,"Can the claim that Member States may not impose additional regulatory or administrative requirements on investment firms exercising the right to access regulated markets, for matters covered by the EU investment-firm rules, be verified?","Member States shall not impose any additional regulatory or administrative requirements, in respect of matters covered by this Directive, on investment firms exercising the right conferred by paragraph 1.",33,
eurlex,http://data.europa.eu/eli/dir/2014/65/art_36/oj,32014L0065,32014L0065,False,no_refs,source_finding,True,completed,,1,1,1,1,36,36,15,21,clear,"Which EU provision gives investment firms from other Member States that are authorised to execute client orders or deal on own account the right of membership or access to regulated markets, including through remote access where no physical presence is required?",Article 36 — Directive 2014/65/EU,36,
eurlex,http://data.europa.eu/eli/reg_del/2013/811/art_1/oj,32013R0811,32013R0811,False,no_refs,fact_pattern,True,completed,,2,2,2,2,35,35,15,20,minor_issues,A manufacturer has a natural-gas space heater rated at 60 kW for domestic room heating. What rated heat-output limit applies to the energy-labelling and supplementary product-information requirements?,with a rated heat output ≤ 70 kW,35,
eurlex,http://data.europa.eu/eli/reg_del/2013/811/art_1/oj,32013R0811,32013R0811,False,no_refs,lookup,True,completed,,3,3,3,3,35,37,15,22,clear,What rated heat output limit applies to the energy-labelling requirements for space heaters and combination heaters?,≤ 70 kW,37,
eurlex,http://data.europa.eu/eli/reg_del/2013/811/art_1/oj,32013R0811,32013R0811,False,no_refs,conceptual,True,completed,,2,2,2,1,34,36,15,21,clear,Which types of heaters are outside the scope of the EU energy-labelling rules for space and combination heaters?,"This Regulation shall not apply to:

(a)
heaters specifically designed for using gaseous or liquid fuels predominantly produced from biomass;

(b)
heaters using solid fuels;

(c)
heaters within the scope of Directive 2010/75/EU of the European Parliament and of the Council;

(d)
heaters generating heat only for the purpose of providing hot drinking or sanitary water;

(e)
heaters for heating and distributing gaseous heat transfer media such as vapour or air;

(f)
cogeneration space heaters with a maximum electrical capacity of 50 kW or above.",36,
eurlex,http://data.europa.eu/eli/reg_del/2013/811/art_1/oj,32013R0811,32013R0811,False,no_refs,comparison,True,completed,,1,1,1,1,32,32,14,18,clear,How are energy-labelling requirements treated for space heaters and combination heaters with a rated heat output of 70 kW or less compared with heaters specifically designed to use gaseous or liquid fuels predominantly produced from biomass?,"This Regulation establishes requirements for the energy labelling of, and the provision of supplementary product information on, space heaters and combination heaters with a rated heat output ≤ 70 kW, packages of space heater ≤ 70 kW, temperature control and solar device and packages of combination heater ≤ 70 kW, temperature control and solar device. 2. This Regulation shall not apply to: (a) heaters specifically designed for using gaseous or liquid fuels predominantly produced from biomass;",32,
eurlex,http://data.europa.eu/eli/reg_del/2013/811/art_1/oj,32013R0811,32013R0811,False,no_refs,claim_verification,True,completed,,3,3,3,2,32,37,15,22,clear,Is it accurate that heaters using solid fuels are excluded from the scope of the energy-labelling rules for space heaters and combination heaters?,"This Regulation shall not apply to:

(b)
heaters using solid fuels;",37,
eurlex,http://data.europa.eu/eli/reg_del/2013/811/art_1/oj,32013R0811,32013R0811,False,no_refs,source_finding,True,completed,,1,1,1,1,36,36,15,21,clear,"Which EU provision establishes energy-labelling and supplementary product-information requirements for space heaters and combination heaters with a rated heat output of no more than 70 kW, including specified packages and solar devices?",Article 1 — Commission Delegated Regulation (EU) No 811/2013,36,
eurlex,http://data.europa.eu/eli/reg/2009/1072/art_1/oj,32009R1072,32009R1072,False,no_refs,fact_pattern,True,completed,,3,3,3,3,36.666666666666664,39,15,24,clear,"A Croatian haulier is paid to carry goods from Germany to Switzerland, travelling through Austria, and no agreement with Switzerland has been concluded. Which parts of the journey are covered by the EU road-haulage regime?","In the event of carriage from a Member State to a third country and vice versa, this Regulation shall apply to the part of the journey on the territory of any Member State crossed in transit. It shall not apply to that part of the journey on the territory of the Member State of loading or unloading, as long as the necessary agreement between the Community and the third country concerned has not been concluded.",39,
eurlex,http://data.europa.eu/eli/reg/2009/1072/art_1/oj,32009R1072,32009R1072,False,no_refs,lookup,True,completed,,3,3,3,3,34.666666666666664,38,15,23,clear,Which conditions must be met for carriage of goods in motor vehicles for an undertaking's own requirements to be exempt from a Community licence and any carriage authorisation under the EU road haulage access regime?,"provided the following conditions are fulfilled:
(i) the goods carried are the property of the undertaking or have been sold, bought, let out on hire or hired, produced, extracted, processed or repaired by the undertaking;
(ii) the purpose of the journey is to carry the goods to or from the undertaking or to move them, either inside or outside the undertaking for its own requirements;
(iii) motor vehicles used for such carriage are driven by personnel employed by, or put at the disposal of, the undertaking under a contractual obligation;
(iv) the vehicles carrying the goods are owned by the undertaking, have been bought by it on deferred terms or have been hired provided that in the latter case they meet the conditions of Directive 2006/1/EC of the European Parliament and of the Council of 18 January 2006 on the use of vehicles hired without drivers for the carriage of goods by road; and
(v) such carriage is no more than ancillary to the overall activities of the undertaking;",38,
eurlex,http://data.europa.eu/eli/reg/2009/1072/art_1/oj,32009R1072,32009R1072,False,no_refs,conceptual,True,completed,,3,3,3,2,33.333333333333336,34,14,20,clear,How does the international road haulage regime apply to journeys between a Member State and a third country when no necessary agreement has been concluded?,"In the event of carriage from a Member State to a third country and vice versa, this Regulation shall apply to the part of the journey on the territory of any Member State crossed in transit. It shall not apply to that part of the journey on the territory of the Member State of loading or unloading, as long as the necessary agreement between the Community and the third country concerned has not been concluded.

Pending the conclusion of the agreements referred to in paragraph 2, this Regulation shall not affect:

(a) provisions relating to the carriage from a Member State to a third country and vice versa included in bilateral agreements concluded by Member States with those third countries;

(b) provisions relating to the carriage from a Member State to a third country and vice versa included in bilateral agreements concluded between Member States which, under either bilateral authorisations or liberalisation arrangements, allow loading and unloading in a Member State by hauliers not established in that Member State.",34,
eurlex,http://data.europa.eu/eli/reg/2009/1072/art_1/oj,32009R1072,32009R1072,False,no_refs,comparison,True,completed,,1,1,1,1,33,33,15,18,clear,How are the part of the journey on the territory of any Member State crossed in transit and that part of the journey on the territory of the Member State of loading or unloading treated under the international road haulage rules when carriage runs between a Member State and a third country?,"In the event of carriage from a Member State to a third country and vice versa, this Regulation shall apply to the part of the journey on the territory of any Member State crossed in transit. It shall not apply to that part of the journey on the territory of the Member State of loading or unloading, as long as the necessary agreement between the Community and the third country concerned has not been concluded.",33,
eurlex,http://data.europa.eu/eli/reg/2009/1072/art_1/oj,32009R1072,32009R1072,False,no_refs,claim_verification,True,completed,,3,3,3,3,31.333333333333332,35,15,20,clear,"Is it accurate that, before the necessary agreement with the third country has been concluded, the common EU rules apply to the part of a journey in the Member State where the goods are loaded or unloaded when goods are carried from a Member State to a third country or vice versa?","It shall not apply to that part of the journey on the territory of the Member State of loading or unloading, as long as the necessary agreement between the Community and the third country concerned has not been concluded.",35,
eurlex,http://data.europa.eu/eli/reg/2009/1072/art_1/oj,32009R1072,32009R1072,False,no_refs,source_finding,True,completed,,1,1,1,0,34,34,14,20,repair,"Which EU provision exempts specified goods road transport and related unladen journeys from requiring a Community licence or any carriage authorisation, including transport of mail, damaged vehicles, light loads, certain own-account goods and emergency medical supplies?",Article 1 — Regulation (EC) No 1072/2009,,
eurlex,http://data.europa.eu/eli/reg/2005/1572/art_4/oj,32005R1572,32005R1572,False,no_refs,fact_pattern,True,completed,,3,3,3,3,36,39,15,24,clear,A grain trader is preparing its first tender for the resale on the Spanish market of rye held by the German intervention agency. By what date and time must it submit the tender?,at 15.00 (Brussels time) on 5 October 2005,39,
eurlex,http://data.europa.eu/eli/reg/2005/1572/art_4/oj,32005R1572,32005R1572,False,no_refs,lookup,True,completed,,3,3,3,3,36.666666666666664,39,15,24,clear,Where must tenders for the resale on the Spanish market of rye held by the German intervention agency be lodged?,"with the German intervention agency:

Bundesanstalt für Landwirtschaft und Ernährung (BLE)

Deichmannsaue 29

D-53179 Bonn

Fax 1: (49-228) 6845 3985

Fax 2: (49-228) 6845 3276",39,
eurlex,http://data.europa.eu/eli/reg/2005/1572/art_4/oj,32005R1572,32005R1572,False,no_refs,conceptual,True,completed,,1,1,1,1,32,32,15,17,clear,"How does the standing tender for the resale of intervention-held rye on the Spanish market structure the timetable for submitting tenders, including skipped weeks and the final round?","The first partial invitation to tender shall expire at 15.00 (Brussels time) on 5 October 2005. The closing dates for the submission of tenders for subsequent partial invitations to tender shall be each Wednesday at 15.00 (Brussels time), with the exception of 2 November 2005, 28 December 2005, 12 April 2006, 24 May 2006 and 14 June 2006, there being no invitation to tender in the weeks concerned. The closing date for the submission of tenders for the last partial invitation to tender shall be 28 June 2006 at 15.00 (Brussels time).",32,
eurlex,http://data.europa.eu/eli/reg/2005/1572/art_4/oj,32005R1572,32005R1572,False,no_refs,comparison,True,completed,,1,1,1,1,32,32,14,18,clear,How are the closing dates for submission of tenders set for the first partial invitation to tender and subsequent partial invitations to tender for the resale of rye on the Spanish market?,"The first partial invitation to tender shall expire at 15.00 (Brussels time) on 5 October 2005.The closing dates for the submission of tenders for subsequent partial invitations to tender shall be each Wednesday at 15.00 (Brussels time), with the exception of 2 November 2005, 28 December 2005, 12 April 2006, 24 May 2006 and 14 June 2006, there being no invitation to tender in the weeks concerned.The closing date for the submission of tenders for the last partial invitation to tender shall be 28 June 2006 at 15.00 (Brussels time).",32,
eurlex,http://data.europa.eu/eli/reg/2005/1572/art_4/oj,32005R1572,32005R1572,False,no_refs,claim_verification,True,completed,,2,2,2,2,32,33,14,19,clear,Is it accurate that tenders for the standing invitation to tender for the resale of rye on the Spanish market must be lodged with the German intervention agency at the Bundesanstalt für Landwirtschaft und Ernährung in Bonn?,"Tenders must be lodged with the German intervention agency:

Bundesanstalt für Landwirtschaft und Ernährung (BLE)

Deichmannsaue 29

D-53179 Bonn

Fax 1: (49-228) 6845 3985

Fax 2: (49-228) 6845 3276
.",33,
eurlex,http://data.europa.eu/eli/reg/2005/1572/art_4/oj,32005R1572,32005R1572,False,no_refs,source_finding,True,completed,,1,1,1,1,37,37,15,22,clear,"Which EU provision sets the timetable for successive partial invitations to tender for the resale of rye held by a national intervention agency, including the final closing date in June 2006?",Article 4 — Commission Regulation (EC) No 1572/2005,37,
eurlex,http://data.europa.eu/eli/reg/2013/1290/art_57/oj,32013R1290,32013R1290,False,no_refs,fact_pattern,True,completed,,2,2,2,1,31.5,32,15,17,minor_issues,A participant in an action under the preceding EU research framework signs a grant agreement on 15 January 2014 and is covered by the participant Guarantee Fund. What must the participant do regarding its contribution to the Fund?,The participants in actions under Decision No 1982/2006/EC signing grant agreements after 31 December 2013 shall make their contribution to the Fund.,32,
eurlex,http://data.europa.eu/eli/reg/2013/1290/art_57/oj,32013R1290,32013R1290,False,no_refs,lookup,True,completed,,3,3,3,1,32,34,15,19,clear,"What happens to sums from the participant Guarantee Fund, together with its rights and obligations, at the transition to Horizon 2020?",Any sums from the participant Guarantee Fund set up by Regulation (EC) No 1906/2006 as well as all its rights and obligations shall be transferred to the Fund as of 31 December 2013.,34,
eurlex,http://data.europa.eu/eli/reg/2013/1290/art_57/oj,32013R1290,32013R1290,False,no_refs,conceptual,True,completed,,2,2,2,2,34.5,35,15,20,clear,How are the participant Guarantee Fund and participant contributions handled during the transition from the predecessor EU research programme to Horizon 2020?,Any sums from the participant Guarantee Fund set up by Regulation (EC) No 1906/2006 as well as all its rights and obligations shall be transferred to the Fund as of 31 December 2013. The participants in actions under Decision No 1982/2006/EC signing grant agreements after 31 December 2013 shall make their contribution to the Fund.,35,
eurlex,http://data.europa.eu/eli/reg/2013/1290/art_57/oj,32013R1290,32013R1290,False,no_refs,comparison,True,completed,,1,1,1,0,25,25,15,10,blocking,How does the transition treat sums from the participant Guarantee Fund and all its rights and obligations?,Any sums from the participant Guarantee Fund set up by Regulation (EC) No 1906/2006 as well as all its rights and obligations shall be transferred to the Fund as of 31 December 2013.,,
eurlex,http://data.europa.eu/eli/reg/2013/1290/art_57/oj,32013R1290,32013R1290,False,no_refs,claim_verification,True,completed,,3,3,3,2,30.333333333333332,34,15,19,clear,Can the claim that Regulation (EC) No 1906/2006 was repealed with effect from 1 January 2014 be verified?,Regulation (EC) No 1906/2006 is repealed with effect from 1 January 2014.,34,
eurlex,http://data.europa.eu/eli/reg/2013/1290/art_57/oj,32013R1290,32013R1290,False,no_refs,source_finding,True,completed,,1,1,1,0,31,31,15,16,blocking,Which EU provision sets out the transitional treatment under which actions continue until closure and the legislation governing their financial assistance remains applicable?,Article 57 — Regulation (EU) No 1290/2013,,
eurlex,http://data.europa.eu/eli/reg/2013/1381/art_5/oj,32013R1381,32013R1381,False,no_refs,fact_pattern,True,completed,,3,3,3,3,34.666666666666664,36,15,21,minor_issues,"An NGO applying for funding under an EU rights, equality and citizenship programme proposes to collect data on discrimination and develop common indicators. What type of action does this proposal represent?",analytical activities,36,
eurlex,http://data.europa.eu/eli/reg/2013/1381/art_5/oj,32013R1381,32013R1381,False,no_refs,lookup,True,completed,,3,3,3,3,36,37,15,22,clear,"What must beneficiaries do to ensure an inclusive perspective in actions financed by the Rights, Equality and Citizenship Programme?",beneficiaries shall encourage the participation of relevant target groups in actions financed by the Programme,37,
eurlex,http://data.europa.eu/eli/reg/2013/1381/art_5/oj,32013R1381,32013R1381,False,no_refs,conceptual,True,completed,,3,3,3,3,32,32,15,17,minor_issues,"How must beneficiaries involve relevant target groups in actions financed by the Rights, Equality and Citizenship Programme to ensure an inclusive perspective?","In order to ensure an inclusive perspective, beneficiaries shall encourage the participation of relevant target groups in actions financed by the Programme.",32,
eurlex,http://data.europa.eu/eli/reg/2013/1381/art_5/oj,32013R1381,32013R1381,False,no_refs,comparison,True,completed,,1,1,1,0,29,29,14,15,blocking,How does the Programme distinguish analytical activities from training activities among the actions it finances?,"The Programme shall finance inter alia the following types of actions: (a) analytical activities, such as the collection of data and statistics; the development of common methodologies and, where appropriate, indicators or benchmarks; studies, researches, analyses and surveys; evaluations; the elaboration and publication of guides, reports and educational material; workshops, seminars, experts' meetings and conferences; (b) training activities, such as staff exchanges, workshops, seminars, train-the-trainer events and the development of online training tools or other training modules;",,
eurlex,http://data.europa.eu/eli/reg/2013/1381/art_5/oj,32013R1381,32013R1381,False,no_refs,claim_verification,True,completed,,3,3,3,3,33.333333333333336,37,15,22,clear,"Is it accurate that beneficiaries must encourage relevant target groups to participate in actions financed by the Rights, Equality and Citizenship Programme?","In order to ensure an inclusive perspective, beneficiaries shall encourage the participation of relevant target groups in actions financed by the Programme.",37,
eurlex,http://data.europa.eu/eli/reg/2013/1381/art_5/oj,32013R1381,32013R1381,False,no_refs,source_finding,True,completed,,1,1,1,0,30,30,14,16,blocking,"Which EU provision lists the types of actions financed by a programme, including analytical, training, mutual-learning, cooperation, awareness-raising, dissemination and support activities?",Regulation (EU) No 1381/2013 — Article 5,,
eurlex,http://data.europa.eu/eli/reg/2007/1386/art_55/oj,32007R1386,32007R1386,False,one_ref,fact_pattern,True,completed,,2,2,2,2,30,30,15,15,minor_issues,A fishing vessel flying the flag of a Member State is suspected of a serious infringement and arrives at a designated port after being re-routed. An inspector from another Contracting Party wishes to attend. What inspection arrangements apply on arrival?,the vessel suspected of having committed a serious infringement shall undergo a thorough inspection under the authority of its flag Member State and in the presence of an inspector from any other Contracting Party which wishes to participate,30,
eurlex,http://data.europa.eu/eli/reg/2007/1386/art_55/oj,32007R1386,32007R1386,False,one_ref,lookup,True,completed,,3,3,3,0,33.333333333333336,34,15,19,blocking,What inspection must a vessel suspected of having committed a serious infringement undergo on arrival in a designated port?,a thorough inspection under the authority of its flag Member State and in the presence of an inspector from any other Contracting Party which wishes to participate,,
eurlex,http://data.europa.eu/eli/reg/2007/1386/art_55/oj,32007R1386,32007R1386,False,one_ref,conceptual,True,completed,,2,2,2,2,34,36,15,21,minor_issues,What must the flag Member State communicate to the Commission after the thorough port inspection of a vessel suspected of a serious infringement?,"The flag Member State shall inform the Commission promptly of the outcome of the thorough inspection and of the measures it has adopted as a result of the infringement, including measures taken to prevent a repetition of the infringement.",36,
eurlex,http://data.europa.eu/eli/reg/2007/1386/art_55/oj,32007R1386,32007R1386,False,one_ref,comparison,True,completed,,1,1,1,0,27,27,10,17,blocking,How does Article 55 allocate port-inspection and follow-up responsibilities between the flag Member State and an inspector from any other Contracting Party after a vessel is re-routed to port in the NAFO Regulatory Area?,"On arrival in the designated port, the vessel suspected of having committed a serious infringement shall undergo a thorough inspection under the authority of its flag Member State and in the presence of an inspector from any other Contracting Party which wishes to participate. The port inspection report in Annex XII shall be used.

2. The flag Member State shall inform the Commission promptly of the outcome of the thorough inspection and of the measures it has adopted as a result of the infringement, including measures taken to prevent a repetition of the infringement.",,
eurlex,http://data.europa.eu/eli/reg/2007/1386/art_55/oj,32007R1386,32007R1386,False,one_ref,claim_verification,True,completed,,3,3,3,2,29.666666666666668,34,14,20,minor_issues,Is it accurate that a vessel suspected of a serious infringement must be inspected in the presence of an inspector from another Contracting Party even when no such Contracting Party wishes to participate?,"On arrival in the designated port, the vessel suspected of having committed a serious infringement shall undergo a thorough inspection under the authority of its flag Member State and in the presence of an inspector from any other Contracting Party which wishes to participate.",34,
eurlex,http://data.europa.eu/eli/reg/2007/1386/art_55/oj,32007R1386,32007R1386,False,one_ref,source_finding,True,completed,,1,1,1,1,33,33,14,19,clear,"Which EU provision requires a vessel suspected of a serious infringement to undergo a thorough inspection on arrival at a designated port under the authority of its flag Member State, with participation by an inspector from another Contracting Party if requested?",Article 55 — Council Regulation (EC) No 1386/2007,33,
eurlex,http://data.europa.eu/eli/reg/2009/436/art_36/oj,32009R0436,32009R0436,False,one_ref,fact_pattern,True,completed,,3,3,3,1,35.333333333333336,36,15,21,clear,"A commercial wine distributor holds wine products at its premises, receives several batches from suppliers and dispatches batches to retailers. What registers must it keep for those products?",entry and withdrawal registers for those products,36,
eurlex,http://data.europa.eu/eli/reg/2009/436/art_36/oj,32009R0436,32009R0436,False,one_ref,lookup,True,completed,,3,3,3,3,33.333333333333336,37,15,22,clear,What evidence must wine-product register keepers be able to present for each register annotation?,"Those persons must also be able to present, for each annotation in the entry and withdrawal registers of products, a document which has accompanied the relevant consignment or any other supporting document, in particular a commercial document.",37,
eurlex,http://data.europa.eu/eli/reg/2009/436/art_36/oj,32009R0436,32009R0436,False,one_ref,conceptual,True,completed,,3,3,3,2,32,34,14,20,repair,What recordkeeping and documentary duties apply when wine products enter or leave premises or specified wine-making operations are carried out there?,"Persons required to keep registers shall record the entry and withdrawal of each batch of products as referred to in paragraph 1 to or from their premises, and such of the operations specified in Article 41(1) as are carried out on their premises. Those persons must also be able to present, for each annotation in the entry and withdrawal registers of products, a document which has accompanied the relevant consignment or any other supporting document, in particular a commercial document.",32,
eurlex,http://data.europa.eu/eli/reg/2009/436/art_36/oj,32009R0436,32009R0436,False,one_ref,comparison,True,completed,,1,1,1,1,32,32,15,17,minor_issues,"How are register-keeping requirements differentiated between Natural or legal persons and groups of persons who hold wine products, for whatever professional or commercial purposes and traders who do not hold stocks?","1. Natural or legal persons and groups of persons who hold wine products, for whatever professional or commercial purposes, shall be required to keep entry and withdrawal registers for those products, hereinafter called ‘registers’.

2. Member States may require traders who do not hold stocks to keep registers in accordance with the rules and procedures they shall specify.",32,
eurlex,http://data.europa.eu/eli/reg/2009/436/art_36/oj,32009R0436,32009R0436,False,one_ref,claim_verification,True,completed,,3,3,3,2,29.333333333333332,32,15,17,minor_issues,Is it accurate that Member States may require traders who do not hold stocks to keep registers under rules and procedures they specify?,Member States may require traders who do not hold stocks to keep registers in accordance with the rules and procedures they shall specify.,32,
eurlex,http://data.europa.eu/eli/reg/2009/436/art_36/oj,32009R0436,32009R0436,False,one_ref,source_finding,True,completed,,1,1,1,0,35,35,15,20,repair,Which EU provision requires professional or commercial holders of wine products to keep entry and withdrawal registers?,Article 36 — Commission Regulation (EC) No 436/2009,,
eurlex,http://data.europa.eu/eli/dir/2006/112/art_111/oj,32006L0112,32006L0112,False,one_ref,fact_pattern,True,completed,,2,2,2,2,33,34,15,19,minor_issues,A Finnish publisher supplies periodicals to readers by subscription. Is this supply among the categories listed for continued exemption with deductibility of VAT paid at the preceding stage?,by Finland in respect of the supply of newspapers and periodicals sold by subscription,34,
eurlex,http://data.europa.eu/eli/dir/2006/112/art_111/oj,32006L0112,32006L0112,False,one_ref,lookup,True,completed,,3,3,3,2,34.333333333333336,35,14,21,clear,Which supplies may Finland continue to cover by VAT exemptions with deductibility of the VAT paid at the preceding stage?,the supply of newspapers and periodicals sold by subscription and the printing of publications distributed to the members of corporations for the public good,35,
eurlex,http://data.europa.eu/eli/dir/2006/112/art_111/oj,32006L0112,32006L0112,False,one_ref,conceptual,True,completed,,2,2,2,0,28,28,13,15,blocking,"Under the transitional EU VAT rules, how may Finland continue granting exemptions with deductibility of the VAT paid at the preceding stage?","Member States which, at 1 January 1991, were granting exemptions with deductibility of the VAT paid at the preceding stage or applying reduced rates lower than the minimum laid down in Article 99 may continue to grant those exemptions or apply those reduced rates.

The exemptions and reduced rates referred to in the first paragraph must be in accordance with Community law and must have been adopted for clearly defined social reasons and for the benefit of the final consumer.

Subject to the conditions laid down in the second paragraph of Article 110, exemptions with deductibility of the VAT paid at the preceding stage may continue to be granted in the following cases:

(a)
by Finland in respect of the supply of newspapers and periodicals sold by subscription and the printing of publications distributed to the members of corporations for the public good;",,
eurlex,http://data.europa.eu/eli/dir/2006/112/art_111/oj,32006L0112,32006L0112,False,one_ref,comparison,True,completed,,1,1,1,1,28,28,10,18,minor_issues,How do the special VAT arrangements treat Finland and Sweden regarding supplies eligible for exemptions with deductibility of the VAT paid at the preceding stage?,"Subject to the conditions laid down in the second paragraph of Article 110, exemptions with deductibility of the VAT paid at the preceding stage may continue to be granted in the following cases:

(a)
by Finland in respect of the supply of newspapers and periodicals sold by subscription and the printing of publications distributed to the members of corporations for the public good;

(b)
by Sweden in respect of the supply of newspapers, including radio and cassette newspapers for the visually impaired, pharmaceutical products supplied to hospitals or on prescription, and the production of, or other related services concerning, periodicals of non-profit-making organisations.",28,
eurlex,http://data.europa.eu/eli/dir/2006/112/art_111/oj,32006L0112,32006L0112,False,one_ref,claim_verification,True,completed,,2,2,2,2,29,29,13,16,clear,Can the claim that Finland may continue to grant exemptions with deductibility of the VAT paid at the preceding stage for subscriptions to newspapers and periodicals and for printing publications distributed to members of corporations for the public good be verified?,"Subject to the conditions laid down in the second paragraph of Article 110, exemptions with deductibility of the VAT paid at the preceding stage may continue to be granted in the following cases:

(a)
by Finland in respect of the supply of newspapers and periodicals sold by subscription and the printing of publications distributed to the members of corporations for the public good;",29,
eurlex,http://data.europa.eu/eli/dir/2006/112/art_111/oj,32006L0112,32006L0112,False,one_ref,source_finding,True,completed,,1,1,1,1,35,35,15,20,clear,"Which EU provision allows Finland and Sweden to continue granting certain VAT exemptions with deductibility for specified newspapers, publications, pharmaceutical products and related services?",Council Directive 2006/112/EC — Article 111,35,
eurlex,http://data.europa.eu/eli/reg_del/2013/231/art_43/oj,32013R0231,32013R0231,False,one_ref,fact_pattern,True,completed,,3,3,3,2,35.666666666666664,39,15,24,clear,An AIFM pays its risk management staff bonuses calculated solely from the returns generated by its portfolio management business area. How must the remuneration of those staff be structured?,"the remuneration of those engaged in the performance of the risk management function reflects the achievement of the objectives linked to the risk management function, independently of the performance of the business areas in which they are engaged",39,
eurlex,http://data.europa.eu/eli/reg_del/2013/231/art_43/oj,32013R0231,32013R0231,False,one_ref,lookup,True,completed,,3,3,3,3,35,37,15,22,clear,What must determine the remuneration of personnel performing an AIFM risk management function?,"the achievement of the objectives linked to the risk management function, independently of the performance of the business areas in which they are engaged",37,
eurlex,http://data.europa.eu/eli/reg_del/2013/231/art_43/oj,32013R0231,32013R0231,False,one_ref,conceptual,True,completed,,3,3,3,1,35,35,13,22,repair,What minimum safeguards against conflicts of interest must alternative investment fund managers maintain to preserve the independence of the risk management function?,"The safeguards against conflicts of interest referred to in Article 15(1) of Directive 2011/61/EU shall ensure, at least, that:

(a) decisions taken by the risk management function are based on reliable data, which are subject to an appropriate degree of control by the risk management function;

(b) the remuneration of those engaged in the performance of the risk management function reflects the achievement of the objectives linked to the risk management function, independently of the performance of the business areas in which they are engaged;

(c) the risk management function is subject to an appropriate independent review to ensure that decisions are being arrived at independently;

(d) the risk management function is represented in the governing body or the supervisory function, where it has been established, at least with the same authority as the portfolio management function;

(e) any conflicting duties are properly segregated.",35,
eurlex,http://data.europa.eu/eli/reg_del/2013/231/art_43/oj,32013R0231,32013R0231,False,one_ref,comparison,True,completed,,3,3,3,1,28.333333333333332,34,15,19,clear,How does the authority of the risk management function compare with that of the portfolio management function in the governing body or supervisory function?,"the risk management function is represented in the governing body or the supervisory function, where it has been established, at least with the same authority as the portfolio management function;",34,
eurlex,http://data.europa.eu/eli/reg_del/2013/231/art_43/oj,32013R0231,32013R0231,False,one_ref,claim_verification,True,completed,,3,3,3,3,31.666666666666668,33,14,19,minor_issues,"Is it accurate that, where proportionate to the AIFM's nature, scale and complexity, the performance of its risk management function must be reviewed regularly by internal audit or, if internal audit has not been established, by an external party appointed by the governing body?","Where proportionate, taking into account the nature, scale and complexity of the AIFM, the safeguards referred to in paragraph 1 shall also ensure that:

(a)
the performance of the risk management function is reviewed regularly by the internal audit function, or, if the latter has not been established, by an external party appointed by the governing body;",33,
eurlex,http://data.europa.eu/eli/reg_del/2013/231/art_43/oj,32013R0231,32013R0231,False,one_ref,source_finding,True,completed,,1,1,1,1,33,33,15,18,clear,Which EU provision establishes safeguards for conflicts of interest in AIFM risk management by requiring decisions to be based on reliable data subject to appropriate control?,Article 43 — Commission Delegated Regulation (EU) No 231/2013,33,
eurlex,http://data.europa.eu/eli/reg/2006/1083/art_47/oj,32006R1083,32006R1083,False,few_refs,fact_pattern,True,completed,,3,3,3,0,34.666666666666664,36,15,21,repair,A regional public authority is arranging an evaluation of an operational programme financed by the European Regional Development Fund. From which budget should the evaluation be financed?,the budget for technical assistance,,
eurlex,http://data.europa.eu/eli/reg/2006/1083/art_47/oj,32006R1083,32006R1083,False,few_refs,lookup,True,completed,,3,3,3,3,33,35,15,20,clear,When must evaluations of assistance from the Funds be carried out?,"before, during and after the programming period",35,
eurlex,http://data.europa.eu/eli/reg/2006/1083/art_47/oj,32006R1083,32006R1083,False,few_refs,conceptual,True,completed,,3,3,3,3,35.333333333333336,38,15,23,clear,What independence and publication safeguards apply to evaluations of EU cohesion policy programmes?,"Evaluations shall be carried out by experts or bodies, internal or external, functionally independent of the authorities referred to in Article 59(b) and (c). The results shall be published according to the applicable rules on access to documents.",38,
eurlex,http://data.europa.eu/eli/reg/2006/1083/art_47/oj,32006R1083,32006R1083,False,few_refs,comparison,True,completed,,1,1,1,1,35,35,15,20,clear,How are strategic evaluations and operational evaluations distinguished in the evaluation of assistance from the Funds?,"Evaluations may be of a strategic nature in order to examine the evolution of a programme or group of programmes in relation to Community and national priorities, or of an operational nature in order to support the monitoring of an operational programme.",35,
eurlex,http://data.europa.eu/eli/reg/2006/1083/art_47/oj,32006R1083,32006R1083,False,few_refs,claim_verification,True,completed,,3,3,3,3,31.666666666666668,33,15,18,clear,Is it accurate that evaluations under the Funds must be financed from the budget for technical assistance?,Evaluations shall be financed from the budget for technical assistance.,33,
eurlex,http://data.europa.eu/eli/reg/2006/1083/art_47/oj,32006R1083,32006R1083,False,few_refs,source_finding,True,completed,,3,3,3,3,36,37,15,22,clear,"Which EU provision distinguishes strategic evaluations from operational evaluations and requires evaluations before, during and after the programming period?",Council Regulation (EC) N o 1083/2006 — Article 47,37,
eurlex,http://data.europa.eu/eli/reg_impl/2014/181/art_5/oj,32014R0181,32014R0181,False,few_refs,fact_pattern,True,completed,,3,3,3,3,34.333333333333336,36,15,21,clear,A Greek operator applying for entry in the register intends to dispatch packaged agricultural products from the smaller Aegean islands to the rest of the Union and has a packaging plant on Lesbos. What must it declare or indicate?,declare their intention to engage in this activity and indicate the location of the packaging plant where applicable,36,
eurlex,http://data.europa.eu/eli/reg_impl/2014/181/art_5/oj,32014R0181,32014R0181,False,few_refs,lookup,True,completed,,3,3,3,3,34.666666666666664,36,15,21,clear,"When seeking entry in the register for the smaller Aegean islands' specific supply arrangements, what information must operators provide to the competent authorities on request?","all relevant information about their commercial activities, particularly regarding the prices and profit margins they practise",36,
eurlex,http://data.europa.eu/eli/reg_impl/2014/181/art_5/oj,32014R0181,32014R0181,False,few_refs,conceptual,True,completed,,3,3,3,1,32.333333333333336,34,15,19,clear,What conduct must operators entering the register avoid regarding artificial shortages and pricing under the smaller Aegean islands supply arrangements?,refrain from acting in any way likely to create artificial shortages of products and from marketing the available products at artificially low prices;,34,
eurlex,http://data.europa.eu/eli/reg_impl/2014/181/art_5/oj,32014R0181,32014R0181,False,few_refs,comparison,True,completed,,1,1,1,1,28,28,12,16,minor_issues,"How do the registration-related declaration requirements differ between operators intending to dispatch to the rest of the Union or export to third countries unprocessed, processed or packaged products and Processors intending to export to third countries or dispatch to the rest of the Union processed products?","2. Operators intending to dispatch to the rest of the Union or export to third countries unprocessed, processed or packaged products under the conditions referred to in Article 11 shall, at the time of applying for entry in the register or later, declare their intention to engage in this activity and indicate the location of the packaging plant where applicable.

3. Processors intending to export to third countries or dispatch to the rest of the Union processed products under the conditions referred to in Article 11 or 12 shall, at the time of applying for entry in the register or later, declare their intention to engage in this activity, indicate the location of the processing plant and, where applicable, provide analytical lists of the processed products.",28,
eurlex,http://data.europa.eu/eli/reg_impl/2014/181/art_5/oj,32014R0181,32014R0181,False,few_refs,claim_verification,True,completed,,3,3,3,3,31.666666666666668,33,15,18,minor_issues,Is it accurate that operators eligible for entry in the register for the smaller Aegean islands’ agricultural supply arrangements must refrain from actions likely to create artificial shortages and from marketing available products at artificially low prices?,refrain from acting in any way likely to create artificial shortages of products and from marketing the available products at artificially low prices;,33,
eurlex,http://data.europa.eu/eli/reg_impl/2014/181/art_5/oj,32014R0181,32014R0181,False,few_refs,source_finding,True,completed,,1,1,1,1,33,33,12,21,clear,"Which EU implementing provision requires operators seeking entry in a register for agricultural supply arrangements to provide commercial information, act in their own name, avoid artificial shortages, and ensure that advantages reach end-users in the smaller islands?",Commission Implementing Regulation (EU) No 181/2014 — Article 5,33,
eurlex,http://data.europa.eu/eli/reg/2009/1130/art_22/oj,32009R1130,32009R1130,False,few_refs,fact_pattern,True,completed,,3,3,3,2,35.666666666666664,38,15,23,clear,"Intervention products have been dispatched to another Member State for processing, and the processed products will cross a further Member State before being exported. In addition to the information copied from the original control document, what must be entered in box 106 of each new control document?",the registration number and date of issue of the preceding document and the name of the authority that issued it,38,
eurlex,http://data.europa.eu/eli/reg/2009/1130/art_22/oj,32009R1130,32009R1130,False,few_refs,lookup,True,completed,,3,3,3,3,34.333333333333336,38,15,23,clear,What additional information must be entered in box 106 of T5 control copies for products from intervention sent onward after processing?,"In addition, in box 106 of the T5 control copy or copies, the registration number and date of issue of the preceding document and the name of the authority that issued it, shall be entered.",38,
eurlex,http://data.europa.eu/eli/reg/2009/1130/art_22/oj,32009R1130,32009R1130,False,few_refs,conceptual,True,completed,,2,2,2,2,33.5,35,15,20,clear,"When intervention products dispatched between Member States for processing are sent onward for further processing or routed through another Member State for export, how must the control documentation be created and linked to the original T5 control copy?","the competent authority referred to in Article 21(2) or (3), as appropriate, shall issue one or more T5 control copies. The T5 control copy or copies shall be completed: (a) where point (a) of the first subparagraph applies, as indicated in Article 21(2)(b); (b) where point (b) of the first subparagraph applies, as indicated in Article 21(3)(b); using the information given in the original T5 control copy. In addition, in box 106 of the T5 control copy or copies, the registration number and date of issue of the preceding document and the name of the authority that issued it, shall be entered.",35,
eurlex,http://data.europa.eu/eli/reg/2009/1130/art_22/oj,32009R1130,32009R1130,False,few_refs,comparison,True,completed,,1,1,1,0,24,24,11,13,blocking,How are T5 control copies handled when processed products are to be sent to a third Member State or another Member State for further processing versus when processed products are to cross the territory of a third Member State or other Member State in order to be exported?,"Where products have been dispatched to another Member State for processing and the processed products:

(a)
are to be sent to a third Member State or another Member State for further processing;
or

(b)
are to cross the territory of a third Member State or other Member State in order to be exported;

then the competent authority referred to in Article 21(2) or (3), as appropriate, shall issue one or more T5 control copies.

The T5 control copy or copies shall be completed:

(a)
where point (a) of the first subparagraph applies, as indicated in Article 21(2)(b);

(b)
where point (b) of the first subparagraph applies, as indicated in Article 21(3)(b);

using the information given in the original T5 control copy. In addition, in box 106 of the T5 control copy or copies, the registration number and date of issue of the preceding document and the name of the authority that issued it, shall be entered.",,
eurlex,http://data.europa.eu/eli/reg/2009/1130/art_22/oj,32009R1130,32009R1130,False,few_refs,claim_verification,True,completed,,3,3,3,2,32.333333333333336,35,15,20,clear,"Can the claim that, when processed intervention products are sent to another Member State for further processing or cross another Member State for export, the competent authority must issue one or more T5 control copies be verified?","Where products have been dispatched to another Member State for processing and the processed products:

(a)
are to be sent to a third Member State or another Member State for further processing;
or

(b)
are to cross the territory of a third Member State or other Member State in order to be exported;

then the competent authority referred to in Article 21(2) or (3), as appropriate, shall issue one or more T5 control copies.",35,
eurlex,http://data.europa.eu/eli/reg/2009/1130/art_22/oj,32009R1130,32009R1130,False,few_refs,source_finding,True,completed,,1,1,1,1,36,36,15,21,clear,Which EU provision requires the competent authority to issue one or more T5 control copies when processed intervention products dispatched to another Member State are sent onward for further processing or cross another Member State for export?,Commission Regulation (EC) No 1130/2009 — Article 22,36,
eurlex,http://data.europa.eu/eli/dir/2014/26/art_2/oj,32014L0026,32014L0026,False,many_refs,fact_pattern,True,completed,,3,3,3,3,33.333333333333336,35,15,20,minor_issues,A company wholly owned by a collective management organisation established in Belgium administers licensing and royalty-distribution activities that the parent organisation could itself carry out. Which EU collective-management provisions apply to the company?,"The relevant provisions of this Directive apply to entities directly or indirectly owned or controlled, wholly or in part, by a collective management organisation, provided that such entities carry out an activity which, if carried out by the collective management organisation, would be subject to the provisions of this Directive.",35,
eurlex,http://data.europa.eu/eli/dir/2014/26/art_2/oj,32014L0026,32014L0026,False,many_refs,lookup,True,completed,,3,3,3,1,33,35,15,20,clear,"When do the relevant provisions of the collective rights management framework apply to entities directly or indirectly owned or controlled, wholly or in part, by a collective management organisation?","The relevant provisions of this Directive apply to entities directly or indirectly owned or controlled, wholly or in part, by a collective management organisation, provided that such entities carry out an activity which, if carried out by the collective management organisation, would be subject to the provisions of this Directive.",35,
eurlex,http://data.europa.eu/eli/dir/2014/26/art_2/oj,32014L0026,32014L0026,False,many_refs,conceptual,True,completed,,3,3,3,3,33.666666666666664,36,15,21,clear,How are entities owned or controlled by a collective management organisation brought within the EU collective management regime?,"The relevant provisions of this Directive apply to entities directly or indirectly owned or controlled, wholly or in part, by a collective management organisation, provided that such entities carry out an activity which, if carried out by the collective management organisation, would be subject to the provisions of this Directive.",36,
eurlex,http://data.europa.eu/eli/dir/2014/26/art_2/oj,32014L0026,32014L0026,False,many_refs,comparison,True,completed,,1,1,1,1,32,32,14,18,clear,How does the Directive’s scope differ for collective management organisations established in the Union and collective management organisations established in the Union managing authors’ rights in musical works for online use on a multi-territorial basis regarding the Titles and Articles that apply?,"1. Titles I, II, IV and V with the exception of Article 34(2) and Article 38 apply to all collective management organisations established in the Union.

2. Title III and Article 34(2) and Article 38 apply to collective management organisations established in the Union managing authors’ rights in musical works for online use on a multi-territorial basis.",32,
eurlex,http://data.europa.eu/eli/dir/2014/26/art_2/oj,32014L0026,32014L0026,False,many_refs,claim_verification,True,completed,,3,3,3,3,30.666666666666668,32,15,17,minor_issues,"Can the claim that the relevant provisions apply to entities directly or indirectly owned or controlled, wholly or in part, by a collective management organisation when those entities carry out an activity that would be subject to the provisions if carried out by the collective management organisation be verified?","The relevant provisions of this Directive apply to entities directly or indirectly owned or controlled, wholly or in part, by a collective management organisation, provided that such entities carry out an activity which, if carried out by the collective management organisation, would be subject to the provisions of this Directive.",32,
eurlex,http://data.europa.eu/eli/dir/2014/26/art_2/oj,32014L0026,32014L0026,False,many_refs,source_finding,True,completed,,1,1,1,1,33,33,15,18,clear,"Which EU provision defines which collective management organisations and related entities fall within EU rules on collective management of copyright, including special coverage for multi-territorial online musical-rights licensing and independent management entities?",Article 2 — Directive 2014/26/EU,33,
eurlex,http://data.europa.eu/eli/reg/2012/493/art_3/oj,32012R0493,32012R0493,False,many_refs,fact_pattern,True,completed,,3,3,3,3,34.666666666666664,36,14,22,minor_issues,A recycler processes waste nickel-cadmium batteries and accumulators and is calculating the efficiency of that recycling process. Which calculation method must it use?,"The method set out in Annex I shall be used to calculate the recycling efficiency of a process for recycling waste lead-acid, nickel-cadmium and other batteries and accumulators.",36,
eurlex,http://data.europa.eu/eli/reg/2012/493/art_3/oj,32012R0493,32012R0493,False,many_refs,lookup,True,completed,,3,3,3,3,37,38,15,23,clear,What is the annual deadline for waste battery and accumulator recyclers to send their reports to the Member State’s competent authorities?,by no later than four months from the end of a calendar year concerned,38,
eurlex,http://data.europa.eu/eli/reg/2012/493/art_3/oj,32012R0493,32012R0493,False,many_refs,conceptual,True,completed,,3,3,3,3,32,34,15,19,clear,"When EU waste-battery recycling processes are carried out at several facilities, which recycler is responsible for submitting the required information to the competent authorities?","Where a recycling process is carried out at more than one facility, the first recycler is responsible for submitting the information required under point 4 to the Member State’s competent authorities.",34,
eurlex,http://data.europa.eu/eli/reg/2012/493/art_3/oj,32012R0493,32012R0493,False,many_refs,comparison,True,completed,,1,1,1,0,28,28,13,15,blocking,How does the calculation requirement distinguish lead-acid batteries and accumulators from nickel-cadmium batteries and accumulators in recycling processes?,"1. The method set out in Annex I shall be used to calculate the recycling efficiency of a process for recycling waste lead-acid, nickel-cadmium and other batteries and accumulators.

2. The method set out in Annex II shall be used to calculate the rate of recycled lead content for any recycling process.

3. The method set out in Annex III shall be used to calculate the rate of recycled cadmium content for any recycling process.",,
eurlex,http://data.europa.eu/eli/reg/2012/493/art_3/oj,32012R0493,32012R0493,False,many_refs,claim_verification,True,completed,,3,3,3,0,31,33,15,18,blocking,"Is it accurate that recyclers must report the specified recycling information annually to the Member State’s competent authorities within four months after the end of the relevant calendar year, with first annual reports due by 30 April 2015?","4. Recyclers shall report the information shown in Annex IV, Annex V and Annex VI, as applicable, on an annual basis and shall send it to the Member State’s competent authorities by no later than four months from the end of a calendar year concerned. Recyclers shall send their first annual reports no later than the 30 April 2015.",,
eurlex,http://data.europa.eu/eli/reg/2012/493/art_3/oj,32012R0493,32012R0493,False,many_refs,source_finding,True,completed,,1,1,1,1,37,37,15,22,clear,"Which EU provision requires recyclers to report specified recycling-efficiency information annually to the Member State’s competent authorities, with the first reports due by 30 April 2015?",Article 3 — Commission Regulation (EU) No 493/2012,37,
eurlex,http://data.europa.eu/eli/reg/2014/1141/art_16/oj,32014R1141,32014R1141,False,many_refs,fact_pattern,True,completed,,3,3,3,1,36.333333333333336,38,15,23,clear,"A European political party is removed from the Register by an Authority decision published in the Official Journal of the European Union on 1 June 2026, and it does not request a shorter period. When does it lose its European legal personality?",three months after such publication unless the European political party or the European political foundation concerned requests a shorter period,38,
eurlex,http://data.europa.eu/eli/reg/2014/1141/art_16/oj,32014R1141,32014R1141,False,many_refs,lookup,True,completed,,3,3,3,3,35.666666666666664,37,15,22,clear,How long after publication does an Authority decision removing a European political party or European political foundation from the Register normally take to enter into force?,The decision shall enter into force three months after such publication unless the European political party or the European political foundation concerned requests a shorter period.,37,
eurlex,http://data.europa.eu/eli/reg/2014/1141/art_16/oj,32014R1141,32014R1141,False,many_refs,conceptual,True,completed,,3,3,3,2,31.333333333333332,34,15,19,clear,"When does a European political party or foundation lose its European legal personality after removal from the Register, and how may that timing be shortened?",A European political party or a European political foundation shall lose its European legal personality upon the entry into force of a decision of the Authority to remove it from the Register as published in the Official Journal of the European Union. The decision shall enter into force three months after such publication unless the European political party or the European political foundation concerned requests a shorter period.,34,
eurlex,http://data.europa.eu/eli/reg/2014/1141/art_16/oj,32014R1141,32014R1141,False,many_refs,comparison,True,completed,,2,2,2,2,33,34,14,20,clear,How does termination of European legal personality treat a European political party or European political foundation that acquires legal personality under the law of the Member State of its seat compared with one that does not acquire legal personality under the law of the Member State of its seat?,"If the European political party or European political foundation concerned acquires legal personality under the law of the Member State of its seat, such acquisition shall be regarded by that Member State as a conversion of the European legal personality into a national legal personality that fully maintains the pre-existing rights and obligations of the former European legal entity. The Member State in question shall not apply prohibitive conditions in the context of such conversion.

6. If the European political party or European political foundation does not acquire legal personality under the law of the Member State of its seat, it shall be wound up in accordance with the applicable law of that Member State. The Member State concerned may require that such winding-up be preceded by the acquisition by the party or foundation concerned of national legal personality in accordance with paragraph 5.",34,
eurlex,http://data.europa.eu/eli/reg/2014/1141/art_16/oj,32014R1141,32014R1141,False,many_refs,claim_verification,True,completed,,3,3,3,3,33,35,13,22,clear,"Is it accurate that a European political party or foundation loses its European legal personality immediately when the Authority's removal decision is published, rather than when that decision enters into force?",A European political party or a European political foundation shall lose its European legal personality upon the entry into force of a decision of the Authority to remove it from the Register as published in the Official Journal of the European Union . The decision shall enter into force three months after such publication unless the European political party or the European political foundation concerned requests a shorter period.,35,
eurlex,http://data.europa.eu/eli/reg/2014/1141/art_16/oj,32014R1141,32014R1141,False,many_refs,source_finding,True,completed,,1,1,1,1,38,38,15,23,clear,"Which EU provision provides that a European political party or European political foundation loses its European legal personality when the Authority’s decision to remove it from the Register enters into force, normally three months after publication?","Article 16 — Regulation (EU, Euratom ) No 1141/2014",38,
